code,name,div_per_10,total_shares,ex_date
002099,海翔药业,3.0,1618715253,2020-02-21
002315,焦点科技,7.5,235000000,2020-03-10
920720,吉冈精密,8.9866,26150000,2020-03-23
002458,益生股份,10.0,577274541,2020-03-19
300617,安靠智电,5.0,100005000,2020-03-30
920489,佳先股份,2.5,63965200,2020-04-03
300193,佳士科技,5.0,506901310,2020-03-31
300121,阳谷华泰,3.015761,388611706,2020-04-02
300403,汉宇集团,1.4,603000000,2020-04-02
300033,同花顺,8.5,537600000,2020-04-02
300174,元力股份,0.5,244800000,2020-04-02
002054,德美化工,0.48,419230828,2020-04-02
300231,银信科技,1.5,442100220,2020-04-03
920163,方大新材,1.6,110895000,2020-04-10
300496,中科创达,1.3,402515097,2020-04-08
920580,科创新材,1.0,50000000,2020-04-08
300443,金雷股份,1.8,238056802,2020-04-08
300801,泰和科技,5.0,120000000,2020-04-09
002961,瑞达期货,1.8,445000000,2020-04-09
920670,数字人,4.0,58364000,2020-04-13
002847,盐津铺子,5.0,128400000,2020-04-14
603822,ST嘉澳,2.55,73356509,2020-04-14
300146,汤臣倍健,3.6,1582492554,2020-04-14
002014,永新股份,4.0,503616724,2020-04-15
002879,长缆科技,2.1,193107640,2020-04-14
300752,隆利科技,1.45,119752220,2020-04-15
300727,润禾材料,1.6,126880000,2020-04-16
603677,奇精机械,2.8,193649809,2020-04-14
300632,光莆股份,2.5,182982997,2020-04-17
920146,华阳变速,2.0,100996443,2020-04-16
920992,中科美菱,1.8,72548200,2020-04-17
920185,贝特瑞,1.0,439569900,2020-04-17
300505,川金诺,1.6,100526122,2020-04-16
300563,神宇股份,2.0,80000000,2020-04-17
002597,金禾实业,5.4,558775013,2020-04-16
002845,同兴达,0.6,202787968,2020-04-17
300726,宏达电子,3.0,400100000,2020-04-17
603187,海容冷链,6.0,113200000,2020-04-16
300620,光库科技,2.0,90337000,2020-04-16
300636,同和药业,1.35,80951000,2020-04-17
002182,宝武镁业,1.5,646422538,2020-04-20
600211,西藏药业,10.6,177098459,2020-04-17
300286,安科瑞,2.0,215015625,2020-04-17
603186,华正新材,1.7,129350000,2020-04-17
002135,东南网架,0.27,1034402200,2020-04-21
002756,永兴材料,4.56,360000000,2020-04-22
300234,开尔新材,0.629717,289534588,2020-04-21
300224,正海磁材,2.0,820216556,2020-04-22
300795,米奥会展,10.0,100164000,2020-04-22
002324,普利特,1.0,528157457,2020-04-22
002965,祥鑫科技,3.1,150700000,2020-04-21
002138,顺络电子,2.0,806318354,2020-04-22
002861,瀛通通讯,2.0,122698400,2020-04-22
300285,国瓷材料,0.6,963341059,2020-04-24
603335,迪生力,0.2,428144600,2020-04-23
600603,广汇物流,5.0,1259896247,2020-04-22
002352,顺丰控股,2.7,4414310919,2020-04-24
002572,索菲亚,5.5,912370038,2020-04-24
002746,仙坛股份,4.0,463692511,2020-04-24
600566,济川药业,12.3,814925844,2020-04-24
300406,九强生物,1.5,501787943,2020-04-24
300575,中旗股份,3.0,132030000,2020-04-24
920547,无锡晶海,19.0,12000000,2020-04-27
002320,海峡股份,2.0,990636972,2020-04-27
601882,海天精工,0.45,522000000,2020-04-24
000631,顺发恒能,0.19,2432519168,2020-04-27
603558,健盛集团,3.5,416356349,2020-04-27
002922,伊戈尔,2.0,135151475,2020-04-28
920839,万通液压,3.5,63000000,2020-04-27
603938,三孚股份,1.5,150166600,2020-04-29
300765,石药创新,1.4,200000000,2020-04-29
002967,广电计量,1.2,330670000,2020-04-27
603360,百傲化学,6.0,186676000,2020-04-28
002007,华兰生物,4.0,1403359020,2020-04-27
920021,流金科技,2.0,180000000,2020-04-27
002217,ST合力泰,0.35,3116416220,
603385,惠达卫浴,2.3,369396444,2020-04-29
600370,*ST三房,0.3,797244230,2020-04-27
300738,奥飞数据,1.0,117478800,2020-04-29
603477,巨星农牧,0.5,240000000,2020-04-27
002452,长高电气,0.7,529400000,2020-04-28
002880,卫光生物,3.2,108000000,2020-04-29
300725,药石科技,1.5,144789501,2020-04-29
300481,濮阳惠成,2.0,257059500,2020-04-29
603678,火炬电子,1.7,452665950,2020-04-28
000848,承德露露,2.0,978562728,2020-04-29
002243,力合科创,0.7,1164606059,2020-04-28
002553,南方精工,1.0,348000000,2020-04-28
002728,特一药业,7.5,203516317,2020-04-28
002937,兴瑞科技,1.2,294400000,2020-04-29
300179,四方达,2.0,495535459,2020-04-28
002706,良信股份,2.5,785015910,2020-04-28
300554,三超新材,0.2,93600000,2020-04-30
300741,华宝股份,19.8,615880000,2020-04-29
603577,汇金通,0.88,205905882,2020-04-29
000975,山金国际,2.0,1983373047,2020-04-29
603500,祥和实业,3.0,176400000,2020-04-30
300821,东岳硅材,2.5,1200000000,2020-04-30
603166,福达股份,1.5,595258710,2020-04-29
920553,凯腾精工,1.0,130700460,2020-05-06
002367,康力电梯,4.0,797652687,2020-04-30
000100,TCL科技,1.0,13528438719,2020-04-30
002876,三利谱,0.5,104000000,2020-04-30
002233,塔牌集团,5.5,1192275016,2020-04-29
002303,美盈森,3.33,1531323685,2020-04-30
002136,安纳达,0.5,215020000,2020-04-29
002736,国信证券,2.0,8200000000,2020-04-29
002518,科士达,2.0,582445394,2020-04-30
002727,一心堂,3.0,567772095,2020-04-30
002863,今飞凯达,0.16,376574141,2020-04-29
300187,永清环保,2.18,644500165,2020-04-30
002318,久立特材,3.0,841540639,2020-04-30
002925,盈趣科技,10.0,458128400,2020-04-30
300057,万顺新材,0.499461,674482568,2020-04-30
002930,宏川智慧,3.0,341317508,2020-04-30
603214,爱婴室,5.0,102059000,2020-04-30
600828,茂业商业,3.0,1731982546,2020-04-30
000708,中信特钢,10.0,2968907902,2020-04-30
600488,津药药业,0.4,1091886680,2020-04-30
000034,神州数码,2.1,654070434,2020-04-30
002968,新大正,6.2,71642667,2020-04-30
300451,创业慧康,0.45,739751425,2020-04-30
002860,星帅尔,2.1,117168020,2020-05-07
600477,杭萧钢构,1.0,2153737411,2020-05-06
603516,淳中科技,3.0,133300380,2020-05-06
600868,梅雁吉祥,0.1,1898148679,2020-05-06
000062,深圳华强,1.5,1045909322,2020-05-08
300119,瑞普生物,2.5,404493463,2020-05-07
603078,江化微,1.0,109200000,2020-05-06
300522,世名科技,2.5,120981000,2020-05-07
300721,怡达股份,0.5,80571000,2020-05-07
603288,海天味业,10.8,2700369340,2020-05-07
002463,沪电股份,2.0,1724717363,2020-05-11
002410,广联达,1.0,1130477176,2020-05-08
603997,继峰股份,2.0,1023602921,2020-05-07
002695,煌上煌,1.0,513378396,2020-05-08
688018,乐鑫科技,8.75,80000000,2020-05-07
600051,宁波联合,2.0,310880000,2020-05-08
300682,朗新科技,1.0,680468891,2020-05-08
002546,新联电子,0.14,834049096,2020-05-11
002921,联诚精密,3.0,80000000,2020-05-08
002538,ST司特,0.799994,718131322,2020-05-08
300067,安诺其,0.8,930499272,2020-05-08
300363,博腾股份,1.04,542747533,2020-05-08
603019,中科曙光,1.4,930036359,2020-05-08
603986,兆易创新,3.8,321033761,2020-05-07
920475,三友科技,1.8,42900000,2020-05-12
603317,天味食品,2.8,413155000,2020-05-08
603387,基蛋生物,4.0,260380071,2020-05-08
300579,数字认证,1.0,180000000,2020-05-11
603025,大豪科技,2.2,926151711,2020-05-11
920819,颖泰生物,1.0,1125800000,2020-05-12
601318,中国平安,13.0,18280241410,2020-05-08
002555,三七互娱,3.0,2112251697,2020-05-11
002895,川恒股份,3.0,407626000,2020-05-08
002759,ST天际,0.4,402152567,2020-05-11
002484,江海股份,0.8,818207726,2020-05-12
603041,美思德,2.2,100642600,2020-05-11
920799,艾融软件,2.0,65695500,2020-05-12
603659,璞泰来,4.5,435218821,2020-05-12
603727,博迈科,1.0,234145000,2020-05-13
000728,国元证券,1.5,3365447047,2020-05-12
688208,道通科技,4.0,450000000,2020-05-12
603949,雪龙集团,3.0,149861500,2020-05-11
300458,全志科技,3.0,330610757,2020-05-13
603039,泛微网络,1.5,151640296,2020-05-11
600577,精达股份,0.7,1921405191,2020-05-11
688029,南微医学,10.0,133340000,2020-05-12
300129,泰胜风能,1.0,719153256,2020-05-13
300480,光力科技,0.5,191802931,2020-05-13
300453,三鑫医疗,1.0,262705000,2020-05-13
300822,贝仕达克,4.0,106670000,2020-05-13
300787,海能实业,5.0,84880000,2020-05-14
603348,文灿股份,1.5,231589210,2020-05-13
300584,海辰药业,2.5,120000000,2020-05-14
300322,硕贝德,0.4,406769850,2020-05-14
002916,深南电路,11.5,339360000,2020-05-13
002492,恒基达鑫,0.4,405000000,2020-05-12
600963,岳阳林纸,0.47,1397733148,2020-05-13
300669,沪宁股份,2.3,85424533,2020-05-14
002419,天虹股份,4.2,1200300000,2020-05-13
920640,富士达,3.0,78864000,2020-05-15
920566,梓橦宫,5.0,56758800,2020-05-14
603579,荣泰健康,15.0,140000000,2020-05-13
600872,中炬高新,2.8,796637194,2020-05-14
300699,光威复材,5.0,518350000,2020-05-14
300680,隆盛科技,1.0,74312721,2020-05-14
000037,深南电A,0.2,602762596,2020-05-15
603813,原尚股份,2.32,89702000,2020-05-13
002697,红旗连锁,0.87,1360000000,2020-05-14
300659,中孚信息,2.0,132766280,2020-05-15
603733,仙鹤股份,4.0,612000000,2020-05-15
600605,汇通能源,0.5,147344592,2020-05-14
600282,南钢股份,3.0,4435002357,2020-05-13
300760,迈瑞医疗,15.0,1215691266,2020-05-15
002097,山河智能,1.0,1087737465,2020-05-13
300800,力合科技,5.0,80000000,2020-05-14
603605,珀莱雅,5.9,201269560,2020-05-13
300647,超频三,0.1,237940408,2020-05-15
000544,中原环保,2.5,974684488,2020-05-18
002402,和而泰,0.6,914094928,2020-05-14
000301,东方盛虹,1.0,4029053222,2020-05-14
300194,福安药业,0.5,1189712382,2020-05-15
300127,银河磁体,3.5,323146360,2020-05-15
000750,国海证券,0.35,5444525514,2020-05-15
002725,跃岭股份,0.6,256000000,2020-05-14
002404,嘉欣丝绸,2.0,577673641,2020-05-15
002382,蓝帆医疗,1.0,964031086,2020-05-15
300482,万孚生物,2.5,342680193,2020-05-15
300690,双一科技,7.0,110928979,2020-05-15
300107,建新股份,6.0,549618522,2020-05-15
603615,茶花股份,6.0,244660000,2020-05-14
002056,横店东磁,1.485261,1643600000,2020-05-15
002885,京泉华,0.5,180000000,2020-05-14
300532,今天国际,0.6,273175416,2020-05-14
920152,昆工科技,1.38,78500000,2020-05-18
300414,中光防雷,0.45,324733466,2020-05-15
300213,佳讯飞鸿,0.5,594926386,2020-05-14
002461,珠江啤酒,1.0,2213328480,2020-05-15
600298,安琪酵母,4.0,824080943,2020-05-15
300296,利亚德,0.6,2542876576,2020-05-15
300686,智动力,0.6323,204464000,2020-05-15
300342,天银机电,1.5,431844272,2020-05-18
920879,基康技术,1.5,131100000,2020-05-15
603856,东宏股份,2.36,256414600,2020-05-15
300748,金力永磁,1.1,413424188,2020-05-15
603327,福蓉科技,2.5,401000000,2020-05-14
300092,科新机电,0.18,231599000,2020-05-18
002782,可立克,1.0,426000000,2020-05-15
002648,卫星化学,1.8,1065705806,2020-05-18
600562,国睿科技,0.21,622350719,2020-05-15
000600,建投能源,1.2,1791626376,2020-05-15
603617,君禾股份,1.6,142504600,2020-05-15
300536,农尚环境,0.36,293288133,2020-05-15
000830,鲁西化工,5.0,1464860778,2020-05-15
000011,深物业A,3.6,595979092,2020-05-18
000950,重药控股,0.5,1728184696,2020-05-18
000672,上峰材料,9.0,813619871,2020-05-18
000932,华菱钢铁,2.5,6129077211,2020-05-18
300701,森霸传感,2.083333,120000000,2020-05-18
920212,智新电子,3.0,43050000,2020-05-21
300497,富祥股份,2.0,289617952,2020-05-18
002658,雪迪龙,1.06,604898425,2020-05-19
002012,凯恩股份,0.21,467625470,2020-05-19
600309,万华化学,13.0,3139746626,2020-05-15
300031,宝通科技,3.0,396767886,2020-05-18
002285,世联行,0.045,2037756672,2020-05-19
000789,万年青,7.0,797373678,2020-05-18
300806,斯迪克,1.0,116838879,2020-05-19
603225,新凤鸣,1.3,1399570227,2020-05-18
300552,万集科技,16.0,109937600,2020-05-19
603806,福斯特,5.5,522600000,2020-05-18
300772,运达股份,1.5,293960000,2020-05-18
300790,宇瞳光学,3.75,114286247,2020-05-19
300271,华宇软件,0.717625,812068408,2020-05-19
300428,立中集团,0.87,578369253,2020-05-19
688196,卓越新能,7.2,120000000,2020-05-19
002677,浙江美大,5.42,646051647,2020-05-20
920526,凯华材料,2.0,62000000,2020-05-20
300383,光环新网,0.2,1543139921,2020-05-19
002972,科安达,1.5,176320000,2020-05-19
603939,益丰药房,3.0,378922506,2020-05-18
603663,三祥新材,1.0,189991704,2020-05-18
920261,一诺威,6.0,65300000,2020-05-20
920418,苏轴股份,3.0,72600000,2020-05-19
300110,华仁药业,0.1,1182212982,2020-05-19
000739,普洛药业,1.65,1178523492,2020-05-19
300298,三诺生物,3.0,565314734,2020-05-19
000718,苏宁环球,3.0,3034636384,2020-05-18
300705,九典制药,0.36,234680000,2020-05-20
300493,润欣科技,0.2,477068962,2020-05-20
300483,首华燃气,0.55,123219968,2020-05-18
300638,广和通,4.0,134198665,2020-05-20
300395,菲利华,1.8,338158344,2020-05-20
300548,长芯博创,0.5,83370000,2020-05-20
002241,歌尔股份,1.0,3245103948,2020-05-19
920564,天润科技,1.5,42372126,2020-05-21
000635,英力特,1.5,303087602,2020-05-20
300639,凯普生物,2.0,212454284,2020-05-21
603005,晶方科技,1.0,229679455,2020-05-19
688186,广大特材,5.0,164800000,2020-05-20
002165,红宝丽,0.4,602058110,2020-05-21
601168,西部矿业,1.0,2383000000,2020-05-21
002607,中公教育,2.4,6167399389,2020-05-20
002436,兴森科技,0.8,1487907504,2020-05-19
688389,普门科技,1.2,422200000,2020-05-19
300640,德艺文创,1.8,220774000,2020-05-21
603528,多伦科技,0.8,626779500,2020-05-19
603967,中创物流,3.75,266666700,2020-05-19
300416,苏试试验,1.5,135577527,2020-05-19
603179,新泉股份,4.0,226209703,2020-05-19
002294,信立泰,5.0,1046016000,2020-05-20
300729,乐歌股份,3.0,87230830,2020-05-19
300703,创源股份,2.999362,182550400,2020-05-20
000987,越秀资本,1.7,2752884754,2020-05-20
002350,北京科锐,0.6,493066161,2020-05-19
300582,英飞特,0.59,197931800,2020-05-19
002561,徐家汇,3.6,415763000,2020-05-20
002225,濮耐股份,0.7,1033758779,2020-05-21
000059,华锦股份,2.35,1599442537,2020-05-19
300529,健帆生物,9.0,419787793,2020-05-20
600116,三峡水利,1.0,993005502,2020-05-19
300658,延江股份,3.0,151675000,2020-05-20
600588,用友网络,2.6,2503281130,2020-05-19
002738,中矿资源,0.5,277926476,2020-05-20
600798,宁波海运,0.6,1206534201,2020-05-19
300558,贝达药业,1.9,401000000,2020-05-20
002245,蔚蓝锂芯,0.15,981315010,2020-05-20
603165,荣晟环保,4.3,177354439,2020-05-19
300227,光韵达,0.25,249994674,2020-05-20
300161,华中数控,0.2,172765551,2020-05-20
300595,欧普康视,1.0,404638680,2020-05-20
002223,鱼跃医疗,4.0,1002476929,2020-05-20
688288,鸿泉技术,3.0,100000000,2020-05-19
002533,金杯电工,2.5,732666277,2020-05-19
002311,海大集团,3.5,1580357494,2020-05-20
000690,宝新能源,2.0,2175887862,2020-05-21
300373,扬杰科技,0.88,472116893,2020-05-21
300321,同大股份,4.0,88800000,2020-05-22
300196,长海股份,1.5,415190679,2020-05-20
300371,汇中股份,2.0,167757520,2020-05-21
002951,金时科技,2.5,405000000,2020-05-22
300012,华测检测,0.35,1663400714,2020-05-20
300573,兴齐眼药,1.25,82430000,2020-05-21
300722,新余国科,2.5,112000000,2020-05-21
920726,朱老六,2.6,77500000,2020-05-21
002888,惠威科技,2.0,124676400,2020-05-20
002661,克明食品,2.5,329159982,2020-05-21
002911,佛燃能源,5.0,556000000,2020-05-21
300707,威唐工业,0.4,157200000,2020-05-22
002688,金河生物,2.5,635289655,2020-05-21
603444,吉比特,50.0,71864552,2020-05-20
300385,ST雪浪,1.0,208216208,2020-05-21
002337,赛象科技,0.2,588615750,2020-05-20
002145,钛能化学,0.2,1591245576,2020-05-21
002612,朗姿股份,1.2,442445375,2020-05-21
300059,东方财富,0.3,6715608655,2020-05-21
002905,金逸影视,0.5,268800000,2020-05-21
920344,三元基因,5.0,110500000,2020-05-21
002489,浙江永强,1.2,2175736503,2020-05-21
300138,晨光生物,0.5,511867534,2020-05-21
300386,飞天诚信,0.2,418044000,2020-05-21
000977,浪潮信息,0.7,1441119079,2020-05-20
601860,紫金银行,1.0,3660888889,2020-05-21
300357,我武生物,1.8,523584000,2020-05-21
603185,弘元绿能,3.2,178365000,2020-05-20
600120,浙江东方,0.6,1591386330,2020-05-21
000029,深深房A,1.65,1011660000,2020-05-21
603393,新天然气,8.0,224000000,2020-05-20
300661,圣邦股份,5.0,103618645,2020-05-21
688388,嘉元科技,4.3,230876000,2020-05-20
000822,山东海化,0.9,895091926,2020-05-21
920675,秉扬科技,2.8,106800000,2020-05-22
600066,宇通客车,10.0,2213939223,2020-05-20
920491,奥迪威,0.1,109855000,2020-05-21
000791,甘肃能源,1.0,1359576680,2020-05-22
603919,金徽酒,2.42,390199998,2020-05-20
300771,智莱科技,4.0,100000000,2020-05-21
600663,陆家嘴,4.56,4034197440,2020-05-20
300347,泰格医药,2.78,749455550,2020-05-22
300066,三川智慧,0.5,1040033262,2020-05-22
603613,国联股份,1.15,140815000,2020-05-21
920132,泰鹏智能,1.9,21600000,2020-05-25
300559,佳发教育,3.0,266353495,2020-05-22
300382,斯莱克,0.35,564569415,2020-05-22
603090,宏盛股份,1.0,100000000,2020-05-22
002130,沃尔核材,0.2,1258983062,2020-05-21
002236,大华股份,1.33,3003276130,2020-05-22
300786,国林科技,2.7,53400000,2020-05-22
002559,亚威股份,0.5,556723012,2020-05-21
002674,兴业科技,6.0,302082162,2020-05-22
300154,瑞凌股份,2.0,455608000,2020-05-22
002774,快意电梯,0.45,341347200,2020-05-22
000838,*ST发展,1.32,1100462170,2020-05-21
688001,华兴源创,1.35,401000000,2020-05-22
603860,中公高科,1.6505,66680000,2020-05-21
002117,东港股份,4.0,545666421,2020-05-22
300622,博士眼镜,3.0,122093998,2020-05-21
920274,宏裕包材,6.0,30000000,2020-05-22
600176,中国巨石,1.93,3502306849,2020-05-22
603977,国泰集团,1.2,393986841,2020-05-21
600933,爱柯迪,2.5,857377900,2020-05-21
600379,宝光股份,0.76,330201564,2020-05-22
002516,旷达科技,2.5,1470838682,2020-05-22
002812,恩捷股份,1.25,805370770,2020-05-21
603587,地素时尚,10.0,401000000,2020-05-22
002891,中宠股份,0.599967,170017633,2020-05-22
300624,万兴科技,3.5,81284500,2020-05-22
920533,骏创科技,1.5,46600000,2020-05-22
300183,东软载波,2.0,468601617,2020-05-22
688015,交控科技,2.4,160000000,2020-05-21
300475,香农芯创,0.44,300000000,2020-05-22
603987,康德莱,1.5,441609000,2020-05-21
600469,风神股份,0.5,562413222,2020-05-22
600008,首创环保,0.8,5685448207,2020-05-21
920950,迅安科技,5.0,35000000,2020-05-22
603336,宏辉果蔬,1.1,225361500,2020-05-22
920523,德瑞锂电,0.5,56564330,2020-05-25
300684,中石科技,4.2,252050400,2020-05-25
000922,佳电股份,0.8,498663378,2020-05-25
002970,锐明技术,8.0,86400000,2020-05-21
300691,联合光电,1.5,225064704,2020-05-22
300009,安科生物,1.5,1050298435,2020-05-22
600681,百川能源,4.25,1442740310,2020-05-22
002080,中材科技,2.6,1678123584,2020-05-22
688003,天准科技,2.0,193600000,2020-05-22
603050,科林电气,1.7,162224500,2020-05-22
603606,东方电缆,1.3,654104521,2020-05-22
603899,晨光股份,4.0,920000000,2020-05-22
603885,吉祥航空,1.0,1966144157,2020-05-22
000603,盛达资源,1.0,689969346,2020-05-22
000060,中金岭南,0.72,3569685327,2020-05-22
300577,开润股份,1.17,217414785,2020-05-25
002157,正邦科技,0.7,2503286001,2020-05-22
300047,天源迪科,0.2,637744672,2020-05-22
002797,第一创业,0.25,3502400000,2020-05-22
603156,养元饮品,20.0,1054578000,2020-05-22
603289,泰瑞机器,2.0,266800000,2020-05-22
603881,数据港,0.53,210586508,2020-05-22
002690,美亚光电,8.0,676000000,2020-05-22
603927,中科软,4.5,424000000,2020-05-22
002902,铭普光磁,0.5,210000000,2020-05-22
300233,金城医药,2.0,393152238,2020-05-26
920662,方盛股份,10.75,11170000,2020-05-27
920363,莱赛激光,1.0,57500000,2020-05-26
002758,浙农股份,0.8,210145189,2020-05-26
300618,寒锐钴业,0.11,269446804,2020-05-26
002947,恒铭达,6.0,121512010,2020-05-22
300545,联得装备,1.0,144087472,2020-05-25
002534,西子洁能,4.0,739201050,2020-05-25
920184,国源科技,2.0,100340000,2020-05-27
300314,戴维医疗,0.4,288000000,2020-05-26
002832,比音勒芬,5.0,308276300,2020-05-22
300251,光线传媒,0.5,2933608432,2020-05-25
603345,安井食品,4.74,236376649,2020-05-25
002850,科达利,2.0,210000000,2020-05-25
603533,掌阅科技,1.5,401000000,2020-05-22
600278,东方创业,0.65,522241739,2020-05-22
300543,朗科智能,2.5,121437400,2020-05-26
603823,百合花,3.1,225000000,2020-05-26
300761,立华股份,10.0,403880000,2020-05-25
603933,睿能科技,1.0,201233200,2020-05-26
600276,恒瑞医药,2.3,4422291951,2020-05-25
600598,北大荒,3.8,1777679909,2020-05-27
603183,建研院,1.28,190865276,2020-05-26
603897,长城科技,2.8,178403313,2020-05-26
002360,ST同德,1.5,391512600,2020-05-25
920508,殷图网联,4.0,40000000,2020-05-26
600444,国机通用,1.5,146421932,2020-05-25
002515,金字火腿,0.5,978313280,2020-05-26
688357,建龙微纳,5.0,57820000,2020-05-27
920599,同力股份,1.0,160000000,2020-05-27
603708,家家悦,5.0,608400000,2020-05-25
300519,新光药业,4.5,160000000,2020-05-27
300623,捷捷微电,2.0,305249337,2020-05-26
300508,维宏股份,0.63,90912000,2020-05-27
002734,利民股份,3.0,286557570,2020-05-26
000612,焦作万方,0.1,1192199394,2020-05-27
600756,浪潮软件,0.3,324098753,2020-05-25
603725,天安新材,1.0,205352000,2020-05-26
002019,亿帆医药,1.0,1236904577,2020-05-26
300530,领湃科技,18.8,105609000,2020-05-26
300390,天华新能,0.5,551276000,2020-05-27
601996,丰林集团,0.6,1145736800,2020-05-25
300240,飞力达,0.2,365559750,2020-05-26
300041,回天新材,1.8,425712412,2020-05-26
300396,ST迪瑞,5.0,276030000,2020-05-25
300541,先进数通,0.7,181096722,2020-05-26
603309,维力医疗,2.0,200000000,2020-05-25
600867,通化东宝,2.0,2033988517,2020-05-25
920857,泓禧科技,2.0,58007152,2020-05-26
600295,鄂尔多斯,4.0,1427947069,2020-05-26
300021,大禹节水,1.0,797360687,2020-05-26
600523,贵航股份,1.67,404311320,2020-05-26
920370,新安洁,0.4,246280000,2020-05-26
002469,三维化学,1.0,503262849,2020-05-26
603896,寿仙谷,3.45,143523384,2020-05-26
002724,海洋王,1.0,720000000,2020-05-25
002171,楚江新材,1.0,1333667825,2020-05-26
300229,拓尔思,0.5,478011220,2020-05-27
603686,福龙马,2.0,415655737,2020-05-26
300616,尚品宅配,6.0,198678600,2020-05-27
300457,赢合科技,0.7,375919470,2020-05-26
600903,贵州燃气,0.51,1138185027,2020-05-27
300036,超图软件,0.48,449537367,2020-05-26
002237,恒邦股份,0.3,910400000,2020-05-26
603886,元祖股份,12.0,240000000,2020-05-27
603228,景旺电子,3.0,608371233,2020-05-26
603669,灵康药业,2.0,509600000,2020-05-26
300758,七彩化学,7.0,106680000,2020-05-27
300534,陇神戎发,0.1,303345000,2020-05-27
300452,山河药辅,2.5,139200000,2020-05-28
603767,中马传动,2.0,306098000,2020-05-26
000025,特力A,0.42,431058320,2020-05-27
300813,泰林生物,6.0,51970000,2020-05-27
920790,联迪信息,3.0,63307020,2020-05-28
603016,新宏泰,5.4,148160000,2020-05-26
300791,仙乐健康,3.0,80000000,2020-05-28
300664,鹏鹞环保,0.65,490895000,2020-05-27
000885,城发环境,1.26,496381983,2020-05-27
000825,太钢不锈,1.0,5696247796,2020-05-28
600021,上海电力,1.3,2617164197,2020-05-28
601216,君正集团,3.5,8438017390,2020-05-26
300365,恒华科技,1.0,605838969,2020-05-26
300660,江苏雷利,4.0,259372220,2020-05-28
300333,兆日科技,0.6,336000000,2020-05-27
603960,克来机电,1.71,175760000,2020-05-26
601010,ST文峰,0.9,1848000000,2020-05-28
688123,聚辰股份,2.6,120841867,2020-05-26
603320,迪贝电气,1.24,100004657,2020-05-26
600284,浦东建设,1.4,970256000,2020-05-28
300150,世纪瑞尔,1.0,585106053,2020-05-27
002328,新朋股份,1.3,761770000,2020-05-27
002628,成都路桥,0.12,762216215,2020-05-27
300485,赛升药业,0.62,484166000,2020-05-26
920198,微创光电,1.0,56958920,2020-05-27
688058,宝兰德,5.0,40000000,2020-05-27
920392,佳合科技,2.0,43700000,2020-05-27
920943,优机股份,1.0,64930000,2020-05-28
688139,海尔生物,1.8,317071758,2020-05-26
600438,通威股份,1.86,4287855684,2020-05-26
002830,名雕股份,1.3,133340000,2020-05-26
000717,中南股份,1.5,2419524410,2020-05-27
920455,汇隆活塞,2.6,128000000,2020-05-28
300578,会畅科技,1.1,174196955,2020-05-27
603217,元利科技,6.0,91040000,2020-05-28
920826,盖世食品,1.5,45725000,2020-05-27
002809,红墙股份,0.62,120000000,2020-05-27
603788,宁波高发,6.0,223065068,2020-05-28
300348,长亮科技,0.12,481810269,2020-05-28
601886,江河集团,3.0,1154050000,2020-05-26
603916,苏博特,3.0,310610000,2020-05-26
000401,金隅冀东,5.0,1347522914,2020-05-28
603337,杰克科技,1.4,444488220,2020-05-27
300423,昇辉科技,0.9,499308190,2020-05-27
300657,弘信电子,1.0,207113428,2020-05-28
002385,大北农,2.3,4195329495,2020-05-26
300717,华信新材,2.0,102400000,2020-05-26
600928,西安银行,1.85,4444444445,2020-05-27
300360,炬华科技,2.0,387990097,2020-05-26
603956,威派格,1.5,425960100,2020-05-27
300448,浩云科技,0.45,692321414,2020-05-27
300696,爱乐达,2.0,119200000,2020-05-27
002407,多氟多,0.1,683920481,2020-05-27
002363,隆基机械,0.45,416100301,2020-05-27
603351,威尔药业,4.5,93333380,2020-05-27
002394,联发股份,2.0,336648000,2020-05-28
300812,易天股份,5.0,77511683,2020-05-28
300768,迪普科技,1.25,400010000,2020-05-29
300099,尤洛卡,1.5,667335255,2020-05-27
300502,新易盛,1.8,236459150,2020-05-29
300408,三环集团,2.0,1737872522,2020-05-27
300515,三德科技,1.25,201970000,2020-05-27
002737,葵花药业,10.0,584000000,2020-05-28
002376,新北洋,2.0,665712402,2020-05-27
603096,新经典,7.5,135308000,2020-05-27
300191,潜能恒信,0.2,320000000,2020-05-28
300608,思特奇,1.0,157651712,2020-05-28
002871,伟隆股份,4.5,116722000,2020-05-28
002421,达实智能,0.3,1935039229,2020-05-28
600512,腾达建设,0.3,1598902832,2020-05-27
601003,柳钢股份,4.5,2562793200,2020-05-28
300454,深信服,1.9,409071140,2020-05-28
300263,隆华科技,0.2,914869304,2020-05-29
002550,千红制药,2.5,1279975000,2020-05-27
300656,民德电子,1.0,99000000,2020-05-28
300792,壹网壹创,10.0,80139000,2020-05-27
002415,海康威视,7.0,9345010696,2020-05-29
002322,理工能科,3.5,396662205,2020-05-27
300556,丝路视觉,0.5,117876600,2020-05-27
002302,西部建设,0.85,1262354304,2020-05-28
300160,秀强股份,2.0,618502423,2020-05-27
002917,金奥博,1.0,180896000,2020-05-27
300525,博思软件,1.1,214085219,2020-05-28
920433,大唐药业,4.0,106105601,2020-05-29
920260,中寰股份,2.5,40000000,2020-05-28
600987,航民股份,2.2,1080818841,2020-05-28
300328,宜安科技,0.8,460282400,2020-05-28
601069,西部黄金,0.2,636000000,2020-05-28
920821,则成电子,8.0,25800000,2020-05-29
002563,森马服饰,4.5,2698536100,2020-05-27
600433,冠豪高新,0.28,1271315443,2020-05-29
300739,明阳电路,2.2,277200000,2020-05-29
920242,建邦科技,3.0,31269000,2020-05-29
002067,景兴纸业,0.35,1111201000,2020-05-28
002521,齐峰新材,1.0,494685819,2020-05-28
002422,科伦药业,4.25,1439786060,2020-05-28
300531,优博讯,0.32,323053129,2020-05-28
920608,丰安股份,8.0,30000000,2020-05-29
603656,泰禾智能,1.0,148881600,2020-05-27
002293,罗莱生活,5.0,830607261,2020-05-29
000965,天保基建,0.2,1109830895,2020-05-28
000703,恒逸石化,4.0,2841725474,2020-05-28
002675,东诚药业,2.5,802214326,2020-05-27
920985,海泰新能,1.0,247580960,2020-05-29
300320,海达股份,0.56,601234191,2020-05-27
603238,诺邦股份,2.5,120000000,2020-05-27
002372,伟星新材,5.0,1573112988,2020-05-28
601008,连云港,0.02,1093826212,2020-05-28
300424,航新科技,0.1,239867904,2020-05-28
000050,深天马A,0.8,2048123051,2020-05-28
603239,浙江仙通,5.0,270720000,2020-05-27
603258,电魂网络,2.0,244181000,2020-05-27
600456,宝钛股份,2.0,430265700,2020-05-28
002081,金螳螂,2.0,2684408689,2020-05-27
300753,爱朋医疗,4.0,80800000,2020-05-28
002868,绿康生化,1.7,120000000,2020-05-28
300643,万通智控,0.4,200000000,2020-05-28
300230,永利股份,2.5,816206041,2020-05-29
002523,天桥起重,0.3,1416640800,2020-05-29
002796,世嘉科技,0.5,168291382,2020-05-28
300615,欣天科技,0.5,189590960,2020-05-29
002409,雅克科技,0.65,462853503,2020-05-28
920436,大地电气,2.5,73776000,2020-06-01
002582,好想你,0.86,515684160,2020-05-28
002317,众生药业,2.0,814461076,2020-05-29
002749,国光股份,2.5,372408863,2020-05-29
300133,华策影视,0.15,1755673701,2020-05-29
300440,运达科技,0.57,448000000,2020-05-28
002540,亚太科技,0.800249,1270529500,2020-05-29
920685,新芝生物,3.1,66590000,2020-06-01
300082,奥克股份,3.57,680310000,2020-05-29
300546,雄帝科技,1.21,136611500,2020-05-29
002522,浙江众成,0.7,905779387,2020-05-28
300474,景嘉微,1.2,301273134,2020-05-29
000008,神州高铁,0.1,2780795346,2020-05-29
300547,川环科技,2.77,216906174,2020-05-29
002455,百川股份,1.35,516977142,2020-05-29
601360,三六零,0.53,6764055167,2020-05-29
300561,汇金科技,0.8,253736848,2020-05-29
000952,广济药业,0.7,289661716,2020-05-29
300409,道氏技术,1.0,459994163,2020-05-29
002041,登海种业,0.6,880000000,2020-05-29
300429,强力新材,0.6,515253388,2020-05-29
688299,长阳科技,1.6,282568577,2020-05-28
002626,金达威,6.0,616481927,2020-05-29
600449,宁夏建材,5.1,478181042,2020-05-29
300817,双飞集团,2.5,84220000,2020-05-29
603536,惠发食品,0.2,168000000,2020-05-29
688028,沃尔德,6.5,80000000,2020-05-28
600183,生益科技,4.0,2276191340,2020-05-29
002187,广百股份,1.7,342422568,2020-05-29
920263,中航泰达,1.9053,104970000,2020-05-29
002424,ST百灵,2.2,1411200000,2020-05-29
000552,甘肃能化,1.0,2286971050,2020-05-28
002179,中航光电,1.5,1100883678,2020-05-29
000090,天健集团,3.8,1868545434,2020-05-29
300354,东华测试,0.5,138320201,2020-05-29
002042,华孚时尚,1.41,1519375555,2020-05-28
300130,新国都,2.5,489159934,2020-05-29
300674,宇信科技,1.5,400010000,2020-05-29
000404,长虹华意,0.2,695995979,2020-05-27
920870,恒进感应,4.6,44308800,2020-06-01
002573,清新环境,1.5,1081272100,2020-05-28
300735,光弘科技,3.0,553300800,2020-05-29
300115,长盈精密,1.0,909860262,2020-05-29
603181,皇马科技,3.0,280000000,2020-05-28
002242,九阳股份,5.8,767169000,2020-05-29
002020,京新药业,3.5,724872000,2020-06-01
603700,宁水集团,3.0,156340000,2020-05-29
603180,金牌家居,9.0,67728231,2020-05-28
002838,道恩股份,1.23,407027500,2020-05-29
920946,森萱医药,0.6,366918340,2020-06-01
300235,方直科技,0.5,167831090,2020-05-29
002493,荣盛石化,1.2,6291107750,2020-05-28
002107,沃华医药,1.2,360756000,2020-05-29
920239,长虹能源,8.0,69323127,2020-05-29
920299,灿能电力,3.571428,28000000,2020-06-01
300015,爱尔眼科,1.5,3097811227,2020-05-28
603359,*ST东珠,2.0,318640000,2020-05-29
000519,中兵红箭,0.45,1392558982,2020-05-28
603685,晨丰科技,3.0,169000000,2020-05-28
000001,平安银行,2.18,19405918198,2020-05-28
002365,永安药业,1.5,294682500,2020-05-29
920504,博迅生物,4.0,35000000,2020-05-29
300211,*ST亿通,1.0,302675973,2020-05-29
603890,春秋电子,2.0,273985000,2020-05-28
300501,海顺新材,0.5,156529800,2020-05-29
603519,立霸股份,3.0,221939866,2020-05-28
300802,矩子科技,2.0,100000000,2020-06-01
601615,明阳智能,0.78,1379722378,2020-05-28
300650,太龙股份,1.2,107351600,2020-05-29
002837,英维克,2.3,214824107,2020-05-29
300112,万讯自控,1.2,285919767,2020-05-29
600132,重庆啤酒,14.0,483971198,2020-05-29
002234,民和股份,6.0,302046632,2020-05-29
002216,三全食品,0.6,799258226,2020-05-28
300207,欣旺达,0.7,1569135331,2020-05-29
300746,汉嘉数智,1.5,225738328,2020-05-29
002416,爱施德,2.0,1239281806,2020-05-29
300144,宋城演艺,2.0,1452607800,2020-05-29
002775,文科股份,3.0,512760300,2020-05-29
002802,洪汇新材,5.0,108346500,2020-05-28
000559,万向钱潮,0.6,2753159454,2020-05-28
002511,中顺洁柔,0.75,1308891273,2020-06-01
002508,老板电器,5.0,949024050,2020-06-01
002465,海格通信,1.2,2305324840,2020-05-29
002614,奥佳华,2.0,561252500,2020-05-29
002920,德赛西威,2.0,550000000,2020-05-29
002823,凯中精密,0.691132,289380060,2020-06-01
002769,普路通,0.18,373318054,2020-06-01
002500,山西证券,1.0,2828725153,2020-05-29
300017,网宿科技,0.3,2434015604,2020-06-01
000650,仁和药业,1.0,1238340076,2020-05-29
002762,金发拉比,1.1,354025000,2020-05-29
603298,杭叉集团,3.5,618854180,2020-05-29
002215,诺普信,1.5,914076384,2020-05-29
603966,法兰泰克,1.0,210979600,2020-05-29
002862,实丰文化,0.2,80000000,2020-05-29
688178,万德斯,4.4,84997844,2020-05-29
300421,力星股份,1.0,242465404,2020-05-29
603089,正裕工业,4.0,154671500,2020-05-29
300070,碧水源,0.66,3164596594,2020-05-29
002882,金龙羽,3.0,432900000,2020-05-29
002332,仙琚制药,1.0,916212166,2020-06-01
601369,陕鼓动力,2.3,1677960233,2020-05-29
002003,伟星股份,4.0,758020428,2020-05-29
002457,青龙管业,1.5,334992000,2020-05-29
300773,拉卡拉,20.0,400010000,2020-06-01
603978,深圳新星,0.625,160000000,2020-05-29
002806,华锋股份,0.8,176239202,2020-05-29
300445,康斯特,0.7,163924320,2020-06-01
600982,宁波能源,0.4861,1117768211,2020-06-02
300507,苏奥传感,1.0,220086000,2020-06-01
002036,联创电子,0.1,715291441,2020-05-29
600720,中交设计,5.8,776290282,2020-05-29
300246,宝莱特,2.0,146088000,2020-06-02
601566,九牧王,6.5,574637150,2020-05-29
002609,捷顺科技,0.3,645001741,2020-05-29
600048,保利发展,8.2,11932675162,2020-05-29
300777,中简科技,0.69,400010000,2020-06-01
300628,亿联网络,9.0,599392000,2020-06-01
688023,安恒信息,3.78,74074075,2020-06-01
920961,创远信科,0.5,72550276,2020-06-02
603992,松霖科技,1.76,401009858,2020-05-29
603988,中电电机,2.52,235200000,2020-05-29
300551,古鳌科技,0.45,112640000,2020-06-01
300625,三雄极光,3.0,280000000,2020-06-01
300586,美联新材,0.75,240000000,2020-06-01
300369,绿盟科技,0.6,798117661,2020-05-29
002953,日丰股份,1.2,172079292,2020-05-29
300290,ST荣科,0.16,575295171,2020-06-02
002977,*ST天箭,2.0,71500000,2020-06-02
002351,漫步者,1.5,592765000,2020-05-29
000989,九芝堂,4.0,869354236,2020-06-01
300778,新城市,5.0,80000000,2020-06-01
002194,武汉凡谷,0.5,564669722,2020-06-01
002881,美格智能,0.2,181339000,2020-05-29
920641,格利尔,1.0,63000000,2020-06-01
603058,永吉股份,1.2,419074400,2020-06-01
002631,德尔未来,0.6,668354350,2020-06-01
300688,创业黑马,0.85,95200000,2020-06-02
600527,江南高纤,1.0,1443134085,2020-06-01
603585,苏利股份,6.0,180000000,2020-06-03
920275,驱动力,1.5,102484000,2020-06-03
603838,*ST四通,0.5,266680000,2020-06-02
603709,中源家居,2.3,80000000,2020-06-01
920807,奔朗新材,1.0,129634000,2020-06-03
002846,英联股份,1.297679,194725403,2020-06-01
600348,华阳股份,2.8,2405000000,2020-06-01
002526,山东矿机,0.1,1782793836,2020-06-01
002275,桂林三金,2.3,590200000,2020-06-01
000935,四川双马,0.96,763440333,2020-06-02
002139,拓邦股份,0.5,1030811529,2020-06-02
002733,雄韬股份,2.5,350113207,2020-06-01
002932,*ST明德,1.0,66585147,2020-06-01
002335,科华数据,6.0,271510230,2020-06-02
002768,国恩股份,1.0,271250000,2020-06-02
002866,传艺科技,0.9,249400850,2020-06-01
603638,艾迪精密,1.7,412972149,2020-06-01
600575,淮河能源,1.0,3886261065,2020-06-02
002050,三花智控,1.5,2765366698,2020-06-03
002615,哈尔斯,0.8,410422169,2020-06-01
300026,红日药业,0.5,3005704837,2020-06-01
300720,海川智能,2.0,108000000,2020-06-03
002962,五方光电,2.0,201600000,2020-06-01
002414,高德红外,2.0,936384046,2020-06-02
002815,崇达技术,3.0,884026738,2020-06-03
601116,三江购物,2.0,547678400,2020-06-01
920403,康农种业,2.0,36220000,2020-06-03
300708,聚灿光电,0.199364,260738000,2020-06-02
300613,富瀚微,1.85,44444800,2020-06-02
000978,桂林旅游,0.2,360100000,2020-06-02
600330,天通股份,0.5,996565730,2020-06-03
300327,中颖电子,4.8,254040690,2020-06-02
600563,法拉电子,13.0,225000000,2020-06-01
300302,同有科技,0.1,479871230,2020-06-03
603010,万盛股份,1.5,346791324,2020-06-01
002702,海欣食品,0.5,480760000,2020-06-01
603232,格尔软件,1.8,121268000,2020-06-01
300718,长盛轴承,2.2,198000000,2020-06-03
002906,华阳集团,1.0,473100000,2020-06-01
002472,双环传动,0.46,686581400,2020-06-02
603020,爱普股份,1.5,320000000,2020-06-01
603290,斯达半导,2.54,160000000,2020-06-01
603429,*ST集友,2.6,271599255,2020-06-02
603520,司太立,3.5,167898388,2020-06-01
603018,华设集团,2.5,464372640,2020-06-02
603866,桃李面包,10.0,658877261,2020-06-01
300248,新开普,0.6,481092495,2020-06-01
603223,恒通股份,0.03,282240000,2020-06-01
920725,惠丰钻石,2.0,32500000,2020-06-02
603839,安正时尚,3.5,401642556,2020-06-01
920871,派特尔,2.0,44437680,2020-06-02
688200,华峰测控,6.0,61185186,2020-06-01
920519,万德股份,2.0,69258104,2020-06-03
002603,以岭药业,2.0,1203717463,2020-06-02
300162,雷曼光电,0.05,349510030,2020-06-02
603195,公牛集团,38.0,600000000,2020-06-01
603379,三美股份,4.5,436056455,2020-06-02
603908,牧高笛,7.5,66690000,2020-06-02
603868,飞科电器,10.0,435600000,2020-06-02
300171,东富龙,0.7,628337040,2020-06-04
000783,长江证券,1.5,5529568581,2020-06-02
920000,安徽凤凰,1.2,60060000,2020-06-05
002841,视源股份,7.5,655662545,2020-06-02
002811,郑中设计,3.0,180004905,2020-06-03
688111,金山办公,3.0,461000000,2020-06-02
002890,弘宇股份,2.0,66670000,2020-06-03
300019,硅宝科技,1.5,330901951,2020-06-02
002061,浙江交科,1.2,1375638998,2020-06-03
600724,宁波富达,2.7,1445241071,2020-06-04
603687,大胜达,0.26,410830732,2020-06-02
300422,博世科,1.0,355838993,2020-06-03
300697,电工合金,0.6,208000000,2020-06-03
300188,国投智能,0.9,805211317,2020-06-04
002952,亚世光电,3.9,109560000,2020-06-04
002062,宏润建设,0.5,1102500000,2020-06-03
002867,周大生,4.5,730905188,2020-06-03
603801,志邦家居,6.6,223333360,2020-06-02
603739,蔚蓝生物,2.0,154667000,2020-06-03
600138,中青旅,0.4,723840000,2020-06-03
002158,汉钟精机,2.5,535028782,2020-06-04
000902,新洋丰,2.0,1304529290,2020-06-02
300537,广信材料,0.8,193027584,2020-06-02
002752,昇兴股份,0.25,833180519,2020-06-02
600703,三安光电,1.0,4078424928,2020-06-02
000088,盐田港,0.15,1942200000,2020-06-02
920578,巨能股份,1.0,18260000,2020-06-03
002228,合兴包装,1.0,1169536074,2020-06-04
603809,豪能股份,2.0,209073200,2020-06-03
688188,柏楚电子,7.4,100000000,2020-06-02
603551,奥普科技,3.3,400010000,2020-06-02
600854,春兰股份,0.4,519458538,2020-06-03
300284,苏交科,1.5,971405980,2020-06-02
600305,恒顺醋业,2.07,783559400,2020-06-04
300281,金明精机,0.15,418923580,2020-06-04
002282,博深股份,0.6,437738511,2020-06-02
920509,同惠电子,2.5,82200000,2020-06-04
002966,苏州银行,2.0,3333333334,2020-06-04
300542,新晨科技,0.45,231730104,2020-06-02
000055,方大集团,0.5,1088278951,2020-06-04
603676,卫信康,0.45,423000000,2020-06-02
000333,美的集团,16.0,6985445998,2020-06-02
002580,圣阳股份,0.25,349129995,2020-06-03
002833,弘亚数控,6.0,135279500,2020-06-02
601678,滨化股份,1.0,1544400000,2020-06-03
603267,鸿远电子,0.1,165340000,2020-06-02
300567,精测电子,3.0,245960204,2020-06-04
300486,东杰智能,0.55,180670836,2020-06-04
920765,美之高,2.7,55700000,2020-06-03
603609,禾丰股份,2.2,922059896,2020-06-02
002637,赞宇科技,1.0,422680000,2020-06-04
920885,星辰科技,1.8,63964200,2020-06-05
002244,滨江集团,1.32,3111443890,2020-06-05
603713,密尔克卫,1.9,154736984,2020-06-04
002345,潮宏基,1.0,905412707,2020-06-04
603936,博敏电子,0.7,315038283,2020-06-04
601012,隆基绿能,2.0,3772016757,2020-06-04
600594,益佰制药,3.0,791927400,2020-06-03
603100,川仪股份,2.0,395000000,2020-06-03
603567,珍宝岛,2.17,849160000,2020-06-04
002859,洁美科技,1.6,257639000,2020-06-03
603600,永艺股份,2.0,302543600,2020-06-03
300634,彩讯股份,0.6,400010000,2020-06-04
600765,中航重机,0.45,933603840,2020-06-04
603701,德宏股份,2.0,202071240,2020-06-04
002273,水晶光电,1.0,1217688332,2020-06-04
300602,飞荣达,0.948608,322832349,2020-06-03
601137,博威合金,2.0,684520473,2020-06-03
300750,宁德时代,2.201281,2207113780,2020-06-04
688278,特宝生物,0.25,406800000,2020-06-04
002467,二六三,0.5,1361002573,2020-06-05
002616,长青集团,2.0,741883144,2020-06-03
000877,天山股份,5.1,1048722959,2020-06-05
603218,日月股份,3.0,531283700,2020-06-03
600019,宝钢股份,2.8,22271288125,2020-06-03
300807,天迈科技,7.0,67851000,2020-06-04
300346,南大光电,0.3,406890845,2020-06-04
601789,宁波建工,1.0,976080000,2020-06-03
300190,维尔利,1.0,783784957,2020-06-04
603063,禾望电气,0.16,430665000,2020-06-03
002133,广宇集团,0.8,774144175,2020-06-05
300181,佐力药业,0.2,608624848,2020-06-04
603093,南华期货,0.48,580000000,2020-06-03
603306,华懋科技,4.5,310574706,2020-06-03
000032,深桑达A,0.8,413219661,2020-06-04
300597,吉大通信,0.21,240000000,2020-06-05
300075,数字政通,0.399655,431530204,2020-06-04
920407,驰诚股份,1.5,41400000,2020-06-05
688025,杰普特,2.1,92368576,2020-06-04
688081,兴图新科,2.5,73600000,2020-06-03
002520,日发精机,0.45,755380872,2020-06-04
603208,江山欧派,10.0,80816061,2020-06-04
002714,牧原股份,5.5,2204608322,2020-06-04
600184,光电股份,0.37,508760826,2020-06-04
603657,春光科技,5.0,96000000,2020-06-03
002479,富春环保,1.5,888888000,2020-06-04
002641,公元股份,1.38,1123200000,2020-06-04
603683,晶华新材,1.184,126670000,2020-06-03
603915,国茂股份,2.0,463327400,2020-06-04
600287,苏豪时尚,0.9,436796074,2020-06-03
603080,新疆火炬,0.62,141500000,2020-06-04
000899,赣能股份,1.0,975677760,2020-06-05
002026,山东威达,0.8,420098419,2020-06-05
600785,新华百货,2.0,225631280,2020-06-05
603160,汇顶科技,8.0,456054438,2020-06-03
002949,华阳国际,2.0,196030000,2020-06-03
000065,北方国际,0.919997,769507533,2020-06-03
300137,先河环保,1.0,551032550,2020-06-05
600057,厦门象屿,2.5,2157454085,2020-06-03
002391,长青股份,2.0,660316481,2020-06-04
300043,星辉娱乐,0.3,1244198401,2020-06-05
603811,诚意药业,4.0,119280000,2020-06-03
300037,新宙邦,2.5,410792913,2020-06-03
600536,中国软件,0.4,494562782,2020-06-05
300723,一品红,2.0,161142800,2020-06-04
600790,轻纺城,1.8,1465790928,2020-06-03
300412,迦南科技,1.6,258319500,2020-06-05
002079,苏州固锝,0.4,727971487,2020-06-04
002927,泰永长征,2.15,172069000,2020-06-04
002298,中电鑫龙,0.5,691505915,2020-06-03
603722,阿科力,3.0,87690000,2020-06-04
600803,新奥股份,2.1,1229355783,2020-06-04
603758,秦安股份,0.81,438797049,2020-06-04
920367,新赣江,2.5,49800000,2020-06-11
000888,峨眉山A,1.0,526913102,2020-06-05
002034,旺能环境,1.0,420765045,2020-06-05
600273,嘉化能源,1.65,1432730543,2020-06-05
300580,贝斯特,1.7,200000000,2020-06-05
603618,杭电股份,1.0,691030143,2020-06-05
600985,淮北矿业,6.0,2172412235,2020-06-05
603260,合盛硅业,2.3,938000000,2020-06-04
600173,卧龙新能,1.5,701118244,2020-06-05
002339,积成电子,0.3,511804800,2020-06-05
920478,峆一药业,2.0,30037500,2020-06-05
603192,汇得科技,3.72,106666667,2020-06-05
000501,武商集团,2.2,768992731,2020-06-05
300776,帝尔激光,5.0,66125150,2020-06-04
300635,中达安,0.45,136322000,2020-06-05
603033,三维股份,2.3,304418146,2020-06-04
603279,景津装备,6.0,400035000,2020-06-05
600570,恒生电子,5.3,803146734,2020-06-05
002763,汇洁股份,4.0,411440000,2020-06-05
603109,神驰机电,2.3,146670000,2020-06-05
002590,万安科技,1.0,479646926,2020-06-05
300052,中青宝,0.2,263269300,2020-06-04
002017,东信和平,0.3,446486084,2020-06-05
002788,鹭燕医药,1.5,326830440,2020-06-08
688026,洁特生物,5.0,100000000,2020-06-04
920339,恒太照明,20.0,26000000,
920786,骑士乳业,2.0,159600000,
600095,湘财股份,0.09,361263565,2020-06-05
600604,市北高新,0.12,1873304804,2020-06-04
000513,丽珠集团,11.500552,938113759,2020-06-04
603488,展鹏科技,2.8,208941000,2020-06-05
603786,科博达,3.6,400100000,2020-06-08
000905,厦门港务,0.15,625191522,2020-06-05
002705,新宝股份,4.0,801472885,2020-06-05
603118,共进股份,1.22,775733332,2020-06-04
002772,众兴菌业,1.0,367704016,2020-06-05
603906,龙蟠科技,1.28,302595840,2020-06-04
300562,乐心医疗,0.219927,190296520,2020-06-05
002730,电光科技,1.0,322674000,2020-06-05
600017,日照港,0.25,3075653888,2020-06-05
603259,药明康德,3.37,1651126531,2020-06-04
300417,南华仪器,8.0,81600000,2020-06-04
000099,中信海直,0.5,606070420,2020-06-05
603159,上海亚虹,1.5,140000000,2020-06-05
002771,真视通,0.35,209764100,2020-06-05
600989,宝丰能源,3.2091,7333360000,2020-06-04
300677,英科医疗,1.5,220033105,2020-06-05
603610,麒盛科技,10.0,150332650,2020-06-05
300305,裕兴股份,1.04,288753000,2020-06-05
300653,正海生物,7.5,80000000,2020-06-05
300488,恒锋工具,1.293157,165679281,2020-06-08
002909,集泰股份,3.0,167001981,2020-06-05
300225,金力泰,0.1,470340000,2020-06-08
300277,汽轮科技,0.3,335000000,2020-06-05
002131,利欧股份,0.06,6754804205,2020-06-08
600114,东睦股份,2.0,616454517,2020-06-05
603316,诚邦股份,0.32,203280000,2020-06-05
000538,云南白药,30.0,1277403317,2020-06-05
600883,博闻科技,0.1,236088000,2020-06-05
300626,华瑞股份,0.2,180000000,2020-06-08
000517,荣安地产,1.0,3183922485,2020-06-05
300521,爱司凯,0.05,144000000,2020-06-05
600252,中恒集团,0.6,3475107147,2020-06-05
002787,华源控股,1.0,311029142,2020-06-05
300715,凯伦股份,1.0,170907500,2020-06-08
603556,海兴电力,6.0,490401470,2020-06-05
002481,双塔食品,0.2,1243390000,2020-06-05
600483,福能股份,2.5,1551834745,2020-06-08
600908,无锡银行,1.8,1848266570,2020-06-05
603383,顶点软件,5.0,120185240,2020-06-08
688100,威胜信息,1.75,500000000,2020-06-08
002127,南极电商,1.24,2454870403,2020-06-05
601799,星宇股份,10.0,276155232,2020-06-08
600261,阳光照明,1.7,1452102930,2020-06-05
300518,新迅达,0.15,93340000,2020-06-09
300500,启迪设计,1.0,174480186,2020-06-08
300706,阿石创,0.3,141120000,2020-06-08
300289,利德曼,0.1,421051985,2020-06-08
300331,苏大维格,1.0,226048841,2020-06-08
300005,探路者,0.5,883702186,2020-06-08
688006,杭可科技,2.2,401000000,2020-06-08
920957,汉维科技,3.28,91729200,2020-06-09
002950,奥美医疗,6.0,422176938,2020-06-05
300598,诚迈科技,0.12,80000000,2020-06-08
603855,华荣股份,2.0,337190000,2020-06-05
300762,上海瀚讯,0.75,133360000,2020-06-08
603079,圣达生物,1.2,122277827,2020-06-08
002246,北化股份,0.55,549034794,2020-06-08
600177,雅戈尔,2.0,4629002973,2020-06-05
603338,浙江鼎力,3.5,346775408,2020-06-05
300380,安硕信息,1.0,137440000,2020-06-09
601890,亚星锚链,0.3,959400000,2020-06-08
601677,明泰铝业,1.0,616301222,2020-06-08
603776,永安行,1.8,187580000,2020-06-05
002723,小崧股份,0.4,192201000,2020-06-05
300394,天孚通信,4.0,198901910,2020-06-08
300751,迈为股份,10.0,52000000,2020-06-05
603303,得邦照明,2.28,487715366,2020-06-05
300820,英杰电气,5.0,63340000,2020-06-08
603898,好莱客,3.65,309603866,2020-06-05
300324,旋极信息,0.45,1753014595,2020-06-08
600231,凌钢股份,0.49,2771082743,2020-06-05
920856,浩淼科技,1.0,66290000,2020-06-08
603557,*ST起步,4.0,474239658,2020-06-05
603928,兴业股份,2.0,201600000,2020-06-08
600367,红星发展,0.26,298045000,2020-06-09
688166,博瑞医药,0.82,410000000,2020-06-08
688002,睿创微纳,0.46,445000000,2020-06-10
603355,莱克电气,2.6,401000000,2020-06-08
603787,新日股份,1.2,204000000,2020-06-09
002346,柘中股份,2.0,441575416,2020-06-09
603887,城地香江,0.5,268271622,2020-06-08
300651,金陵体育,1.0,128746780,2020-06-09
002817,黄山胶囊,0.95,86670000,2020-06-09
300316,晶盛机电,1.0,1284489364,2020-06-10
002645,华宏科技,0.6,567721698,2020-06-09
300393,中来股份,3.5,432464086,2020-06-10
603815,交建股份,1.0,499000000,2020-06-09
603002,宏昌电子,0.63,614411700,2020-06-09
300679,电连技术,1.8,280800000,2020-06-10
688098,申联生物,0.8,409700000,2020-06-08
002454,松芝股份,0.6,628581600,2020-06-09
300621,维业股份,0.7,208108000,2020-06-09
603589,口子窖,15.0,600000000,2020-06-09
920735,德源药业,2.7,45591000,2020-06-10
603778,国晟科技,0.07,500000000,2020-06-10
603023,威帝股份,1.0,453472936,2020-06-09
603040,新坐标,5.0,79482884,2020-06-09
603001,奥康国际,5.0,400980000,2020-06-09
603602,纵横通信,0.4,156800000,2020-06-08
000722,湖南发展,0.5,464158282,2020-06-08
603301,振德医疗,4.3,140000000,2020-06-08
000910,大亚圣象,1.3,552982500,2020-06-09
000828,东莞控股,3.0,1039516992,2020-06-09
603530,神马电力,2.2,400044490,2020-06-09
002798,帝欧水华,0.989754,388945564,2020-06-09
300166,东方国信,0.48,1056190495,2020-06-09
002807,江阴银行,1.8,2171992209,2020-06-09
603859,能科科技,0.5,139152295,2020-06-08
600233,圆通速递,1.5,3164456588,2020-06-08
600028,中国石化,1.9,121071209646,2020-06-10
002227,*ST特迅,0.2,220597400,2020-06-08
002064,华峰化学,0.5,4633519221,2020-06-10
300014,亿纬锂能,1.70165,968199575,2020-06-09
300516,久之洋,0.7,180000000,2020-06-09
601811,新华文轩,3.0,1233841000,2020-06-09
603527,众源新材,2.2,174160000,2020-06-08
002729,好利科技,0.7,66680000,2020-06-09
600580,卧龙电驱,1.5,1301211586,2020-06-09
600106,重庆路桥,0.67,1208204602,2020-06-08
603127,昭衍新药,3.4,161915664,2020-06-08
000573,粤宏远A,1.0,648730604,2020-06-09
603103,横店影视,1.71,634200000,2020-06-08
603800,洪田股份,5.0,208000000,2020-06-09
000555,神州信息,0.39,970381273,2020-06-09
002726,ST龙大,0.49,998288980,2020-06-10
300435,中泰股份,0.5,378251800,2020-06-09
920579,机科股份,1.0,90000000,2020-06-10
002923,润都股份,4.0,185938500,2020-06-09
600109,国金证券,0.5,3024359310,2020-06-08
600521,华海药业,2.0,1322370952,2020-06-08
603110,东方材料,2.8,143733380,2020-06-09
000973,佛塑科技,0.3,967423171,2020-06-08
603131,上海沪工,1.0,317974252,2020-06-08
002033,丽江股份,1.2,549490711,2020-06-10
600735,ST新华锦,0.63,375992296,2020-06-09
002549,凯美特气,1.0,623700000,2020-06-10
002205,国统股份,0.2,116152018,2020-06-10
603043,广州酒家,3.0,403996184,2020-06-10
600422,昆药集团,2.0,760947792,2020-06-10
300120,经纬辉开,1.0,464756611,2020-06-11
002791,坚朗五金,1.5,321540000,2020-06-10
300155,安居宝,0.38,543370602,2020-06-11
603358,华达科技,3.0,313600000,2020-06-11
002908,德生科技,1.5,200862150,2020-06-09
601555,东吴证券,1.3,3880518908,2020-06-10
603311,金海高科,1.6,210000000,2020-06-09
920834,三维装备,1.72,62526200,2020-06-10
601601,中国太保,12.0,9062000000,2020-06-11
300377,赢时胜,1.0,742092080,2020-06-10
300258,精锻科技,1.009308,405000000,2020-06-09
002843,泰嘉股份,3.0,210000000,2020-06-10
002296,辉煌科技,0.5,379656420,2020-06-10
688138,清溢光电,0.8,266800000,2020-06-09
300329,海伦钢琴,0.28,253579380,2020-06-10
300479,神思电子,0.3,169287237,2020-06-10
002818,富森美,1.5,756494900,2020-06-09
300304,云意电气,0.3,866036018,2020-06-11
002448,中原内配,0.8,607370105,2020-06-10
300226,上海钢联,1.2,159108850,2020-06-11
002028,思源电气,1.0,760209282,2020-06-09
600712,南宁百货,0.03,544655360,2020-06-09
603508,思维列控,4.79,194738751,2020-06-09
603236,移远通信,5.0,89180000,2020-06-10
002886,沃特股份,0.8,118837250,2020-06-09
300805,电声股份,1.0,423230000,2020-06-09
601158,重庆水务,2.57,4800000000,2020-06-10
002959,小熊电器,10.0,120000000,2020-06-10
300215,电科院,4.0,758322487,2020-06-09
002803,吉宏股份,1.0,222593699,2020-06-09
002864,盘龙药业,1.504861,86670000,2020-06-10
000895,双汇发展,10.0,3319282190,2020-06-10
002820,桂发祥,2.0,204800000,2020-06-09
300206,理邦仪器,1.72,581721846,2020-06-11
002108,沧州明珠,0.5,1417924199,2020-06-10
300594,ST朗进,1.5,88906700,2020-06-11
000661,长春高新,10.0,202360145,2020-06-09
300732,设研院,3.0,191875842,2020-06-09
600235,民丰特纸,0.05,351300000,2020-06-09
002745,木林森,1.5,1277168540,2020-06-10
300610,晨化股份,1.5,150680000,2020-06-10
920249,利尔达,2.0,360490000,2020-06-11
920663,明阳科技,10.6,38700000,2020-06-12
300113,顺网科技,1.9,694287240,2020-06-10
600970,中材国际,3.01,1739573853,2020-06-11
601000,唐山港,0.9,5925928614,2020-06-10
300418,昆仑万维,0.256626,1172098110,2020-06-10
002438,江苏神通,0.5,485756156,2020-06-09
300730,科创信息,0.6,158008198,2020-06-10
920429,康比特,2.0,101610000,2020-06-15
688369,致远互联,4.0,76989583,2020-06-11
000651,格力电器,12.0,6015730878,2020-06-11
603321,梅轮电梯,0.5,307000000,2020-06-11
603755,日辰股份,5.5,98613681,2020-06-11
600171,上海贝岭,1.1,704121614,2020-06-12
300007,汉威科技,0.22,293022806,2020-06-12
000819,岳阳兴长,0.25,284905005,2020-06-12
688021,奥福科技,2.0,77283584,2020-06-10
002913,奥士康,5.0,147868152,2020-06-11
688128,中国电研,3.0,404500000,2020-06-10
000027,深圳能源,0.5,3964491597,2020-06-11
300511,雪榕生物,1.165805,441829925,2020-06-11
601658,邮储银行,2.102,86978562200,2020-06-10
603029,天鹅股份,0.99,93340000,2020-06-10
600965,*ST福成,1.5,818700955,2020-06-12
600750,华润江中,3.0,525000000,2020-06-12
600619,海立股份,1.8,883300255,2020-06-10
300803,指南针,1.0,404999999,2020-06-12
600389,江山股份,3.1,297000000,2020-06-11
000151,中成股份,0.2,295980000,2020-06-11
002132,恒星科技,0.5,1256498403,2020-06-11
603658,安图生物,9.0,430602899,2020-06-11
920926,鸿智科技,4.5,31304347,2020-06-11
603059,倍加洁,2.0,100000000,2020-06-11
603578,三星新材,2.1,89581212,2020-06-12
000096,广聚能源,0.2,528000000,2020-06-12
002195,岩山科技,0.15,5724847663,2020-06-11
000089,深圳机场,0.8,2050769509,2020-06-10
601966,玲珑轮胎,4.3,1200017316,2020-06-11
300811,铂科新材,3.0,57600000,2020-06-10
600887,伊利股份,8.1,6065886833,2020-06-10
002800,天顺股份,0.55,74680000,2020-06-12
300498,温氏股份,10.0,5311509547,2020-06-11
603688,石英股份,1.5,340608401,2020-06-10
000928,中钢国际,1.3,1256662942,2020-06-12
002111,威海广泰,2.7,381827504,2020-06-10
688396,华润微,0.33,1215925195,2020-06-11
603889,新澳股份,1.6,511746388,2020-06-10
300818,耐普矿机,2.0,70000000,2020-06-10
002140,东华科技,1.0,545366440,2020-06-11
600704,物产中大,2.5,5062182040,2020-06-11
000049,德赛电池,7.0,207197738,2020-06-11
002270,华明装备,0.42,759239130,2020-06-10
601188,龙江交通,1.6,1315878571,2020-06-10
002852,道道全,1.0,289000000,2020-06-10
603365,水星家纺,8.0,266670000,2020-06-11
688298,东方生物,2.1,120000000,2020-06-10
000810,创维数字,1.0,1063668297,2020-06-11
600782,新钢股份,2.0,3188722696,2020-06-12
000532,华金资本,0.3,344708340,2020-06-12
000541,佛山照明,1.85,1399346154,2020-06-10
300711,广哈通信,0.28,173035144,2020-06-12
600327,大东方,1.8,884779518,2020-06-11
300415,伊之密,1.0,432000000,2020-06-10
002644,佛慈制药,0.6,510657000,2020-06-12
603590,康辰药业,5.0,160000000,2020-06-11
601878,浙商证券,0.9,3333347515,2020-06-11
000014,沙河股份,0.11,201705187,2020-06-11
603630,拉芳家化,1.3,226720000,2020-06-11
002327,富安娜,5.0,843023890,2020-06-12
002119,康强电子,0.25,375284000,2020-06-11
603081,大丰实业,1.2,401812737,2020-06-12
002271,东方雨虹,3.0,1569784697,2020-06-15
300384,三联虹普,0.6,319539690,2020-06-11
000786,北新建材,0.82,1689507842,2020-06-11
002588,史丹利,0.2,1156884000,2020-06-12
002985,北摩高科,10.0,150160000,2020-06-11
601058,赛轮轮胎,1.0,2700260678,2020-06-11
300283,温州宏丰,0.13,414361350,2020-06-12
002023,海特高新,0.3,756791003,2020-06-12
603893,瑞芯微,3.5,412280000,2020-06-11
300232,洲明科技,0.15,982627019,2020-06-15
603027,千禾味业,1.28,475581770,2020-06-11
002364,中恒电气,1.0,563564960,2020-06-12
601019,山东出版,3.2,2086900000,2020-06-12
920556,雅达股份,1.5,125315200,2020-06-15
300504,天邑股份,2.0,267408000,2020-06-12
600268,国电南自,0.5,695265184,2020-06-12
601698,中国卫通,0.12,4000000000,2020-06-15
000913,钱江摩托,4.4,453536000,2020-06-12
601015,陕西黑猫,1.0,1629789473,2020-06-12
600845,宝信软件,4.0,1155615252,2020-06-12
002669,康达新材,0.801788,252492921,2020-06-12
002251,步步高,1.0,863903951,2020-06-12
300520,科大国创,1.204182,249515065,2020-06-12
300514,友讯达,0.5,200000000,2020-06-12
603816,顾家家居,11.7,601629241,2020-06-11
002558,巨人网络,1.3,2024379932,2020-06-11
688181,八亿时空,3.6,96473014,2020-06-11
603297,永新光学,4.4,110545000,2020-06-15
002585,双星新材,0.3,1156278085,2020-06-11
002557,洽洽食品,7.0,507000000,2020-06-11
002277,友阿股份,0.25,1394172800,2020-06-12
002344,海宁皮城,0.19,1282745046,2020-06-11
300627,华测导航,3.0,243880020,2020-06-12
300358,楚天科技,0.35,467887363,2020-06-12
600848,上海临港,2.4,2102068212,2020-06-15
002110,三钢闽光,2.5,2451576238,2020-06-11
600706,曲江文旅,0.17,215411610,2020-06-11
600830,香溢融通,0.2,454322747,2020-06-12
002931,锋龙股份,1.5,88880000,2020-06-12
002361,神剑股份,1.0,837574116,2020-06-11
002434,万里扬,1.0,1340000000,2020-06-12
603319,美湖股份,2.8,104901550,2020-06-11
300016,北陆药业,0.7,494554476,2020-06-15
000507,珠海港,0.5,930424895,2020-06-12
603995,甬金股份,7.0,230670000,2020-06-12
300709,精研科技,2.9,88728700,2020-06-12
603880,南卫股份,0.5,169000000,2020-06-12
002340,格林美,0.3,4784427057,2020-06-12
300039,上海凯宝,1.0,1046000000,2020-06-12
603929,亚翔集成,2.5,213360000,2020-06-15
300437,清水源,1.099931,218338638,2020-06-15
300588,熙菱信息,0.06048,161954000,2020-06-12
002075,沙钢股份,1.002034,2206771772,2020-06-11
300766,每日互动,0.5,400100000,2020-06-12
300427,红相股份,1.32,358340754,2020-06-15
002574,明牌珠宝,0.3,528000000,2020-06-11
603569,长久物流,6.99,560275295,2020-06-12
603979,金诚信,0.8,583408432,2020-06-15
002057,中钢天源,0.7,575287776,2020-06-11
688036,传音控股,6.8,800000000,2020-06-11
002381,双箭股份,3.0,411572264,2020-06-15
603712,七一二,1.0,772000000,2020-06-11
002673,西部证券,0.63,3501839770,2020-06-11
601500,通用股份,0.5,872290090,2020-06-12
300404,博济医药,0.1,174322655,2020-06-12
600201,生物股份,0.6,1126240241,2020-06-12
002732,燕塘乳业,4.0,157350000,2020-06-15
600206,有研新材,0.16,846620932,2020-06-12
002548,金新农,0.2,432840436,2020-06-15
600133,东湖高新,0.25,795469152,2020-06-12
601616,广电电气,0.5,935575000,2020-06-15
603489,八方股份,10.0,120000000,2020-06-12
600888,新疆众和,0.6,1024705400,2020-06-12
603168,莎普爱思,0.11,322592499,2020-06-12
000860,顺鑫农业,1.5,741766989,2020-06-12
600400,红豆股份,0.5,2533256912,2020-06-12
600160,巨化股份,1.2,2699746081,2020-06-12
600743,华远控股,1.2,2346100874,2020-06-12
002439,启明星辰,0.25,933583742,2020-06-12
000799,酒鬼酒,2.0,324928980,2020-06-12
002773,康弘药业,2.8,875597684,2020-06-12
601666,平煤股份,3.02,2327704469,2020-06-12
600299,安迪苏,1.56,2681901273,2020-06-12
688020,方邦股份,5.0,80000000,2020-06-12
002204,大连重工,0.3,1931370032,2020-06-12
603901,永创智能,0.7,439389026,2020-06-12
002556,辉隆股份,1.0,856621405,2020-06-12
600535,天士力,3.3,1512666229,2020-06-12
603698,航天工程,0.87,535990000,2020-06-12
300668,杰恩股份,2.3,106352500,2020-06-12
600376,首开股份,4.0,2579565242,2020-06-15
603696,安记食品,3.0,235200000,2020-06-12
002120,韵达股份,2.39,2230190268,2020-06-12
002831,裕同科技,2.8,877098616,2020-06-12
300767,震安科技,2.3,80000000,2020-06-15
600336,澳柯玛,0.8,799183269,2020-06-12
002100,天康生物,2.0,1068241338,2020-06-15
600754,锦江酒店,6.0,957936440,2020-06-12
300569,天能重工,5.6,230509800,2020-06-12
002150,正泰电源,1.5,356517053,2020-06-15
002483,润邦股份,0.5,942288735,2020-06-15
000949,新乡化纤,0.1,1257656049,2020-06-15
002449,国星光电,3.0,618477169,2020-06-12
600583,海油工程,0.6,4421354800,2020-06-12
600369,西南证券,0.8,5645109124,2020-06-12
300808,久量股份,0.68,160000000,2020-06-15
002587,奥拓电子,0.8,620037084,2020-06-15
688168,安博通,4.5,51180000,2020-06-15
603650,彤程新材,3.3,585987500,2020-06-12
601088,中国神华,12.6,19889620455,2020-06-15
603390,通达电气,1.0,351686984,2020-06-12
002203,海亮股份,0.749999,1952108260,2020-06-12
300003,乐普医疗,2.0,1781652921,2020-06-16
603189,*ST网达,0.5,220800000,2020-06-12
688268,华特气体,2.5,120000000,2020-06-12
601808,中海油服,1.6,4771592000,2020-06-12
603332,苏州龙杰,6.0,118938000,2020-06-12
920978,开特股份,0.64087,156038000,2020-06-16
002777,久远银海,2.0,224302769,2020-06-16
300719,安达维尔,1.0,254245250,2020-06-15
603871,嘉友国际,10.0,156800000,2020-06-15
603196,璞源材料,2.0,240000000,2020-06-12
000713,国投丰乐,0.2,438582129,2020-06-16
603877,太平鸟,7.0,478879150,2020-06-16
688030,山石网科,0.56,180223454,2020-06-15
300239,东宝生物,0.3,522746108,2020-06-17
002889,东方嘉盛,2.19,138101429,2020-06-15
601801,皖新传媒,1.6,1989204737,2020-06-16
002039,黔源电力,3.3,305398662,2020-06-16
300549,优德精密,0.8,133340000,2020-06-16
300779,惠城环保,1.0,100000000,2020-06-15
600137,浪莎股份,1.0,97217588,2020-06-15
300756,金马游乐,3.2,72833000,2020-06-16
600559,老白干酒,1.5,897287444,2020-06-15
300693,盛弘股份,1.0,136850329,2020-06-17
000823,超声电子,1.0,536966000,2020-06-16
600980,北矿科技,0.3,155209880,2020-06-15
002877,智能自控,0.38,332508890,2020-06-16
300462,ST华铭,1.5,188265025,2020-06-16
002958,青农商行,1.5,5555555556,2020-06-16
002579,中京电子,1.0,396708374,2020-06-16
600479,千金药业,5.0,418507117,2020-06-17
002685,华东重机,0.5,1007690641,2020-06-15
603507,振江股份,0.9,128071400,2020-06-17
300397,天和防务,0.73,240000000,2020-06-17
300387,富邦科技,0.5,291797018,2020-06-17
600825,新华传媒,0.07,1044887850,2020-06-16
300568,星源材质,1.974045,250665250,2020-06-16
603639,海利尔,3.0,169623860,2020-06-15
600158,中体产业,0.35,843735373,2020-06-15
603803,瑞斯康达,1.5,421055557,2020-06-17
000417,合百集团,0.8,779884200,2020-06-16
603665,康隆达,15.0,100000000,2020-06-16
603129,春风动力,4.0,134378200,2020-06-15
300265,通光线缆,0.15,353912004,2020-06-16
603060,国检集团,2.03,308000000,2020-06-17
603283,赛腾股份,5.6,176090417,2020-06-15
300275,梅安森,0.24,168050000,2020-06-15
000030,富奥股份,1.7,1810552111,2020-06-16
300535,达威股份,0.8,104238003,2020-06-15
002380,科远智慧,2.0,239991649,2020-06-17
000920,沃顿科技,0.77,422000000,2020-06-17
002539,云图控股,1.5,1010100000,2020-06-17
603012,创力集团,0.7,636560000,2020-06-17
300217,东方电热,0.1,1273493706,2020-06-17
002105,信隆健康,1.0,368500000,2020-06-16
600063,皖维高新,0.6,1925894692,2020-06-17
603121,华培动力,2.2,216000000,2020-06-17
002870,香山股份,1.8,110670000,2020-06-18
600776,东方通信,0.4,1256000064,2020-06-18
920195,三祥科技,0.4,83800000,2020-06-18
601231,环旭电子,1.75,2181283330,2020-06-17
920748,路桥信息,2.0,52000000,2020-06-17
002722,物产金轮,2.0,175466542,2020-06-17
603998,方盛制药,0.6,433844720,2020-06-17
300399,天利科技,0.17,197600000,2020-06-17
300513,恒实科技,1.1,313691155,2020-06-18
002400,省广集团,0.23,1743337128,2020-06-16
300463,迈克生物,1.891247,557477340,2020-06-17
002778,中晟高科,0.4,89109500,2020-06-17
603007,顺景科技,1.0,337093800,2020-06-16
002643,万润股份,2.04,909133215,2020-06-18
300538,同益股份,1.0,151598811,2020-06-17
600346,恒力石化,4.0,7039099786,2020-06-18
688101,三达膜,2.5,333880000,2020-06-18
688358,祥生医疗,10.0,80000000,2020-06-17
000582,北部湾港,1.77,1634616854,2020-06-16
300687,赛意信息,1.2,217611750,2020-06-18
300105,龙源技术,2.0,513216000,2020-06-18
600059,古越龙山,1.0,808524165,2020-06-17
000598,兴蓉环境,0.9,2986218602,2020-06-16
300165,天瑞仪器,0.2,461760000,2020-06-17
300685,艾德生物,2.5,147961500,2020-06-16
002566,益盛药业,0.5,330951600,2020-06-16
002475,立讯精密,1.199884,5372327958,2020-06-17
603861,白云电器,1.1,451932979,2020-06-17
000028,国药一致,6.0,428126983,2020-06-18
002267,陕天然气,2.0,1112075445,2020-06-16
000958,电投产融,0.1,5383418520,2020-06-16
002001,新和成,5.0,2148662300,2020-06-17
300654,世纪天鸿,0.75,140025000,2020-06-17
300088,长信科技,0.996674,2440139286,2020-06-16
002935,天奥电子,2.0,160005000,2020-06-17
603985,恒润股份,3.0,145600000,2020-06-16
000605,渤海股份,0.2,352658600,2020-06-16
603667,五洲新春,1.7,292324683,2020-06-16
600655,豫园股份,2.9,3883761964,2020-06-17
603377,ST东时,2.0,588000000,2020-06-16
002938,鹏鼎控股,5.0,2311430816,2020-06-17
688022,ST瀚川,2.78,108000000,2020-06-17
300550,和仁科技,0.55,117190500,2020-06-17
600979,广安爱众,0.3,947892146,2020-06-16
002976,瑞玛精密,5.0,100000000,2020-06-16
603222,济民健康,0.48,320000000,2020-06-16
002543,万和电气,3.3,743600000,2020-06-18
002632,道明光学,0.3,624599090,2020-06-17
600585,海螺水泥,20.0,5299302579,2020-06-18
688088,虹软科技,1.0,406000000,2020-06-16
920981,晶赛科技,18.0,11100000,2020-06-18
002605,姚记科技,4.01736,399970187,2020-06-18
603586,金麒麟,6.0,203738700,2020-06-17
300780,德恩精工,1.0,146670000,2020-06-18
000619,海螺新材,0.3,360000000,2020-06-17
002053,云南能投,0.8,760978566,2020-06-18
688368,晶丰明源,5.0,61600000,2020-06-18
601236,红塔证券,1.0,3633405396,2020-06-17
300793,佳禾智能,3.0,166680000,2020-06-18
688310,迈得医疗,3.5,83600000,2020-06-16
002598,ST章鼓,1.9,312000000,2020-06-17
300407,凯发电气,0.245881,305070858,2020-06-18
600760,中航沈飞,1.5,1400389285,2020-06-19
603728,鸣志电器,0.42,416000000,2020-06-18
300164,通源石油,0.8,513530289,2020-06-19
603126,中材节能,0.7,610500000,2020-06-18
002649,博彦科技,0.94,528985868,2020-06-18
300678,中科信息,0.5,180000000,2020-06-18
300600,国瑞科技,0.6,302964120,2020-06-17
688365,光云科技,1.5,401000000,2020-06-17
920627,力王股份,3.0,68000000,2020-06-19
002969,嘉美包装,0.19,952630735,2020-06-19
000785,居然智家,0.78,6019830101,2020-06-18
000407,胜利股份,0.35,880084656,2020-06-19
603566,普莱柯,2.0,321496000,2020-06-17
000521,长虹美菱,0.5,1044597881,2020-06-18
000021,深科技,0.6,1471259363,2020-06-18
603221,爱丽家居,1.8,240000000,2020-06-18
601077,渝农商行,2.3,11357000000,2020-06-19
000061,农产品,0.6,1696964131,2020-06-18
300218,安利股份,1.2,216987000,2020-06-18
000563,陕国投A,0.3,3964012846,2020-06-19
600353,旭光电子,0.6,543720000,2020-06-18
603968,醋化股份,5.0,204480000,2020-06-18
300745,欣锐科技,0.25,114512352,2020-06-18
300815,玉禾田,2.27,138400000,2020-06-18
603798,康普顿,0.5,200000000,2020-06-18
002865,钧达股份,1.0,120901503,2020-06-17
002152,广电运通,1.2,2408993951,2020-06-19
600929,雪天盐业,0.17,917751148,2020-06-18
603067,振华股份,1.0,431200000,2020-06-18
600508,上海能源,2.39,722718000,2020-06-19
603607,京华激光,3.0,127512000,2020-06-18
002718,友邦吊顶,1.5,131447829,2020-06-19
600557,康缘药业,0.8,592881038,2020-06-18
002386,天原股份,0.5,780857017,2020-06-18
002088,鲁阳节能,3.0,361702033,2020-06-17
300243,瑞丰高材,1.0,232322851,2020-06-18
603716,塞力医疗,0.8,205143709,2020-06-18
603086,先达股份,3.0,112000000,2020-06-17
300335,迪森股份,1.5,362922038,2020-06-17
000963,华东医药,2.8,1749809548,2020-06-17
600894,广日股份,1.5,859946895,2020-06-18
002498,汉缆股份,0.36,3326796000,2020-06-18
601636,旗滨集团,3.0,2687153140,2020-06-18
002857,三晖电气,1.0,128000000,2020-06-19
600159,大龙地产,0.5,830003232,2020-06-18
002190,成飞集成,0.6,358729343,2020-06-17
000736,中交发展,1.1,534948992,2020-06-18
002698,博实股份,1.8,1022550000,2020-06-18
688080,映翰通,2.0,52428786,2020-06-18
603233,大参林,6.0,546950545,2020-06-17
603278,大业股份,1.6,289932794,2020-06-17
000528,柳工,1.5,1475921376,2020-06-18
600761,安徽合力,3.5,740180802,2020-06-18
920017,星昊医药,2.18,91977200,
600511,国药股份,6.38,754502998,2020-06-19
603308,应流股份,0.81,487962086,2020-06-18
601952,苏垦农发,2.0,1378000000,2020-06-18
000565,渝三峡A,0.15,433592220,2020-06-19
000768,中航西飞,1.2,2768645071,2020-06-22
600497,驰宏锌锗,1.2,5091291568,2020-06-19
300649,杭州园林,1.05,128000000,2020-06-18
002507,涪陵榨菜,3.0,789357241,2020-06-18
600809,山西汾酒,9.0,871528266,2020-06-19
300253,卫宁健康,0.25,1641401336,2020-06-22
000006,深振业A,1.79,1349995046,2020-06-18
300468,四方精创,1.501218,188814931,2020-06-19
603116,红蜻蜓,1.8,576200800,2020-06-19
002030,达安基因,0.25,797412519,2020-06-18
002701,奥瑞金,0.63,2350807528,2020-06-18
000731,四川美丰,0.5,591484352,2020-06-19
002527,新时达,0.3,620206807,2020-06-19
601139,深圳燃气,1.8,2876767544,2020-06-19
300783,三只松鼠,2.5,401000000,2020-06-22
002892,科力尔,4.5,142120000,2020-06-19
601009,南京银行,3.92,10007016973,2020-06-19
300637,扬帆新材,1.0,234750130,2020-06-19
600025,华能水电,1.8,18000000000,2020-06-19
300062,中能电气,0.2,308000000,2020-06-19
600055,万东医疗,0.5,540816199,2020-06-19
688033,*ST天宜,0.95,448737188,2020-06-22
600975,新五丰,0.3,652675584,2020-06-19
300352,ST信源,0.03,1449824087,2020-06-19
002963,豪尔赛,1.5,150359930,2020-06-19
002878,元隆雅图,3.5,130310737,2020-06-19
600037,歌华有线,6.6,1391777884,2020-06-19
300464,星徽股份,0.85,353122175,2020-06-19
002853,皮阿诺,2.6,155341500,2020-06-18
600717,天津港,0.9,2009722944,2020-06-19
600310,广西能源,0.6,827775000,2020-06-18
603036,如通股份,1.2,206033000,2020-06-19
600458,时代新材,0.25,802798152,2020-06-19
000411,英特集团,0.61,248939935,2020-06-19
600643,爱建集团,2.5,1621922452,2020-06-18
300757,罗博特科,1.93,104000000,2020-06-19
300259,新天科技,0.5,1175657958,2020-06-19
002755,奥赛康,2.2,928160351,2020-06-19
000876,新希望,1.5,4216015009,2020-06-19
600356,恒丰纸业,0.9,298731378,2020-06-19
600426,华鲁恒升,3.5,1626659750,2020-06-18
002627,三峡旅游,1.0,334003673,2020-06-19
603719,良品铺子,2.55,401000000,2020-06-19
603989,艾华集团,3.0,390606902,2020-06-19
002887,绿茵生态,2.5,208000000,2020-06-19
601512,中新集团,2.2,1498890000,2020-06-22
600015,华夏银行,2.49,15387223983,2020-06-19
300789,唐源电气,3.63,45982759,2020-06-19
601933,永辉超市,1.3,9570462108,2020-06-18
920247,华密新材,3.225806,62000000,2020-06-22
002274,华昌化工,1.0,952364646,2020-06-19
300172,中电环保,0.5,521950000,2020-06-19
002942,新农股份,3.5,120000000,2020-06-19
300245,ST天玑,0.25,313457493,2020-06-22
002347,泰尔股份,1.0,447019662,2020-06-19
000069,华侨城A,3.045686,8202506415,2020-06-19
300294,博雅生物,1.5,433324863,2020-06-19
002230,科大讯飞,1.0,2197872917,2020-06-18
002789,*ST建艺,0.52,138040000,2020-06-18
920014,特瑞斯,1.15,60000000,2020-06-19
002214,*ST大立,0.804486,458666666,2020-06-18
300540,蜀道装备,0.3,124691993,2020-06-18
002276,万马股份,0.35,1035489098,2020-06-19
300775,三角防务,1.0,495500000,2020-06-19
000019,深粮控股,2.0,1152535254,2020-06-19
300796,贝斯美,0.8,121150000,2020-06-19
300581,晨曦航空,0.57,171760000,2020-06-22
000400,许继电气,0.6,1008327309,2020-06-19
002045,国光电器,0.8,468383913,2020-06-19
600710,苏美达,1.02,1306749434,2020-06-19
600739,辽宁成大,1.0,1529709816,2020-06-19
002792,通宇通讯,0.2,337840200,2020-06-19
000630,铜陵有色,0.1,10526533308,2020-06-22
600884,杉杉股份,1.2,1122764986,2020-06-19
002842,翔鹭钨业,0.500213,274486573,2020-06-19
002004,华邦健康,2.2,1979919191,2020-06-19
000858,五粮液,22.0,3881608005,2020-06-22
601330,绿色动力,1.0,1161200000,2020-06-19
300288,朗玛信息,0.21,337941402,2020-06-19
603681,永冠新材,1.5,166591604,2020-06-19
688199,久日新材,10.0,111226800,2020-06-19
600125,铁龙物流,1.1,1305521874,2020-06-19
688122,西部超导,3.0,441272000,2020-06-19
600061,国投资本,1.4,4227129727,2020-06-19
600373,中文传媒,5.0,1355063719,2020-06-19
600285,羚锐制药,3.0,567808992,2020-06-19
000498,山东路桥,0.8,1120139063,2020-06-19
000968,蓝焰控股,0.5,967502660,2020-06-19
603636,南威软件,1.6,590793578,2020-06-19
603366,日出东方,0.625,800000000,2020-06-19
600917,重庆燃气,0.85,1556000000,2020-06-19
600689,上海三毛,0.13,200991343,2020-06-22
002933,新兴装备,4.3,117350000,2020-06-19
920039,国义招标,2.5,140020000,2020-06-23
603158,腾龙股份,1.2,216971200,2020-06-19
603496,恒为科技,1.05,200985205,2020-06-19
600215,派斯林,0.5,465032880,2020-06-22
600236,桂冠电力,1.9,7882377802,2020-06-22
601107,四川成渝,1.1,3058060000,2020-06-19
300341,麦克奥迪,0.3,510163336,2020-06-23
603042,华脉科技,0.53,136000000,2020-06-19
601339,百隆东方,0.6,1500000000,2020-06-19
601238,广汽集团,1.5,10237707610,2020-06-22
002593,日上集团,0.5,701110000,2020-06-22
688399,硕世生物,15.0,58620000,2020-06-22
603738,泰晶科技,0.8,170193798,2020-06-22
601199,江南水务,0.8,935210292,2020-06-19
600167,联美控股,2.1,2288119475,2020-06-19
601179,中国西电,0.5,5125882352,2020-06-19
300533,冰川网络,7.0,100669200,2020-06-22
920061,西磁科技,0.581959,51550000,2020-06-22
920046,亿能电力,1.82,55000000,2020-06-23
920010,凯添燃气,3.0,182500000,2020-06-23
002567,唐人神,2.298159,836570799,2020-06-19
600684,珠江股份,0.3,853460723,2020-06-23
603878,武进不锈,7.0,286256320,2020-06-22
688016,心脉医疗,6.5,71978147,2020-06-22
603229,奥翔药业,0.75,160000000,2020-06-23
300499,高澜股份,0.8,185532978,2020-06-23
603568,伟明环保,3.1,966583343,2020-06-23
300788,中信出版,4.17,190151515,2020-06-24
002753,永东股份,0.4,375438385,2020-06-23
300136,信维通信,0.5,968639966,2020-06-23
600901,江苏金租,2.4,2986649968,2020-06-22
600452,涪陵电力,2.2,313600000,2020-06-23
600303,曙光股份,0.21,675604211,2020-06-23
601997,贵阳银行,3.1,3218028660,2020-06-22
600549,厦门钨业,1.0,1406046200,2020-06-22
002185,华天科技,0.15,2740003774,2020-06-24
920634,新威凌,3.5,39050000,2020-06-24
002536,飞龙股份,1.0,500711814,2020-06-23
920346,威贸电子,4.0,57331000,2020-06-29
300583,赛托生物,0.52,107783667,2020-06-24
601228,广州港,0.42,6193180000,2020-06-23
000915,华特达因,3.0,234331485,2020-06-24
002825,纳尔股份,1.997264,146941044,2020-06-23
002371,北方华创,0.63,495116773,2020-06-23
600097,开创国际,0.8,240936559,2020-06-22
920768,拾比佰,0.2,70970000,2020-06-24
600500,中化国际,1.6,2761156472,2020-06-24
002035,华帝股份,3.0,869230324,2020-06-22
002468,申通快递,1.0,1530802166,2020-06-22
600592,龙溪股份,1.1,399553571,2020-06-24
300147,*ST香雪,0.46,661476335,2020-06-23
002238,天威视讯,10.0,617353200,2020-06-24
600232,金鹰股份,2.0,364718544,2020-06-23
000581,威孚高科,11.0,1008950570,2020-06-24
002032,苏泊尔,13.3,821119910,2020-06-23
603269,海鸥股份,2.0,91470000,2020-06-22
002919,名臣健康,1.0,122135745,2020-06-23
603596,伯特利,1.0,408561000,2020-06-22
600969,郴电国际,0.409,370050484,2020-06-24
600973,宝胜股份,0.34,1371366248,2020-06-22
603088,宁波精达,3.8,156800000,2020-06-22
002166,莱茵生物,0.5,565214740,2020-06-23
603790,雅运股份,2.0,191360000,2020-06-22
603006,联明股份,1.2,191078186,2020-06-23
000951,中国重汽,5.5,671080800,2020-06-23
600740,山西焦化,1.0,1516048020,2020-06-23
002940,昂利康,10.0,90000000,2020-06-23
002541,鸿路钢构,1.6,523718853,2020-06-23
688078,龙软科技,2.08,70750000,2020-06-23
603055,台华新材,0.8,766643573,2020-06-22
600853,龙建股份,0.3,837417955,2020-06-22
300566,激智科技,0.5,155200500,2020-06-23
600328,中盐化工,1.1,957664592,2020-06-22
300109,新开源,0.2,323068983,2020-06-23
002262,恩华药业,1.0,1019125911,2020-06-22
002790,瑞尔特,2.0,418473000,2020-06-23
601098,中南传媒,6.2,1796000000,2020-06-22
600123,兰花科创,2.0,1142400000,2020-06-22
920395,朗鸿科技,4.5,36000000,2020-06-24
601818,光大银行,2.14,52489332665,2020-06-24
300576,容大感光,0.7,120000000,2020-06-24
601567,三星电气,2.1,1386569053,2020-06-23
600773,西藏城投,0.15,819660744,2020-06-24
600329,达仁堂,3.0,772803076,2020-06-24
600820,隧道股份,2.1,3144096094,2020-06-24
300644,南京聚隆,2.0,64000000,2020-06-24
000829,天音控股,0.3,1032675249,2020-06-23
600667,太极实业,1.48,2106190178,2020-06-23
000881,中广核技,0.22,945425815,2020-06-24
000859,国风新材,0.15,739449730,2020-06-24
300593,新雷能,0.5,165580800,2020-06-24
600719,大连热电,0.09,404599600,2020-06-24
601515,衢州东峰,1.5,1334400000,2020-06-23
600192,长城电工,0.06,441748000,2020-06-24
000903,ST云动,0.3,1970800857,2020-06-24
300724,捷佳伟创,1.8,321220000,2020-06-24
600153,建发股份,5.0,2835200530,2020-06-29
600143,金发科技,1.0,2573622343,2020-06-24
600600,青岛啤酒,5.5,1350982795,2020-06-24
300492,华图山鼎,2.3,83200000,2020-06-23
300555,ST路通,0.2,200000000,2020-06-24
002793,罗欣药业,0.5,1445990731,2020-06-23
603286,日盈电子,0.61,88076000,2020-06-29
600050,中国联通,0.604,31025507687,2020-06-24
600657,信达地产,1.0,2851878595,2020-06-23
002155,湖南黄金,0.3,1202039474,2020-06-24
600436,片仔癀,8.2,603317210,2020-06-24
601800,中国交建,2.3276,16174735425,2020-06-23
001696,宗申动力,3.0,1145026920,2020-06-23
000039,中集集团,1.2,3586074802,2020-06-24
603369,今世缘,4.1,1254500000,2020-06-24
601016,节能风电,0.51,4155560000,2020-06-23
300785,值得买,5.440397,53917634,2020-06-23
002191,劲嘉股份,1.5,1464870450,2020-06-24
002304,洋河股份,30.0,1506988000,2020-06-24
002757,南兴股份,3.0,196978710,2020-06-23
300809,华辰装备,1.83,156920000,2020-06-23
688068,热景生物,3.0,62196341,2020-06-24
000983,山西焦煤,1.0,3151200000,2020-06-24
603666,亿嘉和,2.6,99027670,2020-06-24
600219,南山铝业,0.5,11950481520,2020-06-24
002440,闰土股份,3.5,1150500000,2020-06-24
002851,麦格米特,1.6,469457706,2020-06-23
002821,凯莱英,5.0,231319762,2020-06-24
600826,兰生股份,1.3,420642288,2020-06-24
601668,中国建筑,1.85,41965071511,2020-06-24
601872,招商轮船,1.0,6740120114,2020-06-24
603198,迎驾贡酒,7.0,800000000,2020-06-24
600713,南京医药,1.0,1041611244,2020-06-24
600513,联环药业,0.84,287990370,2020-06-23
300702,天宇股份,5.0,182223560,2020-06-24
002060,广东建工,0.6,1202262058,2020-06-24
002186,全聚德,0.6,308463955,2020-06-24
002144,宏达高科,1.0,176762528,2020-06-23
603256,宏和科技,0.72,877800000,2020-06-23
601118,海南橡胶,0.035,4279427797,2020-06-24
600995,南网储能,2.2,478526400,2020-06-23
300388,节能国祯,1.2,679507926,2020-06-24
300276,三丰智能,1.0,795169157,2020-06-24
300260,新莱应材,1.0,201940000,2020-06-24
002126,银轮股份,0.8,792095104,2020-06-23
002222,福晶科技,1.0,427500000,2020-06-24
600742,富维股份,2.0,507656160,2020-06-24
002025,航天电器,1.5,429000000,2020-06-24
603661,恒林股份,2.8,100000000,2020-06-23
600757,长江传媒,2.0,1213650273,2020-06-24
002709,天赐材料,0.5,548517289,2020-06-23
603848,好太太,2.5,401000000,2020-06-30
603900,莱绅通灵,4.0,340473840,2020-06-24
601326,秦港股份,0.9,5587412000,2020-06-24
000539,粤电力A,1.2,5250283986,2020-06-24
000985,大庆华科,1.6,129639500,2020-06-29
600850,电科数字,2.5,426852228,2020-06-29
002010,传化智联,1.0,3257814678,2020-06-24
300694,蠡湖股份,0.8,215316977,2020-06-24
002682,龙洲股份,0.7,562368594,2020-06-24
000818,航锦科技,0.5,689890000,2020-06-24
601877,正泰电器,5.0,2149973551,2020-06-24
603819,神力股份,3.0,168314860,2020-06-24
603969,银龙股份,0.6,841000000,2020-06-24
688090,瑞松科技,1.8,67360588,2020-06-24
601965,中国汽研,2.5,988525667,2020-06-24
688218,江苏北人,1.4,117340000,2020-06-24
688300,联瑞新材,5.0,85973400,2020-06-24
600997,开滦股份,2.2,1587799851,2020-06-24
600420,国药现代,1.0,1026948866,2020-06-24
300084,海默科技,0.15,384765738,2020-06-24
002128,电投能源,4.0,1921573493,2020-06-24
300810,中科海讯,0.94,78700000,2020-06-24
300731,科创新源,1.0,124866547,2020-06-29
603825,ST华扬,2.5,230939802,2020-06-24
603368,柳药集团,6.8,259050441,2020-06-24
002106,莱宝高科,1.0,705816160,2020-06-30
601699,潞安环能,2.39,2991409200,2020-06-29
300470,中密控股,1.8,196747100,2020-06-24
688398,赛特新材,3.0,80000000,2020-06-24
600971,恒源煤电,3.5,1200004884,2020-06-24
002412,汉森制药,0.75,503200000,2020-06-24
600919,江苏银行,2.78,11544508967,2020-06-24
002398,垒知集团,0.8,692480426,2020-06-24
600266,城建发展,2.4,1880448000,2020-06-29
300494,盛天网络,0.22,240000000,2020-06-29
603629,利通电子,2.0,100000000,2020-06-30
600694,大商股份,7.7,293718653,2020-06-24
603970,中农立华,2.5,192000096,2020-06-24
002239,奥特佳,0.04,3131359417,2020-06-29
002893,京能热力,1.0,157736400,2020-06-23
603203,快克智能,2.1,157369440,2020-06-24
002208,合肥城建,0.369895,692304103,2020-06-24
603220,中贝通信,1.5,337760000,2020-06-24
600958,东方证券,1.5,6993655803,2020-06-29
600487,亨通光电,0.8,1952756248,2020-06-29
688258,卓易信息,1.42,86956591,2020-06-30
600519,贵州茅台,170.25,1256197800,2020-06-24
002918,蒙娜丽莎,3.5,406038750,2020-06-30
300035,中科电气,0.6,641952824,2020-06-30
603737,三棵树,6.6,186225972,2020-06-29
920651,天罡股份,7.5,50350000,2020-06-30
688039,当虹科技,4.0,80000000,2020-06-29
002678,珠江钢琴,0.35,1358320323,2020-06-29
600104,上汽集团,8.8,11683461365,2020-06-30
300782,卓胜微,10.0,100000000,2020-06-30
002046,国机精工,0.16,524349078,2020-06-29
603538,美诺华,1.1,149682000,2020-06-29
002900,哈三联,2.8,316600050,2020-06-30
002286,保龄宝,0.3,369256000,2020-06-30
601066,中信建投,2.35,7646385238,2020-06-30
300607,拓斯达,3.5,147719337,2020-06-29
600056,中国医药,2.7553,1068485534,2020-06-30
000686,东北证券,1.0,2340452915,2020-06-29
603396,金辰股份,1.8,105779334,2020-06-29
688099,晶晨股份,1.2,411120000,2020-06-30
603706,东方环宇,4.5,160000000,2020-06-30
300590,移为通信,1.5,161478000,2020-06-30
600587,新华医疗,1.0,406428091,2020-06-30
603028,赛福天,0.2,220800000,2020-06-29
002936,郑州银行,1.0,5921931900,2020-06-30
000933,神火股份,1.0,1900500000,2020-07-01
000790,华神科技,0.1,616360564,2020-06-29
600708,光明地产,1.0,2228636743,2020-06-29
002840,华统股份,0.46,279210050,2020-07-01
600216,浙江医药,10.0,965128000,2020-06-29
300349,金卡智能,5.022493,429067825,2020-06-29
300490,华自科技,0.3,261818005,2020-06-30
002091,江苏国泰,1.0,1563536598,2020-06-30
600597,光明乳业,1.3,1224487509,2020-06-30
002487,大金重工,0.26,555030000,2020-06-30
002115,三维通信,0.5,719190079,2020-06-30
603690,至纯科技,0.856,257816558,2020-06-29
600113,浙江东日,0.5,411431160,2020-06-29
603068,博通集成,3.7,138713534,2020-06-29
000547,航天发展,0.88,1605678881,2020-06-30
002116,中国海诚,0.671,417628938,2020-06-30
601162,天风证券,0.06,6665967280,2020-06-30
603227,雪峰科技,0.5,658700000,2020-07-01
000553,安道麦A,0.12,2446553582,2020-06-30
603138,海量数据,0.4,210553770,2020-06-30
688005,容百科技,0.9,443285700,2020-06-30
600869,远东股份,0.12,2219352746,2020-06-30
000898,鞍钢股份,0.57,9405250201,2020-06-30
000524,岭南控股,1.19,670208597,2020-07-01
000012,南玻A,0.7,3070692107,2020-07-01
000026,飞亚达,2.0,428171881,2020-07-01
002839,张家港行,1.5,1807576275,2020-06-30
601138,工业富联,2.0,19872102687,2020-06-30
002384,东山精密,0.5,1606572477,2020-07-01
601857,中国石油,0.6601,183020977818,2020-06-30
002462,嘉事堂,4.0,291707120,2020-06-30
601218,吉鑫科技,0.13,991760000,2020-06-30
300433,蓝思科技,2.58,4383857357,2020-07-01
600791,京能置业,0.12,452880000,2020-06-30
600976,健民集团,2.0,153398600,2020-07-01
000738,航发控制,0.4,1145642349,2020-06-30
601398,工商银行,2.628,356406257089,2020-06-30
300645,正元智慧,0.6,126666667,2020-06-30
300455,航天智装,0.5,717767936,2020-06-30
000715,中兴商业,0.8,415718940,2020-07-01
002399,海普瑞,1.8,1247201704,2020-07-01
600873,梅花生物,2.6,3100021848,2020-06-30
600094,大名城,0.3,2475325057,2020-07-02
920006,晟楠科技,0.4,67287200,2020-07-01
002153,石基信息,0.4,1070744175,2020-06-30
002129,TCL中环,0.3,2785156473,2020-06-30
002742,冀衡医药,0.4,432000000,2020-07-01
600360,华微电子,0.25,963971304,2020-06-30
002183,怡亚通,0.1,2122697819,2020-07-01
688159,有方科技,0.81,91679495,2020-07-01
603980,吉华集团,4.5,700000000,2020-06-30
600633,浙数文化,0.8,1301923953,2020-06-30
603499,翔港科技,0.8,141836660,2020-07-01
603993,洛阳钼业,0.43,21599240583,2020-06-30
688011,新光光电,1.815,100000000,2020-06-30
000070,特发信息,0.69,816496793,2020-06-30
601633,长城汽车,2.5,9176572500,2020-06-30
603266,天龙股份,0.7,199074840,2020-06-30
600148,长春一东,1.146,141516450,2020-06-30
603697,有友食品,0.8,304545000,2020-06-30
000425,徐工机械,0.6,7833668430,2020-07-03
002300,太阳电缆,1.2,596970000,2020-07-01
002948,青岛银行,2.0,4509690000,2020-07-02
603983,丸美生物,3.9,401000000,2020-07-01
601100,恒立液压,6.0,882000000,2020-07-01
601086,国芳集团,1.0,666000000,2020-07-01
300220,金运激光,0.13,126000000,2020-07-02
300180,华峰超纤,0.2,1703753565,2020-07-02
300683,海特生物,1.6,103355040,2020-07-01
603882,金域医学,1.36,457884577,2020-07-01
002912,中新赛克,6.5,109044400,2020-07-03
300308,中际旭创,0.84,713165136,2020-07-02
688007,光峰科技,0.75,451554411,2020-07-01
600505,西昌电力,0.31,364567500,2020-07-01
688009,中国通号,2.0,10589819000,2020-07-03
600859,王府井,3.8,776250350,2020-07-01
000546,金圆股份,0.8,714644396,2020-07-02
601006,大秦铁路,4.8,14866791491,2020-07-02
300743,天地数码,1.985217,98887900,2020-07-02
688588,凌志软件,2.0,400010003,2020-07-02
603660,苏州科达,0.4,499566725,2020-07-01
603515,欧普照明,5.0,756063755,2020-07-02
002278,神开股份,0.5,363909648,2020-07-01
688118,普元信息,1.6,95400000,2020-07-01
002189,中光学,1.1,262568166,2020-07-02
002059,云南旅游,0.3,1012434813,2020-07-06
002667,*ST威领,0.06,231132000,2020-07-03
600459,贵研铂业,2.7,437708011,2020-07-03
600011,华能国际,1.35,15698093359,2020-07-06
000682,东方电子,0.38,1340727007,2020-07-03
600380,健康元,1.6,1947537633,2020-07-03
002201,九鼎新材,0.15,332467470,2020-07-03
603726,朗迪集团,3.5,185651200,2020-07-03
603912,佳力图,2.5,216951400,2020-07-03
300587,天铁科技,1.5,181713000,2020-07-03
600596,新安股份,2.0,704900633,2020-07-02
688019,安集科技,3.8,53108380,2020-07-03
002945,华林证券,0.5,2700000000,2020-07-03
600897,厦门空港,5.23,297810000,2020-07-03
300672,国科微,1.0,180423140,2020-07-03
002869,金溢科技,21.8,120518161,2020-07-03
920892,广咨国际,6.0,50000000,2020-07-06
688037,芯源微,1.25,84000000,2020-07-06
600128,苏豪弘业,0.5,246767500,2020-07-03
603637,镇海股份,2.0,174072881,2020-07-02
002375,亚厦股份,0.33,1339996498,2020-07-03
000591,太阳能,1.1,3007098032,2020-07-06
603299,苏盐井神,1.02,775730854,2020-07-02
300118,东方日升,2.0,901359941,2020-07-03
002835,同为股份,0.43,219725865,2020-07-03
603323,苏农银行,1.5,1803067709,2020-07-02
002801,微光股份,3.0,117760000,2020-07-03
300201,海伦哲,0.1,1040921518,2020-07-03
600135,乐凯胶片,0.47,553307099,2020-07-02
000901,航天科技,0.140878,724264371,2020-07-02
603326,我乐家居,2.8,226170000,2020-07-03
603662,柯力传感,5.0,119400454,2020-07-03
002040,南京港,0.43,483966800,2020-07-03
600323,瀚蓝环境,2.2,766264018,2020-07-03
600834,申通地铁,0.43,477381905,2020-07-02
002206,海利得,1.0,1223028645,2020-07-03
002646,天佑德酒,0.3,450000000,2020-07-02
600795,国电电力,0.5,19650397845,2020-07-03
600755,厦门国贸,2.3,1850073225,2020-07-03
002960,青鸟智控,2.924332,246210000,2020-07-03
603013,亚普股份,5.0,514230500,2020-07-03
688008,澜起科技,3.0,1129813889,2020-07-06
600162,香江控股,0.67,3395781424,2020-07-02
300378,鼎捷数智,0.999734,265095553,2020-07-03
300006,莱美药业,0.5,812241205,2020-07-03
601177,杭齿前进,0.2,400060000,2020-07-03
002883,*ST中设,1.8,86906012,2020-07-06
002497,雅化集团,0.15,957332888,2020-07-06
600064,南京高科,4.5,1235956888,2020-07-07
002184,海得控制,1.0,239393449,2020-07-06
002043,兔宝宝,2.5,774756002,2020-07-07
000656,金科股份,4.5,5339715816,2020-07-03
002024,ST易购,0.5,9310039655,2020-07-06
002683,广东宏大,2.0,707056376,2020-07-03
603356,华菱精工,1.9,133340000,2020-07-07
000058,深赛格,0.3,1235656249,2020-07-06
300692,中赋科技,0.599737,164716863,2020-07-07
601588,北辰实业,1.5,3367020000,2020-07-03
300605,恒锋信息,0.5,165300469,2020-07-07
920237,力佳科技,2.5,40000000,2020-07-07
002973,侨银股份,0.34,408660000,2020-07-03
600481,双良节能,1.2,1632295808,2020-07-03
002956,西麦食品,16.0,80000000,2020-07-03
688198,佰仁医疗,2.0,96000000,2020-07-03
002653,海思科,0.919282,1074479620,2020-07-03
002456,欧菲光,0.21,2694739325,2020-07-06
603990,麦迪科技,1.27,112454776,2020-07-03
002377,国创高新,1.5,916325201,2020-07-06
300710,万隆光电,0.4,68614000,2020-07-06
300716,*ST泉为,0.29,160020000,2020-07-03
600419,天润乳业,1.57,268599337,2020-07-03
002353,杰瑞股份,1.6,957853992,2020-07-03
601958,金钼股份,3.0,3226604400,2020-07-03
600658,电子城,1.34,1118585045,2020-07-03
601368,绿城水务,0.9,882973077,2020-07-08
300267,尔康制药,0.1,2062604870,2020-07-08
603378,*ST亚士,1.8,194800000,2020-07-07
600098,广州发展,0.5,2726196558,2020-07-07
603123,翠微股份,1.1,524144222,2020-07-07
601828,美凯龙,2.53,3550000000,2020-07-06
002929,润建股份,1.2,220746347,2020-07-06
603421,鼎信通讯,1.04,469067065,2020-07-06
002048,宁波华翔,1.6,626227314,2020-07-07
600382,广东明珠,0.6,606872165,2020-07-06
600983,惠而浦,0.5,766439000,2020-07-08
601898,中煤能源,1.27,13258663400,2020-07-07
600909,华安证券,1.0,3621000000,2020-07-06
603380,易德龙,2.5,160000000,2020-07-06
688233,神工股份,1.5,160000000,2020-07-06
600060,海信视像,1.27,1308481222,2020-07-06
688066,*ST航图,0.55,165983333,2020-07-08
300611,美力科技,0.5,178950550,2020-07-08
002824,和胜股份,0.12,183537030,2020-07-08
603976,正川股份,3.24,151200000,2020-07-08
300675,建科院,0.75,146666700,2020-07-07
603037,凯众股份,5.5,105823700,2020-07-07
002731,*ST萃华,0.15,256156000,2020-07-06
600089,特变电工,1.65,3714312789,2020-07-06
300034,钢研高纳,1.198169,470057816,2020-07-07
002819,东方中科,0.5,157538236,2020-07-07
002029,七匹狼,1.0,755670000,2020-07-07
600081,东风科技,1.42,313560000,2020-07-07
300599,雄塑科技,2.3,304000000,2020-07-07
601717,中创智领,1.85,1732471370,2020-07-06
600855,航天长峰,0.3,439591087,2020-07-06
000725,京东方A,0.2,34798398763,2020-07-06
600054,黄山旅游,1.09,729379440,2020-07-07
000529,广弘控股,1.0,583790330,2020-07-07
002301,齐心集团,1.5,734020099,2020-07-08
603339,四方科技,1.88,209081875,2020-07-06
300648,星云股份,0.1,135400000,2020-07-06
300065,海兰信,0.3,398174035,2020-07-06
300272,开能健康,0.5,582794909,2020-07-07
601669,中国电建,0.3976,15299035024,2020-07-07
600865,百大集团,1.2,376240316,2020-07-06
300667,必创科技,1.0,127052546,2020-07-08
300096,ST易联众,0.05,430000000,2020-07-08
000531,穗恒运A,1.0,685082820,2020-07-07
000652,泰达股份,0.4,1475573852,2020-07-07
600279,重庆港,0.5,1186866283,2020-07-08
002170,芭田股份,0.06,886862627,2020-07-07
920130,立方控股,1.5,75568236,2020-07-07
603353,和顺石油,4.0,133380000,2020-07-06
002078,太阳纸业,1.0,2591407672,2020-07-08
600531,豫光金铅,0.6,1090242634,2020-07-08
300368,汇金股份,0.17,531943475,2020-07-09
300676,华大基因,1.010098,400100000,2020-07-07
002142,宁波银行,5.0,6008016286,2020-07-09
300828,锐新科技,2.5,110280000,2020-07-08
000543,皖能电力,1.19,2266863331,2020-07-07
002027,分众传媒,0.7,14677880280,2020-07-07
600510,黑牡丹,2.31,1047095025,2020-07-09
600802,福建水泥,1.6,381873666,2020-07-09
002038,双鹭药业,2.0,1027350000,2020-07-08
920087,秋乐种业,1.0,130860000,2020-07-08
002810,山东赫达,4.0,190296960,2020-07-07
000617,中油资本,2.59,9030056485,2020-07-09
600460,士兰微,0.05,1312061614,2020-07-08
688222,成都先导,1.25,400680000,2020-07-07
603458,勘设股份,7.0,185890627,2020-07-07
603069,海汽集团,0.5,316000000,2020-07-08
603328,依顿电子,3.5,998442611,2020-07-07
300596,利安隆,1.92,205010420,2020-07-09
000733,振华科技,0.5,514805618,2020-07-07
603456,九洲药业,2.0,803307971,2020-07-08
000930,中粮科技,0.16,1865763788,2020-07-07
603517,ST绝味,5.3,608630695,2020-07-07
002295,精艺股份,0.6,250616000,2020-07-07
600023,浙能电力,2.0,13600689988,2020-07-07
600188,兖矿能源,5.8,4860000000,2020-07-07
300523,辰安科技,1.02,232637638,2020-07-07
601229,上海银行,4.0,14206528700,2020-07-08
600409,三友化工,1.66,2064349448,2020-07-08
300072,海新能科,0.3,2349720302,2020-07-08
600195,中牧股份,0.9447,847128585,2020-07-08
300798,锦鸡股份,0.5,417748945,2020-07-07
920245,威博液压,0.73,39000000,2020-07-09
600529,山东药玻,3.0,594967747,2020-07-07
603167,渤海轮渡,4.0,472806603,2020-07-08
002441,众业达,2.2,544602079,2020-07-09
920718,合肥高科,1.0,68000000,2020-07-09
300572,安车检测,1.0,193641120,2020-07-07
600378,昊华科技,1.7205,917229657,2020-07-07
300695,兆丰股份,30.0,66677700,2020-07-08
000016,*ST康佳A,0.5,2407945408,2020-07-09
000966,长源电力,1.6,1108284080,2020-07-09
603937,丽岛新材,1.7,208880000,2020-07-08
600039,四川路桥,0.7,3705325510,2020-07-08
300095,华伍股份,0.2,378710854,2020-07-09
600926,杭州银行,3.5,5930200432,2020-07-09
002373,千方科技,0.7,1490620875,2020-07-07
000042,中洲控股,1.2,664831139,2020-07-09
603703,盛洋科技,0.1,229700000,2020-07-08
002975,博杰股份,7.2,69466700,2020-07-07
603315,福鞍股份,1.65,307026264,2020-07-07
000726,鲁泰A,1.0,858121541,2020-07-09
601126,四方股份,1.78,813172000,2020-07-08
002700,万憬能源,0.35,422426880,2020-07-10
000936,华西股份,0.5,886012887,2020-07-09
000402,金融街,3.0,2988929907,2020-07-10
601939,建设银行,3.2,250010977486,2020-07-10
600208,衢州发展,0.1,8599343536,2020-07-10
600073,光明肉业,1.2,937729472,2020-07-09
300517,海波重科,0.240026,106726000,2020-07-08
000036,华联控股,4.0,1483934025,2020-07-09
603926,铁流股份,3.0,160227600,2020-07-08
000596,古井贡酒,15.0,503600000,2020-07-09
600398,海澜之家,2.8,4420016636,2020-07-08
600716,凤凰股份,1.0,936060590,2020-07-09
601018,宁波港,0.99,13172847809,2020-07-08
600556,天下秀,0.154,1680420315,2020-07-09
601929,吉视传媒,0.038,3111098552,2020-07-09
300376,易事特,0.27,2319825036,2020-07-10
601233,桐昆股份,2.35,1847989619,2020-07-08
300020,ST银江,0.3,655789086,2020-07-10
002650,ST加加,0.35,1152000000,2020-07-09
688089,嘉必优,5.0,120000000,2020-07-09
002368,太极股份,2.439765,412817264,2020-07-09
920808,曙光数创,5.1,35300000,2020-07-09
002253,川大智胜,1.2,225626095,2020-07-09
002338,奥普光电,0.5,240000000,2020-07-09
300477,ST合纵,0.16,832975698,2020-07-10
603711,香飘飘,2.5,418171100,2020-07-10
600736,苏州高新,0.52,1151292907,2020-07-09
300770,新媒股份,9.0,128365637,2020-07-09
600371,万向德农,1.0,225060000,2020-07-08
000729,燕京啤酒,0.22,2818539341,2020-07-10
300402,宝色股份,0.31,202000000,2020-07-10
600325,华发股份,4.0,2117219616,2020-07-08
300823,建科智能,2.16,93559091,2020-07-10
000589,贵州轮胎,0.4,797589304,2020-07-09
600366,宁波韵升,0.4,989113721,2020-07-08
002896,中大力德,1.0,80000000,2020-07-10
000906,浙商中拓,2.500821,674436311,2020-07-08
600697,欧亚集团,4.0,159088075,2020-07-08
000530,冰山冷热,0.3,843212507,2020-07-10
002283,天润工业,0.35,1127925428,2020-07-10
300539,横河精密,0.363662,219984155,2020-07-09
603038,华立股份,2.3,131546576,2020-07-08
603797,联泰环保,1.6518,319659879,2020-07-09
920932,科达自控,0.6,49500000,2020-07-10
002393,力生制药,3.0,182454992,2020-07-08
688333,铂力特,0.935,80000000,2020-07-08
600745,*ST闻泰,1.5,1124033709,2020-07-08
002342,巨力索具,0.03,960000000,2020-07-07
002063,远光软件,0.55,848066240,2020-07-10
603817,海峡环保,0.58,450004644,2020-07-10
600078,澄星股份,0.1,662572861,2020-07-10
002542,*ST中岩,0.2,1805556984,2020-07-08
603679,华体科技,1.3,102066500,2020-07-08
000637,茂化实华,1.0,519875356,2020-07-10
600801,华新建材,12.1,2096599855,2020-07-08
600308,华泰股份,1.75,1167561419,2020-07-10
300564,筑博设计,3.5,100000000,2020-07-08
300476,胜宏科技,1.9,779149975,2020-07-09
600639,浦东金桥,3.1,1122412893,2020-07-09
600461,洪城环境,2.6,948038351,2020-07-09
300591,万里马,0.32,312023790,2020-07-09
000900,现代投资,1.6,1517828334,2020-07-09
600410,华胜天成,0.3,1098743383,2020-07-09
600590,泰豪科技,0.55,866298784,2020-07-10
300749,顶固集创,0.8,205169400,2020-07-10
600779,水井坊,14.5,488545698,2020-07-10
600229,城市传媒,2.0,702096010,2020-07-09
002250,联化科技,0.5,923878056,2020-07-10
300652,雷迪克,2.5,88000000,2020-07-10
603773,沃格光电,1.62,94595556,2020-07-10
603879,永悦科技,0.5,200412000,2020-07-10
600582,天地科技,1.0,4138588892,2020-07-10
600626,申达股份,0.25,852291316,2020-07-09
600548,深高速,5.2,2180770326,2020-07-10
600699,均胜电子,0.7,1237263065,2020-07-09
002767,先锋电子,0.35,150000000,2020-07-10
600503,华丽家族,0.18,1602290000,2020-07-10
600571,信雅达,1.4,439277429,2020-07-10
601021,春秋航空,2.0006,916462713,2020-07-09
603888,新华网,1.95,519029360,2020-07-10
300214,日科化学,0.6,425812614,2020-07-10
000869,张裕A,7.0,685464000,2020-07-10
002901,大博医疗,6.0,402235800,2020-07-13
300145,南方泵业,0.25,1923438236,2020-07-13
300425,中建环能,0.50011,675708786,2020-07-10
603918,金桥信息,0.85,233167090,2020-07-09
002093,国脉科技,0.1,1007500000,2020-07-10
000735,罗牛山,0.2,1151513578,2020-07-10
002096,易普力,0.2,371287000,2020-07-10
300471,厚普股份,0.12,364720000,2020-07-10
300662,科锐国际,1.67,182287000,2020-07-10
600101,明星电力,0.5,421432670,2020-07-10
300274,阳光电源,0.7,1456812850,2020-07-10
002396,星网锐捷,1.1,583280278,2020-07-10
002982,湘佳股份,2.0,101880000,2020-07-10
000988,华工科技,0.6,1005502707,2020-07-10
601609,金田股份,1.02,1456969000,2020-07-10
002149,西部材料,1.0,425414274,2020-07-09
000948,南天信息,0.5,381165677,2020-07-10
603999,读者传媒,0.34,576000000,2020-07-10
300293,蓝英装备,0.2,270000000,2020-07-10
600118,中国卫星,1.0,1182489135,2020-07-09
600616,金枫酒业,0.3,514619192,2020-07-10
300506,名家汇,0.35,655045776,2020-07-09
002691,*ST冀凯,0.07,340000000,2020-07-10
002620,*ST瑞和,0.6,378630000,2020-07-10
003816,中国广核,0.76,50498611100,2020-07-10
688116,天奈科技,1.43,231858116,2020-07-09
000759,中百集团,0.5,681021500,2020-07-09
000921,海信家电,3.95,1362725370,2020-07-10
600100,同方股份,0.35,2963898951,2020-07-09
600197,伊力特,4.38,434444912,2020-07-02
601992,金隅集团,1.2,10677771134,2020-07-09
600406,国电南瑞,2.9,4621940818,2020-07-09
300303,聚飞光电,1.0,1278023219,2020-07-10
600036,招商银行,12.0,25219845601,2020-07-10
002981,朝阳科技,1.0,96000000,2020-07-10
002482,广田集团,0.12,1537279657,2020-07-09
601858,中国科传,1.9,790500000,2020-07-09
603920,世运电路,5.0,409495200,2020-07-09
300631,久吾高科,1.5,105554000,2020-07-10
300255,常山药业,0.13,934966878,2020-07-09
000537,绿发电力,3.0,1862520720,2020-07-10
600606,绿地控股,4.0,12168154385,2020-07-10
300816,艾可蓝,2.6,80000000,2020-07-09
002664,信质集团,0.8,400020000,2020-07-13
002022,科华生物,0.65,514776793,2020-07-09
600981,苏豪汇鸿,0.5,2242433192,2020-07-10
600758,辽宁能源,0.06,1322017394,2020-07-10
300473,德尔股份,1.2,113914720,2020-07-10
600352,浙江龙盛,2.5,3253331860,2020-07-10
600248,陕建股份,0.2,917952672,2020-07-10
002531,天顺风能,1.0,1779019047,2020-07-10
603583,捷昌驱动,5.0,177448951,2020-07-10
601838,成都银行,4.2,3612251334,2020-07-13
600007,中国国贸,3.8,1007282534,2020-07-10
601225,陕西煤业,3.6,10000000000,2020-07-10
600292,电投水电,0.5,780816890,2020-07-10
600026,中远海能,0.4,4762691885,2020-07-10
603115,海星股份,7.5,208000000,2020-07-10
603357,设计总院,2.2,454542698,2020-07-10
603867,新化股份,2.5,140000000,2020-07-10
600363,联创光电,0.45,443476750,2020-07-10
300633,开立医疗,0.26,403835500,2020-07-10
002090,金智科技,0.25,404264936,2020-07-10
002423,中粮资本,0.28,2304105575,2020-07-10
002827,高争民爆,1.5,276000000,2020-07-13
600874,创业环保,1.07,1427228430,2020-07-10
000623,吉林敖东,2.0,1163039526,2020-07-13
000777,中核科技,1.07,383417593,2020-07-10
002232,启明信息,0.17,408548455,2020-07-10
600340,*ST华幸,15.0,3011062909,2020-07-10
000967,盈峰环境,1.1,3163062146,2020-07-10
688108,赛诺医疗,1.0,410000000,2020-07-10
920145,恒合股份,2.0,51000000,2020-07-15
600350,山东高速,3.8,4811165857,2020-07-10
600262,北方股份,1.2,170000000,2020-07-13
002748,世龙实业,0.5,240000000,2020-07-10
601155,新城控股,17.0,2256724186,2020-07-13
300337,银邦股份,0.1,821920000,2020-07-13
920906,舜宇精工,0.69,55770000,2020-07-15
600318,新力金融,0.2,513364429,2020-07-10
688169,石头科技,20.0,66666667,2020-07-10
600383,金地集团,6.7,4514583572,2020-07-10
300185,通裕重工,0.4,3267743928,2020-07-13
601288,农业银行,1.819,349983033873,2020-07-10
603680,今创集团,1.6,790872420,2020-07-13
600020,中原高速,0.58,2247371832,2020-07-10
688010,福光股份,2.0,153581943,2020-07-10
601916,浙商银行,2.4,21268696778,2020-07-10
300603,立昂技术,1.50024,281011654,2020-07-13
603766,隆鑫通用,1.0,2053541850,2020-07-10
600968,海油发展,0.37,10165104199,2020-07-10
600105,永鼎股份,0.6,1238382142,2020-07-13
603903,中持股份,0.77,144532080,2020-07-13
600711,盛屯矿业,0.42,2308034195,2020-07-14
603810,丰山集团,1.26,82965000,2020-07-10
300079,数码视讯,0.100205,1429008862,2020-07-10
002180,奔图科技,1.0,1063349999,2020-07-13
600621,华鑫股份,0.19,1060899292,2020-07-10
601311,骆驼股份,2.1,863823868,2020-07-13
002430,杭氧股份,1.8,964603777,2020-07-14
600775,南京熊猫,0.175,913838529,2020-07-14
603053,成都燃气,2.445,888890000,2020-07-14
300450,先导智能,1.63,881452465,2020-07-13
603580,艾艾精工,0.82,130673200,2020-07-15
920089,禾昌聚合,1.5,81300000,2020-07-20
600361,创新新材,0.7,665807918,2020-07-13
600446,金证股份,0.28,860440484,2020-07-13
603139,康惠股份,0.86,99880000,2020-07-13
002226,江南化工,0.5,1248981690,2020-07-14
603017,中衡设计,4.35,274936728,2020-07-13
603601,再升科技,1.0,718739667,2020-07-13
601128,常熟银行,2.0,2740855925,2020-07-14
603612,索通发展,0.6162,344543311,2020-07-15
600783,鲁信创投,1.5,744359294,2020-07-13
002957,科瑞技术,2.0,410000000,2020-07-13
000676,智度股份,0.230051,1325700535,2020-07-13
603367,辰欣药业,2.68,453353000,2020-07-15
600502,安徽建工,1.5,1721160272,2020-07-13
600824,益民集团,0.25,1054027073,2020-07-15
600223,福瑞达,1.1,1000968000,2020-07-13
300141,和顺电气,0.15093,253884600,2020-07-14
300326,ST凯利,0.5,722976333,2020-07-15
300374,中铁装配,0.3,245912337,2020-07-13
600332,白云山,5.89,1625790949,2020-07-13
002943,宇晶股份,0.5,100000000,2020-07-14
002406,远东传动,2.5,561022294,2020-07-13
300340,科恒股份,0.5,212144720,2020-07-14
300487,蓝晓科技,2.5,209634666,2020-07-13
600016,民生银行,3.7,43782418502,2020-07-13
920701,豪声电子,1.5,73500000,2020-07-14
000926,福星股份,1.0,962462474,2020-07-13
603699,纽威股份,4.0,750000000,2020-07-13
601108,财通证券,1.6,3589000000,2020-07-13
300606,金太阳,0.8,92814000,2020-07-14
605168,三人行,15.0,69066700,2020-07-13
601611,中国核建,0.56,2650455428,2020-07-14
600665,天地源,1.48,864122521,2020-07-14
300153,科泰电源,0.3,320000000,2020-07-15
000719,中原传媒,2.8,1023203749,2020-07-13
002743,富煌钢构,0.54,336325880,2020-07-14
000668,荣丰控股,0.6,146841890,2020-07-14
920425,乐创技术,1.5,26000000,2020-07-16
300091,*ST金灵,0.1,1230264538,2020-07-15
300759,康龙化成,1.5,794387462,2020-07-15
600351,亚宝药业,0.2,770000023,2020-07-14
920225,利通科技,1.0,52000000,2020-07-17
300355,蒙草生态,0.04,1604242081,2020-07-15
920505,九菱科技,13.0,13530000,2020-07-16
600586,金晶科技,0.3,1428770000,2020-07-15
600674,川投能源,3.4,4402142488,2020-07-16
300261,雅本化学,0.100903,963309471,2020-07-14
300571,平治信息,4.6,124597715,2020-07-14
601998,中信银行,2.39,48934824390,2020-07-15
300132,青松股份,1.35,516580886,2020-07-15
300642,透景生命,4.0,90813375,2020-07-14
601328,交通银行,3.15,74262726645,2020-07-14
600491,ST龙元,0.72,1529757955,2020-07-15
601988,中国银行,1.91,294387791241,2020-07-15
002252,上海莱士,0.1,6740787907,2020-07-15
600439,瑞贝卡,0.3,1131985440,2020-07-16
002606,大连电瓷,0.12,407496000,2020-07-15
603982,泉峰汽车,1.4886,201532400,2020-07-15
600959,江苏有线,0.3,5000717686,2020-07-15
300446,航天智造,0.25,184200000,2020-07-16
000999,华润三九,4.3,978900000,2020-07-16
603718,*ST海利,0.06,644000000,2020-07-15
300055,万邦达,0.15,865184815,2020-07-16
002799,环球印务,1.0,150000000,2020-07-14
002826,易明医药,0.4,191769000,2020-07-14
002666,德联集团,0.4,754329268,2020-07-16
601169,北京银行,3.05,21142984272,2020-07-15
002478,常宝股份,1.3,959992879,2020-07-15
300001,特锐德,0.2,997570075,2020-07-14
002389,航天彩虹,0.3,946062685,2020-07-15
600835,上海机电,3.7,1022739308,2020-07-14
300124,汇川技术,1.8,1719723440,2020-07-15
601990,南京证券,0.7,3298823404,2020-07-16
601166,兴业银行,7.62,20774190751,2020-07-15
603777,来伊份,1.0,339067764,2020-07-15
600269,赣粤高速,1.5,2335407014,2020-07-16
603693,江苏新能,1.5,618000000,2020-07-16
601881,中国银河,1.6,10137258757,2020-07-15
600939,重庆建工,0.76,1814510320,2020-07-16
600838,上海九百,0.75,400881981,2020-07-16
600622,光大嘉宝,0.6,1499685402,2020-07-16
000811,冰轮环境,0.5,745837804,2020-07-16
300663,科蓝软件,0.25,300425156,2020-07-16
002783,凯龙股份,1.0,377704981,2020-07-15
000812,陕西金叶,0.15,768692614,2020-07-17
000156,华数传媒,6.3,1433351902,2020-07-15
600362,江西铜业,1.0,3462729405,2020-07-16
002268,电科网安,0.19,838336028,2020-07-17
600267,海正药业,0.5,965531842,2020-07-15
002009,天奇股份,0.32,370549434,2020-07-15
300126,锐奇股份,0.1,303957600,2020-07-16
002443,金洲管道,3.0,520535520,2020-07-16
300200,高盟新材,4.0,266393171,2020-07-15
000833,粤桂股份,0.15,668401851,2020-07-16
600552,凯盛科技,1.0,763884003,2020-07-16
600686,金龙汽车,0.25,717047417,2020-07-17
300175,朗源股份,0.1,470800000,2020-07-16
600990,四创电子,0.7,159179110,2020-07-15
600191,华资实业,0.15,484932000,2020-07-16
000423,东阿阿胶,2.031195,654021537,2020-07-16
601598,中国外运,1.2,7400803875,2020-07-16
000970,中科三环,0.5,1065200000,2020-07-17
600489,中金黄金,0.193,4642604274,2020-07-16
600218,全柴动力,0.8,368755000,2020-07-16
600560,金自天正,0.38,223645500,2020-07-17
600893,航发动力,1.44,2249844450,2020-07-15
002544,普天科技,0.33,576815720,2020-07-16
300135,宝利国际,0.1,921600000,2020-07-16
603035,常熟汽饰,2.85,285926321,2020-07-16
300205,*ST天喻,1.0,430056000,2020-07-16
002651,利君股份,0.6,1017500000,2020-07-16
002545,东方铁塔,0.8,1244062083,2020-07-16
002169,智光电气,0.3,787791994,2020-07-15
601111,中国国航,0.4442,14524815185,2020-07-16
600662,外服控股,0.4,1053362191,2020-07-16
300512,中亚股份,0.8,270000000,2020-07-16
600161,天坛生物,0.6,1045366807,2020-07-15
300712,永福股份,1.0,182104000,2020-07-16
002092,中泰化学,0.16,2146449598,2020-07-16
601117,中国化学,1.87,4933000000,2020-07-15
600522,中天科技,1.0,3066135890,2020-07-16
300619,金银河,0.56,74680000,2020-07-17
600996,贵广网络,1.0,1051699766,2020-07-17
300755,华致酒行,1.6,416798400,2020-07-17
000599,青岛双星,0.10076,822259233,2020-07-15
300641,正丹股份,0.2,489600000,2020-07-16
601577,长沙银行,3.2,3421553754,2020-07-15
601688,华泰证券,3.0,9076650000,2020-07-16
603535,嘉诚国际,1.0,150400000,2020-07-17
002065,东华软件,0.5,3115482375,2020-07-17
002392,北京利尔,0.35,1190490839,2020-07-15
601888,中国中免,7.2,1952475544,2020-07-16
300456,赛微电子,0.3,639121537,2020-07-16
002576,通达动力,0.5,165100000,2020-07-16
600797,浙大网新,0.3,1046635611,2020-07-16
601628,中国人寿,7.3,28264705000,2020-07-16
601068,中铝国际,0.036,2959066667,2020-07-17
300078,思创智联,0.18,869411466,2020-07-16
002554,惠博普,0.08,1070810000,2020-07-17
600170,上海建工,1.4,8904397728,2020-07-16
600741,华域汽车,8.5,3152723984,2020-07-17
600326,西藏天路,0.8,865417649,2020-07-17
300472,*ST新元,0.590188,212320264,2020-07-20
603505,金石资源,3.0,240000000,2020-07-17
601607,上海医药,4.4,2842089322,2020-07-20
603917,合力科技,1.1,156800000,2020-07-16
600006,东风股份,0.664,2000000000,2020-07-17
300381,溢多利,0.6,475350079,2020-07-16
001872,招商港口,4.6,1922365124,2020-07-15
601212,白银有色,0.024,7404774511,2020-07-17
002897,意华股份,0.5,170672000,2020-07-17
002828,贝肯能源,0.606612,200987600,2020-07-17
600533,栖霞建设,1.0,1050000000,2020-07-16
600312,平高电气,0.51,1356921309,2020-07-17
600668,尖峰集团,3.0,344083828,2020-07-16
000066,中国长城,0.87,2928182053,2020-07-17
600895,张江高科,1.2,1548689550,2020-07-17
002287,奇正藏药,3.5,530220979,2020-07-17
600498,烽火通信,3.4,1171002931,2020-07-17
600690,海尔智家,3.75,6579566627,2020-07-16
002397,梦洁股份,2.0,758261443,2020-07-17
600960,渤海汽车,0.1,950515518,2020-07-17
600062,华润双鹤,3.04,1043237710,2020-07-17
002822,ST中装,0.4,690424838,2020-07-17
603030,全筑股份,0.4,538152633,2020-07-16
688228,开普云,3.5,67133440,2020-07-17
601968,宝钢包装,0.77,833333300,2020-07-17
603386,骏亚科技,0.503,224953008,2020-07-16
601222,林洋能源,0.5,1748880371,2020-07-17
601606,长城军工,0.42,724228400,2020-07-16
600966,博汇纸业,0.17,1336844288,2020-07-16
603212,赛伍技术,0.5,400010000,2020-07-20
300123,ST亚光,0.3,1007630823,2020-07-17
603506,南都物业,2.55,134126985,2020-07-16
600335,国机汽车,0.6,1456875351,2020-07-16
600640,国脉文化,0.54,795695940,2020-07-16
601899,紫金矿业,1.0,25377259946,2020-07-17
603011,合锻智能,0.2,453074794,2020-07-17
300733,西菱动力,1.0,160000000,2020-07-17
600467,好当家,0.14,1460994304,2020-07-17
002146,荣盛发展,4.8,4348163851,2020-07-17
002037,保利联合,0.6,487625309,2020-07-20
002408,齐翔腾达,0.8,1775209253,2020-07-16
002717,*ST岭南,0.22,1535484287,2020-07-17
000048,京基智农,7.5,402491731,2020-07-20
601985,中国核电,1.22,15565460775,2020-07-17
000797,中国武夷,0.5,1571514753,2020-07-17
002836,新宏泽,1.0,160000000,2020-07-20
002049,紫光国微,0.68,606817968,2020-07-17
603768,常青股份,0.37,204000000,2020-07-17
002221,东华能源,2.11,1649022824,2020-07-20
688363,华熙生物,3.7,480000000,2020-07-17
000665,湖北广电,0.3,981878489,2020-07-17
603843,*ST正平,0.2,560004200,2020-07-20
000031,大悦城,1.7,4286313339,2020-07-17
603117,万林物流,0.4,638741065,2020-07-17
600841,动力新科,0.41,866689830,2020-07-20
002679,福建金森,0.2,235756000,2020-07-17
000882,华联股份,0.05,2737351947,2020-07-17
688366,昊海生科,7.0,177206600,2020-07-17
600388,龙净环保,2.0,1069050000,2020-07-17
601718,ST际华,0.3,4391629404,2020-07-20
601618,中国中冶,0.72,20723619170,2020-07-17
002907,华森制药,0.44,401738156,2020-07-17
002849,威星智能,0.5,132515050,2020-07-20
002941,新疆交建,0.6,645000000,2020-07-20
603066,音飞储存,0.52,300702900,2020-07-20
000159,国际实业,0.2,480685993,2020-07-20
002928,华夏航空,0.76,671172199,2020-07-17
600728,佳都科技,0.4,1757407497,2020-07-17
600900,长江电力,6.8,22000000000,2020-07-17
300570,太辰光,4.5,229996800,2020-07-20
603416,信捷电气,1.6,140560000,2020-07-17
300666,江丰电子,0.587981,223231393,2020-07-17
600729,重百集团,7.3,406528465,2020-07-20
603858,步长制药,16.14,1141580610,2020-07-20
600141,兴发集团,1.0,1031392663,2020-07-17
603808,歌力思,2.5,332515611,2020-07-20
600258,首旅酒店,0.7,988222962,2020-07-17
600784,鲁银投资,0.08,568177846,2020-07-20
300158,振东制药,0.5,1027494660,2020-07-21
600415,小商品城,0.7,5443214176,2020-07-21
600814,杭州解百,1.0,715026758,2020-07-21
600967,内蒙一机,0.34,1689631817,2020-07-20
600676,交运股份,0.4,1028492944,2020-07-21
603331,百达精工,2.36,127821800,2020-07-20
600012,皖通高速,2.3,1658610000,2020-07-22
300465,高伟达,0.45,446762257,2020-07-20
600737,中粮糖业,1.25,2138848228,2020-07-20
603008,ST喜临门,0.5,387417787,2020-07-21
601366,利群股份,1.5,860500460,2020-07-20
600085,同仁堂,2.6,1371470262,2020-07-20
002884,凌霄泵业,10.0,252457018,2020-07-21
600688,上海石化,1.2,10823813500,2020-07-21
600493,凤竹纺织,0.3,272000000,2020-07-21
600271,航天信息,2.3062,1857492410,2020-07-20
600368,五洲交通,0.8,1125632068,2020-07-21
603045,福达合金,1.5,137620000,2020-07-20
603588,高能环境,0.7,754517541,2020-07-20
601918,新集能源,0.2,2590541800,2020-07-23
920230,欧康医药,0.5,57545423,2020-07-22
002425,凯撒文化,0.43,813744432,2020-07-21
600629,华建集团,1.2,534153038,2020-07-22
000550,江铃汽车,0.7,863214000,2020-07-22
603833,欧派家居,10.9,420172603,2020-07-21
002624,完美世界,2.4,1293278640,2020-07-21
002082,ST万邦,1.5,618222829,2020-07-22
601127,赛力斯,0.4,1260767951,2020-07-22
600288,大恒科技,0.08,436800000,2020-07-23
002095,生意宝,0.5,252720000,2020-07-23
000917,电广传媒,0.15,1417556338,2020-07-23
600108,亚盛集团,0.045,1946915121,2020-07-23
000545,金浦钛业,0.2,986833096,2020-07-22
601198,东兴证券,1.4,2757960657,2020-07-23
600602,云赛智联,0.54,1367673455,2020-07-24
600789,鲁抗医药,0.45,880229735,2020-07-23
600475,华光环能,1.0,559392211,2020-07-23
600000,浦发银行,6.0,29352122049,2020-07-23
600210,紫江企业,2.0,1516736158,2020-07-22
002281,光迅科技,1.7,676395918,2020-07-24
002460,赣锋锂业,3.0,1292825154,2020-07-22
600620,天宸股份,0.3,686677113,2020-07-24
001979,招商蛇口,8.3,7922317431,2020-07-23
600031,三一重工,4.2,8464963897,2020-07-22
600573,惠泉啤酒,0.3,250000000,2020-07-22
600660,福耀玻璃,7.5,2508617532,2020-07-23
600246,万通发展,0.6,2054009302,2020-07-23
600675,中华企业,1.38,6096135252,2020-07-23
600642,申能股份,2.2,4912038316,2020-07-23
601880,辽港股份,0.21,12894535999,2020-07-23
601163,三角轮胎,3.5,800000000,2020-07-23
603689,皖天然气,2.1,336000000,2020-07-23
601186,中国铁建,2.1,13579541500,2020-07-27
000883,湖北能源,1.0,6507449486,2020-07-23
600748,上实发展,1.0,1844562892,2020-07-24
600885,宏发股份,2.9,744761552,2020-07-23
300332,天壕能源,0.12,880200859,2020-07-24
603000,人民网,1.31,1105691056,2020-07-24
601788,光大证券,0.37,4610787639,2020-07-24
600546,山煤国际,0.6,1982456140,2020-07-27
603876,鼎胜新材,1.0,433628301,2020-07-24
603829,洛凯股份,1.0,160000000,2020-07-24
002779,中坚科技,0.12,132000000,2020-07-23
600569,安阳钢铁,0.5,2872421386,2020-07-23
600648,外高桥,2.4,1135349124,2020-07-24
300040,九洲集团,0.499907,343095416,2020-07-24
603707,健友股份,3.0,718581648,2020-07-23
603501,豪威集团,0.7,863576598,2020-07-24
002224,三力士,0.2,729544004,2020-07-24
002761,浙江建投,2.0,1081340098,2020-07-24
002855,捷荣技术,0.5,250944762,2020-07-27
600072,中船科技,0.57,736249883,2020-07-24
601595,上海电影,1.13,373500000,2020-07-24
002218,拓日新能,0.25,1236342104,2020-07-27
600992,贵绳股份,0.36,245090000,2020-07-24
600936,北投科技,0.2,1671026239,2020-07-28
603655,朗博科技,0.7,106000000,2020-07-28
300797,钢研纳克,0.28,248200000,2020-07-27
300244,迪安诊断,1.28,620458296,2020-07-27
600863,华能蒙电,1.26,5808521848,2020-07-29
603757,大元泵业,5.0,164248000,2020-07-28
000403,派林生物,1.202083,274372599,2020-07-27
601928,凤凰传媒,3.0,2544900000,2020-07-29
600088,中视传媒,0.7,397706400,2020-07-28
603958,哈森股份,0.3,217360000,2020-07-28
600880,博瑞传播,0.2,1093332092,2020-07-28
603199,九华旅游,2.2,110680000,2020-07-28
601866,中远海发,0.45,11608125000,2020-07-28
600079,ST人福,0.5,1353704302,2020-07-28
000778,新兴铸管,1.5,3990880176,2020-07-27
600810,神马股份,2.2,574964000,2020-07-29
600650,锦江在线,2.5,551610107,2020-07-29
600808,马钢股份,0.8,7700681186,2020-07-29
300042,朗科科技,0.2,200400000,2020-07-29
600623,华谊集团,1.0,2105296763,2020-07-29
600339,中油工程,0.44,5583147471,2020-07-30
600345,长江通信,1.0,198000000,2020-07-29
000887,中鼎股份,2.0,1220834961,2020-07-29
920974,凯大催化,2.5,121900000,2020-07-29
600027,华电国际,1.46,9862976653,2020-07-29
600846,同济科技,3.4,624761516,2020-07-28
600812,华北制药,0.3,1630804729,2020-07-30
600862,中航高科,1.6,1393049107,2020-07-30
002083,孚日股份,1.0,908009936,2020-07-30
601900,南方传媒,2.5,895876566,2020-07-30
600018,上港集团,1.45,23173674650,2020-07-31
600080,ST金花,0.3,373270285,2020-07-30
600618,氯碱化工,1.0,1156399976,2020-07-29
601101,昊华能源,0.7,1199998272,2020-07-30
002672,东江环保,1.5,879267102,2020-07-30
601226,华电科工,0.3,1155000000,2020-07-31
600993,马应龙,2.6,431053891,2020-07-30
002008,大族激光,2.0,1067070982,2020-07-30
600649,城投控股,0.72,2529575634,2020-07-31
600316,洪都航空,0.15,717114512,2020-07-31
600272,开开实业,0.28,243000000,2020-07-31
300509,新美星,1.5,228000000,2020-07-30
002331,皖通科技,0.7,412072469,2020-07-31
600624,ST复华,0.27,684712010,2020-08-03
600196,复星医药,3.9,2562898545,2020-07-30
600858,银座股份,0.35,520066589,2020-07-30
688599,天合光能,1.0,2068026375,2020-07-31
600851,海欣股份,0.3,1207056692,2020-08-03
600052,东望时代,0.9727,871789092,2020-07-31
600612,老凤祥,11.5,523117764,2020-08-03
688466,金科环境,0.73,102760000,2020-07-31
300781,因赛集团,2.0,84541420,2020-08-03
600004,白云机场,1.45,2069320514,2020-08-04
000429,粤高速A,4.22,2090806126,2020-08-06
600035,楚天高速,1.6,1692927321,2020-08-05
002939,长城证券,1.1,3103405351,2020-08-05
000923,河钢资源,1.0,652728961,2020-08-04
603330,天洋新材,0.73,109200000,2020-08-06
601619,嘉泽新能,0.43,2074100000,2020-08-04
601388,怡球资源,0.16,2201726086,2020-08-04
601298,青岛港,2.003,6491100000,2020-08-05
000756,新华制药,1.2,621859447,2020-08-07
601949,中国出版,1.16,1822500000,2020-08-06
000705,浙江震元,0.6,334123286,2020-08-06
600861,北京人力,0.2,316804949,2020-08-07
000776,广发证券,3.5,7621087664,2020-08-05
600496,精工钢构,0.23,1810445200,2020-08-05
600611,大众交通,1.25,2364122864,2020-08-06
600558,大西洋,0.3,897604831,2020-08-06
603648,畅联股份,1.8,368666700,2020-08-05
600827,百联股份,1.0,1784168117,2020-08-06
601200,上海环境,0.85,920881367,2020-08-07
603128,华贸物流,0.5,1012038353,2020-08-06
600395,盘江股份,4.0,1655051861,2020-08-06
600780,通宝能源,0.8,1146502523,2020-08-07
600115,中国东航,0.5,16379509203,2020-08-06
000560,我爱我家,0.7,2355500851,2020-08-07
603098,森特股份,1.5,480015699,2020-08-07
000685,中山公用,2.5,1475111351,2020-08-10
600131,国网信通,1.25,1195394544,2020-08-07
600495,晋西车轴,0.2,1208190886,2020-08-07
002405,四维图新,0.18,1961563170,2020-08-07
000850,华茂股份,0.5,943665009,2020-08-07
601336,新华保险,14.1,3119546600,2020-08-07
688051,佳华科技,4.62,77334000,2020-08-06
601390,中国中铁,1.69,24570929283,2020-08-07
002051,中工国际,1.5,1237408937,2020-08-06
600578,京能电力,1.2,6746734457,2020-08-07
601689,拓普集团,1.9,1054987749,2020-08-07
600099,林海股份,0.4,219120000,2020-08-07
300442,润泽科技,0.27,100000000,2020-08-07
600819,耀皮玻璃,0.67,934916069,2020-08-07
600637,东方明珠,2.7,3414500201,2020-08-07
603730,岱美股份,5.0,400594520,2020-08-10
000782,恒申新材,0.2,528139623,2020-08-11
300122,智飞生物,5.0,1600000000,2020-08-12
000997,新大陆,1.3,1051729717,2020-08-11
302132,中航成飞,0.49538,590760499,2020-08-11
600038,中直股份,3.0,589476716,2020-08-12
300434,金石亚药,0.7,401743872,2020-08-11
300236,上海新阳,1.2,290648916,2020-08-12
601211,国泰海通,3.9,8907950163,2020-08-12
600635,大众公用,0.6,2952434675,2020-08-12
002946,新乳业,0.6,853710666,2020-08-12
603099,长白山,0.43,266670000,2020-08-13
000063,中兴通讯,2.0,4613434898,2020-08-12
600977,中国电影,3.18,1867000000,2020-08-12
002202,金风科技,1.6,4225067647,2020-08-12
300747,锐科激光,1.36,192000000,2020-08-12
600864,哈投股份,0.36,2080570520,2020-08-14
600180,*ST瑞茂,1.22,1016477464,2020-08-13
600429,三元股份,0.27,1497557426,2020-08-12
000937,冀中能源,1.0,3533546850,2020-08-12
001914,招商积余,1.0,1060346060,2020-08-12
600315,上海家化,2.5,671248461,2020-08-13
603083,剑桥科技,0.34,194015820,2020-08-13
600182,S佳通,0.79,340000000,2020-08-13
300413,芒果超媒,1.0,1780377511,2020-08-14
000919,金陵药业,1.7,504000000,2020-08-13
603333,福华尚纬,0.6,519905000,2020-08-14
601766,中国中车,1.5,28698864088,2020-08-14
601333,广深铁路,0.6,7083537000,2020-08-14
002873,新天药业,1.0,117140161,2020-08-13
600230,沧州大化,0.18,411863502,2020-08-13
300054,鼎龙股份,0.201892,933022185,2020-08-14
600886,国投电力,2.453,6786023347,2020-08-14
000421,南京公用,0.65,572646934,2020-08-14
000009,中国宝安,0.2,2579213965,2020-08-13
600543,*ST莫高,0.26,321120000,2020-08-14
000002,万科A,10.166131,11617732201,2020-08-14
600418,江淮汽车,0.17,1893312117,2020-08-14
000880,潍柴重机,0.2,276100500,2020-08-14
601869,长飞光纤,3.18,757905108,2020-08-14
600879,航天电子,0.6,2719271284,2020-08-14
603277,银都股份,2.2,410055000,2020-08-14
000488,ST晨鸣,1.465828,2984208200,2020-08-18
600202,哈空调,0.4,383340672,2020-08-18
600372,中航机载,0.6,1774669134,2020-08-17
000338,潍柴动力,1.36,7933873895,2020-08-18
002031,巨轮智能,0.01,2199395670,2020-08-18
300831,ST派瑞,0.35,320000000,2020-08-18
688158,优刻得,0.5,422532164,2020-08-18
600839,四川长虹,0.1,4616244222,2020-08-19
002329,皇氏集团,0.1,837640035,2020-08-18
600547,山东黄金,1.0,3099611632,2020-08-19
601696,中银证券,0.3,2778000000,2020-08-19
002594,比亚迪,0.6,2728142855,2020-08-18
600386,北巴传媒,0.4,806400000,2020-08-20
600320,振华重工,0.5,5268353501,2020-08-18
000681,视觉中国,0.32,700577436,2020-08-19
601816,京沪高铁,0.528,49106484611,2020-08-19
601608,中信重工,0.071,4339419293,2020-08-20
000514,渝开发,0.3,843770965,2020-08-19
601377,兴业证券,0.8,6696671674,2020-08-20
600377,宁沪高速,4.6,5037747500,2020-08-21
603197,保隆科技,3.2,166077947,2020-08-20
600764,中国海防,2.73,710629386,2020-08-19
601319,中国人保,1.16,44223990583,2020-08-21
600033,福建高速,0.5,2744400000,2020-08-20
002314,南山控股,0.58,2707782513,2020-08-20
600833,第一医药,0.75,223086347,2020-08-20
600009,上海机场,7.9,1926958448,2020-08-20
600528,中铁工业,1.26,2221551588,2020-08-24
603087,甘李药业,5.0,401100000,2020-08-20
000700,模塑科技,1.299994,917049158,2020-08-21
000166,申万宏源,0.8,25039944560,2020-08-20
002401,中远海科,0.5,309400100,2020-08-20
600030,中信证券,5.0,12926776029,2020-08-21
601999,出版传媒,0.82,550914700,2020-08-21
000568,泸州老窖,15.9,1464752476,2020-08-24
300212,*ST易录,1.7,541489809,2020-08-25
603883,老百姓,4.2,291951495,2020-08-21
600628,新世界,0.3,646875384,2020-08-21
000523,红棉股份,0.2,627533125,2020-08-24
600875,东方电气,2.05,3118792130,2020-08-24
000716,黑芝麻,0.2,746395905,2020-08-24
001965,招商公路,2.8,6178223663,2020-08-24
002174,游族网络,0.88,915811338,2020-08-25
000938,紫光股份,1.5,2042914196,2020-08-25
002910,庄园牧场,0.55,190680600,2020-08-26
002926,华西证券,0.76,2625000000,2020-08-27
601991,大唐发电,0.65,18506710504,2020-08-28
600403,大有能源,0.097,2390812402,2020-08-27
000534,万泽股份,0.5,491785096,2020-08-27
002181,粤传媒,0.79,1161058174,2020-08-28
000601,韶能股份,2.5,1080551669,2020-08-28
600486,扬农化工,6.5,309898907,2020-08-28
601778,晶科科技,0.27,2765501922,2020-08-28
002355,兴民智通,0.02,620570400,2020-09-03
002991,甘源食品,10.7,93215831,2020-09-10
600168,武汉控股,1.06,709569692,2020-09-15
600956,新天绿能,1.25,3849910396,2020-11-02
003000,劲仔食品,1.0,400010000,2020-11-04
