code,name,div_per_10,total_shares,ex_date
301059,金三江,3.0,121660000,2023-03-14
301076,新瀚新材,6.0,103480000,2023-03-22
300721,怡达股份,1.5,85759517,2023-03-23
300818,耐普矿机,4.0,70001622,2023-03-29
300033,同花顺,25.0,537600000,2023-03-30
002138,顺络电子,2.0,806318354,2023-03-29
001207,联科科技,2.0,183860000,2023-03-29
300496,中科创达,3.37,457478344,2023-03-30
000975,山金国际,2.8,2776722265,2023-03-30
000055,方大集团,0.5,1073874227,2023-04-03
002240,盛新锂能,6.5,911895872,2023-04-06
002315,焦点科技,9.0,311297197,2023-04-07
301179,泽宇智能,5.2,132000000,2023-04-07
300796,贝斯美,1.2,200634929,2023-04-10
300654,世纪天鸿,0.8,211875580,2023-04-10
300708,聚灿光电,0.4,544689246,2023-04-10
600955,维远股份,1.66,550000000,2023-04-12
300354,东华测试,1.77,138320201,2023-04-12
600305,恒顺醋业,1.1,1002956032,2023-04-11
603856,东宏股份,1.74,257386600,2023-04-11
600605,汇通能源,1.0,206282429,2023-04-11
603317,天味食品,3.2,763294090,2023-04-11
000408,藏格矿业,9.6,1580435073,2023-04-13
603166,福达股份,1.0,646208651,2023-04-13
002014,永新股份,4.0,612491866,2023-04-14
301299,卓创资讯,8.0,60000000,2023-04-17
603305,旭升集团,1.2,666582095,2023-04-14
300286,安科瑞,2.0,214716125,2023-04-19
300059,东方财富,0.7,13214162544,2023-04-18
600211,西藏药业,7.46,247937843,2023-04-17
002865,钧达股份,5.971178,142207373,2023-04-17
920227,美登科技,10.0,38941500,2023-04-20
920395,朗鸿科技,7.0,45780000,2023-04-19
002258,利尔化学,5.0,800437228,2023-04-20
002532,天山铝业,2.0,4651885415,2023-04-19
301369,联动科技,32.5,46400179,2023-04-20
301391,卡莱特,6.0,68000000,2023-04-20
688100,威胜信息,3.3,500000000,2023-04-21
000708,中信特钢,7.0,5047155266,2023-04-20
301052,果麦文化,0.733067,72721217,2023-04-19
301127,武汉天源,0.5,418405800,2023-04-20
920656,海昇药业,10.0,60000000,2023-04-20
688091,上海谊众,3.0,143888000,2023-04-20
002947,恒铭达,3.0,230171765,2023-04-20
001205,盛航股份,1.0,171061333,2023-04-24
002254,泰和新材,3.0,862934983,2023-04-21
603105,芯能科技,1.2,500000000,2023-04-20
920061,西磁科技,3.76,53090000,2023-04-21
002756,永兴材料,50.0,414693493,2023-04-21
002318,久立特材,4.3,977170720,2023-04-21
001288,运机集团,1.0,160000000,2023-04-21
300146,汤臣倍健,1.8,1700467763,2023-04-21
003038,鑫铂股份,2.0,147622137,2023-04-24
301380,挖金客,3.9,68000000,2023-04-21
920403,康农种业,2.0,39460000,2023-04-25
002911,佛燃能源,4.5,954658800,2023-04-25
300548,长芯博创,2.2,263994618,2023-04-25
688301,奕瑞科技,29.0,72691466,2023-04-24
300453,三鑫医疗,1.5,397374700,2023-04-24
605028,世茂能源,3.0,160000000,2023-04-24
003000,劲仔食品,2.2,451099159,2023-04-24
300750,宁德时代,25.2,2442384964,2023-04-26
300304,云意电气,0.36,871554818,2023-04-26
300801,泰和科技,4.7,217410000,2023-04-24
605111,新洁能,4.09,213004309,2023-04-24
688686,奥普特,8.5,122063992,2023-04-24
301035,润丰股份,16.3,277115744,2023-04-25
688290,景业智能,5.0,82400000,2023-04-24
301193,家联科技,3.0,120000000,2023-04-26
300224,正海磁材,2.0,820216556,2023-04-26
600681,百川能源,1.5,1363010801,2023-04-25
002421,达实智能,0.6,2120581639,2023-04-27
002459,晶澳科技,2.4,2356788434,2023-04-25
301361,众智科技,0.5,116336000,2023-04-25
300346,南大光电,0.7,543702550,2023-04-26
002407,多氟多,6.0,766023589,2023-04-25
920422,润普食品,3.0,88482710,2023-04-27
688303,大全能源,36.0,2137396215,2023-04-26
688195,腾景科技,1.4,129350000,2023-04-26
920879,基康技术,4.0,139497776,2023-04-26
003006,百亚股份,3.0,430330300,2023-04-26
605090,九丰能源,3.0,625414024,2023-04-25
000062,深圳华强,3.0,1045909322,2023-04-27
002871,伟隆股份,3.0,168877148,2023-04-28
001217,华尔泰,1.0,331870000,2023-04-28
000895,双汇发展,10.0,3464661213,2023-04-27
603758,秦安股份,10.0,438797049,2023-04-26
003018,金富科技,0.8,260000000,2023-04-27
920866,绿亨科技,1.0,180205900,2023-04-28
300765,石药创新,1.5,650412308,2023-04-27
002463,沪电股份,1.5,1905065676,2023-04-26
300172,中电环保,0.5,676710000,2023-04-28
301095,广立微,4.0,200000000,2023-05-04
688203,海正生材,0.7,202678068,2023-04-28
600403,大有能源,4.3,2390812402,2023-04-27
002404,嘉欣丝绸,2.5,577673641,2023-04-28
920476,海能技术,2.0,81435280,2023-04-28
688676,金盘科技,2.5,427020366,2023-04-28
601882,海天精工,3.6,522000000,2023-04-27
002519,银河电子,1.0,1126430898,2023-04-28
300458,全志科技,1.5,630726738,2023-04-27
002419,天虹股份,0.5,1168847750,2023-04-28
920703,广厦环能,8.0,59650000,2023-05-04
600325,华发股份,3.7,2117161116,2023-04-28
002662,峰璟股份,0.7,1500000000,2023-04-28
002262,恩华药业,2.0,1007588092,2023-04-28
603866,桃李面包,4.0,1333099296,2023-04-27
300206,理邦仪器,2.07,581721846,2023-04-28
300876,蒙泰高新,2.0,96000000,2023-04-27
300556,丝路视觉,0.5,121227704,2023-04-28
688314,康拓医疗,5.2,58027980,2023-04-27
300294,博雅生物,2.0,504248738,2023-04-28
603200,上海洗霸,0.7471,174311952,2023-04-27
002233,塔牌集团,1.2,1192275016,2023-04-28
000661,长春高新,10.0,404709790,2023-04-28
603595,ST东尼,0.4649,232442326,2023-04-28
301153,中科江南,10.0,108000000,2023-05-04
301096,百诚医药,8.0,108166667,2023-05-04
001206,依依股份,5.0,132067006,2023-04-28
603813,原尚股份,2.8,106280000,2023-04-28
300852,四会富仕,3.3,101930760,2023-05-05
301237,和顺科技,10.0,80000000,2023-05-04
603283,赛腾股份,5.3,190734648,2023-04-28
603606,东方电缆,2.5,687715368,2023-04-28
001308,康冠科技,8.68,523233750,2023-04-28
688233,神工股份,1.0,160000000,2023-04-28
605077,华康股份,6.0,228457600,2023-04-28
688589,力合微,2.5,100194770,2023-04-28
002206,海利得,1.5,1167757220,2023-05-05
301280,珠城科技,10.0,65133400,2023-05-08
600577,精达股份,1.2,2079143505,2023-05-04
603219,富佳股份,4.0,401000000,2023-05-05
002996,顺博合金,0.5,439000916,2023-05-05
003022,联泓新科,2.0,1335568000,2023-05-05
301226,祥明智能,6.0,68000000,2023-05-05
002402,和而泰,1.0,931940685,2023-05-04
300019,硅宝科技,3.0,391090200,2023-05-05
300390,天华新能,20.0,640402868,2023-05-05
600546,山煤国际,18.0,1982456140,2023-05-05
002139,拓邦股份,0.6,1269535372,2023-05-05
002706,良信股份,2.0,1123125020,2023-05-05
002430,杭氧股份,8.0,984543783,2023-05-08
601969,海南矿业,0.9814,2037954529,2023-05-08
300314,戴维医疗,1.5,288000000,2023-05-09
002299,圣农发展,2.0,1243639674,2023-05-08
002772,众兴菌业,3.0,392932797,2023-05-09
300087,ST荃银,1.0,676665537,2023-05-05
600370,*ST三房,1.5,3896339676,2023-05-08
002457,青龙管业,2.0,334992000,2023-05-04
002516,旷达科技,2.0,1470838682,2023-05-09
688689,银河微电,2.2,128902792,2023-05-08
300296,利亚德,0.4,2529396015,2023-05-09
300824,北鼎股份,1.43,326341682,2023-05-09
605368,蓝天燃气,10.0,494856340,2023-05-05
002479,富春环保,2.0,865000000,2023-05-05
920992,中科美菱,1.8,96730934,2023-05-10
603558,健盛集团,4.0,381262949,2023-05-09
300834,星辉环材,3.5,193712353,2023-05-08
002879,长缆科技,1.5,193107640,2023-05-08
603659,璞泰来,3.4,1390829959,2023-05-09
300697,电工合金,1.8,332800000,2023-05-10
300363,博腾股份,11.061472,545955020,2023-05-09
920682,球冠电缆,3.0,208000000,2023-05-12
605580,恒盛能源,6.0,200000000,2023-05-09
002294,信立泰,5.0,1114816535,2023-05-09
002060,广东建工,1.5,3393714625,2023-05-09
002003,伟星股份,3.5,1037205556,2023-05-10
688508,芯朋微,2.5,113319360,2023-05-08
600282,南钢股份,2.5,6165091011,2023-05-08
002484,江海股份,1.5,842101491,2023-05-09
002945,华林证券,0.52,2700000000,2023-05-11
002022,科华生物,6.0,514297985,2023-05-10
688519,南亚新材,2.5,234751600,2023-05-10
300699,光威复材,7.0,518350000,2023-05-11
300821,东岳硅材,1.0,1200000000,2023-05-10
688307,中润光学,2.0,88000000,2023-05-09
688353,华盛锂电,10.0,110000000,2023-05-10
300905,宝丽迪,2.0,144000000,2023-05-09
601126,四方股份,6.15,813172000,2023-05-10
601528,瑞丰银行,1.5,1509354919,2023-05-10
301298,东利机械,1.5,146800000,2023-05-11
000034,神州数码,4.458204,669234580,2023-05-10
300739,明阳电路,3.5,298769726,2023-05-09
002054,德美化工,0.7,482115452,2023-05-10
002367,康力电梯,2.5,798073677,2023-05-11
600699,均胜电子,1.0,1368084624,2023-05-11
920199,倍益康,8.0,48650000,2023-05-11
920971,天马新材,2.5,57626668,2023-05-10
002562,兄弟科技,1.0,1062912523,2023-05-10
301277,新天地,5.0,133360000,2023-05-10
603998,方盛制药,2.6,440451120,2023-05-10
002920,德赛西威,5.5,555198000,2023-05-10
300813,泰林生物,3.0,83171253,2023-05-11
600873,梅花生物,4.0,2943426102,2023-05-10
000048,京基智农,10.0,523239250,2023-05-10
300741,华宝股份,10.0,615880000,2023-05-10
301016,雷尔伟,2.2,120000000,2023-05-11
002561,徐家汇,1.2,415763000,2023-05-11
920957,汉维科技,3.0,107301334,2023-05-12
300850,新强联,0.959999,329709006,2023-05-11
300667,必创科技,1.0,200840639,2023-05-12
301003,江苏博云,3.0,99053333,2023-05-11
002759,ST天际,2.7,408552567,2023-05-12
605299,舒华体育,2.5,411499000,2023-05-10
600828,茂业商业,1.5,1731982546,2023-05-10
300910,瑞丰新材,23.0,150000000,2023-05-12
002690,美亚光电,7.0,882482900,2023-05-11
300026,红日药业,0.3,3004154837,2023-05-12
600460,士兰微,1.0,1416071845,2023-05-12
002465,海格通信,1.5,2304448671,2023-05-11
603909,建发合诚,0.6,200517800,2023-05-12
920039,国义招标,3.0,153820000,2023-05-17
603151,邦基科技,5.0,168000000,2023-05-12
000822,山东海化,1.0,895091926,2023-05-12
603179,新泉股份,3.0,487301971,2023-05-12
920946,森萱医药,2.0,426918340,2023-05-12
300047,天源迪科,0.15,637744672,2023-05-12
603444,吉比特,30.0,72038419,2023-05-12
603938,三孚股份,2.75,273303212,2023-05-11
920132,泰鹏智能,1.8,45360000,2023-05-12
688196,卓越新能,15.5,120000000,2023-05-12
605060,联德股份,3.4,241256000,2023-05-11
600879,航天电子,0.7,2719271284,2023-05-12
000915,华特达因,8.0,234331485,2023-05-12
603967,中创物流,4.5,346666710,2023-05-12
300896,爱美客,28.0,216360000,2023-05-15
603677,奇精机械,1.5,192143072,2023-05-11
601008,连云港,0.5,1240638006,2023-05-12
300142,沃森生物,0.1,1607348484,2023-05-11
300194,福安药业,0.5,1189712382,2023-05-12
300066,三川智慧,0.3,1040033262,2023-05-12
002802,洪汇新材,6.0,140232300,2023-05-12
688522,纳睿雷达,5.0,154666800,2023-05-11
600488,津药药业,0.1,1096362680,2023-05-11
688597,煜邦电力,1.35,176472980,2023-05-12
688160,步科股份,4.0,84000000,2023-05-12
002624,完美世界,3.5,1939968404,2023-05-12
300559,佳发教育,0.7,399514567,2023-05-12
600588,用友网络,0.6,3433121989,2023-05-12
301029,怡合达,3.0,481557600,2023-05-12
688293,奥浦迈,6.0,81980328,2023-05-12
001979,招商蛇口,2.3,7739098182,2023-05-12
002117,东港股份,2.2,545666421,2023-05-12
300682,朗新科技,0.78,1096895508,2023-05-12
002658,雪迪龙,3.9,630114645,2023-05-12
003021,兆威机电,1.7,171301664,2023-05-11
002539,云图控股,3.0,1207723762,2023-05-12
001270,铖昌科技,3.6,111812946,2023-05-12
300445,康斯特,0.7,212430013,2023-05-12
003037,三和管桩,1.3,503836583,2023-05-12
002166,莱茵生物,1.0,742082425,2023-05-12
002492,恒基达鑫,0.8,405000000,2023-05-12
002352,顺丰控股,2.5,4895202373,2023-05-12
002782,可立克,0.8,490369413,2023-05-12
688556,高测股份,3.5,227932097,2023-05-12
000960,锡业股份,1.2,1645801952,2023-05-15
688337,普源精电,7.0,121309554,2023-05-12
001366,播恩集团,1.8,160680000,2023-05-15
002553,南方精工,1.0,348000000,2023-05-16
002818,富森美,6.8,748458940,2023-05-12
301229,纽泰格,1.0,80000000,2023-05-16
300705,九典制药,2.36,342936227,2023-05-15
300857,协创数据,0.6,243801046,2023-05-16
920735,德源药业,3.5,65240500,2023-05-17
603697,有友食品,4.6,305494356,2023-05-12
300235,方直科技,0.4,167831090,2023-05-16
603722,阿科力,3.0,87937500,2023-05-12
301367,瑞迈特,20.0,64000000,2023-05-16
688621,阳光诺和,6.0,80000000,2023-05-12
002398,垒知集团,0.8,716560769,2023-05-12
920553,凯腾精工,1.0,143690460,2023-05-17
002467,二六三,1.6,1385511873,2023-05-15
920720,吉冈精密,2.1,94851200,2023-05-16
300835,龙磁科技,2.0,120139000,2023-05-16
301256,华融化学,0.8,480000000,2023-05-16
002455,百川股份,0.5,593166744,2023-05-15
001337,四川黄金,2.0,420000000,2023-05-17
300693,盛弘股份,2.18581,206608093,2023-05-16
002572,索菲亚,7.0,912370038,2023-05-16
300057,万顺新材,0.5,909857623,2023-05-16
003036,泰坦股份,1.7,216000000,2023-05-15
688489,三未信安,4.29,76952268,2023-05-16
301106,骏成科技,6.0,72586668,2023-05-16
002695,煌上煌,0.15,512304224,2023-05-15
000988,华工科技,1.0,1005502707,2023-05-16
300037,新宙邦,5.0,745704175,2023-05-16
603678,火炬电子,3.5,459297536,2023-05-16
300553,集智股份,1.0,62400000,2023-05-16
920247,华密新材,1.7,93221400,2023-05-16
002179,中航光电,5.5,1630804888,2023-05-16
603186,华正新材,0.8,142011721,2023-05-16
603399,永杉锂业,4.0,518650649,2023-05-15
002422,科伦药业,6.16,1471540662,2023-05-15
002351,漫步者,2.0,889107000,2023-05-15
000597,东北制药,1.0,1434316265,2023-05-16
000559,万向钱潮,2.7,3303791344,2023-05-16
300726,宏达电子,5.0,411839845,2023-05-16
002410,广联达,4.0,1191386962,2023-05-15
002866,传艺科技,0.4,289522256,2023-05-16
001203,大中矿业,3.0,1508021588,2023-05-16
001283,豪鹏科技,3.0,81860639,2023-05-17
920225,利通科技,2.0,105765745,2023-05-19
301265,华新科技,2.0,302973182,2023-05-16
002709,天赐材料,6.0,1926661042,2023-05-16
300092,科新机电,2.0,273923271,2023-05-16
000631,顺发恒能,2.75,2432519168,2023-05-17
300160,秀强股份,1.0,772946292,2023-05-16
688333,铂力特,0.7,114201325,2023-05-15
002273,水晶光电,2.0,1390632221,2023-05-16
603767,中马传动,3.0,307445000,2023-05-17
300993,玉马科技,1.8,237024000,2023-05-15
002270,华明装备,3.0,896225431,2023-05-15
300316,晶盛机电,4.5,1308716101,2023-05-16
301312,智立方,10.0,41717762,2023-05-15
605488,福莱新材,2.0,176764425,2023-05-16
603878,武进不锈,3.8,400758848,2023-05-15
002194,武汉凡谷,3.0,683443306,2023-05-16
300997,欢乐家,1.2,450000000,2023-05-16
300595,欧普康视,1.4,894826637,2023-05-16
601168,西部矿业,14.0,2383000000,2023-05-18
603102,百合股份,6.0,64000000,2023-05-16
301122,采纳股份,4.5,94035122,2023-05-16
002884,凌霄泵业,10.0,357682509,2023-05-17
002987,京北方,1.0,314898267,2023-05-16
002922,伊戈尔,2.5,301651955,2023-05-16
300389,艾比森,3.0,363427298,2023-05-17
300996,普联软件,3.0,143774714,2023-05-17
600232,金鹰股份,2.0,364718544,2023-05-16
002735,王子新材,0.7,219511980,2023-05-16
300403,汉宇集团,1.3,603000000,2023-05-17
300259,新天科技,1.0,1169801516,2023-05-16
300516,久之洋,1.25,180000000,2023-05-17
301008,宏昌科技,4.0,80000000,2023-05-17
301077,星华新材,7.0,120000000,2023-05-16
300138,晨光生物,1.6,532773991,2023-05-17
000910,大亚圣象,1.6,547397500,2023-05-17
002777,久远银海,1.0,408231038,2023-05-17
002895,川恒股份,7.0,501821258,2023-05-16
003028,振邦智能,3.0,111430768,2023-05-16
300501,海顺新材,0.5,193531505,2023-05-16
002990,盛视科技,1.0,258041750,2023-05-16
301200,大族数控,20.0,420000000,2023-05-16
000063,中兴通讯,4.0,4739624618,2023-05-16
002317,众生药业,2.0,814431076,2023-05-16
002478,常宝股份,1.8,890046228,2023-05-17
603052,可川科技,5.0,68800000,2023-05-16
002801,微光股份,5.0,229632000,2023-05-17
688269,凯立新材,7.0,130704000,2023-05-17
301326,捷邦科技,4.0,72192828,2023-05-18
688183,生益电子,1.6,831821175,2023-05-17
300231,银信科技,2.0,418963244,2023-05-17
300452,山河药辅,2.5,234460291,2023-05-17
300021,大禹节水,1.0,861960075,2023-05-17
002563,森马服饰,2.0,2694090160,2023-05-18
301358,湖南裕能,3.98,757253070,2023-05-19
002847,盐津铺子,15.0,128604990,2023-05-18
688699,明微电子,10.0,110064640,2023-05-17
000582,北部湾港,1.73,1772002429,2023-05-17
920491,奥迪威,1.0,141159348,2023-05-18
920509,同惠电子,3.0,108748114,2023-05-22
688077,大地熊,6.0,80778000,2023-05-19
000810,创维数字,2.0,1150216072,2023-05-18
002154,报喜鸟,2.0,1459333729,2023-05-17
600173,卧龙新能,1.0,700506244,2023-05-19
920706,铁拓机械,3.0,66799000,2023-05-18
603010,万盛股份,2.0,589578593,2023-05-17
002416,爱施德,5.0,1239281806,2023-05-19
002008,大族激光,2.0,1052185066,2023-05-18
002025,航天电器,3.7,452662256,2023-05-19
920271,邦德股份,2.0,118930000,2023-05-19
301373,凌玮科技,3.0,108472091,2023-05-17
920300,辰光医疗,0.3,85847126,2023-05-19
300945,曼卡龙,1.06,204578000,2023-05-17
688150,莱特光电,1.0,402437585,2023-05-18
300482,万孚生物,5.0,444514860,2023-05-18
603899,晨光股份,5.0,926933050,2023-05-17
605167,利柏特,0.35,449070000,2023-05-19
301181,标榜股份,6.0,90000000,2023-05-18
002546,新联电子,1.2,834049096,2023-05-18
605377,华旺科技,5.2,332241440,2023-05-18
300007,汉威科技,1.2,326272755,2023-05-18
600660,福耀玻璃,12.5,2609743532,2023-05-18
605166,聚合顺,2.11,315557316,2023-05-18
300239,东宝生物,0.26,593602983,2023-05-19
300416,苏试试验,1.5,391190620,2023-05-19
000933,神火股份,10.0,2250986609,2023-05-18
920753,天纺标,3.7,81404368,2023-05-22
002533,金杯电工,3.5,733941062,2023-05-19
920190,雷神科技,2.0,62500001,2023-05-22
300828,锐新科技,4.0,165900000,2023-05-19
688016,心脉医疗,23.0,71978147,2023-05-18
600888,新疆众和,3.5,1350024855,2023-05-18
300620,光库科技,2.0,164081215,2023-05-18
301160,翔楼新材,3.0,74666667,2023-05-19
300481,濮阳惠成,4.0,296382447,2023-05-22
002271,东方雨虹,1.0,2518464191,2023-05-19
300226,上海钢联,0.8,268184597,2023-05-19
600750,华润江中,6.5,629548958,2023-05-19
002940,昂利康,3.0,139122887,2023-05-19
001332,锡装股份,10.0,80000000,2023-05-19
920030,德众汽车,0.27958,178839681,2023-05-19
001228,永泰运,3.0,103864609,2023-05-18
301063,海锅股份,1.5,84240000,2023-05-19
603516,淳中科技,1.0,185187838,2023-05-18
688386,泛亚微透,5.0,70000000,2023-05-18
600713,南京医药,1.4,1310315012,2023-05-18
603093,南华期货,0.56,610065893,2023-05-19
688323,瑞华泰,0.7,180000096,2023-05-19
300573,兴齐眼药,10.0,88555082,2023-05-22
920662,方盛股份,2.3,87550002,2023-05-22
002056,横店东磁,3.620321,1626712074,2023-05-19
301068,大地海洋,2.0,84000000,2023-05-22
300839,博汇股份,1.2,175762443,2023-05-19
603688,石英股份,8.75,361277126,2023-05-18
002136,安纳达,2.0,215020000,2023-05-19
600865,百大集团,2.5,376240316,2023-05-19
300561,汇金科技,0.38,328107975,2023-05-19
603578,三星新材,1.8,180357032,2023-05-19
300435,中泰股份,1.0,380633100,2023-05-19
688253,英诺特,1.66,136060816,2023-05-19
605208,永茂泰,0.39,253800000,2023-05-19
300263,隆华科技,0.299999,904323067,2023-05-18
300866,安克创新,12.0,406427207,2023-05-18
688618,三旺通信,4.0,50730495,2023-05-19
688015,交控科技,3.7,187943462,2023-05-19
688586,江航装备,1.8,565242254,2023-05-18
600361,创新新材,0.6,4003598603,2023-05-18
688700,东威科技,4.4,147200000,2023-05-19
300538,同益股份,0.3,181918573,2023-05-19
600267,海正药业,1.7,1185872417,2023-05-19
688315,诺禾致源,0.47,400200000,2023-05-18
603565,中谷物流,2.2,1418961556,2023-05-18
600997,开滦股份,5.8,1587799851,2023-05-18
688005,容百科技,3.0191,451010700,2023-05-18
000683,博源化工,1.5,3621758560,2023-05-19
603949,雪龙集团,3.0,211029901,2023-05-18
688103,国力电子,2.75,95390000,2023-05-18
300639,凯普生物,3.5,439516016,2023-05-22
300396,ST迪瑞,4.8,275208300,2023-05-19
601916,浙商银行,2.1,21268696778,2023-05-19
300627,华测导航,2.7,538395867,2023-05-19
002749,国光股份,2.0,435462583,2023-05-19
002837,英维克,1.9,434597230,2023-05-19
002870,香山股份,1.5,132075636,2023-05-22
300009,安科生物,2.5,1673257958,2023-05-19
002886,沃特股份,0.15,226573529,2023-05-19
688536,思瑞浦,2.06,120195477,2023-05-19
002850,科达利,3.0,234507904,2023-05-19
300476,胜宏科技,1.9,862688641,2023-05-22
002415,海康威视,7.0,9363932789,2023-05-19
688278,特宝生物,2.13,406800000,2023-05-19
300233,金城医药,1.5,385924427,2023-05-19
688800,瑞可达,5.2,113157052,2023-05-19
002363,隆基机械,1.2,419160301,2023-05-19
601579,会稽山,3.0,479463409,2023-05-19
603529,爱玛科技,13.04,574700004,2023-05-19
600096,云天化,10.0,1834328747,2023-05-19
688115,思林杰,4.5,66670000,2023-05-19
600976,健民集团,10.0,153398600,2023-05-19
600063,皖维高新,1.5,2159249374,2023-05-19
603267,鸿远电子,3.7,232400000,2023-05-19
300937,药易购,2.0,95666682,2023-05-22
300213,佳讯飞鸿,0.5,593718564,2023-05-23
300575,中旗股份,3.3,309837600,2023-05-22
003040,楚天龙,1.8,461135972,2023-05-22
603129,春风动力,14.1,150454163,2023-05-19
920640,富士达,3.0,187728000,2023-05-24
688078,龙软科技,3.4,71410000,2023-05-19
688551,科威尔,3.7,80303210,2023-05-19
688679,通源环境,1.04,131689675,2023-05-19
301331,恩威医药,16.0,70138359,2023-05-23
300922,天秦装备,1.0,156811200,2023-05-23
000538,云南白药,15.2,1796862549,2023-05-19
301110,青木科技,6.0,66666667,2023-05-19
603063,禾望电气,0.61,443227000,2023-05-19
920230,欧康医药,2.0,75631404,2023-05-23
300508,维宏股份,0.88,109094400,2023-05-23
605169,洪通燃气,2.0,282880000,2023-05-19
688819,天能股份,6.0,972100000,2023-05-19
600933,爱柯迪,2.3,883264116,2023-05-19
002815,崇达技术,2.9,1093683970,2023-05-19
603214,爱婴室,3.0,140516936,2023-05-19
920185,贝特瑞,3.5,736568475,2023-05-22
920985,海泰新能,1.7,309476200,2023-05-24
300388,节能国祯,1.8,698962023,2023-05-23
600066,宇通客车,10.0,2213939223,2023-05-19
300951,博硕科技,12.45,120672000,2023-05-22
002518,科士达,3.5,582445394,2023-05-22
003015,日久光电,2.0,281066667,2023-05-19
300406,九强生物,1.0,588849028,2023-05-22
000301,东方盛虹,1.0,6611212402,2023-05-22
000728,国元证券,1.5,4363777891,2023-05-23
688585,上纬新材,0.22,403200000,2023-05-23
600120,浙江东方,0.79,3415381492,2023-05-24
600356,恒丰纸业,1.298,298731378,2023-05-23
002876,三利谱,2.0,173884932,2023-05-23
600273,嘉化能源,5.0,1401945207,2023-05-22
688059,华锐精密,12.0,44008096,2023-05-22
688513,苑东生物,5.6,120090000,2023-05-23
301083,百胜智能,0.35,177866667,2023-05-24
300485,赛升药业,0.86,481666400,2023-05-23
600415,小商品城,0.65,5486074176,2023-05-24
002324,普利特,0.5,1017431917,2023-05-23
920427,华维设计,3.5,103095000,2023-05-25
605189,富春染织,2.7,124801960,2023-05-23
920419,路斯股份,0.5,103446400,2023-05-24
300685,艾德生物,1.4,398156535,2023-05-23
300041,回天新材,1.5,430889256,2023-05-22
688283,坤恒顺维,1.0,84000000,2023-05-22
301005,超捷股份,2.5,104163325,2023-05-23
920262,太湖雪,1.5,35443172,2023-05-24
000739,普洛药业,2.97,1178523492,2023-05-22
603713,密尔克卫,5.5,164385337,2023-05-23
688419,耐科装备,3.0,82000000,2023-05-23
603919,金徽酒,3.0,507259997,2023-05-23
301012,扬电科技,1.0,84000000,2023-05-24
002967,广电计量,1.5,575225846,2023-05-23
601000,唐山港,2.0,5925928614,2023-05-22
688502,茂莱光学,7.0,52800000,2023-05-22
301079,邵阳液压,1.0,83893334,2023-05-23
300939,秋田微,4.0,120000000,2023-05-22
920445,龙竹科技,1.2,149146025,2023-05-23
000422,湖北宜化,1.0,897866712,2023-05-22
002381,双箭股份,2.0,411574346,2023-05-23
000902,新洋丰,2.0,1304529290,2023-05-23
688628,优利德,3.8,110424000,2023-05-22
300105,龙源技术,2.0,518980440,2023-05-24
301101,明月镜片,3.0,134341400,2023-05-23
002949,华阳国际,3.0,196039555,2023-05-23
603508,思维列控,5.451,381274377,2023-05-22
688093,世华科技,4.0,241072440,2023-05-22
301118,恒光股份,5.0,106670000,2023-05-24
603787,新日股份,5.0,204000000,2023-05-22
001298,好上好,3.0,96000000,2023-05-23
920599,同力股份,5.0,452525000,2023-05-24
301067,显盈科技,2.0,54020000,2023-05-24
300930,屹通新材,1.0,100000000,2023-05-23
300541,先进数通,1.0,308429398,2023-05-23
001314,亿道信息,5.0,140446000,2023-05-23
002962,五方光电,2.0,293479151,2023-05-23
688398,赛特新材,2.5,80000000,2023-05-24
002774,快意电梯,2.5,336687900,2023-05-23
603320,迪贝电气,0.8,130021284,2023-05-22
605507,国邦医药,6.0,558823500,2023-05-22
600963,岳阳林纸,1.38,1804213109,2023-05-23
300761,立华股份,8.0,459802501,2023-05-23
301386,未来电器,4.0,140000000,2023-05-24
002697,红旗连锁,4.42,1360000000,2023-05-23
300681,英搏尔,0.2,168063999,2023-05-23
688420,美腾科技,3.5,88430000,2023-05-23
600298,安琪酵母,5.0,868832879,2023-05-22
301061,匠心家居,5.0,128000000,2023-05-22
605116,奥锐特,1.6,406195000,2023-05-22
002683,广东宏大,3.0,748563082,2023-05-22
001225,和泰机电,12.5,64666800,2023-05-22
920726,朱老六,2.6,102150000,2023-05-24
603109,神驰机电,3.0,209450640,2023-05-23
600535,天士力,3.3,1499700130,2023-05-22
920950,迅安科技,6.0,47000000,2023-05-24
002906,华阳集团,2.5,476309880,2023-05-24
300841,康华生物,5.0,134650449,2023-05-24
688295,中复神鹰,1.0,900000000,2023-05-23
000672,上峰材料,3.5,969395450,2023-05-23
603078,江化微,0.7,296644037,2023-05-24
002677,浙江美大,6.2,646051647,2023-05-23
600598,北大荒,4.2,1777679909,2023-05-25
300723,一品红,2.0,288482704,2023-05-24
605117,德业股份,22.6,238933800,2023-05-23
300306,远方信息,2.6,268958778,2023-05-23
920634,新威凌,3.0,62322000,2023-05-24
003020,立方制药,5.0,122467000,2023-05-24
603929,亚翔集成,2.5,213360000,2023-05-25
603290,斯达半导,14.3613,170801180,2023-05-23
002012,凯恩股份,0.12,467625470,2023-05-25
300898,熊猫乳品,2.0,125165000,2023-05-24
002972,科安达,6.0,176320000,2023-05-25
301128,强瑞技术,5.0,73886622,2023-05-25
300823,建科智能,5.33,93559091,2023-05-24
300305,裕兴股份,1.178719,288755800,2023-05-24
002469,三维化学,2.5,648862630,2023-05-25
301132,满坤科技,3.3,147470000,2023-05-23
688291,金橙子,2.0,102666700,2023-05-23
605100,华丰股份,1.0,169932000,2023-05-23
300634,彩讯股份,1.02,444011100,2023-05-23
301317,鑫磊股份,3.0,157190000,2023-05-23
301152,天力锂能,3.0,121982307,2023-05-23
300911,亿田智能,6.0,107398200,2023-05-25
000848,承德露露,3.0,1052554074,2023-05-24
300642,透景生命,2.0,164381741,2023-05-23
002105,信隆健康,1.0,368500000,2023-05-23
300979,华利集团,12.0,1167000000,2023-05-24
601827,三峰环境,2.22,1678268000,2023-05-23
002515,金字火腿,0.2,978313280,2023-05-24
688050,爱博医疗,5.1,105176712,2023-05-23
301270,汉仪股份,5.0,100000000,2023-05-23
920077,吉林碳谷,3.0,318636363,2023-05-25
300901,中胤时尚,1.0,240000000,2023-05-23
002391,长青股份,2.0,649592550,2023-05-24
002489,浙江永强,0.2,2175736503,2023-05-24
920870,恒进感应,5.5,67000000,2023-05-25
002243,力合科创,0.8,1210604219,2023-05-26
300246,宝莱特,2.0,175789238,2023-05-25
300016,北陆药业,0.7,491934152,2023-05-25
688571,杭华股份,1.6,320000000,2023-05-24
000795,英洛华,0.802075,1133684103,2023-05-25
600433,冠豪高新,2.5,1848227178,2023-05-24
603298,杭叉集团,4.0,935580035,2023-05-26
300039,上海凯宝,0.6,1046000000,2023-05-26
300636,同和药业,0.45,350264883,2023-05-24
920075,柏星龙,4.628558,64815000,2023-05-26
300567,精测电子,3.0,278144771,2023-05-25
301015,百洋医药,7.62,525100000,2023-05-25
002626,金达威,2.0,609934771,2023-05-26
688356,键凯科技,9.3,60288000,2023-05-24
300401,花园生物,1.4,551007557,2023-05-24
603303,得邦照明,3.33,476944575,2023-05-26
603383,顶点软件,8.0,171279516,2023-05-25
688210,统联精密,2.6,112000000,2023-05-24
300917,特发服务,2.0,169000000,2023-05-24
300678,中科信息,0.5,197590862,2023-05-26
920685,新芝生物,6.0,91515941,2023-05-29
003008,开普检测,5.0,80000000,2023-05-25
001323,慕思股份,10.0,400010000,2023-05-26
301042,安联锐视,15.0,69359759,2023-05-25
002891,中宠股份,0.5,294113660,2023-05-24
301388,欣灵电气,6.0,102447600,2023-05-26
301007,德迈仕,1.5,153340000,2023-05-26
300196,长海股份,2.0,408716044,2023-05-24
301218,华是科技,0.52,114040000,2023-05-26
605009,豪悦护理,7.5,155226949,2023-05-24
300751,迈为股份,15.0,174247318,2023-05-25
300787,海能实业,10.0,153261920,2023-05-25
688475,萤石网络,3.0,562500000,2023-05-24
002903,宇环数控,1.5,152244000,2023-05-25
920242,建邦科技,5.0,62136000,2023-05-29
301266,宇邦新材,1.8,104000000,2023-05-26
002020,京新药业,3.0,861029140,2023-05-24
301133,金钟股份,1.2,106096616,2023-05-26
300441,鲍斯股份,0.5,657189708,2023-05-24
300360,炬华科技,2.0,504387126,2023-05-26
301047,义翘神州,20.0,129200000,2023-05-24
301098,金埔园林,1.0,105600000,2023-05-25
600330,天通股份,0.5,1233434416,2023-05-24
300926,博俊科技,1.0,154905300,2023-05-26
300012,华测检测,0.6,1682828214,2023-05-25
301300,远翔新材,4.0,64150000,2023-05-25
600965,*ST福成,0.54,818700955,2023-05-25
301087,可孚医疗,12.0,208487500,2023-05-25
603162,海通发展,2.0,412760150,2023-05-25
002550,千红制药,1.2,1279800000,2023-05-26
002805,丰元股份,1.0,200044649,2023-05-26
688553,汇宇制药,2.35,423600000,2023-05-25
300703,创源股份,1.5,181999640,2023-05-26
300746,汉嘉数智,2.2,225738328,2023-05-26
300421,力星股份,1.0,247585404,2023-05-25
300729,乐歌股份,3.5,239345392,2023-05-25
000878,云南铜业,4.0,2003628310,2023-05-24
301055,张小泉,2.5,156000000,2023-05-24
301091,深城交,0.6,208000000,2023-05-26
600982,宁波能源,1.35,1117768211,2023-05-24
002326,永太科技,1.0,876566295,2023-05-25
603130,云中马,2.2,140000000,2023-05-24
920802,保丽洁,2.5,63083300,2023-05-26
002632,道明光学,4.5,624599090,2023-05-25
000655,金岭矿业,0.5,595340230,2023-05-25
603079,圣达生物,0.6,171188958,2023-05-25
603097,江苏华辰,1.5,160000000,2023-05-26
603039,泛微网络,1.5,260603073,2023-05-24
300095,华伍股份,0.6,420090164,2023-05-24
600021,上海电力,0.35,2816743645,2023-05-26
300070,碧水源,0.3,3624209363,2023-05-25
300894,火星人,6.0,408769511,2023-05-25
300593,新雷能,1.2,413796402,2023-05-26
301322,绿通科技,9.0,69933799,2023-05-25
603071,物产环能,8.0,557954442,2023-05-24
600113,浙江东日,1.2,411431160,2023-05-24
920526,凯华材料,0.5,82700000,2023-05-26
002885,京泉华,1.0,194525970,2023-05-26
600072,中船科技,0.45,736249883,2023-05-25
300863,卡倍亿,5.0,59143766,2023-05-29
002232,启明信息,0.5,408548455,2023-05-26
301281,科源制药,4.0,77350000,2023-05-26
600810,神马股份,1.3,1044175874,2023-05-25
301328,维峰电子,5.0,73262396,2023-05-26
300738,奥飞数据,0.249999,794635839,2023-05-26
002108,沧州明珠,1.0,1672697766,2023-05-26
301108,洁雅股份,5.0,81209818,2023-05-26
001267,汇绿生态,0.596748,779671428,2023-05-25
603260,合盛硅业,8.8,1182206941,2023-05-25
300735,光弘科技,2.0,770139176,2023-05-26
300847,中船汉光,1.11,296010000,2023-05-26
300891,惠云钛业,0.2,400000000,2023-05-26
920418,苏轴股份,3.5,96720000,2023-05-26
301085,亚康股份,1.25,80000000,2023-05-25
603065,宿迁联盛,2.0,418967572,2023-05-26
688198,佰仁医疗,5.0,135672588,2023-05-25
920931,无锡鼎邦,3.1,65180000,2023-05-29
688739,成大生物,10.0,416450000,2023-05-26
300474,景嘉微,1.2,455172704,2023-05-26
002099,海翔药业,0.5,1618715253,2023-05-24
002302,西部建设,0.95,1262354304,2023-05-26
600327,大东方,0.7,884779518,2023-05-26
301198,喜悦智行,2.0,130000000,2023-05-26
002728,特一药业,6.5,229228439,2023-05-26
300298,三诺生物,2.0,564265373,2023-05-26
688670,金迪克,2.0,88000000,2023-05-26
688503,聚和材料,5.38,111910734,2023-05-25
603191,望变电气,1.8,333167407,2023-05-25
002727,一心堂,4.0,596023425,2023-05-26
603860,中公高科,1.154,66680000,2023-05-25
920834,三维装备,4.2,120000005,2023-05-29
001260,坤泰股份,5.2,115000000,2023-05-26
300870,欧陆通,0.91,101752000,2023-05-26
002649,博彦科技,2.05,591664848,2023-05-26
688073,毕得医药,15.4,64916392,2023-05-25
301319,唯特偶,7.0,58640000,2023-05-25
688393,安必平,1.4,93340000,2023-05-25
300822,贝仕达克,1.5,160005000,2023-05-26
300320,海达股份,0.2,601234191,2023-05-26
002472,双环传动,0.8,850397292,2023-05-26
688332,中科蓝讯,4.5,120000000,2023-05-25
600183,生益科技,4.5,2341031507,2023-05-26
301175,中科环保,0.55,1471880000,2023-05-25
600176,中国巨石,5.21,4003136728,2023-05-25
300170,汉得信息,0.6,969834265,2023-05-29
301290,东星医疗,5.0,100173334,2023-05-26
002032,苏泊尔,30.3,806784407,2023-05-26
600284,浦东建设,2.1,970256000,2023-05-25
301043,绿岛风,6.1,68000000,2023-05-26
600995,南网储能,0.38,3196005805,2023-05-26
300981,中红医疗,7.0,300006000,2023-05-26
300284,苏交科,1.4,1262827774,2023-05-25
920179,凯德石英,0.8,75000000,2023-05-26
688668,鼎通科技,7.0,98839104,2023-05-26
300881,盛德鑫泰,3.6,100000000,2023-05-29
300035,中科电气,1.5,723310765,2023-05-25
300587,天铁科技,0.299997,1076863448,2023-05-26
688360,德马科技,2.9,85676599,2023-05-25
605006,山东玻纤,2.68,600005970,2023-05-25
920212,智新电子,0.86,106100000,2023-05-30
300151,昌红科技,2.0,502507955,2023-05-26
920454,同心传动,1.0,105100000,2023-05-26
003011,海象新材,3.0,102676000,2023-05-26
300285,国瓷材料,1.0,1003810338,2023-05-26
920252,天宏锂电,0.75,78962050,2023-05-29
002130,沃尔核材,0.4,1259898562,2023-05-29
600663,陆家嘴,1.35,4034197440,2023-05-25
920807,奔朗新材,2.5,181880000,2023-05-30
300608,思特奇,0.08,327134029,2023-05-26
600513,联环药业,1.5,287145674,2023-05-26
301314,科瑞思,14.0,42500000,2023-05-26
603927,中科软,5.5,593600000,2023-05-25
603239,浙江仙通,3.2,270720000,2023-05-25
603838,*ST四通,0.4,320016000,2023-05-26
002860,星帅尔,1.0,306726517,2023-05-29
301327,华宝新能,20.83,96000000,2023-05-26
300099,尤洛卡,1.35,737265255,2023-05-29
000906,浙商中拓,5.0,688232979,2023-05-26
301138,华研精机,5.0,120000000,2023-05-26
688378,奥来德,10.0,102661216,2023-05-26
002758,浙农股份,3.0,522515799,2023-05-26
603538,美诺华,1.65,213404150,2023-05-26
603171,税友股份,2.5,405890000,2023-05-26
301163,宏德股份,2.5,81600000,2023-05-26
603917,合力科技,1.3,156800000,2023-05-26
688345,博力威,4.0,100000000,2023-05-26
300569,天能重工,0.85,809299439,2023-05-26
002385,大北农,0.5,4137906853,2023-05-26
300451,创业慧康,0.1,1549124692,2023-05-26
300656,民德电子,1.0,156940611,2023-05-26
688388,嘉元科技,5.5,304455734,2023-05-26
301318,维海德,3.0,69412000,2023-05-29
605098,行动教育,20.0,118078600,2023-05-26
601218,吉鑫科技,0.41,977360000,2023-05-26
002745,木林森,1.0,1484166399,2023-05-29
003027,同兴科技,2.5,132419000,2023-05-26
002493,荣盛石化,1.5,10125525000,2023-05-26
603183,建研院,0.415,500856151,2023-05-26
603213,镇洋发展,4.32,434800000,2023-05-26
301166,优宁维,9.0,86666668,2023-05-29
002116,中国海诚,1.854,428220696,2023-05-29
688028,沃尔德,3.0,109580960,2023-05-26
300770,新媒股份,13.6,231058146,2023-05-30
301301,川宁生物,0.93,2222800000,2023-05-29
300545,联得装备,1.0,177743778,2023-05-30
300793,佳禾智能,1.5,338388800,2023-05-29
301283,聚胶股份,5.0,80000000,2023-05-29
002540,亚太科技,2.5,1250169663,2023-05-26
002545,东方铁塔,4.1,1244062083,2023-05-30
601089,福元医药,4.0,480000000,2023-05-26
688119,中钢洛耐,1.2,1125000000,2023-05-26
300897,山科智能,6.0,68000000,2023-05-30
002061,浙江交科,1.7,1856527072,2023-05-29
920407,驰诚股份,1.5,65680000,2023-05-30
301263,泰恩康,7.0,236387500,2023-05-29
300684,中石科技,6.5,280852507,2023-05-29
301192,泰祥股份,2.0,99900000,2023-05-29
301227,森鹰窗业,10.0,94800000,2023-05-29
301279,金道科技,5.0,100000000,2023-05-29
301103,何氏眼科,10.0,158026471,2023-05-29
603727,博迈科,1.5,281719277,2023-05-26
603609,禾丰股份,1.2,919433269,2023-05-26
601619,嘉泽新能,0.8,2434312716,2023-05-26
300768,迪普科技,0.8,643829039,2023-05-30
300432,富临精工,2.0,1219223766,2023-05-30
301188,力诺药包,2.0,232410000,2023-05-29
603806,福斯特,1.5,1331545247,2023-05-26
920857,泓禧科技,1.2,74007152,2023-05-29
605056,咸亨国际,3.5,410640000,2023-05-26
002242,九阳股份,3.0,767017000,2023-05-30
600309,万华化学,16.0,3139746626,2023-05-26
300211,*ST亿通,0.09,303359723,2023-05-29
300946,恒而达,2.3,120006000,2023-05-29
300519,新光药业,5.0,160000000,2023-05-30
301082,久盛电气,2.0,161649410,2023-05-29
301212,联盛化学,3.8,108000000,2023-05-30
301026,浩通科技,4.0,113333334,2023-05-31
600449,宁夏建材,3.9,478181042,2023-05-30
002960,青鸟智控,3.0,565536104,2023-05-30
603156,养元饮品,18.0,1265493600,2023-05-29
920299,灿能电力,1.109763,90109276,2023-05-31
300218,安利股份,2.3,216987000,2023-05-31
002959,小熊电器,8.0,156506636,2023-05-30
301359,东南电子,2.5,85840000,2023-05-30
300851,交大思诺,3.4,86933400,2023-05-31
002223,鱼跃医疗,6.0,1002476929,2023-05-29
688617,惠泰医疗,16.5,66670000,2023-05-29
300977,深圳瑞捷,0.5,102209704,2023-05-30
300468,四方精创,0.6,530649275,2023-05-29
301269,华大九天,1.5,542941768,2023-05-30
300236,上海新阳,1.5,313381402,2023-05-30
301238,瑞泰新材,1.0,733333300,2023-05-31
002508,老板电器,5.0,949024050,2023-05-30
920339,恒太照明,3.0,220203800,2023-06-02
002979,雷赛智能,3.0,309100000,2023-05-30
300265,通光线缆,0.25,364978588,2023-05-31
300652,雷迪克,4.0,102608133,2023-05-30
300181,佐力药业,3.0,701387335,2023-05-30
603605,珀莱雅,8.7,283520339,2023-05-29
002334,英威腾,0.6,795293310,2023-05-30
300884,狄耐克,1.5,252000000,2023-05-30
603057,紫燕食品,7.5,412000000,2023-05-29
301017,漱玉平民,1.15,405340000,2023-05-30
920642,通易航天,0.8,103670278,2023-05-31
603809,豪能股份,1.8,393753724,2023-05-29
300107,建新股份,0.6,551731068,2023-05-30
002738,中矿资源,10.0,509426327,2023-05-31
002091,江苏国泰,2.5,1627601444,2023-05-31
301336,趣睡科技,2.72,40000000,2023-05-30
688163,赛伦生物,7.5,108220000,2023-05-29
301165,锐捷网络,8.0,568181818,2023-05-31
600499,科达制造,6.8,1948419929,2023-05-29
600817,宇通重工,3.8,546180037,2023-05-29
600055,万东医疗,1.2,703061058,2023-05-29
301018,申菱环境,2.0,264580024,2023-05-31
300568,星源材质,1.0,1281727020,2023-05-30
688035,德邦科技,3.0,142240000,2023-05-31
300854,中兰环保,0.5,99094000,2023-05-30
688066,*ST航图,1.3,185676281,2023-05-29
300625,三雄极光,6.0,279331000,2023-05-30
600020,中原高速,0.19,2247371832,2023-05-29
600268,国电南自,0.7,706111684,2023-05-30
301167,建研设计,2.5,80000000,2023-05-30
002274,华昌化工,3.0,952364646,2023-05-30
920556,雅达股份,1.0,161315200,2023-05-31
300395,菲利华,1.9,516014473,2023-05-31
000969,安泰科技,1.2,1049308097,2023-05-30
603090,宏盛股份,3.0,100000000,2023-05-29
601116,三江购物,2.0,547678400,2023-05-29
300616,尚品宅配,1.5,198675000,2023-05-30
920533,骏创科技,5.0,55200000,2023-05-31
300771,智莱科技,3.0,240000000,2023-05-30
301120,新特电气,0.8,247627370,2023-05-30
603889,新澳股份,4.0,511746388,2023-05-29
002538,ST司特,2.6,853555763,2023-05-29
300191,潜能恒信,0.2,320000000,2023-05-30
300463,迈克生物,3.491921,612469590,2023-05-29
301022,海泰科,3.0,64000000,2023-05-31
603036,如通股份,1.9,206006025,2023-05-31
300953,震裕科技,1.01,102782850,2023-05-30
300760,迈瑞医疗,45.0,1212441394,2023-05-29
688292,浩瀚深度,1.0,157146667,2023-05-31
600367,红星发展,0.8,293236600,2023-05-31
603757,大元泵业,7.0,166777200,2023-05-29
002614,奥佳华,3.0,623469310,2023-05-29
300943,春晖智控,1.5,203820000,2023-05-30
688289,圣湘生物,4.3699,588459803,2023-05-29
003030,祖名股份,1.5,124780000,2023-05-29
300950,德固特,1.0,150000000,2023-05-30
301259,艾布鲁,0.3,120000000,2023-05-30
300409,道氏技术,0.5,581666921,2023-05-30
002128,电投能源,5.0,2241573493,2023-05-31
920087,秋乐种业,1.5,165200000,2023-05-31
301389,隆扬电子,7.0,283500000,2023-05-31
002923,润都股份,3.5,239209490,2023-05-31
001202,炬申股份,1.55,128800000,2023-05-30
300711,广哈通信,0.8,207642172,2023-05-31
920489,佳先股份,2.0,136459200,2023-05-31
001339,智微智能,0.4,249157000,2023-05-29
300109,新开源,5.0,323905337,2023-05-30
001301,尚太科技,10.0,259774600,2023-05-29
300277,汽轮科技,0.2,335000000,2023-05-30
920729,永顺生物,2.8,273350000,2023-05-31
603215,比依股份,4.8,186660000,2023-05-29
300653,正海生物,6.0,180000000,2023-05-30
301396,宏景科技,3.0,91379493,2023-05-30
601156,东航物流,3.5,1587555556,2023-05-31
001255,博菲电气,2.6,80000000,2023-05-26
300532,今天国际,3.0,307034301,2023-05-30
301002,崧盛股份,4.999995,122876100,2023-05-30
603309,维力医疗,3.4,293322218,2023-05-29
301221,光庭信息,2.0,92622300,2023-05-30
300829,金丹科技,1.1,180654547,2023-05-31
300864,南大环境,6.0,155040000,2023-05-30
300517,海波重科,0.26,200382447,2023-05-30
300899,上海凯鑫,2.3,63783466,2023-05-30
300786,国林科技,0.2,184015879,2023-05-30
002718,友邦吊顶,4.8,131447829,2023-05-30
002760,凤形股份,2.0,107988706,2023-05-30
002916,深南电路,10.0,512877535,2023-05-30
300942,易瑞生物,0.212,400860000,2023-05-31
300244,迪安诊断,2.0,626898036,2023-05-31
002873,新天药业,1.0,231780075,2023-06-01
301211,亨迪药业,4.0,240000000,2023-05-31
002937,兴瑞科技,2.0,297853000,2023-06-01
300272,开能健康,1.0,577171949,2023-05-31
688200,华峰测控,14.0,91073591,2023-05-31
000401,金隅冀东,1.5,2658214631,2023-05-31
600597,光明乳业,0.8,1378640863,2023-05-31
300500,启迪设计,1.1,173974869,2023-05-31
601231,环旭电子,4.3,2207290610,2023-05-30
603916,苏博特,3.0,420310413,2023-05-31
002156,通富微电,0.97,1513236649,2023-05-30
300718,长盛轴承,3.5,298010549,2023-06-01
605005,合兴股份,1.5,404136500,2023-05-31
301158,德石股份,1.6,150370510,2023-05-31
002452,长高电气,0.2,620332085,2023-05-31
688395,正弦电气,1.6,86000000,2023-05-31
300217,东方电热,0.2,1487706540,2023-05-31
920046,亿能电力,1.0,72250000,2023-05-31
002390,信邦制药,0.6,1943851868,2023-05-30
688209,英集芯,2.5,420000000,2023-05-30
002190,成飞集成,0.5,358729343,2023-05-31
002878,元隆雅图,5.0,223170841,2023-05-31
002031,巨轮智能,0.01,2199395670,2023-05-31
300970,华绿生物,2.0,116700000,2023-05-31
002966,苏州银行,3.3,3666734694,2023-05-31
688275,万润新能,35.2,85215178,2023-05-31
600740,山西焦化,2.0,2562121154,2023-05-30
001317,三羊马,1.0,80040000,2023-05-30
300687,赛意信息,1.25,403863849,2023-06-01
002241,歌尔股份,1.0,3420403200,2023-05-31
002080,中材科技,6.6,1678123584,2023-05-31
300769,德方纳米,10.0,174526436,2023-05-31
002762,金发拉比,0.5,354025000,2023-05-31
603088,宁波精达,2.2,438025420,2023-05-31
300900,广联航空,2.0,211757100,2023-05-31
002768,国恩股份,2.5,271250000,2023-05-30
600987,航民股份,3.0,1050818859,2023-05-31
300504,天邑股份,2.0,272566880,2023-05-30
002372,伟星新材,6.0,1592077988,2023-05-31
002921,联诚精密,3.5,131645144,2023-05-31
300833,浩洋股份,22.0,84327000,2023-05-30
600017,日照港,0.4,3075653888,2023-05-31
600989,宝丰能源,1.4,7333360000,2023-05-30
600031,三一重工,1.6,8486602087,2023-05-31
300649,杭州园林,0.6,132416609,2023-05-31
920981,晶赛科技,1.8,76468000,2023-06-02
605589,圣泉集团,2.0,782876800,2023-05-31
600481,双良节能,3.0,1870661251,2023-05-30
301033,迈普医学,2.0,66062951,2023-06-01
300529,健帆生物,6.7,807711312,2023-05-31
920367,新赣江,2.5,70861250,2023-06-02
300669,沪宁股份,1.2,192705526,2023-06-01
300533,冰川网络,20.0,152537820,2023-05-31
002389,航天彩虹,0.6,996985000,2023-05-31
301349,信德新材,10.0,68000000,2023-05-31
002328,新朋股份,1.3,771770000,2023-05-30
300915,海融科技,4.0,90000000,2023-05-30
920357,雅葆轩,6.0,61600000,2023-06-02
920010,凯添燃气,1.5,234500000,2023-06-01
688157,松井股份,3.1,79811776,2023-05-31
300957,贝泰妮,8.0,423600000,2023-05-30
002790,瑞尔特,2.0,417899500,2023-06-01
920260,中寰股份,3.0,103550000,2023-06-01
001322,箭牌家居,1.84,965612800,2023-05-31
002641,公元股份,0.12,1229093871,2023-05-31
603281,江瀚新材,12.0,266666667,2023-05-30
600235,民丰特纸,0.1,351300000,2023-05-30
300121,阳谷华泰,2.0,404770870,2023-05-31
603926,铁流股份,1.1,229532531,2023-05-30
605158,华达新材,1.2,511420000,2023-05-30
002382,蓝帆医疗,4.0,1007098932,2023-05-31
002980,华盛昌,4.9,136354900,2023-05-30
600438,通威股份,28.58,4501965227,2023-05-31
600095,湘财股份,0.69,2859150411,2023-05-30
301289,国缆检测,5.0,60000000,2023-05-31
688550,瑞联新材,12.0,98398696,2023-05-30
688131,皓元医药,3.8,107298099,2023-05-30
301419,阿莱德,5.0,100000000,2023-06-01
688257,新锐股份,5.0,92800000,2023-05-30
603319,美湖股份,2.5,208066462,2023-05-30
301100,风光股份,1.0,200000000,2023-05-31
920808,曙光数创,3.0,79620000,2023-05-31
603012,创力集团,1.0,651560000,2023-05-31
300853,申昊科技,2.0,146940710,2023-05-30
603070,万控智造,0.8,401000000,2023-05-31
003002,壶化股份,1.5,200000000,2023-05-31
603327,福蓉科技,4.0,521300000,2023-05-30
601886,江河集团,0.2,1133002060,2023-05-30
300732,设研院,3.0,324341585,2023-05-30
002900,哈三联,1.0,316560050,2023-05-31
002409,雅克科技,3.2,475927678,2023-05-31
002275,桂林三金,4.0,587568600,2023-05-31
300907,康平科技,2.5,96000000,2023-05-31
002925,盈趣科技,8.0,782523769,2023-05-31
300133,华策影视,0.22,1901073701,2023-05-30
603379,三美股份,2.39,610479037,2023-06-01
688052,纳芯微,8.0,101064000,2023-05-30
601666,平煤股份,8.7,2315215955,2023-05-30
603080,新疆火炬,2.1,141500000,2023-05-30
300515,三德科技,1.75,205800500,2023-05-30
002623,亚玛顿,2.0,199062500,2023-05-30
300720,海川智能,1.5,194877256,2023-05-30
001336,楚环科技,1.2,80373500,2023-05-30
688733,壹石通,2.0,199775190,2023-05-31
300638,广和通,1.0,631407759,2023-06-01
301157,华塑科技,2.0,60000000,2023-05-31
688381,帝奥微,2.6,252200000,2023-06-01
000791,甘肃能源,0.6,1600540535,2023-06-01
688639,华恒生物,9.0,108400000,2023-05-31
000825,太钢不锈,0.25,5730847796,2023-06-01
603297,永新光学,9.6,110477500,2023-05-31
301248,杰创智能,2.0,102470000,2023-06-01
603058,永吉股份,2.5,419966856,2023-05-31
688273,麦澜德,8.0,100620000,2023-05-31
301112,信邦智能,1.8,110266600,2023-06-01
301081,严牌股份,3.0,170670000,2023-06-02
300848,美瑞新材,1.0,200010000,2023-06-02
300806,斯迪克,0.6,324013402,2023-06-02
301365,矩阵股份,6.7,120000000,2023-06-02
600388,龙净环保,1.8,1079840484,2023-06-01
301111,粤万年青,1.0,160000000,2023-06-01
001287,中电港,1.42,759900097,2023-06-01
301109,军信股份,9.0,410010000,2023-06-01
300660,江苏雷利,4.6,262128736,2023-06-01
301429,森泰股份,2.54,118220000,2023-06-01
603159,上海亚虹,1.0,140000000,2023-05-31
001218,丽臣实业,6.0,125993700,2023-06-02
603739,蔚蓝生物,1.0,252638866,2023-05-31
002335,科华数据,0.5,461567391,2023-05-31
688281,华秦科技,3.6,93333336,2023-05-31
600794,保税科技,0.36,1212152157,2023-05-31
920523,德瑞锂电,2.0,77924130,2023-06-02
000750,国海证券,0.35,5444525514,2023-05-31
603089,正裕工业,1.0,222501103,2023-05-31
301313,凡拓数创,1.5,102333400,2023-05-31
601018,宁波港,0.87,19454388399,2023-06-01
300989,蕾奥规划,0.5,108594000,2023-06-01
002660,茂硕电源,1.0,356626019,2023-06-01
000333,美的集团,25.0,7022181291,2023-06-01
920392,佳合科技,2.0,58700000,2023-06-02
603551,奥普科技,7.5,401700000,2023-06-01
605337,李子园,3.0,303408000,2023-05-31
002034,旺能环境,4.999999,429496099,2023-06-01
301107,瑜欣电子,5.5,73400000,2023-06-01
688459,哈铁科技,0.8,480000000,2023-05-31
002511,中顺洁柔,0.62,1334550300,2023-06-01
600765,中航重机,1.65,1472049090,2023-05-31
300987,川网传媒,1.6,173368000,2023-05-31
002587,奥拓电子,0.3,651544156,2023-06-01
300819,聚杰微纤,2.0,149205000,2023-06-01
300484,蓝海华腾,3.6,208615900,2023-05-31
301025,读客文化,1.08,400309400,2023-06-02
605218,伟时电子,1.0,212833460,2023-05-31
920871,派特尔,1.5,73737616,2023-06-02
002833,弘亚数控,4.0,424230053,2023-06-01
603279,景津装备,10.0,576682400,2023-06-01
002597,金禾实业,8.0,560927062,2023-05-31
605128,上海沿浦,1.25,80000000,2023-05-31
688170,德龙激光,4.0,103360000,2023-05-31
300948,冠中生态,0.5,140010000,2023-06-02
301136,招标股份,0.88,275204820,2023-06-01
000014,沙河股份,1.2,242046224,2023-06-02
603706,东方环宇,7.0,189382714,2023-05-31
002887,绿茵生态,3.5,312000000,2023-05-31
688036,传音控股,18.0,803950350,2023-05-31
920425,乐创技术,4.0,36192117,2023-06-05
300088,长信科技,0.999999,2454918133,2023-06-02
300978,东箭科技,1.5,422702739,2023-06-01
000028,国药一致,8.0,428126983,2023-06-01
600548,深高速,4.62,2180770326,2023-05-31
301330,熵基科技,3.5,148492051,2023-05-31
300251,光线传媒,0.5,2933608432,2023-05-31
002444,巨星科技,1.66,1202501992,2023-06-01
001368,通达创智,2.0,112000000,2023-06-01
603636,南威软件,0.85,590793578,2023-05-31
000686,东北证券,1.0,2340452915,2023-05-31
002864,盘龙药业,2.0,96928220,2023-05-31
688110,东芯股份,1.26,442249758,2023-05-31
920508,殷图网联,3.0,50000000,2023-06-05
300991,创益通,0.2,144000000,2023-06-01
002993,奥海科技,3.0,276040000,2023-05-31
300973,立高食品,5.0,169340000,2023-06-02
603043,广州酒家,4.0,568770805,2023-06-01
300613,富瀚微,1.8,230199151,2023-06-02
920478,峆一药业,3.0,40157500,2023-06-05
002995,天地在线,1.0,126753200,2023-06-05
920547,无锡晶海,12.0,46800000,2023-06-02
002981,朝阳科技,1.5,96000000,2023-06-02
002839,张家港行,2.0,2169649764,2023-06-01
002135,东南网架,1.0,1165549740,2023-06-02
301203,国泰环保,15.0,80000000,2023-06-02
603881,数据港,0.44,328927197,2023-06-01
300883,龙利得,0.1,346000000,2023-06-02
601388,怡球资源,0.35,2201441946,2023-06-01
000630,铜陵有色,0.5,10526533308,2023-06-02
605066,天正电气,2.5,401000000,2023-06-01
002645,华宏科技,2.0,581951198,2023-06-01
688533,上声电子,1.8,160000000,2023-06-01
300531,优博讯,0.5,329937375,2023-06-01
601128,常熟银行,2.5,2740880372,2023-06-05
300622,博士眼镜,3.0,173273648,2023-06-02
603799,华友钴业,2.0,1599465048,2023-06-01
605500,森林包装,1.5,296000000,2023-06-05
605011,杭州热电,1.6,400100000,2023-06-01
603868,飞科电器,20.0,435600000,2023-06-01
300792,壹网壹创,1.5,238571459,2023-06-01
001216,华瓷股份,2.1,251866700,2023-06-01
603396,金辰股份,1.7,116168002,2023-06-02
601702,华峰铝业,1.0,998530600,2023-06-01
300549,优德精密,1.2,133340000,2023-06-02
600114,东睦股份,1.0,616383477,2023-06-01
688232,新点软件,6.0,330000000,2023-06-01
601567,三星电气,3.5,1412651571,2023-06-01
603299,苏盐井神,3.6,782208869,2023-06-02
605369,拱东医疗,3.0,112627120,2023-06-02
000789,万年青,2.6,797402585,2023-06-01
605016,百龙创园,1.7,177520000,2023-06-01
603439,三力制药,1.0,409862216,2023-06-01
301357,北方长龙,5.88,68000000,2023-06-05
603506,南都物业,3.097,187777779,2023-06-01
603393,新天然气,6.0,423921327,2023-06-01
603617,君禾股份,0.3,391071337,2023-06-01
300762,上海瀚讯,0.14,628635340,2023-06-02
301117,佳缘科技,1.5,92263300,2023-06-02
688270,ST臻镭,3.0,109210000,2023-06-01
301276,嘉曼服饰,3.6,108000000,2023-06-01
603288,海天味业,7.0,4633833787,2023-06-01
300990,同飞股份,8.0,93600000,2023-06-02
920799,艾融软件,1.8,210688500,2023-06-02
300491,通合科技,0.5,173453199,2023-06-01
605089,味知香,8.0,100000000,2023-06-02
688468,科美诊断,3.47,401000000,2023-06-02
002849,威星智能,0.4,157595726,2023-06-01
603920,世运电路,6.0,532175406,2023-06-02
605366,宏柏新材,2.5,437385000,2023-06-01
300707,威唐工业,0.599999,156990823,2023-06-02
300433,蓝思科技,2.0,4973479998,2023-06-01
600475,华光环能,3.5,943894086,2023-06-01
300130,新国都,2.3,511766738,2023-06-02
002881,美格智能,1.0,261166984,2023-06-02
605388,均瑶健康,1.0,430000000,2023-06-05
300856,科思股份,10.0,169320000,2023-06-02
600916,中国黄金,3.0,1680000000,2023-06-02
000877,天山股份,2.7,8663422814,2023-06-02
002148,北纬科技,0.1,558944030,2023-06-01
002978,安宁股份,5.0,401000000,2023-06-02
603076,乐惠国际,0.8,120701344,2023-06-01
301282,金禄电子,5.0,151139968,2023-06-02
920855,浙江大农,2.5,74733333,2023-06-06
603206,嘉环科技,2.2,305199988,2023-06-02
605358,立昂微,4.2,676852411,2023-06-01
301316,慧博云通,0.8,400010000,2023-06-02
600735,ST新华锦,0.37,428778219,2023-06-02
688707,振华新材,7.0,442934810,2023-06-02
300398,飞凯材料,0.8,528656160,2023-06-02
300808,久量股份,2.5,160000000,2023-06-02
002543,万和电气,4.0,743600000,2023-06-05
603306,华懋科技,1.87,325281052,2023-06-02
300888,稳健医疗,19.0,426492308,2023-06-02
603387,基蛋生物,3.0,507153517,2023-06-02
300628,亿联网络,13.0,901623135,2023-06-02
300674,宇信科技,1.4,710677844,2023-06-02
002867,周大生,6.0,1095926265,2023-06-05
603730,岱美股份,5.0,941740157,2023-06-02
601236,红塔证券,0.5,4716787742,2023-06-02
002332,仙琚制药,3.0,989204866,2023-06-02
603006,联明股份,3.8,254254250,2023-06-06
002555,三七互娱,4.5,2217864281,2023-06-02
603803,瑞斯康达,0.56,434175557,2023-06-02
688380,中微半导,4.5,400365000,2023-06-02
601022,宁波远洋,1.54,1308633334,2023-06-02
002582,好想你,1.0,443235414,2023-06-02
688057,金达莱,10.0,276000000,2023-06-02
300645,正元智慧,0.5,140364054,2023-06-05
600536,中国软件,0.21,661696417,2023-06-02
688202,美迪西,3.9,87016704,2023-06-02
605399,晨光新材,4.0,240253000,2023-06-02
605378,野马电池,5.0,133340000,2023-06-02
688112,鼎阳科技,8.5,106666700,2023-06-02
688789,宏华数科,9.0,83060094,2023-06-02
603269,海鸥股份,2.5,112518866,2023-06-02
600970,中材国际,3.0,2642317423,2023-06-05
920663,明阳科技,5.81,51600000,2023-06-07
603755,日辰股份,2.0,98613681,2023-06-02
301222,浙江恒威,5.0,101333400,2023-06-06
603686,福龙马,2.5,415655737,2023-06-06
603676,卫信康,2.35,435161500,2023-06-02
601216,君正集团,1.8,8438017390,2023-06-02
603291,联合水务,0.7,423220604,2023-06-02
603721,中广天择,1.5,130000000,2023-06-02
600059,古越龙山,0.8,911542413,2023-06-02
300983,尤安设计,1.5,128000000,2023-06-06
688529,豪森智能,1.11,128000000,2023-06-06
920639,晨光电缆,1.6,186666667,2023-06-06
920275,驱动力,0.6,160277600,2023-06-06
601566,九牧王,1.0,574637150,2023-06-02
688698,伟创电气,2.4875,180901500,2023-06-02
002687,乔治白,1.5,507500000,2023-06-06
002378,章源钨业,1.2,924167436,2023-06-05
920152,昆工科技,1.0,108591700,2023-06-05
300789,唐源电气,3.25,84130306,2023-06-02
601137,博威合金,2.1,790044972,2023-06-02
600884,杉杉股份,3.0,2263973358,2023-06-02
920810,春光智能,2.0,68500000,2023-06-06
920809,安达科技,1.0,611510821,2023-06-06
300706,阿石创,0.1,152852499,2023-06-06
920768,拾比佰,0.4,110970000,2023-06-06
301338,凯格精机,5.0,76000000,2023-06-06
920580,科创新材,1.2,86000000,2023-06-06
603936,博敏电子,0.2,638023104,2023-06-07
603689,皖天然气,2.0,478232394,2023-06-05
688085,三友医疗,0.85,225866850,2023-06-05
300975,商络电子,0.219999,630000144,2023-06-05
603533,掌阅科技,1.5,438896835,2023-06-06
603690,至纯科技,1.3216,321661174,2023-06-05
603345,安井食品,11.27,293294232,2023-06-05
002558,巨人网络,1.6,2004937008,2023-06-05
920239,长虹能源,3.0,130053003,2023-06-08
301209,联合化学,1.8,80000000,2023-06-06
002688,金河生物,1.0,780422398,2023-06-05
002486,嘉麟杰,0.12,832000000,2023-06-05
300629,新劲刚,1.0,182329226,2023-06-07
002605,姚记科技,2.5,411731190,2023-06-05
600929,雪天盐业,2.5,1474480490,2023-06-05
688350,富淼科技,2.48,122150000,2023-06-05
605305,中际联合,3.1,151800000,2023-06-06
603050,科林电气,5.0,162210100,2023-06-06
688579,地纬智能,0.5,400010000,2023-06-05
301303,真兰仪表,2.2,292000000,2023-06-07
301053,远信工业,1.0,81752500,2023-06-06
600586,金晶科技,0.3,1428770000,2023-06-06
300308,中际旭创,2.0,802826238,2023-06-06
603650,彤程新材,0.8,596123880,2023-06-05
002961,瑞达期货,2.2,445029291,2023-06-05
603238,诺邦股份,1.0,178988000,2023-06-05
301162,国能日新,5.5,70892630,2023-06-06
920527,夜光明,3.0,60042700,2023-06-07
002345,潮宏基,2.0,888512707,2023-06-07
603638,艾迪精密,1.0,840166832,2023-06-05
002081,金螳螂,1.0,2655323689,2023-06-06
002737,葵花药业,10.0,584000000,2023-06-07
002851,麦格米特,0.5,497570177,2023-06-06
600329,达仁堂,11.2,770250076,2023-06-06
000628,高新发展,0.25,352280000,2023-06-06
300582,英飞特,1.04,297108930,2023-06-06
002999,天禾股份,1.0,347592000,2023-06-06
003043,华亚智能,4.0,80000000,2023-06-06
688190,云路股份,5.7,120000000,2023-06-05
301115,联检科技,3.5,185085000,2023-06-05
603611,诺力股份,5.5,267184734,2023-06-05
000989,九芝堂,4.0,855942012,2023-06-06
603051,鹿山新材,4.0,93319000,2023-06-06
002757,南兴股份,6.0,295455913,2023-06-06
002932,*ST明德,37.0,156054334,2023-06-06
603235,天新药业,7.1,437780000,2023-06-05
301278,快可电子,2.0,64000000,2023-06-06
002989,中天精装,6.0,181697105,2023-06-05
920819,颖泰生物,1.0,1225800000,2023-06-09
301260,格力博,0.617,486161968,2023-06-07
002082,ST万邦,1.2,616689055,2023-06-05
920249,利尔达,1.5,421630000,2023-06-08
603187,海容冷链,3.5,276053456,2023-06-05
300407,凯发电气,0.5,305114662,2023-06-07
300928,华安鑫创,2.0,80000000,2023-06-06
603726,朗迪集团,3.5,185651200,2023-06-07
002773,康弘药业,1.5,919463954,2023-06-06
001229,魅视科技,4.0,100000000,2023-06-06
000537,绿发电力,1.0,1862520720,2023-06-06
920475,三友科技,1.2,102960000,2023-06-07
688711,宏微科技,0.64,137890668,2023-06-05
688658,悦康药业,11.0,450000000,2023-06-06
301023,奕帆传动,7.11796,56000250,2023-06-06
300679,电连技术,1.9,422157000,2023-06-06
300335,迪森股份,1.2,487112388,2023-06-06
300925,法本信息,0.35,374743875,2023-06-06
688390,固德威,16.0,123200000,2023-06-06
920278,鹿得医疗,1.8,176000000,2023-06-07
600724,宁波富达,1.5,1445241071,2023-06-06
920263,中航泰达,2.0,139960000,2023-06-07
920273,一致魔芋,3.0,73754000,2023-06-08
301219,腾远钴业,12.0,226705525,2023-06-07
920690,捷众科技,1.5,52500000,2023-06-08
920689,克莱特,3.0,73400000,2023-06-09
688026,洁特生物,0.7124,140363220,2023-06-06
920675,秉扬科技,1.5,172198000,2023-06-06
002522,浙江众成,0.3,905779387,2023-06-05
603738,泰晶科技,2.1,278102394,2023-06-07
688205,德科立,3.2,97280000,2023-06-07
002661,克明食品,2.0,337998561,2023-06-05
603948,建业股份,19.2,162530000,2023-06-06
603009,北特科技,0.4,358730089,2023-06-05
603392,万泰生物,10.0,906070705,2023-06-05
300576,容大感光,0.5,214012484,2023-06-06
601208,东材科技,1.0,917710612,2023-06-06
301069,凯盛新材,1.5,420640000,2023-06-06
600426,华鲁恒升,8.0,2123319999,2023-06-07
300995,奇德新材,1.2,84160000,2023-06-06
688139,海尔生物,4.5,317952508,2023-06-07
301155,海力风电,1.0,217391478,2023-06-06
301161,唯万密封,1.7,120000000,2023-06-07
605555,德昌股份,5.0,265972000,2023-06-05
688772,珠海冠宇,0.9,1121856252,2023-06-05
301207,华兰疫苗,3.0,400010000,2023-06-07
920833,美心翼申,2.0,68560000,2023-06-06
688161,威高骨科,4.1,400000000,2023-06-05
300373,扬杰科技,5.0,541451787,2023-06-06
002559,亚威股份,1.5,555128024,2023-06-06
605162,新中港,1.5,400451000,2023-06-05
603596,伯特利,3.39,411784220,2023-06-05
001333,光华股份,5.0,128000000,2023-06-07
920571,国航远洋,1.0,555407453,2023-06-09
002392,北京利尔,0.34,1190490839,2023-06-06
600830,香溢融通,0.1,454322747,2023-06-06
605286,同力天启,1.2,178000000,2023-06-05
001311,多利科技,7.1,141333334,2023-06-07
688680,海优新材,1.2,84020211,2023-06-06
601811,新华文轩,3.4,1233841000,2023-06-05
603189,*ST网达,1.0,269548349,2023-06-08
920414,欧普泰,0.6,33575900,2023-06-07
002982,湘佳股份,2.0,101881118,2023-06-08
300712,永福股份,1.0,185252160,2023-06-07
002066,瑞泰科技,0.8,231000000,2023-06-07
301185,鸥玛软件,1.0,153417600,2023-06-06
300782,卓胜微,1.7,533802594,2023-06-07
000553,安道麦A,0.27,2329811766,2023-06-06
688244,永信至诚,3.3,46831303,2023-06-06
000928,中钢国际,2.450613,1291183705,2023-06-06
301231,荣信文化,1.6,84400000,2023-06-07
301246,宏源药业,1.0,400006800,2023-06-06
003033,征和工业,5.0,81750000,2023-06-07
688025,杰普特,2.4691,94990945,2023-06-06
300968,格林精密,2.0,413380000,2023-06-07
688029,南微医学,5.5,187847422,2023-06-07
300902,国安达,1.0,130910176,2023-06-07
301021,英诺激光,1.0,151511482,2023-06-07
002609,捷顺科技,0.3,649298541,2023-06-06
688335,复洁科技,3.8,101860511,2023-06-07
300062,中能电气,0.1,557577326,2023-06-08
920765,美之高,3.0,69613044,2023-06-09
300677,英科医疗,1.0,658893243,2023-06-07
300791,仙乐健康,3.5,180497320,2023-06-07
603618,杭电股份,0.5,691057163,2023-06-07
000725,京东方A,0.61,38186064811,2023-06-07
000045,深纺织A,0.6,506521849,2023-06-06
688611,杭州柯林,3.5,55900000,2023-06-07
301036,双乐股份,1.8,100000000,2023-06-08
688778,厦钨新能,5.0,300550715,2023-06-06
300938,信测标准,3.0,113790200,2023-06-06
300777,中简科技,2.5,439574787,2023-06-07
302132,中航成飞,0.3,590760499,2023-06-06
688267,中触媒,2.6,176200000,2023-06-06
600233,圆通速递,2.5,3442225454,2023-06-06
601677,明泰铝业,1.66,969817895,2023-06-07
300183,东软载波,1.5,462609137,2023-06-08
001331,胜通能源,3.3,120000000,2023-06-07
688309,恒誉环保,0.74,80010733,2023-06-07
301080,百普赛斯,15.0,80000000,2023-06-07
300223,北京君正,0.8,481569911,2023-06-07
301089,拓新药业,4.0,126000000,2023-06-06
300546,雄帝科技,0.3,142711301,2023-06-07
002043,兔宝宝,5.0,844262959,2023-06-07
002892,科力尔,1.7,317249647,2023-06-06
300962,中金辐照,3.0,264001897,2023-06-07
300757,罗博特科,1.0,110530936,2023-06-08
603939,益丰药房,4.0,721704930,2023-06-07
600694,大商股份,5.0,293718653,2023-06-07
603683,晶华新材,0.92,217154880,2023-06-07
603788,宁波高发,5.0,223065068,2023-06-08
603016,新宏泰,3.1,148160000,2023-06-07
002889,东方嘉盛,1.15,138101429,2023-06-07
603158,腾龙股份,0.8,490799306,2023-06-06
300492,华图山鼎,0.2,140486470,2023-06-06
300234,开尔新材,0.15,507451386,2023-06-07
002830,名雕股份,1.2,133340000,2023-06-07
000421,南京公用,1.0,578261934,2023-06-07
300865,大宏立,0.65,95680000,2023-06-07
002733,雄韬股份,1.0,384214913,2023-06-07
600398,海澜之家,4.3,4319607585,2023-06-06
605099,共创草坪,5.6,401703500,2023-06-06
300614,百川畅银,0.24,160434469,2023-06-08
603095,越剑智能,5.0,132000000,2023-06-07
605300,佳禾食品,0.9,400010000,2023-06-06
300274,阳光电源,2.2,1485190984,2023-06-07
603586,金麒麟,5.0,196052780,2023-06-07
002236,大华股份,2.41,3326264570,2023-06-06
300976,达瑞电子,8.0,94451400,2023-06-07
603876,鼎胜新材,8.6,490553034,2023-06-06
301258,富士莱,5.8,91670000,2023-06-08
300676,华大基因,10.0,413914325,2023-06-07
002730,电光科技,1.1,362079880,2023-06-07
920122,中纺标,1.081816,92437108,2023-06-09
600446,金证股份,0.29,940815005,2023-06-06
000049,德赛电池,6.5,299386862,2023-06-07
603711,香飘飘,1.6,410745800,2023-06-06
603008,ST喜临门,0.8,387417787,2023-06-06
688526,科前生物,1.9,466207976,2023-06-06
301216,万凯新材,3.0,343395400,2023-06-07
603226,菲林格尔,0.1,355491770,2023-06-07
301123,奕东电子,5.0,233600000,2023-06-07
002763,汇洁股份,5.0,409924000,2023-06-07
920564,天润科技,1.1,73905018,2023-06-08
603329,上海雅仕,3.0,158756195,2023-06-07
601187,厦门银行,2.9,2639127888,2023-06-08
000565,渝三峡A,0.15,433592220,2023-06-07
600971,恒源煤电,10.0,1200004884,2023-06-08
300448,浩云科技,0.15,676517079,2023-06-08
300015,爱尔眼科,1.000149,7175454362,2023-06-08
605180,华生科技,2.0,130000000,2023-06-07
002807,江阴银行,1.8,2172051952,2023-06-07
002214,*ST大立,0.5,599237935,2023-06-09
603931,格林达,2.5,199558380,2023-06-07
003025,思进智能,3.6,163191700,2023-06-09
301004,嘉益股份,10.0,104030000,2023-06-08
603261,立航科技,1.35,78430822,2023-06-08
688105,诺唯赞,12.5,400010000,2023-06-07
603657,春光科技,3.0,137816250,2023-06-07
002969,嘉美包装,0.11,961954154,2023-06-08
003041,真爱美家,4.0,120000000,2023-06-08
000411,英特集团,1.260239,505459520,2023-06-08
688279,峰岹科技,4.8,92363380,2023-06-07
002461,珠江啤酒,1.2,2213328480,2023-06-09
002053,云南能投,0.5,920729464,2023-06-09
603811,诚意药业,2.5,233788800,2023-06-08
000650,仁和药业,2.0,1399938234,2023-06-08
603719,良品铺子,2.53,401000000,2023-06-07
603077,和邦生物,0.45,8831250228,2023-06-07
301217,铜冠铜箔,1.0,829015544,2023-06-09
002216,三全食品,3.5,879184048,2023-06-07
300941,创识科技,1.7,204750000,2023-06-08
601997,贵阳银行,3.0,3656198076,2023-06-08
600279,重庆港,0.4,1186866283,2023-06-07
002817,黄山胶囊,0.6,299098170,2023-06-07
000036,华联控股,0.34,1483934025,2023-06-08
002836,新宏泽,4.0,192000000,2023-06-08
688601,力芯微,4.9929,89726644,2023-06-07
600531,豫光金铅,1.18,1090242634,2023-06-08
920781,瑞奇智造,1.0,117096254,2023-06-12
600867,通化东宝,2.5,1993678653,2023-06-09
002376,新北洋,1.5,655208164,2023-06-08
301378,通达海,10.0,46000000,2023-06-08
300959,线上线下,3.0,80000000,2023-06-08
000735,罗牛山,0.2,1151513578,2023-06-07
600633,浙数文化,0.8,1265730523,2023-06-08
000032,深桑达A,0.8,1137959234,2023-06-08
300394,天孚通信,5.0,394758977,2023-06-07
300809,华辰装备,1.0,252176000,2023-06-08
603519,立霸股份,7.0,266327839,2023-06-08
688230,芯导科技,6.0,84000000,2023-06-08
300832,新产业,7.0,785718785,2023-06-08
300258,精锻科技,1.25,481770753,2023-06-09
300119,瑞普生物,3.0,468018786,2023-06-08
300921,南凌科技,2.0,131557770,2023-06-07
600097,开创国际,1.33,240936559,2023-06-08
300992,泰福泵业,0.719999,90800054,2023-06-09
688580,伟思医疗,6.876,68623867,2023-06-07
300518,新迅达,0.65,142436840,2023-06-09
300470,中密控股,5.0,208171277,2023-06-09
300633,开立医疗,1.8,430652785,2023-06-08
603956,威派格,1.0,508435363,2023-06-07
600511,国药股份,7.82,754502998,2023-06-09
300248,新开普,0.65,481092495,2023-06-09
603600,永艺股份,3.5,302512640,2023-06-07
300932,三友联众,1.3,175881318,2023-06-09
002679,福建金森,0.43,235756000,2023-06-08
603960,克来机电,0.74,263498500,2023-06-07
603182,嘉华股份,3.0,164550000,2023-06-07
002637,赞宇科技,1.0,470401000,2023-06-06
301223,中荣股份,2.2,193127560,2023-06-09
300817,双飞集团,2.5,145532160,2023-06-08
600941,中国移动,19.796,21372891480,2023-06-07
002556,辉隆股份,3.0,953992980,2023-06-07
300017,网宿科技,0.5,2437230675,2023-06-09
002935,天奥电子,1.5,274959040,2023-06-08
002952,亚世光电,4.0,164340000,2023-06-09
301099,雅创电子,5.0,80000000,2023-06-09
688022,ST瀚川,1.28,124937969,2023-06-08
002908,德生科技,1.0,308664520,2023-06-07
002073,软控股份,0.46,969506674,2023-06-08
600985,淮北矿业,10.5,2481037621,2023-06-08
300502,新易盛,1.26,507086219,2023-06-08
002215,诺普信,1.5,995041427,2023-06-07
688669,聚石化学,1.0,93333334,2023-06-07
300267,尔康制药,0.3,2062604870,2023-06-09
000881,中广核技,0.4,945425815,2023-06-07
300855,图南股份,1.0,303907500,2023-06-08
688006,杭可科技,3.5,431194394,2023-06-07
000532,华金资本,0.6,344708340,2023-06-08
600078,澄星股份,0.8,662572861,2023-06-09
300144,宋城演艺,0.5,2614694040,2023-06-09
688106,金宏气体,2.5,486882468,2023-06-07
002731,*ST萃华,0.1,256156000,2023-06-08
688349,三一重能,4.3,1189484215,2023-06-09
300998,宁波方正,1.0,137169230,2023-06-09
603222,济民健康,0.2,537237415,2023-06-07
600180,*ST瑞茂,1.33,1051902464,2023-06-07
002841,视源股份,10.5,701239045,2023-06-07
688048,长光华芯,3.5,135599956,2023-06-07
603228,景旺电子,5.0,847250555,2023-06-07
002085,万丰奥威,1.0,2141567428,2023-06-08
600523,贵航股份,1.1,404311320,2023-06-09
002119,康强电子,0.3,375284000,2023-06-09
002968,新大正,3.0,227926283,2023-06-09
920964,润农节水,0.5,261208000,2023-06-09
002705,新宝股份,4.0,826727780,2023-06-09
002588,史丹利,0.5,1156884000,2023-06-09
002927,泰永长征,1.2,223215790,2023-06-09
002831,裕同科技,3.267337,930513553,2023-06-08
301379,天山电子,6.0,101340000,2023-06-09
001268,联合精密,1.0,107933334,2023-06-08
002057,中钢天源,2.41,759047776,2023-06-09
300543,朗科智能,0.75,268126992,2023-06-09
605298,必得科技,1.5,140400000,2023-06-08
600845,宝信软件,8.0,2002158781,2023-06-09
600300,维维股份,0.18,1617142180,2023-06-08
002643,万润股份,2.95,930130215,2023-06-09
603496,恒为科技,0.7,228720888,2023-06-08
300562,乐心医疗,0.1,214701188,2023-06-09
002400,省广集团,0.4,1743337128,2023-06-09
300749,顶固集创,1.0,206355550,2023-06-09
603019,中科曙光,2.2,1464013974,2023-06-09
300843,胜蓝股份,0.499977,149596208,2023-06-09
300781,因赛集团,1.0,109969792,2023-06-09
603368,柳药集团,5.08,362228566,2023-06-08
601952,苏垦农发,3.0,1378000000,2023-06-08
603280,南方路机,3.2,108406667,2023-06-08
301309,万得凯,6.0,100000000,2023-06-09
600756,浪潮软件,0.3,324098753,2023-06-08
603277,银都股份,7.0,420648000,2023-06-09
001278,一彬科技,0.889,123733400,2023-06-12
688389,普门科技,2.37,425636396,2023-06-08
300651,金陵体育,1.199987,128748584,2023-06-09
601139,深圳燃气,1.3,2876730494,2023-06-08
301116,益客食品,0.5,448979593,2023-06-09
603233,大参林,6.0,949085065,2023-06-09
301130,西点药业,1.6,80803943,2023-06-12
688655,迅捷兴,0.75,133390000,2023-06-09
601699,潞安环能,28.5,2991409200,2023-06-08
301071,力量钻石,10.0,144892752,2023-06-09
301135,瑞德智能,3.0,102482500,2023-06-09
603192,汇得科技,1.5,138666667,2023-06-08
003010,若羽臣,2.5,121699840,2023-06-12
002182,宝武镁业,1.0,646422538,2023-06-09
688486,龙迅股份,3.0,69258862,2023-06-09
600252,中恒集团,0.1,3465433704,2023-06-09
300675,建科院,1.1,146666700,2023-06-09
600389,江山股份,2.0,305850600,2023-06-09
603629,利通电子,2.4,182000000,2023-06-08
601728,中国电信,0.76,91507138699,2023-06-09
605033,美邦股份,2.2,137793000,2023-06-08
002158,汉钟精机,4.4,534724139,2023-06-09
603195,公牛集团,33.0,601077590,2023-06-08
601133,柏诚股份,1.45,522500000,2023-06-08
300399,天利科技,0.1,197600000,2023-06-09
000786,北新建材,6.55,1689507842,2023-06-09
603687,大胜达,0.2512,419469007,2023-06-08
603086,先达股份,2.5,310612960,2023-06-09
603912,佳力图,1.0,386978738,2023-06-09
002152,广电运通,2.0,2483382898,2023-06-09
600371,万向德农,2.0,292578000,2023-06-08
301234,五洲医疗,5.0,68000000,2023-06-09
002674,兴业科技,5.0,291862944,2023-06-09
603351,威尔药业,2.8,135478432,2023-06-08
002327,富安娜,6.0,829459027,2023-06-09
300971,博亚精工,2.5,84000000,2023-06-09
603766,隆鑫通用,0.8,2053541850,2023-06-09
600118,中国卫星,0.75,1182489135,2023-06-09
300522,世名科技,1.0,270140605,2023-06-09
605599,菜百股份,4.6,777777800,2023-06-09
300615,欣天科技,1.0,189947200,2023-06-08
300815,玉禾田,5.7,332160000,2023-06-09
301126,达嘉维康,0.29,206505700,2023-06-12
688096,京源环保,1.5,107995642,2023-06-09
300906,日月明,2.0,80000000,2023-06-09
603511,爱慕股份,7.5,400010000,2023-06-09
301028,鼎熔岩,1.5,378912000,2023-06-09
600276,恒瑞医药,1.6,6379002274,2023-06-08
605118,力鼎光电,1.2,407320900,2023-06-08
300423,昇辉科技,0.32,497511290,2023-06-08
300994,久祺股份,5.8,194240000,2023-06-09
000948,南天信息,0.5,394360697,2023-06-09
002106,莱宝高科,2.0,705816160,2023-06-09
600143,金发科技,2.3,2657197236,2023-06-09
300689,澄天伟业,0.3,115600000,2023-06-09
600619,海立股份,0.1,1083279406,2023-06-08
688480,赛恩斯,5.1,94826667,2023-06-08
301255,通力科技,10.0,68000000,2023-06-12
000589,贵州轮胎,2.0,1147217422,2023-06-08
002249,大洋电机,0.8,2383259226,2023-06-09
300903,科翔股份,0.2,414694422,2023-06-12
601158,重庆水务,2.7,4800000000,2023-06-09
600582,天地科技,2.0,4138588892,2023-06-09
002893,京能热力,0.43,202800000,2023-06-08
920396,常辅股份,1.5,58590280,2023-06-12
688357,建龙微纳,10.0,59449847,2023-06-08
002120,韵达股份,0.52,2902263500,2023-06-08
601069,西部黄金,0.58,922853531,2023-06-09
688396,华润微,1.983,1320091861,2023-06-09
601717,中创智领,5.6,1782245970,2023-06-09
300509,新美星,1.2,296400000,2023-06-12
002349,精华制药,0.8,814180908,2023-06-09
002820,桂发祥,1.5,200868295,2023-06-09
000990,诚志股份,1.1,1215237535,2023-06-09
603819,神力股份,0.2,217730187,2023-06-09
002088,鲁阳节能,8.0,506332586,2023-06-12
000514,渝开发,0.2,843770965,2023-06-12
002702,海欣食品,1.0,480760000,2023-06-09
600272,开开实业,0.5,243000000,2023-06-09
688606,奥泰生物,100.0,53904145,2023-06-09
002293,罗莱生活,6.0,839882881,2023-06-12
000733,振华科技,11.45,520413168,2023-06-09
002062,宏润建设,1.0,1102500000,2023-06-12
301073,君亭酒店,2.0,129634031,2023-06-09
301311,昆船智能,0.55,240000000,2023-06-12
601921,浙版传媒,3.5,2222222223,2023-06-09
301131,聚赛龙,2.0,47780000,2023-06-09
603198,迎驾贡酒,11.0,800000000,2023-06-09
603358,华达科技,3.0,439040000,2023-06-09
688767,博拓生物,22.0,106666667,2023-06-09
688003,天准科技,3.0,194701000,2023-06-09
000717,中南股份,0.3,2423845590,2023-06-09
002050,三花智控,2.0,3590872012,2023-06-09
688310,迈得医疗,4.8,83901218,2023-06-09
002823,凯中精密,0.349879,287104704,2023-06-09
601086,国芳集团,1.0,666000000,2023-06-09
603029,天鹅股份,1.42,121342000,2023-06-09
688181,八亿时空,3.2,96473014,2023-06-09
688297,中无人机,3.52,675000000,2023-06-09
300725,药石科技,1.0,199664403,2023-06-13
600048,保利发展,4.5,11970443418,2023-06-09
603658,安图生物,8.0,586272256,2023-06-12
300632,光莆股份,0.5,305181620,2023-06-12
688498,源杰科技,6.5,60599000,2023-06-09
300229,拓尔思,0.4,795291951,2023-06-13
688696,极米科技,21.468,70000000,2023-06-09
002907,华森制药,0.7,417596314,2023-06-13
000905,厦门港务,0.6,741809597,2023-06-12
300124,汇川技术,3.6,2661146676,2023-06-12
002835,同为股份,1.5,219493931,2023-06-12
000563,陕国投A,0.3,5113970358,2023-06-09
688255,凯尔达,2.6,78414611,2023-06-09
001266,宏英智能,2.0,102816000,2023-06-09
301056,森赫股份,0.5,266786667,2023-06-13
603168,莎普爱思,0.37,372514005,2023-06-09
300402,宝色股份,1.5,202000000,2023-06-13
301220,亚香股份,3.0,80800000,2023-06-13
001269,欧晶科技,5.0,137425626,2023-06-12
605058,澳弘电子,3.0,142923950,2023-06-09
600572,康恩贝,1.5,2570037319,2023-06-09
603180,金牌家居,7.2,154256882,2023-06-09
002266,浙富控股,0.6,5244191665,2023-06-13
920378,泰德股份,1.0,143206000,2023-06-13
603968,醋化股份,8.0,209315000,2023-06-12
688569,铁科轨道,3.5,210666700,2023-06-09
601808,中海油服,1.6,4771592000,2023-06-09
002030,达安基因,17.5,1403446032,2023-06-13
920970,大禹生物,7.0,55960000,2023-06-14
300261,雅本化学,0.5,963309471,2023-06-12
603915,国茂股份,2.0,662242560,2023-06-12
002432,九安医疗,25.0,484594772,2023-06-13
600171,上海贝岭,2.0,711810799,2023-06-12
002320,海峡股份,0.45,2228933187,2023-06-12
688228,开普云,4.43,67133440,2023-06-12
600261,阳光照明,1.3,1375181566,2023-06-12
301182,凯旺科技,1.0,95821700,2023-06-14
002079,苏州固锝,0.29,807886616,2023-06-13
300542,新晨科技,0.2,300028059,2023-06-14
603048,浙江黎明,2.11,146880000,2023-06-13
601339,百隆东方,5.0,1500000000,2023-06-12
688401,路维光电,2.2,133333600,2023-06-13
002026,山东威达,0.5,445515368,2023-06-13
603176,汇通集团,0.25,466660000,2023-06-13
300579,数字认证,0.35,270000000,2023-06-12
603201,常润股份,4.2,79493334,2023-06-12
688665,四方光电,9.0,70000000,2023-06-12
601678,滨化股份,1.3,2058036276,2023-06-12
688496,*ST清越,0.66,450000000,2023-06-12
300755,华致酒行,1.76,416798400,2023-06-12
002664,信质集团,0.6,404907000,2023-06-12
000544,中原环保,1.5,974684488,2023-06-13
300185,通裕重工,0.3,3896826316,2023-06-13
603073,彩蝶实业,3.0,116000000,2023-06-12
603339,四方科技,2.2,309441175,2023-06-12
301213,观想科技,0.9,79999999,2023-06-13
603209,兴通股份,1.5,200000000,2023-06-12
603022,新通联,0.55,200000000,2023-06-13
301335,天元宠物,5.0,90000000,2023-06-13
300525,博思软件,0.6,613363465,2023-06-13
003007,直真科技,1.0,104000000,2023-06-12
688032,禾迈股份,53.0,56000000,2023-06-13
300241,瑞丰光电,0.1,685761103,2023-06-13
301032,新柴股份,0.2,241133400,2023-06-13
688426,康为世纪,5.2,93522973,2023-06-12
920826,盖世食品,1.5,97834656,2023-06-13
301141,中科磁业,2.0,88594718,2023-06-13
300893,松原安全,1.0,225000000,2023-06-14
000555,神州信息,0.32,983653713,2023-06-14
000713,国投丰乐,0.2,614014980,2023-06-13
920001,纬达光电,2.000131,153656204,2023-06-14
688318,财富趋势,5.0,93338000,2023-06-13
600496,精工钢构,0.36,2012883200,2023-06-13
300112,万讯自控,2.0,293646277,2023-06-13
301356,天振股份,12.5,120000000,2023-06-13
603630,拉芳家化,1.3,225204580,2023-06-12
301363,美好医疗,3.5,406660000,2023-06-13
300049,福瑞医科,2.0,263053100,2023-06-13
688152,麒麟信安,4.9,52844724,2023-06-13
300577,开润股份,0.9,239791155,2023-06-14
688577,浙海德曼,3.0,54089320,2023-06-12
688661,和林微纳,1.6,89874453,2023-06-13
603992,松霖科技,1.96,401012626,2023-06-13
300275,梅安森,0.3,188112155,2023-06-13
603696,安记食品,0.5,235200000,2023-06-12
603110,东方材料,1.5,201226732,2023-06-12
600887,伊利股份,10.4,6366450305,2023-06-13
300618,寒锐钴业,1.5,309617139,2023-06-14
920026,卓兆点胶,7.2,69757246,2023-06-14
688656,浩欧博,3.0,63058328,2023-06-13
300498,温氏股份,2.0,6554141757,2023-06-12
300886,华业香料,0.5,74555000,2023-06-14
600583,海油工程,1.0,4421354800,2023-06-12
000901,航天科技,0.13,798201406,2023-06-13
002046,国机精工,1.77,529129329,2023-06-13
688276,百克生物,1.5,412840698,2023-06-12
600854,春兰股份,1.15,519458538,2023-06-12
688787,海天瑞声,6.0,43089414,2023-06-12
002226,江南化工,0.6,2648922855,2023-06-14
002832,比音勒芬,3.0,570707084,2023-06-12
600109,国金证券,0.4,3724359310,2023-06-12
603639,海利尔,10.0,340230446,2023-06-13
920245,威博液压,1.0,48750000,2023-06-15
605499,东鹏饮料,20.0,400010000,2023-06-12
688329,艾隆科技,5.0,77200000,2023-06-12
301062,上海艾录,0.4,400391800,2023-06-13
603360,百傲化学,8.0,258952000,2023-06-12
920089,禾昌聚合,1.5,107620000,2023-06-16
920896,旺成科技,2.0,101224240,2023-06-14
300558,贝达药业,0.7,417467045,2023-06-15
600409,三友化工,1.46,2064349448,2023-06-14
300664,鹏鹞环保,1.546906,792476982,2023-06-14
000567,海德股份,6.145,929651442,2023-06-14
600328,中盐化工,4.94,1132777625,2023-06-13
601222,林洋能源,1.78,2060169156,2023-06-13
688391,钜泉科技,15.5,57600000,2023-06-13
002899,英派斯,0.63,120000000,2023-06-15
600039,四川路桥,9.1,6225412975,2023-06-15
002909,集泰股份,0.5,372752452,2023-06-13
301268,铭利达,1.0,400010000,2023-06-14
688330,宏力达,9.6,100000000,2023-06-13
920270,天铭科技,5.0,43590000,2023-06-14
603369,今世缘,7.3,1254500000,2023-06-13
300563,神宇股份,0.9,178192526,2023-06-13
603118,共进股份,1.3,793681472,2023-06-13
605338,巴比食品,3.2,250113750,2023-06-14
603196,璞源材料,0.8,239642512,2023-06-13
300691,联合光电,1.0,267471316,2023-06-15
688098,申联生物,0.8,410644000,2023-06-13
301058,中粮科工,2.0,512274245,2023-06-15
300648,星云股份,0.1,147783896,2023-06-14
300919,中伟新材,2.58,670633576,2023-06-13
688128,中国电研,4.0,404500000,2023-06-13
603970,中农立华,5.5,192000096,2023-06-13
603367,辰欣药业,3.35,453263000,2023-06-14
002222,福晶科技,2.5,427500000,2023-06-14
000790,华神科技,0.1,628142564,2023-06-13
300207,欣旺达,0.800044,1862319056,2023-06-14
600885,宏发股份,3.6,1042674657,2023-06-15
000059,华锦股份,1.32,1599442537,2023-06-14
603035,常熟汽饰,4.04,380030933,2023-06-15
600022,山东钢铁,0.3,10698849554,2023-06-14
300428,立中集团,0.78955,625122129,2023-06-13
002788,鹭燕医药,3.0,388516736,2023-06-14
002938,鹏鼎控股,7.0,2320437816,2023-06-13
920174,五新智能,3.0,90008718,2023-06-15
300590,移为通信,1.2,457848260,2023-06-14
300253,卫宁健康,0.1,2147736948,2023-06-15
300377,赢时胜,1.0,751165080,2023-06-14
002048,宁波华翔,2.5,814095508,2023-06-14
600643,爱建集团,0.9,1621922452,2023-06-13
002950,奥美医疗,0.6,633265407,2023-06-14
002155,湖南黄金,1.0,1202039474,2023-06-14
000965,天保基建,0.2,1109830895,2023-06-14
603855,华荣股份,10.0,337559000,2023-06-14
600773,西藏城投,0.16,819660744,2023-06-13
002541,鸿路钢构,2.599999,690011220,2023-06-14
002252,上海莱士,0.3,6740787907,2023-06-13
002238,天威视讯,1.0,802559160,2023-06-14
003019,宸展光电,8.0,147804198,2023-06-14
600081,东风科技,0.7362,470418905,2023-06-13
600428,中远海特,1.6,2146650771,2023-06-15
000829,天音控股,0.32,1025100438,2023-06-13
601058,赛轮轮胎,1.5,3062613627,2023-06-13
603790,雅运股份,0.8,191360000,2023-06-13
601318,中国平安,15.0,18280241410,2023-06-14
002007,华兰生物,3.0,1824366726,2023-06-14
300963,中洲特材,1.2,156000000,2023-06-15
603505,金石资源,1.6,434826162,2023-06-13
002353,杰瑞股份,3.308383,1026952941,2023-06-15
001209,洪兴股份,4.0,131522720,2023-06-13
600350,山东高速,4.0,4827212433,2023-06-15
002644,佛慈制药,0.5,510657000,2023-06-15
000548,湖南投资,0.2,499215811,2023-06-14
300127,银河磁体,4.0,323146360,2023-06-15
603018,华设集团,2.6,683780952,2023-06-13
000001,平安银行,2.85,19405918198,2023-06-14
688317,之江生物,12.0,194704350,2023-06-14
603517,ST绝味,1.8,631238701,2023-06-14
002165,红宝丽,0.4,735269837,2023-06-13
603096,新经典,8.0,162503585,2023-06-13
688392,骄成超声,10.0,82000000,2023-06-14
300232,洲明科技,0.15,1094089477,2023-06-14
605296,神农集团,2.5,525237516,2023-06-15
001313,粤海饲料,0.4859,700000000,2023-06-14
002890,弘宇股份,1.4,93338000,2023-06-14
300042,朗科科技,0.5,200400000,2023-06-16
688166,博瑞医药,1.14,422465363,2023-06-15
000999,华润三九,10.0,988346000,2023-06-15
300136,信维通信,0.5,967568638,2023-06-16
688261,东微半导,14.76,67376367,2023-06-16
301286,侨源股份,1.0,400100000,2023-06-14
605155,西大门,2.0,134400000,2023-06-14
002454,松芝股份,0.3,628581600,2023-06-16
301020,密封科技,1.8,146400000,2023-06-15
603637,镇海股份,1.3,243678373,2023-06-15
603002,宏昌电子,2.0,903875195,2023-06-15
002700,万憬能源,0.6,422426880,2023-06-15
002004,华邦健康,2.2,1979919191,2023-06-15
003016,欣贺股份,3.0,431649588,2023-06-15
301196,唯科科技,7.0,124800000,2023-06-15
601956,东贝集团,1.0003,622166300,2023-06-14
603985,恒润股份,0.4,440858003,2023-06-14
300493,润欣科技,0.35,504751147,2023-06-16
000963,华东医药,2.9,1753995348,2023-06-14
605080,浙江自然,2.2,101123600,2023-06-15
603786,科博达,5.0,404001500,2023-06-15
600373,中文传媒,7.5,1355063719,2023-06-15
688138,清溢光电,1.2,266800000,2023-06-16
600702,舍得酒业,15.0,333195979,2023-06-15
605177,东亚药业,2.9,113600000,2023-06-15
605007,五洲特纸,1.6,400556257,2023-06-15
002915,中欣氟材,2.0,327957575,2023-06-16
603259,药明康德,8.9266,2967628823,2023-06-14
603326,我乐家居,1.5,315512680,2023-06-14
300840,酷特智能,0.36,240000000,2023-06-16
002171,楚江新材,1.5,1334533577,2023-06-15
601107,四川成渝,1.0,3058060000,2023-06-15
300382,斯莱克,3.0,626552650,2023-06-15
603015,弘讯科技,0.5,404219000,2023-06-15
600368,五洲交通,0.52,1125632068,2023-06-14
920110,雷特科技,3.0,39000000,2023-06-16
300054,鼎龙股份,0.5,940242099,2023-06-16
601615,明阳智能,3.041,2271983706,2023-06-14
605123,派克新材,5.18,121170892,2023-06-15
688019,安集科技,4.2,75974210,2023-06-15
301065,本立科技,1.5,70680000,2023-06-16
688191,智洋创新,1.2,153512547,2023-06-16
002438,江苏神通,0.5,507537461,2023-06-15
920374,云里物里,1.1,81518000,2023-06-19
000922,佳电股份,1.2,596540053,2023-06-13
600019,宝钢股份,1.0,22262200234,2023-06-14
002536,飞龙股份,2.0,500711814,2023-06-16
600563,法拉电子,18.0,225000000,2023-06-16
601016,节能风电,0.91,6474864134,2023-06-15
002902,铭普光磁,0.33,211520000,2023-06-14
600587,新华医疗,1.5,466874989,2023-06-15
688001,华兴源创,3.0,440595431,2023-06-15
601966,玲珑轮胎,0.6,1476731513,2023-06-15
301191,菲菱科思,10.0,53340000,2023-06-16
000425,徐工机械,1.5,11816166093,2023-06-14
301149,隆华新材,1.0,430000018,2023-06-16
603567,珍宝岛,0.28,941963592,2023-06-15
002092,中泰化学,1.0,2590019517,2023-06-16
300200,高盟新材,1.5,430973206,2023-06-16
301377,鼎泰高科,0.7,410000000,2023-06-15
603612,索通发展,4.1,540846164,2023-06-15
300776,帝尔激光,4.7,170672196,2023-06-15
920429,康比特,2.0,124500000,2023-06-16
300696,爱乐达,2.000024,293152983,2023-06-15
002001,新和成,5.0,3090907356,2023-06-14
688677,海泰新光,8.0,86980000,2023-06-14
000404,长虹华意,2.0,695995979,2023-06-16
688588,凌志软件,2.0,400010003,2023-06-15
300889,爱克股份,0.602985,156000000,2023-06-14
603776,永安行,1.3,232656840,2023-06-15
002507,涪陵榨菜,3.8,887630022,2023-06-16
601609,金田股份,0.91,1479908273,2023-06-14
603937,丽岛新材,1.3,208880000,2023-06-16
601117,中国化学,1.77,6109470588,2023-06-14
300415,伊之密,3.5,468607084,2023-06-15
603882,金域医学,17.8,467303775,2023-06-15
603589,口子窖,15.0,600000000,2023-06-15
688300,联瑞新材,4.55,124661430,2023-06-15
600787,中储股份,1.0,2188072878,2023-06-15
002929,润建股份,2.5,232785930,2023-06-14
002918,蒙娜丽莎,1.5,415179279,2023-06-14
600757,长江传媒,3.2,1213650273,2023-06-15
300730,科创信息,0.15,240516447,2023-06-16
601868,中国能建,0.252,41691163636,2023-06-16
600051,宁波联合,1.2,310880000,2023-06-16
920906,舜宇精工,1.5,64970000,2023-06-16
002429,兆驰股份,0.76,4526940607,2023-06-14
920943,优机股份,3.0,78093368,2023-06-19
600980,北矿科技,0.5,189263526,2023-06-15
603728,鸣志电器,0.7,420063000,2023-06-14
002498,汉缆股份,0.36,3326796000,2023-06-16
601369,陕鼓动力,3.5,1727594779,2023-06-16
300666,江丰电子,2.060099,265555583,2023-06-14
603258,电魂网络,8.25,244768100,2023-06-15
603237,五芳斋,4.0,102743000,2023-06-15
301092,争光股份,1.2,133333334,2023-06-15
920856,浩淼科技,1.0,79186549,2023-06-16
600177,雅戈尔,5.0,4628852973,2023-06-14
688517,金冠电气,2.0,136109184,2023-06-14
603255,鼎际得,0.75,133466667,2023-06-15
603708,家家悦,1.0,647336783,2023-06-15
688678,福立旺,3.0,173350000,2023-06-15
300737,科顺股份,0.5,1177286563,2023-06-19
002475,立讯精密,1.299661,7132251351,2023-06-15
601860,紫金银行,1.0,3660977390,2023-06-16
601698,中国卫通,0.436,4224385412,2023-06-15
600551,时代出版,2.5,484325171,2023-06-16
600710,苏美达,3.0,1306749434,2023-06-16
603386,骏亚科技,2.0,326322560,2023-06-15
300927,江天化学,1.35,144360000,2023-06-16
300566,激智科技,0.5,263741550,2023-06-16
601368,绿城水务,0.56,882973077,2023-06-16
688041,海光信息,0.4,2324338091,2023-06-15
301345,涛涛车业,15.0,109333600,2023-06-16
300827,上能电气,0.954167,249023909,2023-06-16
003023,彩虹集团,3.5,105341600,2023-06-16
002580,圣阳股份,0.19,453868993,2023-06-16
002942,新农股份,2.5,156000000,2023-06-16
605288,凯迪股份,2.7,70198912,2023-06-16
600061,国投资本,0.92,6425306567,2023-06-15
688308,欧科亿,7.0,113291506,2023-06-16
600008,首创环保,1.3,7340590677,2023-06-15
600348,华阳股份,8.77,2405000000,2023-06-16
300190,维尔利,0.500323,781588507,2023-06-16
300880,迦南智能,5.0,193196160,2023-06-16
603839,安正时尚,5.0,399212160,2023-06-15
688033,*ST天宜,0.4,561368496,2023-06-15
600655,豫园股份,3.5,3899930914,2023-06-16
300640,德艺文创,1.2,312452427,2023-06-16
688123,聚辰股份,8.8,121308817,2023-06-15
002192,融捷股份,9.8,259655203,2023-06-16
688779,五矿新能,2.316,1929217295,2023-06-15
601899,紫金矿业,2.0,26326571240,2023-06-15
603041,美思德,1.4,183147692,2023-06-15
000973,佛塑科技,0.43,967423171,2023-06-16
000726,鲁泰A,1.0,863697519,2023-06-16
300122,智飞生物,5.0,1600000000,2023-06-16
603100,川仪股份,6.0,395000000,2023-06-15
002765,蓝黛科技,0.5,656363090,2023-06-15
688531,日联科技,3.0,79405467,2023-06-15
000026,飞亚达,2.5,417627960,2023-06-15
603712,七一二,1.1,772000000,2023-06-16
603901,永创智能,1.3,488164493,2023-06-16
000153,丰原药业,1.0,332111230,2023-06-16
001256,炜冈科技,1.7,142612558,2023-06-15
603165,荣晟环保,4.6,278431276,2023-06-16
605389,长龄液压,3.5,136266760,2023-06-15
603486,科沃斯,9.0,572398374,2023-06-15
688690,纳微科技,1.0284,403814765,2023-06-15
688258,卓易信息,0.8,86956591,2023-06-15
603810,丰山集团,0.6999,162317070,2023-06-15
600132,重庆啤酒,26.0,483971198,2023-06-16
001286,陕西能源,3.5,3750000000,2023-06-16
600761,安徽合力,4.0,740180802,2023-06-16
300260,新莱应材,1.6,226559307,2023-06-16
002449,国星光电,0.6,618477169,2023-06-15
603619,中曼石油,2.5,400000100,2023-06-15
688616,西力科技,2.1,150000000,2023-06-15
603607,京华激光,5.0,178516800,2023-06-16
688102,斯瑞新材,0.8,400010000,2023-06-15
600035,楚天高速,1.4,1610115901,2023-06-16
603173,福斯达,1.4,160000000,2023-06-16
601238,广汽集团,1.8,10483928681,2023-06-16
002970,锐明技术,2.0,172996000,2023-06-16
003013,地铁设计,4.5,400010000,2023-06-16
600570,恒生电子,1.3,1900006442,2023-06-19
000088,盐田港,0.45,2249161747,2023-06-16
300321,同大股份,0.35,88800000,2023-06-16
002039,黔源电力,3.0,427558126,2023-06-16
300420,五洋自控,0.1,1116383561,2023-06-16
000859,国风新材,0.2,895976271,2023-06-16
301439,泓淋电力,1.5,389101809,2023-06-16
002436,兴森科技,0.8,1689546557,2023-06-16
002224,三力士,0.5,729596647,2023-06-16
002276,万马股份,0.48,1035489098,2023-06-16
001296,长江材料,1.0,106859233,2023-06-16
605566,福莱蒽特,0.35,133340000,2023-06-16
600285,羚锐制药,6.0,567299680,2023-06-16
688167,炬光科技,4.2861,90363344,2023-06-15
688088,虹软科技,1.25,406000000,2023-06-15
300439,美康生物,1.05,382999815,2023-06-16
603163,圣晖集成,8.125,80000000,2023-06-15
688087,英科再生,2.0,134627593,2023-06-16
000970,中科三环,1.0,1215725773,2023-06-19
002090,金智科技,0.25,404264936,2023-06-16
300643,万通智控,1.18,230000000,2023-06-15
601799,星宇股份,11.0,285679419,2023-06-16
600616,金枫酒业,0.3,669004950,2023-06-16
000736,中交发展,0.1,695433689,2023-06-16
600007,中国国贸,7.0,1007282534,2023-06-15
001318,阳光乳业,1.5,282660000,2023-06-16
300661,圣邦股份,3.0,359488286,2023-06-16
600796,钱江生化,1.02,866585766,2023-06-16
300425,中建环能,0.57,675708786,2023-06-16
000501,武商集团,0.5,768992731,2023-06-16
920914,远航精密,2.0,100000000,2023-06-19
603211,晋拓股份,0.75,271808000,2023-06-16
688218,江苏北人,0.9,117795700,2023-06-15
603886,元祖股份,10.0,240000000,2023-06-16
605003,众望布艺,4.1,110000000,2023-06-16
300811,铂科新材,2.0,110438392,2023-06-16
603081,大丰实业,1.5,409627512,2023-06-15
601890,亚星锚链,0.5,959400000,2023-06-19
000027,深圳能源,1.4,4757389916,2023-06-15
002991,甘源食品,10.73,93215831,2023-06-16
600833,第一医药,1.95,223086347,2023-06-16
603980,吉华集团,0.8,700000000,2023-06-16
603236,移远通信,10.0,188982076,2023-06-15
688037,芯源微,4.0,92870899,2023-06-15
002110,三钢闽光,0.5,2451576238,2023-06-16
002534,西子洁能,1.0,739202803,2023-06-15
603059,倍加洁,1.8,100107340,2023-06-15
300188,国投智能,0.45,859477310,2023-06-16
600893,航发动力,1.45,2665594238,2023-06-16
688226,威腾电气,1.38,156000000,2023-06-16
605277,新亚电子,2.0,193064916,2023-06-16
600785,新华百货,1.0,225631280,2023-06-16
002100,天康生物,2.2,1354621726,2023-06-16
688369,致远互联,3.0,77267683,2023-06-16
001212,中旗新材,1.0,117871000,2023-06-16
000797,中国武夷,0.1,1570754217,2023-06-16
002149,西部材料,2.0,488214274,2023-06-16
000785,居然智家,2.0,6287288273,2023-06-16
688455,科捷智能,2.0,180849167,2023-06-16
603218,日月股份,2.0,1031020000,2023-06-16
600332,白云山,7.32,1625790949,2023-06-16
603488,展鹏科技,2.0,291990440,2023-06-19
002838,道恩股份,0.7,447820220,2023-06-16
688049,炬芯科技,2.0,122000000,2023-06-16
688193,仁度生物,1.25,40000000,2023-06-16
605020,永和股份,2.5,270808969,2023-06-16
000818,航锦科技,0.6,679156000,2023-06-16
603125,常青科技,0.9,192550000,2023-06-19
600229,城市传媒,2.0,671208000,2023-06-16
002129,TCL中环,1.0,3233957499,2023-06-16
000521,长虹美菱,0.9,1029923715,2023-06-16
605133,嵘泰股份,1.7,186193816,2023-06-16
300539,横河精密,0.8,222125279,2023-06-16
688575,亚辉龙,4.5,568129100,2023-06-16
002734,利民股份,2.5,371216022,2023-06-16
605188,国光连锁,0.1,495580000,2023-06-16
600857,宁波中百,0.45,224319919,2023-06-16
300014,亿纬锂能,1.6,2045721497,2023-06-19
002064,华峰化学,1.5,4962543897,2023-06-16
603223,恒通股份,0.65,510133604,2023-06-16
001219,青岛食品,3.0,115375000,2023-06-16
001258,立新能源,0.63,933333334,2023-06-16
301086,鸿富瀚,13.0,60000000,2023-06-20
002075,沙钢股份,0.5,2206771772,2023-06-16
603898,好莱客,7.19,311283362,2023-06-16
920195,三祥科技,1.5,98030000,2023-06-21
601015,陕西黑猫,1.0,2042497639,2023-06-16
603601,再升科技,0.45,1021643312,2023-06-16
003012,东鹏控股,1.0,1173000000,2023-06-20
600079,ST人福,1.6,1632715541,2023-06-16
600219,南山铝业,0.4,11708552848,2023-06-16
300371,汇中股份,1.0,167681080,2023-06-16
920204,沪江材料,0.6,48352717,2023-06-20
301177,迪阿股份,10.0,400010000,2023-06-20
600732,爱旭股份,5.5,1306618702,2023-06-16
301235,华康洁净,1.3,105600000,2023-06-20
300733,西菱动力,1.0,190174615,2023-06-19
300785,值得买,2.0,132570162,2023-06-20
300867,圣元环保,0.7,271741053,2023-06-19
300838,浙江力诺,2.5,136340000,2023-06-20
603577,汇金通,0.36,339139100,2023-06-16
601375,中原证券,0.07,4642884700,2023-06-19
688083,中望软件,5.0,86674923,2023-06-19
600501,航天晨光,0.3,431928600,2023-06-19
603733,仙鹤股份,3.1,705975477,2023-06-19
600928,西安银行,1.65,4444444445,2023-06-20
603025,大豪科技,2.0,924333311,2023-06-20
605138,盛泰集团,2.04,555560546,2023-06-19
000869,张裕A,4.5,685464000,2023-06-19
603289,泰瑞机器,1.5,295721200,2023-06-19
300596,利安隆,3.44,229619667,2023-06-21
301387,光大同创,3.5,76000000,2023-06-19
601108,财通证券,1.0,4643738414,2023-06-19
301119,正强股份,1.5,80000000,2023-06-19
002810,山东赫达,3.0,342434040,2023-06-16
002521,齐峰新材,1.0,494685819,2023-06-19
920505,九菱科技,4.0,44819000,2023-06-21
603122,合富中国,1.5,398052633,2023-06-21
300830,金现代,0.52,430125000,2023-06-19
002946,新乳业,0.85,866583098,2023-06-20
300387,富邦科技,0.5,289057018,2023-06-21
688507,索辰科技,1.5,41333400,2023-06-20
601968,宝钢包装,1.21,1133039174,2023-06-20
600025,华能水电,1.75,18000000000,2023-06-19
603301,振德医疗,7.5,266451202,2023-06-20
600126,杭钢股份,0.5,3377189083,2023-06-19
002448,中原内配,1.1,588409646,2023-06-20
601100,恒立液压,6.2,1340820992,2023-06-20
002440,闰土股份,2.5,1150500000,2023-06-20
688282,理工导航,5.5,88000000,2023-06-20
688069,德林海,1.9,83203600,2023-06-19
600477,杭萧钢构,0.35,2369111152,2023-06-19
600502,安徽建工,2.5,1716533938,2023-06-19
300802,矩子科技,1.6,259923971,2023-06-21
300780,德恩精工,1.6,146670000,2023-06-20
000831,中国稀土,0.4,980888981,2023-06-20
301230,泓博医药,5.0,76873333,2023-06-21
601101,昊华能源,3.4,1439997926,2023-06-19
601872,招商轮船,1.9,8126250017,2023-06-20
002286,保龄宝,0.8,370770580,2023-06-20
601012,隆基绿能,4.0,7581512677,2023-06-19
600419,天润乳业,1.87,320190246,2023-06-19
002144,宏达高科,1.0,176762528,2023-06-20
605255,天普股份,2.2,134080000,2023-06-19
600075,新疆天业,1.0,1707361193,2023-06-19
300969,恒帅股份,2.5,80000000,2023-06-21
600376,首开股份,1.0,2579565242,2023-06-19
002965,祥鑫科技,4.36,178268038,2023-06-21
603466,风语筑,0.35,594774319,2023-06-20
601065,江盐集团,0.78,642776079,2023-06-19
301060,兰卫医学,3.0,400517000,2023-06-20
301285,鸿日达,0.25,206670000,2023-06-21
301195,北路智控,9.0,87681160,2023-06-20
600585,海螺水泥,14.8,5299302579,2023-06-20
600053,*ST九鼎,1.6,433540800,2023-06-20
688409,富创精密,7.0,209053334,2023-06-19
301027,华蓝集团,0.35,148291400,2023-06-20
002615,哈尔斯,2.0,466749332,2023-06-20
002631,德尔未来,0.3,658654404,2023-06-20
603170,宝立食品,2.5,400010000,2023-06-20
002977,*ST天箭,2.0,100100000,2023-06-20
688376,美埃科技,1.0,134400000,2023-06-19
603530,神马电力,0.5,432263327,2023-06-19
600123,兰花科创,10.0,1142400000,2023-06-19
603336,宏辉果蔬,0.35,438730686,2023-06-20
003004,声迅股份,2.0,81840000,2023-06-19
002635,安洁科技,2.0,675843779,2023-06-20
001215,千味央厨,1.7,86642436,2023-06-20
600657,信达地产,0.4,2851878595,2023-06-21
603060,国检集团,1.22,729574457,2023-06-21
300960,通业科技,4.0,102385812,2023-06-20
300717,华信新材,2.0,102775000,2023-06-20
603217,元利科技,5.0,208206400,2023-06-19
301199,迈赫股份,0.7,133340000,2023-06-19
001230,劲旅环境,2.0,111393348,2023-06-21
002132,恒星科技,0.5,1401544698,2023-06-19
600814,杭州解百,1.3,735729238,2023-06-20
300319,麦捷科技,1.269388,866805074,2023-06-20
600015,华夏银行,3.83,15914928468,2023-06-21
600629,华建集团,0.2,970737119,2023-06-20
601166,兴业银行,11.88,20774276925,2023-06-19
300774,倍杰特,1.0,408763660,2023-06-21
688320,禾川科技,1.8,151013668,2023-06-19
688313,仕佳光子,0.5,458802328,2023-06-19
688117,圣诺生物,2.5,80000000,2023-06-19
920839,万通液压,2.0,119342500,2023-06-21
002010,传化智联,1.0,2802649508,2023-06-19
002877,智能自控,0.35,332574991,2023-06-20
603777,来伊份,0.91,336559908,2023-06-19
002414,高德红外,1.3,3285181622,2023-06-20
000887,中鼎股份,2.0,1316489747,2023-06-19
600956,新天绿能,1.93,4187093073,2023-06-19
920123,芭薇股份,4.0,76600000,2023-06-20
002483,润邦股份,0.531484,886468413,2023-06-21
300193,佳士科技,1.0,487272604,2023-06-20
601228,广州港,0.43,7544531351,2023-06-21
000782,恒申新材,0.3,528139623,2023-06-20
600746,江苏索普,2.0,1167842884,2023-06-20
002678,珠江钢琴,0.28,1361374323,2023-06-20
603579,荣泰健康,5.0,138973992,2023-06-20
000400,许继电气,1.4,1008327309,2023-06-20
600141,兴发集团,10.0,1111674695,2023-06-20
600717,天津港,0.77,2894001038,2023-06-20
000573,粤宏远A,0.8,638280604,2023-06-20
000636,风华高科,1.0,1157013211,2023-06-21
603027,千禾味业,1.08,965468590,2023-06-20
600621,华鑫股份,1.0,1060899292,2023-06-21
000738,航发控制,0.53,1315184001,2023-06-20
002983,芯瑞达,2.478149,185808000,2023-06-21
002185,华天科技,0.26,3204484648,2023-06-21
600754,锦江酒店,0.6,1070044063,2023-06-21
601038,一拖股份,2.257,1123645275,2023-06-21
600425,青松建化,1.0,1604703707,2023-06-21
002859,洁美科技,1.0,432815736,2023-06-21
920062,科润智控,1.0,184086277,2023-06-28
002140,东华科技,1.0,708182622,2023-06-20
600028,中国石化,1.95,119896407646,2023-06-21
600801,华新建材,5.1,2096599855,2023-06-20
002579,中京电子,0.8,612618620,2023-06-20
688090,瑞松科技,1.3,67360588,2023-06-20
600351,亚宝药业,0.5,770000023,2023-06-20
603681,永冠新材,2.0,191130653,2023-06-20
688499,利元亨,4.0,88304492,2023-06-20
300580,贝斯特,4.0,201243963,2023-06-21
301001,凯淳股份,1.25,80000000,2023-06-21
000966,长源电力,0.14,2749327699,2023-06-20
300869,康泰医学,1.249991,401799811,2023-06-20
688697,纽威数控,4.0,326666700,2023-06-21
603566,普莱柯,3.5,352916573,2023-06-20
002304,洋河股份,37.4,1506988000,2023-06-21
688400,凌云光,1.25,463500000,2023-06-20
002957,科瑞技术,2.4,410762170,2023-06-20
688007,光峰科技,0.54,457107538,2023-06-20
605108,同庆楼,0.75,260000000,2023-06-20
688061,灿瑞科技,5.5,77106974,2023-06-20
301189,奥尼电子,2.0,114896465,2023-06-21
000543,皖能电力,0.48,2266863331,2023-06-20
603987,康德莱,2.2,441569000,2023-06-20
600236,桂冠电力,2.0,7882377802,2023-06-20
002145,钛能化学,0.5,3871026315,2023-06-20
603359,*ST东珠,0.1,446096000,2023-06-21
603890,春秋电子,1.0,439039377,2023-06-20
603613,国联股份,2.27,498655409,2023-06-20
603212,赛伍技术,1.25,440299036,2023-06-20
300692,中赋科技,0.499998,423753771,2023-06-21
001234,泰慕士,5.0,106666700,2023-06-26
300871,回盛生物,3.0,165887155,2023-06-21
003042,中农联合,1.0,142480000,2023-06-21
603986,兆易创新,6.2,667025148,2023-06-20
603528,多伦科技,0.7,624142768,2023-06-20
920876,慧为智能,2.0,64180659,2023-06-21
600037,歌华有线,0.73,1391777884,2023-06-21
301206,三元生物,7.0,202325700,2023-06-21
002201,九鼎新材,0.05,651636241,2023-06-26
301339,通行宝,1.69,407000000,2023-06-21
603040,新坐标,3.5,135222509,2023-06-20
001338,永顺泰,0.6,501730834,2023-06-21
002557,洽洽食品,10.0,507002313,2023-06-20
002017,东信和平,1.0,446486084,2023-06-21
688539,高华科技,3.0,132800000,2023-06-20
603353,和顺石油,2.0,173394000,2023-06-20
601700,风范股份,0.1,1142246700,2023-06-20
002412,汉森制药,3.0,503200000,2023-06-20
002753,永东股份,0.16,375685072,2023-06-21
000985,大庆华科,0.48,129639500,2023-06-21
688377,迪威尔,1.6,194667000,2023-06-21
300303,聚飞光电,1.0,1342293237,2023-06-21
002095,生意宝,0.5,252720000,2023-06-21
300113,顺网科技,0.7,694287240,2023-06-20
002736,国信证券,2.7,9612429377,2023-06-21
002170,芭田股份,0.15,889862627,2023-06-20
001210,金房能源,5.5,90748077,2023-06-21
601555,东吴证券,1.58,5007502651,2023-06-20
300913,兆龙互连,1.1,183750000,2023-06-21
603556,海兴电力,7.0,488684040,2023-06-21
300918,南山智尚,1.6,360000000,2023-06-21
002035,华帝股份,1.0,847653618,2023-06-21
002006,精工科技,2.0,455160000,2023-06-21
603489,八方股份,20.0,120297135,2023-06-21
600760,中航沈飞,4.0,1968356795,2023-06-27
603976,正川股份,0.6,151201996,2023-06-21
300154,瑞凌股份,1.5,455843200,2023-06-21
001696,宗申动力,2.5,1145026920,2023-06-21
300680,隆盛科技,1.012093,231024278,2023-06-26
600218,全柴动力,0.8,435599919,2023-06-21
603867,新化股份,5.5,185589502,2023-06-21
300349,金卡智能,1.0,429054325,2023-06-21
600584,长电科技,2.0,1786557826,2023-06-21
603667,五洲新春,1.8,328384621,2023-06-21
603266,天龙股份,1.3,198886750,2023-06-26
000019,深粮控股,2.5,1152535254,2023-06-26
300255,常山药业,0.05,934966878,2023-06-27
000987,越秀资本,1.7,5017132462,2023-06-26
688182,灿勤科技,0.7,400000000,2023-06-21
603977,国泰集团,0.8,621241828,2023-06-21
688296,和达科技,1.5,107393160,2023-06-21
002439,启明星辰,2.0,943699162,2023-06-26
000983,山西焦煤,12.0,5677101059,2023-06-21
600527,江南高纤,1.0,1731760902,2023-06-21
000531,穗恒运A,0.7,822099384,2023-06-26
688348,昱能科技,22.0,80000000,2023-06-21
301137,哈焊华通,0.89,181813400,2023-06-21
301000,肇民科技,8.0,96000300,2023-06-26
300908,仲景食品,10.0,100000000,2023-06-27
688056,莱伯泰科,2.0,67236400,2023-06-21
301366,一博科技,2.3,83333334,2023-06-26
603128,华贸物流,3.42,1309462971,2023-06-21
688363,华熙生物,6.1,481678242,2023-06-21
600559,老白干酒,3.0,914747444,2023-06-21
600201,生物股份,0.6,1120369226,2023-06-21
000519,中兵红箭,0.55,1392558982,2023-06-21
002598,ST章鼓,1.0,312000000,2023-06-26
688095,福昕软件,5.0,66202302,2023-06-21
688518,联赢激光,1.2,337292475,2023-06-21
600809,山西汾酒,33.2,1219964222,2023-06-26
600642,申能股份,1.6,4909428286,2023-06-21
300820,英杰电气,5.0,143705250,2023-06-27
603798,康普顿,0.7,200000000,2023-06-21
600560,金自天正,0.6,223645500,2023-06-21
300999,金龙鱼,0.77,5421591536,2023-06-21
603408,建霖家居,4.7,449092500,2023-06-21
603871,嘉友国际,5.0,500048597,2023-06-21
603602,纵横通信,0.5,203849297,2023-06-21
601009,南京银行,5.339,10343732928,2023-06-21
000423,东阿阿胶,11.780936,643976824,2023-06-21
600406,国电南瑞,3.9,6694502993,2023-06-21
000753,漳州发展,0.2,991481071,2023-06-21
603208,江山欧派,20.0,136585243,2023-06-21
601949,中国出版,1.08,1822500000,2023-06-21
300547,川环科技,2.77,216906174,2023-06-26
688439,振华风光,3.79,200000000,2023-06-21
600596,新安股份,7.5,1145746540,2023-06-21
603587,地素时尚,7.0,481077600,2023-06-21
688092,爱科科技,2.4,59298731,2023-06-21
300724,捷佳伟创,2.0,348199616,2023-06-26
000042,中洲控股,0.12,664831139,2023-06-21
000528,柳工,1.0,1951261261,2023-06-21
603628,清源股份,0.8,273800000,2023-06-26
688251,井松智能,1.0,59428464,2023-06-26
603365,水星家纺,7.0,266670000,2023-06-26
000006,深振业A,0.94,1349995046,2023-06-28
603823,百合花,2.1,317046520,2023-06-26
600458,时代新材,1.35,822478152,2023-06-26
603700,宁水集团,3.0,203242000,2023-06-26
000060,中金岭南,0.999999,3737544918,2023-06-28
002028,思源电气,2.999822,770206032,2023-06-26
605168,三人行,22.0,101407289,2023-06-28
688017,绿的谐波,1.0,168672168,2023-06-26
600271,航天信息,1.75,1852884638,2023-06-26
688080,映翰通,1.4,52572516,2023-06-28
000811,冰轮环境,2.0,745837804,2023-06-28
002732,燕塘乳业,2.0,157350000,2023-06-26
688013,天臣医疗,2.5,81155600,2023-06-27
000898,鞍钢股份,0.068,9400979520,2023-06-27
300487,蓝晓科技,6.42,335097673,2023-06-26
688485,九州一轨,1.278,150292062,2023-06-27
600363,联创光电,0.59,455225750,2023-06-26
920371,欧福蛋业,1.0,205445536,2023-06-28
002015,协鑫能科,1.9,1623324614,2023-06-26
000417,合百集团,0.7,779884200,2023-06-28
300837,浙矿股份,3.0,100000000,2023-06-28
000030,富奥股份,2.5,1741643085,2023-06-27
601919,中远海控,13.9,16170253938,2023-06-28
301150,中一科技,13.0,101020762,2023-06-27
003039,顺控发展,1.11,617518730,2023-06-27
600125,铁龙物流,0.8,1305521874,2023-06-27
600133,东湖高新,1.26,795618496,2023-06-26
688122,西部超导,10.0,464046069,2023-06-26
605567,春雪食品,1.5,200000000,2023-06-26
600016,民生银行,2.14,43782418502,2023-06-26
002180,奔图科技,1.2,1416277738,2023-06-26
688248,南网科技,1.25,564700000,2023-06-26
688259,创耀科技,3.5,80000000,2023-06-26
002948,青岛银行,1.6,5820354724,2023-06-21
688501,青达环保,1.0,94670000,2023-06-26
600782,新钢股份,1.0,3188722696,2023-06-28
002930,宏川智慧,3.0,452787270,2023-06-26
300507,苏奥传感,1.2,791528907,2023-06-28
688162,巨一科技,3.3,137387500,2023-06-26
603933,睿能科技,0.9,210508200,2023-06-27
600848,上海临港,2.0,2522487004,2023-06-27
300694,蠡湖股份,0.5,215316977,2023-06-27
688171,纬德信息,1.4,83773400,2023-06-28
603190,亚通精工,3.0,120000000,2023-06-28
000977,浪潮信息,1.491414,1472135122,2023-06-28
688777,中控技术,7.5,542017018,2023-06-26
000061,农产品,0.4,1696964131,2023-06-26
600992,贵绳股份,0.29,245090000,2023-06-27
000507,珠海港,0.707658,919734895,2023-06-27
002636,金安国纪,0.85,728000000,2023-06-26
002195,岩山科技,0.2,5724847663,2023-06-28
601568,北元化工,2.6,3972222224,2023-06-26
688298,东方生物,20.0,168000000,2023-06-26
000858,五粮液,37.82,3881608005,2023-06-27
300283,温州宏丰,0.25,437099178,2023-06-28
301040,中环海陆,0.4,100000202,2023-06-28
002590,万安科技,0.8,479646926,2023-06-27
688120,华海清科,5.0,106666700,2023-06-27
000612,焦作万方,0.7,1192199394,2023-06-27
300923,研奥股份,2.8,78600000,2023-06-27
000680,山推股份,0.76,1500855412,2023-06-28
600056,中国医药,1.4755,1495879748,2023-06-28
600958,东方证券,1.5,8496645292,2023-06-28
000850,华茂股份,2.0,943665009,2023-06-28
688599,天合光能,4.7796,2173425666,2023-06-27
600613,神奇制药,1.0,534071628,2023-06-27
601616,广电电气,0.7,935575000,2023-06-28
002997,瑞鹄模具,3.0,183635217,2023-06-28
600206,有研新材,0.96,846553332,2023-06-27
000058,深赛格,0.1,1231200672,2023-06-28
603357,设计总院,5.3,467479538,2023-06-27
688002,睿创微纳,1.1,447300000,2023-06-28
300450,先导智能,5.37,1566163034,2023-06-27
600073,光明肉业,1.61,937729472,2023-06-27
603321,梅轮电梯,1.0,307000000,2023-06-27
920925,锦好医疗,2.0,49212300,2023-06-30
300882,万胜智能,2.0,204429420,2023-06-28
300002,神州泰岳,0.3,1961091984,2023-06-28
300073,当升科技,6.68,506500774,2023-06-29
605318,法狮龙,3.0,129171152,2023-06-27
605365,立达信,3.0,503450000,2023-06-28
920725,惠丰钻石,1.0,92300000,2023-06-28
000768,中航西飞,1.0,2781740071,2023-06-29
920942,恒立钻具,1.0,61327100,2023-06-29
001222,源飞宠物,4.0,136350000,2023-06-27
600729,重百集团,6.8,406528465,2023-06-28
002312,川发龙蟒,2.2,1892096394,2023-06-28
600248,陕建股份,1.0,3768882286,2023-06-28
002896,中大力德,0.7,151171285,2023-06-27
920163,方大新材,1.2,128368000,2023-06-29
600917,重庆燃气,1.29,1571340000,2023-06-28
300214,日科化学,0.6,466802614,2023-06-29
601601,中国太保,10.2,9620341455,2023-06-29
688626,翔宇医疗,2.4,160000000,2023-06-28
002821,凯莱英,18.0,369655381,2023-06-28
300557,理工光科,2.0,71586123,2023-06-29
688137,近岸蛋白,5.0,70175439,2023-06-29
300040,九洲集团,0.599966,587688834,2023-06-29
300171,东富龙,3.27753,760702540,2023-06-29
002093,国脉科技,0.1,1007500000,2023-06-30
001328,登康口腔,6.0,172173800,2023-06-28
002791,坚朗五金,1.0,321540000,2023-06-28
600345,长江通信,0.8,198000000,2023-06-29
000600,建投能源,0.3,1791626376,2023-06-29
601825,沪农商行,3.42,9644444445,2023-06-28
601598,中国外运,1.0,7294216875,2023-06-28
002840,华统股份,0.27,612909455,2023-06-29
000823,超声电子,1.0,536989242,2023-06-29
001872,招商港口,4.5,2499074661,2023-06-28
601199,江南水务,0.9,935210292,2023-06-28
688687,凯因科技,2.0,170908422,2023-06-29
603323,苏农银行,1.7,1803073107,2023-06-28
601229,上海银行,4.0,14206666586,2023-06-28
301151,冠龙节能,2.0,167674290,2023-06-29
600195,中牧股份,1.8,1021148260,2023-06-28
000923,河钢资源,3.0,652728961,2023-06-28
001319,铭科精技,2.5,141400000,2023-06-29
000598,兴蓉环境,1.12,2985566321,2023-06-28
301205,联特科技,2.0,72080000,2023-06-30
301333,诺思格,2.5,60000000,2023-06-29
600909,华安证券,1.0,4697662970,2023-06-29
688125,安达智能,5.0,80808080,2023-06-28
601857,中国石油,2.2,183020977818,2023-06-28
301148,嘉戎技术,3.9,116497080,2023-06-29
000029,深深房A,0.61,1011660000,2023-06-28
000951,中国重汽,0.82,1174869360,2023-06-29
002673,西部证券,0.49,4469581705,2023-06-28
002585,双星新材,2.0,1156278085,2023-06-29
003017,大洋生物,2.0,60000000,2023-06-29
601077,渝农商行,2.714,11357000000,2023-06-29
301102,兆讯传媒,2.0,200000000,2023-06-30
002038,双鹭药业,1.0,1027350000,2023-06-28
605018,长华集团,0.5,471505353,2023-06-28
601211,国泰海通,5.3,8904531190,2023-06-29
300583,赛托生物,0.15,118563829,2023-06-28
300240,飞力达,0.5,370088500,2023-06-29
603499,翔港科技,0.15,201153443,2023-06-28
600533,栖霞建设,1.0,1050000000,2023-06-29
002595,豪迈科技,3.75,800000000,2023-06-29
002746,仙坛股份,1.0,860538727,2023-06-29
600038,中直股份,1.97,589476716,2023-06-28
300205,*ST天喻,0.45,430056000,2023-06-29
600850,电科数字,3.0,685074346,2023-06-29
000498,山东路桥,1.6,1560987803,2023-06-29
603416,信捷电气,1.8,140560000,2023-06-28
002393,力生制药,3.0,183992992,2023-06-30
603989,艾华集团,3.0,400820172,2023-06-30
001208,华菱线缆,0.5,534424000,2023-06-28
003009,中天火箭,0.929995,155393068,2023-06-30
300916,朗特智能,5.0,95805000,2023-06-30
000920,沃顿科技,1.08,472621118,2023-06-29
688768,容知日新,5.3719,55152735,2023-06-29
000652,泰达股份,0.2,1475573852,2023-06-28
600552,凯盛科技,0.5,944606894,2023-06-28
002303,美盈森,0.66,1531323685,2023-06-28
600969,郴电国际,0.589,370050484,2023-06-29
600163,中闽能源,1.0,1902996143,2023-06-30
603307,扬州金泉,3.6,67000000,2023-06-28
600256,广汇能源,8.0,6565755139,2023-06-29
601789,宁波建工,1.0,1086798590,2023-06-30
000570,苏常柴A,0.1,705692507,2023-06-29
600098,广州发展,2.0,3544055525,2023-06-28
688456,有研粉材,2.0,103660000,2023-06-28
600755,厦门国贸,6.5,2221659957,2023-06-28
000591,太阳能,1.28,3909227441,2023-06-28
002183,怡亚通,0.2,2597009091,2023-06-29
688566,吉贝尔,2.4,186941600,2023-06-29
300003,乐普医疗,3.41,1880610036,2023-06-30
601668,中国建筑,2.527,41934432844,2023-06-30
603055,台华新材,1.0,890460527,2023-07-03
603585,苏利股份,5.5,180001968,2023-06-30
002809,红墙股份,1.0,210227252,2023-06-29
300018,中元股份,0.5,480831536,2023-06-30
600295,鄂尔多斯,10.0,1999125896,2023-06-30
603203,快克智能,10.0,249648907,2023-06-29
600493,凤竹纺织,0.288,272000000,2023-06-30
603026,石大胜华,3.0,202680000,2023-06-30
605088,冠盛股份,5.0,165795000,2023-06-29
600862,中航高科,1.65,1393049107,2023-06-29
000529,广弘控股,1.5,583790330,2023-06-29
300873,海晨股份,3.5,230601779,2023-06-29
600776,东方通信,0.55,1256000064,2023-07-03
688188,柏楚电子,11.3,146292610,2023-06-29
002783,凯龙股份,1.0,391238834,2023-06-29
600894,广日股份,1.8,859946895,2023-06-30
603013,亚普股份,5.0,512634266,2023-06-29
600901,江苏金租,3.5,3031933482,2023-06-29
600573,惠泉啤酒,0.5,250000000,2023-06-29
605588,冠石科技,1.12,73099561,2023-06-29
600158,中体产业,0.04,959513067,2023-06-29
001231,农心科技,2.0,100000000,2023-06-29
301368,丰立智能,1.25,120100000,2023-06-29
300690,双一科技,1.5,165348919,2023-06-30
600360,华微电子,0.185,960295304,2023-06-30
605376,博迁新材,3.0,261600000,2023-06-30
002497,雅化集团,4.7,1152562520,2023-06-29
600998,九州通,5.0,1873869441,2023-06-29
002466,天齐锂业,30.0,1641221583,2023-06-30
688685,迈信林,3.0,111866667,2023-06-30
300494,盛天网络,0.85,271665598,2023-06-30
603126,中材节能,0.9,610500000,2023-06-29
601098,中南传媒,6.0,1796000000,2023-06-30
000932,华菱钢铁,2.4,6908632499,2023-06-30
603817,海峡环保,0.56,534347631,2023-07-03
600435,北方导航,0.4,1498138483,2023-06-30
603112,华翔股份,1.81,437167455,2023-07-03
603155,新亚强,10.0,225562000,2023-06-29
300740,水羊股份,1.0,389464836,2023-06-30
603150,万朗磁塑,3.5872,85490000,2023-06-29
688262,国芯科技,2.5186,240000000,2023-06-29
301215,中汽股份,0.54,1322400000,2023-06-30
600549,厦门钨业,3.5,1418459200,2023-06-29
000900,现代投资,1.0,1517828334,2023-06-29
300798,锦鸡股份,0.2,417750916,2023-07-03
688143,长盈通,5.0,94134174,2023-06-29
688075,安旭生物,50.0,90773432,2023-06-29
688084,晶品特装,3.0,75659066,2023-06-29
600658,电子城,0.53,1118585045,2023-06-29
603337,杰克科技,3.2,486039976,2023-06-29
600469,风神股份,0.5,729450871,2023-06-29
002523,天桥起重,0.15,1416640800,2023-06-29
301019,宁波色母,4.0,120000000,2023-07-03
600883,博闻科技,1.05,236088000,2023-06-29
600336,澳柯玛,0.7,798014769,2023-06-30
600111,北方稀土,1.7,3615065842,2023-06-30
600602,云赛智联,0.4,1367673455,2023-06-29
000833,粤桂股份,0.59,668401851,2023-06-30
688076,ST诺泰,2.0,213183800,2023-06-30
300604,长川科技,1.0,607943782,2023-06-30
001213,中铁特货,0.37,4444444444,2023-06-29
600979,广安爱众,0.5,1232259790,2023-06-29
300858,科拓生物,3.0,175663412,2023-06-30
603385,惠达卫浴,1.01,381721298,2023-06-29
002462,嘉事堂,3.1,291707120,2023-06-30
600184,光电股份,0.57,508760826,2023-06-30
000886,海南高速,0.5,988828300,2023-06-30
603067,振华股份,2.07,509016166,2023-06-30
002096,易普力,0.3,1240440770,2023-06-30
002063,远光软件,0.5,1587580000,2023-07-03
603227,雪峰科技,1.5,1071692689,2023-06-30
000547,航天发展,0.351142,1598468269,2023-06-30
000581,威孚高科,1.0,1002579793,2023-06-30
000828,东莞控股,2.5,1039516992,2023-06-30
003026,中晶科技,2.0,100633516,2023-06-30
600742,富维股份,2.5,743057880,2023-06-30
000937,冀中能源,10.0,3533546850,2023-06-30
001238,浙江正特,1.0,110000000,2023-06-30
600497,驰宏锌锗,1.2,5091291568,2023-06-30
002500,山西证券,0.8,3589771547,2023-06-30
600517,国网英大,0.57,5718435744,2023-06-30
300672,国科微,3.0,217250112,2023-07-03
300414,中光防雷,0.16,326019466,2023-07-03
920000,安徽凤凰,0.68,91680000,2023-07-05
688408,中信博,1.0,135819480,2023-06-30
300607,拓斯达,0.71,425418634,2023-07-04
300034,钢研高纳,2.08,484654772,2023-07-04
603918,金桥信息,0.2,367759038,2023-06-30
600116,三峡水利,1.5,1912142904,2023-06-30
000807,云铝股份,1.6,3467957405,2023-06-30
688683,莱尔科技,0.9995,155177929,2023-06-30
600519,贵州茅台,259.11,1256197800,2023-06-30
603037,凯众股份,6.0,104901350,2023-06-30
002956,西麦食品,2.69,223277669,2023-07-04
920892,广咨国际,7.0,99272351,2023-07-06
920014,特瑞斯,1.8,96920000,2023-07-03
600479,千金药业,3.5,429507117,2023-06-30
603520,司太立,2.0,342914439,2023-06-30
605339,南侨食品,3.0,427976616,2023-07-04
603220,中贝通信,1.4,336368576,2023-07-05
600703,三安光电,0.5,4989018727,2023-07-05
603999,读者传媒,0.45,576000000,2023-07-05
301156,美农生物,6.0,80000000,2023-07-03
600251,冠农股份,1.84,776993583,2023-07-03
000930,中粮科技,5.7,1864720561,2023-07-03
605151,西上海,2.9,135340000,2023-07-04
301168,通灵股份,1.0,120000000,2023-07-04
603066,音飞储存,0.91,300702900,2023-07-03
300512,中亚股份,0.3,410977250,2023-07-04
920167,同享科技,0.47,109320000,2023-07-06
600874,创业环保,1.44,1570418085,2023-07-03
002203,海亮股份,0.8,1989547267,2023-07-05
920924,广脉科技,0.25,83000000,2023-07-05
002986,宇新股份,5.0,228151400,2023-07-04
300623,捷捷微电,0.95,736389956,2023-07-04
002027,分众传媒,2.8,14442199726,2023-07-03
603230,内蒙新华,1.5,353523000,2023-07-03
920885,星辰科技,1.05,85557480,2023-07-06
605266,健之佳,14.6,99162533,2023-07-03
688227,品高股份,1.25,113055275,2023-07-05
600566,济川药业,8.8,922418160,2023-07-03
000729,燕京啤酒,0.8,2818539341,2023-07-04
600521,华海药业,2.4,1482507087,2023-07-03
002384,东山精密,1.1,1709867327,2023-07-04
600826,兰生股份,1.09,532761055,2023-07-04
688385,复旦微电,1.35,816656500,2023-07-05
301190,善水科技,1.5,214636500,2023-07-05
002133,广宇集团,0.7,774144175,2023-07-05
300610,晨化股份,3.3,212877000,2023-07-05
002282,博深股份,0.3,543944364,2023-07-03
300079,数码视讯,0.099791,1429008862,2023-07-04
688667,菱电电控,1.5,51812140,2023-07-03
605050,福然德,3.0,492829181,2023-07-03
688271,联影医疗,2.01,824157988,2023-07-03
301398,星源卓镁,3.15,80000000,2023-07-06
002109,ST兴化,1.5,1052944789,2023-07-05
600459,贵研铂业,1.6502,760981578,2023-07-05
000605,渤海股份,0.2,352658600,2023-07-05
600868,梅雁吉祥,0.1,1898148679,2023-07-06
688215,瑞晟智能,1.2,40040000,2023-07-05
002883,*ST中设,0.8,156227282,2023-07-06
002573,清新环境,1.0,1434486079,2023-07-04
920346,威贸电子,3.0,80682603,2023-07-05
601880,辽港股份,0.174,23987065816,2023-07-05
600967,内蒙一机,2.42,1703779257,2023-07-04
603966,法兰泰克,2.6,300328671,2023-07-04
603045,福达合金,0.44,135445155,2023-07-05
000513,丽珠集团,16.0,935552687,2023-07-04
300475,香农芯创,1.4,457565767,2023-07-05
920961,创远信科,0.43,142840508,2023-07-07
300161,华中数控,0.2,198696906,2023-07-04
002230,科大讯飞,1.0,2315675653,2023-07-05
603896,寿仙谷,4.4,201828408,2023-07-04
688299,长阳科技,0.5,286833913,2023-07-04
603848,好太太,2.0,401000000,2023-07-06
920237,力佳科技,2.5,51420000,2023-07-06
920608,丰安股份,4.0,62240000,2023-07-06
688516,奥特维,15.963,154827261,2023-07-04
000552,甘肃能化,1.4,4611050262,2023-07-04
601169,北京银行,3.1,21142984272,2023-07-06
002051,中工国际,1.2,1237408937,2023-07-05
002771,真视通,0.13,209764100,2023-07-05
603861,白云电器,0.25,435977755,2023-07-05
002722,物产金轮,1.1,206572918,2023-07-04
300499,高澜股份,1.2,308620124,2023-07-04
688186,广大特材,0.4999,214240571,2023-07-06
301139,*ST元道,1.04,121580800,2023-07-04
688663,新风光,4.0,139950000,2023-07-04
600795,国电电力,1.0,17835619082,2023-07-06
301093,华兰股份,3.00399,135786667,2023-07-06
600461,洪城环境,4.34,1093395887,2023-07-04
688312,燕麦科技,2.0,144848536,2023-07-04
000936,华西股份,0.2,886012887,2023-07-05
688372,伟测科技,8.5,87210700,2023-07-06
300929,华骐环保,0.4,132132956,2023-07-05
600483,福能股份,4.0,1954571408,2023-07-04
601801,皖新传媒,1.85,1989204737,2023-07-05
300958,建工修复,1.81,142656479,2023-07-06
002829,星网宇达,3.6,172146312,2023-07-04
601088,中国神华,25.5,19868519955,2023-07-05
605183,确成股份,2.5,417400100,2023-07-04
002365,永安药业,1.0,294682500,2023-07-05
001227,兰州银行,1.2,5695697168,2023-07-05
002346,柘中股份,2.0,441575416,2023-07-04
000690,宝新能源,0.3,2175887862,2023-07-04
301296,新巨丰,0.37,420000000,2023-07-04
603332,苏州龙杰,1.0024,166513200,2023-07-04
002300,太阳电缆,1.0,656667000,2023-07-05
002126,银轮股份,0.8,801431624,2023-07-04
600266,城建发展,1.0,2256537600,2023-07-04
000541,佛山照明,1.0,1361994647,2023-07-04
600968,海油发展,0.85,10165104199,2023-07-06
603038,华立股份,0.34,206674697,2023-07-05
688505,复旦张江,0.7,1036572100,2023-07-07
002125,湘潭电化,1.26,629481713,2023-07-06
603808,歌力思,0.17,369092878,2023-07-05
301129,瑞纳智能,8.0,74390000,2023-07-05
300120,经纬辉开,0.5,574393929,2023-07-07
301257,普蕊斯,1.08,60975000,2023-07-06
300488,恒锋工具,1.45,165679281,2023-07-06
300605,恒锋信息,0.4,164462984,2023-07-05
300375,鹏翎股份,0.5,755378818,2023-07-05
600508,上海能源,7.3,722718000,2023-07-07
600032,浙江新能,0.692,2404675324,2023-07-06
300129,泰胜风能,0.5,934899232,2023-07-06
920821,则成电子,1.5,70592806,2023-07-10
600927,永安期货,1.4,1455555556,2023-07-06
002824,和胜股份,3.131637,199929256,2023-07-06
300564,筑博设计,6.25,164384000,2023-07-05
605577,龙版传媒,1.1,444444445,2023-07-05
920718,合肥高科,1.0,90666700,2023-07-07
002953,日丰股份,0.6,352202944,2023-07-05
600612,老凤祥,14.6,523117764,2023-07-07
603768,常青股份,0.95,204000000,2023-07-06
688268,华特气体,3.9902,120335880,2023-07-06
603801,志邦家居,7.0,436547813,2023-07-05
600908,无锡银行,2.0,2151114919,2023-07-06
605268,王力安防,2.0,439577500,2023-07-05
603115,海星股份,7.5,239200000,2023-07-06
920261,一诺威,4.0,291132748,2023-07-07
000623,吉林敖东,3.0,1163105155,2023-07-07
603167,渤海轮渡,1.5,469144503,2023-07-07
920415,恒拓开源,0.6,140511487,2023-07-11
603338,浙江鼎力,5.0,506347879,2023-07-06
300357,我武生物,2.0,523584000,2023-07-06
600162,香江控股,1.2,3268438122,2023-07-05
600623,华谊集团,1.9,2131449598,2023-07-06
600966,博汇纸业,0.1844,1336844288,2023-07-06
300332,天壕能源,0.849807,882094965,2023-07-06
300644,南京聚隆,1.5,107800400,2023-07-07
000885,城发环境,1.65,642078255,2023-07-07
600480,凌云股份,1.0991,940605910,2023-07-07
002441,众业达,3.5,544543609,2023-07-06
601002,晋亿实业,1.0,959273120,2023-07-07
300381,溢多利,1.0,490081989,2023-07-06
002311,海大集团,4.5,1663749970,2023-07-07
600556,天下秀,0.1,1807747642,2023-07-06
301097,天益医疗,5.0,58947368,2023-07-06
002827,高争民爆,1.5,276000000,2023-07-05
002747,埃斯顿,0.3,869662373,2023-07-06
920368,连城数控,2.0,233499640,2023-07-07
603988,中电电机,0.658,235200000,2023-07-05
688568,中科星图,2.0,245260756,2023-07-05
002955,鸿合科技,12.82,234425900,2023-07-06
300462,ST华铭,0.65,188265025,2023-07-07
300982,苏文电能,3.5,171471695,2023-07-05
601226,华电科工,1.0003,1166660000,2023-07-07
002368,太极股份,1.822854,623231286,2023-07-06
601778,晶科科技,0.07,3570888352,2023-07-05
688370,丛麟科技,28.0,106400000,2023-07-05
300775,三角防务,1.0,549297853,2023-07-06
600704,物产中大,1.5,5193362040,2023-07-06
603590,康辰药业,2.0,160000000,2023-07-07
300348,长亮科技,0.06,730774862,2023-07-06
688613,奥精医疗,1.07,133333334,2023-07-06
603655,朗博科技,0.5,106000000,2023-07-06
688116,天奈科技,0.95,232521084,2023-07-07
002792,通宇通讯,1.0,402056966,2023-07-07
688151,华强科技,0.757,344500000,2023-07-07
300075,数字政通,0.5,510533465,2023-07-10
603979,金诚信,1.2,602131561,2023-07-07
300810,中科海讯,0.2,118050000,2023-07-07
603116,红蜻蜓,3.5,576200800,2023-07-07
688247,宣泰医药,0.62,453340000,2023-07-07
300257,开山股份,1.0,993635018,2023-07-07
002281,光迅科技,1.7,803118952,2023-07-07
300455,航天智装,0.15,717767936,2023-07-07
603355,莱克电气,10.0,573888879,2023-07-06
601636,旗滨集团,2.5,2683500836,2023-07-07
600487,亨通光电,0.8,2466734657,2023-07-07
600379,宝光股份,0.53,330201564,2023-07-07
605086,龙高股份,3.3,128000000,2023-07-07
688609,九联科技,0.38,500000000,2023-07-07
002204,大连重工,0.3,1931370032,2023-07-07
300955,嘉亨家化,3.5,100800000,2023-07-07
301031,中熔电气,6.0,66277427,2023-07-10
600167,联美控股,2.1,2288119475,2023-07-06
300887,谱尼测试,7.0,287411842,2023-07-10
600420,国药现代,1.0,1341172692,2023-07-06
002567,唐人神,0.37,1387596848,2023-07-10
300861,美畅股份,5.0,480012000,2023-07-07
603216,梦天家居,3.5016,224020000,2023-07-06
605258,协和电子,2.0,88000000,2023-07-07
001316,润贝航科,6.25,80000000,2023-07-07
002065,东华软件,0.5,3205482375,2023-07-07
002600,领益智造,1.155017,7008177819,2023-07-07
300384,三联虹普,3.2,319007265,2023-07-07
000096,广聚能源,0.3,528000000,2023-07-06
600510,黑牡丹,2.1,1044788426,2023-07-07
600529,山东药玻,3.0,663614113,2023-07-07
603693,江苏新能,1.5,891475880,2023-07-07
605068,明新旭腾,1.0,162539976,2023-07-07
300965,恒宇信通,0.75,60000000,2023-07-07
002826,易明医药,1.0,190677750,2023-07-07
300378,鼎捷数智,0.991629,269288430,2023-07-07
300763,锦浪科技,4.0,396688445,2023-07-07
300631,久吾高科,0.7,122642024,2023-07-07
601958,金钼股份,3.0,3226604400,2023-07-07
920207,众诚科技,1.443629,95795000,2023-07-11
002869,金溢科技,0.6,179556341,2023-07-07
600153,建发股份,8.0,3005171030,2023-07-06
603020,爱普股份,0.6,383237774,2023-07-07
300662,科锐国际,1.17,196806359,2023-07-07
688558,国盛智科,5.0,132000000,2023-07-06
600050,中国联通,0.427,31804436237,2023-07-07
300611,美力科技,0.300673,211074680,2023-07-07
603583,捷昌驱动,2.6,384633055,2023-07-06
002606,大连电瓷,0.42,439343220,2023-07-06
002078,太阳纸业,2.0,2794684119,2023-07-07
601992,金隅集团,0.67,10677771134,2023-07-06
920792,东和新材,1.22,165540000,2023-07-13
301125,腾亚精工,8.0,72400000,2023-07-07
603197,保隆科技,3.1,208977258,2023-07-06
600057,厦门象屿,6.1,2268205992,2023-07-06
603185,弘元绿能,24.3401,413495549,2023-07-07
600366,宁波韵升,1.0,1112368051,2023-07-07
600500,中化国际,1.5,3591616773,2023-07-07
688201,ST信安,3.65,144505056,2023-07-10
002675,东诚药业,1.5,824595705,2023-07-10
002882,金龙羽,2.0,432900000,2023-07-10
002566,益盛药业,0.5,330951600,2023-07-07
000011,深物业A,3.61,595979092,2023-07-10
603883,老百姓,5.0,584806902,2023-07-07
000778,新兴铸管,1.3,3990058776,2023-07-07
002576,通达动力,0.38,165100000,2023-07-07
601177,杭齿前进,0.71,400060000,2023-07-07
600352,浙江龙盛,2.5,3253331860,2023-07-07
603829,洛凯股份,1.0,160000000,2023-07-07
300174,元力股份,0.5,363419860,2023-07-10
688338,赛科希德,2.6,81648000,2023-07-07
601019,山东出版,3.9,2086900000,2023-07-07
600106,重庆路桥,0.46,1329025062,2023-07-07
688046,药康生物,0.41,410000000,2023-07-07
688681,科汇股份,1.0,104670000,2023-07-07
002825,纳尔股份,2.997545,244491927,2023-07-07
601311,骆驼股份,2.0,1173146118,2023-07-07
688175,高凌信息,3.0,92906379,2023-07-07
603113,金能科技,1.2,855087175,2023-07-10
000530,冰山冷热,0.1,843212507,2023-07-07
688133,泰坦科技,2.0,84263856,2023-07-07
002863,今飞凯达,0.1,498863761,2023-07-07
600316,洪都航空,0.59,717114512,2023-07-07
603877,太平鸟,1.5,473929106,2023-07-07
002225,濮耐股份,0.6,1010369479,2023-07-10
603053,成都燃气,3.0,888890000,2023-07-07
601512,中新集团,3.22,1498890000,2023-07-10
000065,北方国际,0.634892,1001763516,2023-07-07
003816,中国广核,0.87,50498611100,2023-07-07
603308,应流股份,1.77,683146921,2023-07-11
301041,金百泽,0.48,106680000,2023-07-10
688355,明志科技,0.5,123956072,2023-07-07
603153,上海建科,2.1,409861106,2023-07-07
920641,格利尔,5.0,75075000,2023-07-10
600400,红豆股份,0.3,2300251852,2023-07-07
688535,华海诚科,2.0,80696453,2023-07-10
300327,中颖电子,4.0,342039282,2023-07-11
603995,甬金股份,5.0,382448971,2023-07-07
300347,泰格医药,5.5,872418220,2023-07-07
603993,洛阳钼业,0.8508,21599240583,2023-07-07
688662,富信科技,2.5,88240000,2023-07-11
300655,晶瑞电材,0.5,585821957,2023-07-10
300727,润禾材料,1.6,127519089,2023-07-10
920932,科达自控,2.0,77280000,2023-07-12
300585,奥联电子,0.25,171111111,2023-07-10
920169,七丰精工,1.5,82714690,2023-07-11
301090,华润材料,0.826123,1486358853,2023-07-10
301187,欧圣电气,7.0,182607661,2023-07-11
301176,逸豪新材,1.1,169066667,2023-07-10
688179,阿拉丁,2.5,141520391,2023-07-07
603707,健友股份,1.15,1616648684,2023-07-07
600137,浪莎股份,1.3,97217588,2023-07-10
301201,诚达药业,3.0,96696140,2023-07-07
603908,牧高笛,12.0,66690000,2023-07-12
605222,起帆电缆,1.06,418136311,2023-07-10
002283,天润工业,0.5,1139457178,2023-07-12
300619,金银河,0.8,89034641,2023-07-10
688114,华大智造,3.6,415637624,2023-07-10
300355,蒙草生态,0.18,1604242081,2023-07-12
000719,中原传媒,3.8,1023203749,2023-07-10
301010,晶雪节能,1.0,108000000,2023-07-11
600216,浙江医药,1.7,964975000,2023-07-11
300743,天地数码,2.5,138465939,2023-07-11
002544,普天科技,1.565,682694505,2023-07-11
300663,科蓝软件,0.1,462182216,2023-07-11
300748,金力永磁,2.6,839087782,2023-07-12
600452,涪陵电力,1.8,914608128,2023-07-11
300597,吉大通信,0.23,272570030,2023-07-12
600790,轻纺城,1.7,1465790928,2023-07-11
002655,共达电声,0.4,367540000,2023-07-11
600990,四创电子,0.94,212475327,2023-07-10
002897,意华股份,1.5,170672000,2023-07-12
603599,广信股份,10.0,650255389,2023-07-10
688111,金山办公,7.2961,461515460,2023-07-10
002724,海洋王,0.7,771497994,2023-07-10
600819,耀皮玻璃,0.05,934916069,2023-07-10
600797,浙大网新,0.3,1027527102,2023-07-10
605259,绿田机械,10.0,88000000,2023-07-10
002245,蔚蓝锂芯,0.35,1152046537,2023-07-11
300986,志特新材,1.993539,164424498,2023-07-11
688130,晶华微,1.5,66560000,2023-07-11
600693,东百集团,0.5,869846246,2023-07-11
300826,测绘股份,2.0,145600000,2023-07-11
300772,运达股份,1.0,702078355,2023-07-11
603005,晶方科技,0.7,653212346,2023-07-10
603456,九洲药业,4.0,899545728,2023-07-11
300413,芒果超媒,1.3,1870720815,2023-07-11
002698,博实股份,2.5,1022554032,2023-07-11
002423,中粮资本,0.78,2304105575,2023-07-11
301006,迈拓股份,3.5,139280000,2023-07-11
300404,博济医药,0.1,370045373,2023-07-11
603698,航天工程,0.98,535990000,2023-07-11
601665,齐鲁银行,1.86,4580948442,2023-07-10
300570,太辰光,5.0,229996800,2023-07-10
300766,每日互动,0.5,400100000,2023-07-11
000402,金融街,0.15,2988929907,2023-07-12
600505,西昌电力,0.38,364567500,2023-07-10
605287,德才股份,2.0,100000000,2023-07-10
600783,鲁信创投,2.3,744359294,2023-07-10
301267,华厦眼科,2.8,560000000,2023-07-11
600339,中油工程,0.39,5583147471,2023-07-12
002554,惠博普,0.12,1346857772,2023-07-12
301121,紫建电子,1.0,70803184,2023-07-11
601366,利群股份,1.0,849625652,2023-07-10
600981,苏豪汇鸿,0.1,2242433192,2023-07-11
002396,星网锐捷,1.0,592929678,2023-07-11
600835,上海机电,4.3,1022739308,2023-07-10
603699,纽威股份,3.6,749062000,2023-07-12
300110,华仁药业,0.21,1182212982,2023-07-12
000099,中信海直,0.65,775770137,2023-07-11
688598,金博股份,2.5,94074067,2023-07-11
300376,易事特,0.239924,2328240476,2023-07-13
000682,东方电子,0.75,1340727007,2023-07-11
600323,瀚蓝环境,2.2,815347146,2023-07-12
688362,甬矽电子,1.05,407660000,2023-07-11
000718,苏宁环球,1.2,3034636384,2023-07-12
002361,神剑股份,1.0,951034969,2023-07-12
002646,天佑德酒,0.6,472562974,2023-07-12
002033,丽江股份,2.5,549490711,2023-07-12
300358,楚天科技,1.0,575052984,2023-07-11
601179,中国西电,0.45,5125882352,2023-07-11
688366,昊海生科,4.0,171287974,2023-07-12
002142,宁波银行,5.0,6603590792,2023-07-12
601606,长城军工,0.23,724228400,2023-07-12
603656,泰禾智能,1.0,183375358,2023-07-11
000950,重药控股,0.6,1728184696,2023-07-11
300952,恒辉安防,1.493334,145574507,2023-07-12
002111,威海广泰,1.8,534474505,2023-07-12
601669,中国电建,1.2007,17226159334,2023-07-11
300845,捷安高科,2.0,110827200,2023-07-12
600639,浦东金桥,5.0,1122412893,2023-07-11
600775,南京熊猫,0.14,913838529,2023-07-12
603897,长城科技,4.0,206435681,2023-07-12
688063,派能科技,21.8,175626333,2023-07-12
002246,北化股份,0.5,549034794,2023-07-11
301088,戎美股份,3.66,228000000,2023-07-13
920790,联迪信息,1.0,78967020,2023-07-14
600803,新奥股份,5.1,3098397607,2023-07-11
002036,联创电子,0.090589,1068851596,2023-07-11
688633,星球石墨,5.8,73928334,2023-07-11
003001,中岩大地,1.518191,127330477,2023-07-12
002218,拓日新能,0.3,1413020549,2023-07-11
300814,中富电路,1.6,175796000,2023-07-13
603903,中持股份,1.9,255319480,2023-07-11
600436,片仔癀,12.5,603317210,2023-07-12
000958,电投产融,0.6,5383418520,2023-07-11
002701,奥瑞金,1.2,2573260436,2023-07-12
301306,西测测试,1.5,84400000,2023-07-13
603815,交建股份,1.0,618924235,2023-07-12
301048,金鹰重工,0.490661,533333400,2023-07-11
300527,ST应急,0.005183,963237102,2023-07-13
002917,金奥博,0.6,347614197,2023-07-12
300514,友讯达,1.5,200000000,2023-07-13
002268,电科网安,0.6,845876603,2023-07-12
000625,长安汽车,2.36,9919323000,2023-07-12
000617,中油资本,1.17,12642079079,2023-07-11
600468,百利电气,0.34,1087735321,2023-07-11
603229,奥翔药业,1.12,423620992,2023-07-12
002169,智光电气,1.0,787791994,2023-07-14
002487,大金重工,0.28,637749349,2023-07-12
301273,瑞晨环保,1.5,71641792,2023-07-13
000407,胜利股份,0.2,880084656,2023-07-14
600150,中国船舶,0.2,4472428758,2023-07-12
601225,陕西煤业,21.8,9695000000,2023-07-12
600668,尖峰集团,1.5,344083828,2023-07-12
002608,江苏国信,1.0,3778079704,2023-07-13
600036,招商银行,17.38,25219845601,2023-07-13
002371,北方华创,4.45,529902590,2023-07-13
603718,*ST海利,0.567,644000000,2023-07-13
600618,氯碱化工,3.6,1156399976,2023-07-13
600062,华润双鹤,2.89,1043126810,2023-07-13
002714,牧原股份,7.381783,5465349376,2023-07-13
000783,长江证券,1.2,5529957610,2023-07-13
000596,古井贡酒,30.0,528600000,2023-07-13
600160,巨化股份,2.7,2699746081,2023-07-13
603969,银龙股份,0.6,851746000,2023-07-12
601007,金陵饭店,1.0,390000000,2023-07-12
603588,高能环境,0.5,1525518882,2023-07-12
002460,赣锋锂业,10.0,2017167779,2023-07-12
000025,特力A,0.28,431058320,2023-07-12
300393,中来股份,0.4,1089627358,2023-07-12
600831,广电网络,0.2,710512443,2023-07-13
600299,安迪苏,1.51,2681901273,2023-07-13
920570,坤博精工,4.5,23550307,2023-07-14
000801,四川九洲,1.0,1022806646,2023-07-14
600262,北方股份,2.1,170000000,2023-07-14
601006,大秦铁路,4.8,15167026701,2023-07-13
300126,锐奇股份,0.1,303957600,2023-07-13
002651,利君股份,0.4,1033460000,2023-07-13
002401,中远海科,1.2,371904560,2023-07-13
300430,*ST益通,0.2,273184096,2023-07-12
300341,麦克奥迪,1.091459,517410336,2023-07-12
002691,*ST冀凯,0.07,340000000,2023-07-13
000731,四川美丰,1.721171,585723752,2023-07-14
688682,霍莱沃,3.6,51958620,2023-07-13
600006,东风股份,0.428,2000000000,2023-07-13
600378,昊华科技,6.4,911473807,2023-07-13
603061,金海通,2.6,60000000,2023-07-12
603507,振江股份,2.0,142625500,2023-07-12
600926,杭州银行,4.0,5930284108,2023-07-13
601328,交通银行,3.73,74262726645,2023-07-12
600101,明星电力,0.8,421432670,2023-07-14
300424,航新科技,0.1,239895200,2023-07-12
603500,祥和实业,1.3,245533776,2023-07-12
600737,中粮糖业,2.6,2138848228,2023-07-12
301239,普瑞眼科,1.0,149619048,2023-07-17
600784,鲁银投资,0.5,675652277,2023-07-14
301178,天亿马,0.805771,65956800,2023-07-14
002340,格林美,0.5,5135586557,2023-07-14
688067,爱威科技,1.0,68000000,2023-07-14
600135,乐凯胶片,0.21,553307099,2023-07-14
603178,圣龙股份,1.2,236411881,2023-07-13
002406,远东传动,1.0,624261047,2023-07-14
688231,隆达股份,3.6,246857143,2023-07-14
002779,中坚科技,0.42,132000000,2023-07-13
600498,烽火通信,1.1,1186564887,2023-07-14
600938,中国海油,6.7654,47566763984,2023-07-14
000429,粤高速A,4.28,2090806126,2023-07-14
600808,马钢股份,0.2,7769787186,2023-07-14
600741,华域汽车,8.8,3152723984,2023-07-14
300369,绿盟科技,0.08,799859463,2023-07-14
600895,张江高科,1.6,1548689550,2023-07-14
601658,邮储银行,2.579,99161076038,2023-07-13
603663,三祥新材,1.0,302566487,2023-07-14
300800,力合科技,1.5,238400000,2023-07-14
603836,海程邦达,4.8,205235237,2023-07-13
000012,南玻A,1.5,3070692107,2023-07-14
001309,德明利,1.8709,80176800,2023-07-13
301180,万祥科技,0.5,400010000,2023-07-14
920566,梓橦宫,3.0,146561080,2023-07-14
000919,金陵药业,1.0,511136000,2023-07-14
002228,合兴包装,1.2,1238633547,2023-07-14
300118,东方日升,2.0,1140013863,2023-07-14
002250,联化科技,1.0,923246256,2023-07-14
600834,申通地铁,0.46,477381905,2023-07-14
600798,宁波海运,0.3,1206534201,2023-07-13
600897,厦门空港,0.86,297810000,2023-07-14
002375,亚厦股份,0.14,1339996498,2023-07-14
601877,正泰电器,4.0,2149973551,2023-07-13
002386,天原股份,0.75,1301647073,2023-07-14
002322,理工能科,0.5,379147970,2023-07-13
600382,广东明珠,3.1,788933815,2023-07-14
601633,长城汽车,3.0,8494899116,2023-07-13
002040,南京港,0.67,491178800,2023-07-13
600853,龙建股份,0.35,1014902546,2023-07-13
600562,国睿科技,1.33,1241857840,2023-07-13
000913,钱江摩托,2.4,527191000,2023-07-13
600638,新黄浦,0.26,673396786,2023-07-14
688358,祥生医疗,7.0,112124537,2023-07-14
603318,水发燃气,0.3,464374926,2023-07-13
600600,青岛啤酒,13.0,1364232790,2023-07-14
002686,亿利达,0.2,566239133,2023-07-14
301233,盛帮股份,7.77,51470000,2023-07-14
600859,王府井,1.0,1135049451,2023-07-14
601628,中国人寿,4.9,28264705000,2023-07-13
601500,通用股份,0.3,1581123135,2023-07-13
601121,宝地矿业,1.28,800000000,2023-07-14
600736,苏州高新,0.47,1151292907,2023-07-14
600489,中金黄金,2.81,4847312564,2023-07-14
002267,陕天然气,3.0,1112075445,2023-07-14
603458,勘设股份,1.63,313804147,2023-07-14
601939,建设银行,3.89,250010977486,2023-07-14
603568,伟明环保,1.5,1704643884,2023-07-14
601985,中国核电,1.7,18883284867,2023-07-14
600161,天坛生物,0.5,1647809538,2023-07-14
688367,工大高科,2.0,87101640,2023-07-14
000090,天健集团,3.2,1868545434,2023-07-14
601988,中国银行,2.32,294387791241,2023-07-17
300797,钢研纳克,1.34,255450000,2023-07-14
688600,皖仪科技,2.0,134205560,2023-07-14
600178,东安动力,0.512,475493100,2023-07-14
603378,*ST亚士,0.752,430027650,2023-07-14
601001,晋控煤业,6.3,1673700000,2023-07-14
600674,川投能源,4.0,4460820865,2023-07-14
605398,新炬网络,1.5,83297492,2023-07-14
688223,晶科能源,0.89,10000000000,2023-07-14
300486,东杰智能,0.119756,407336358,2023-07-14
600467,好当家,0.13,1460994304,2023-07-14
605196,华通线缆,0.51,511442098,2023-07-14
920832,齐鲁华信,0.6,138763865,2023-07-18
002009,天奇股份,0.1,380641934,2023-07-14
301197,工大科雅,1.0,120540000,2023-07-17
600188,兖矿能源,30.7,4961360480,2023-07-17
002752,昇兴股份,0.5,976918468,2023-07-17
603348,文灿股份,1.5,263550675,2023-07-18
601689,拓普集团,4.63,1102048322,2023-07-17
000968,蓝焰控股,0.6,967502660,2023-07-14
600103,青山纸业,0.5,2305817807,2023-07-14
920351,华光源海,3.0,91135439,2023-07-17
603272,*ST联翔,1.5,103627000,2023-07-14
300778,新城市,2.5,177838870,2023-07-18
300408,三环集团,2.5,1916497371,2023-07-17
601288,农业银行,2.222,349983033873,2023-07-18
601881,中国银河,2.2533,10347118026,2023-07-17
301208,中亦科技,4.0,66666700,2023-07-19
688089,嘉必优,3.0,120220800,2023-07-18
603421,鼎信通讯,0.55,652190511,2023-07-17
600774,汉商集团,0.6,295032402,2023-07-17
600580,卧龙电驱,1.5,1311366126,2023-07-17
600486,扬农化工,13.0,312592807,2023-07-17
601858,中国科传,2.78,790500000,2023-07-18
600708,光明地产,0.1,2228636743,2023-07-17
002603,以岭药业,5.0,1670705376,2023-07-17
600182,S佳通,0.35,340000000,2023-07-17
601398,工商银行,3.035,356406257089,2023-07-17
000921,海信家电,5.171314,1388147370,2023-07-17
000917,电广传媒,0.2,1417556338,2023-07-18
688559,海目星,2.0183,201726500,2023-07-17
001965,招商公路,4.14,6185184109,2023-07-18
688557,兰剑智能,3.8,72670000,2023-07-17
603328,依顿电子,1.47,998442611,2023-07-18
603311,金海高科,1.2,235883907,2023-07-17
601818,光大银行,1.9,59085551061,2023-07-19
600392,盛和资源,1.0,1752826570,2023-07-17
600026,中远海能,1.5,4770776395,2023-07-18
002399,海普瑞,1.0,1467296204,2023-07-18
000967,盈峰环境,1.1,3179506670,2023-07-18
601188,龙江交通,0.57,1315878571,2023-07-17
600919,江苏银行,4.907,15519097890,2023-07-17
603380,易德龙,1.4,160883900,2023-07-18
600547,山东黄金,0.7,4473429525,2023-07-18
002443,金洲管道,0.5,520535520,2023-07-18
002973,侨银股份,1.0,408664950,2023-07-17
603108,润达医疗,1.5,579639279,2023-07-18
603023,威帝股份,0.5,562079807,2023-07-18
601326,秦港股份,0.71,5587412000,2023-07-19
000066,中国长城,0.07,3225799088,2023-07-19
603661,恒林股份,2.6,139067031,2023-07-18
601800,中国交建,2.1707,16263661425,2023-07-18
603662,柯力传感,2.77,283235792,2023-07-18
600089,特变电工,11.2,3890229479,2023-07-18
603983,丸美生物,2.5,401000000,2023-07-19
600131,国网信通,2.0,1202519044,2023-07-20
920693,阿为特,6.5,61200000,2023-07-20
300001,特锐德,0.5,1055897713,2023-07-20
688552,航天南湖,1.4,337248000,2023-07-18
688146,中船特气,2.18,529411765,2023-07-18
688206,概伦电子,0.7,433804445,2023-07-19
601212,白银有色,0.014,7404774511,2023-07-19
000709,河钢股份,0.4,10337121092,2023-07-19
600104,上汽集团,3.371,11683461365,2023-07-19
600027,华电国际,2.0,10227561133,2023-07-19
002408,齐翔腾达,1.599974,2842833993,2023-07-19
603000,人民网,1.63,1105691056,2023-07-19
688065,凯赛生物,1.8,583278195,2023-07-18
603256,宏和科技,0.3,882512500,2023-07-18
002941,新疆交建,1.0,645080478,2023-07-19
688184,ST帕瓦,3.3,134378228,2023-07-19
600128,苏豪弘业,1.0,246767500,2023-07-19
600000,浦发银行,3.2,29352175642,2023-07-21
002184,海得控制,1.0,351908370,2023-07-20
600820,隧道股份,2.7,3144096094,2023-07-20
301297,富乐德,0.8,338390000,2023-07-21
000517,荣安地产,3.2,3183922485,2023-07-20
002287,奇正藏药,3.9,530191359,2023-07-20
688383,新益昌,3.0,102133600,2023-07-19
000830,鲁西化工,6.5,1922577011,2023-07-20
603680,今创集团,0.8,783718767,2023-07-20
601963,重庆银行,3.95,3474555366,2023-07-20
300783,三只松鼠,1.612,401000000,2023-07-21
600482,中国动力,0.4644,2186718355,2023-07-20
002910,庄园牧场,0.623675,195539347,2023-07-19
600012,皖通高速,5.5,1658610000,2023-07-19
603668,天马科技,0.2,436134976,2023-07-21
600648,外高桥,3.3,1135349124,2023-07-21
002628,成都路桥,0.23,757100415,2023-07-20
600682,南京新百,0.2,1346132221,2023-07-21
601998,中信银行,3.29,48966865464,2023-07-20
603324,盛剑科技,1.6,125070700,2023-07-19
600108,亚盛集团,0.04,1946915121,2023-07-19
600697,欧亚集团,4.0,159088075,2023-07-19
600935,华塑股份,0.37,3507401812,2023-07-20
000157,中联重科,3.2,8677992236,2023-07-21
601607,上海医药,6.1,3703265743,2023-07-20
688010,福光股份,0.58,153403683,2023-07-20
601990,南京证券,1.0,3686361034,2023-07-20
600685,中船防务,0.1,1413506378,2023-07-20
002209,达意隆,0.13,198749050,2023-07-20
688009,中国通号,1.7,10589819000,2023-07-20
001300,三柏硕,0.6,243775914,2023-07-21
603648,畅联股份,3.5,362412800,2023-07-20
000550,江铃汽车,4.24,863214000,2023-07-21
688113,联测科技,1.92,63700000,2023-07-21
600380,健康元,1.8,1911729561,2023-07-21
600064,南京高科,4.2,1730339644,2023-07-20
600099,林海股份,0.3,219120000,2023-07-21
600362,江西铜业,5.0,3462729405,2023-07-21
601888,中国中免,8.0,2068859044,2023-07-21
300767,震安科技,0.8109,247228687,2023-07-24
600558,大西洋,0.3,897604831,2023-07-21
301039,中集车辆,3.0,2017600000,2023-07-24
688581,安杰思,7.6,57870971,2023-07-20
000403,派林生物,0.802151,732645729,2023-07-20
688560,明冠新材,1.8,201301918,2023-07-24
300722,新余国科,1.5,192192000,2023-07-21
688082,盛美上海,3.72,433557100,2023-07-21
601163,三角轮胎,2.8,800000000,2023-07-20
688169,石头科技,12.7,93691616,2023-07-20
600791,京能置业,0.12,452880000,2023-07-21
605198,安德利,1.0,357700000,2023-07-21
002338,奥普光电,0.1,240000000,2023-07-21
601577,长沙银行,3.5,4021553754,2023-07-21
000637,茂化实华,0.3,519875356,2023-07-21
600900,长江电力,8.533,24468217716,2023-07-21
601618,中国中冶,0.83,20723619170,2023-07-25
000777,中核科技,1.21,384471593,2023-07-25
600085,同仁堂,3.2,1371470262,2023-07-24
300747,锐科激光,1.0,566619755,2023-07-26
301050,雷电微力,1.5,174240000,2023-07-26
600999,招商证券,1.85,8696526806,2023-07-25
601828,美凯龙,0.34,4354732673,2023-07-24
601965,中国汽研,3.0,1004252587,2023-07-26
300788,中信出版,3.52,190151515,2023-07-25
002939,长城证券,1.0,4034426956,2023-07-24
688072,拓荆科技,2.6,126478797,2023-07-24
600444,国机通用,1.3,146421932,2023-07-26
002208,合肥城建,0.5,803291894,2023-07-25
002797,第一创业,0.4,4202400000,2023-07-26
601838,成都银行,7.6793,3813911068,2023-07-26
603833,欧派家居,17.7066,609152423,2023-07-26
001914,招商积余,1.2,1060346060,2023-07-27
600880,博瑞传播,0.12,1093332092,2023-07-27
603888,新华网,1.87,519029360,2023-07-26
600335,国机汽车,0.8,1495788692,2023-07-26
000756,新华制药,2.0,674682835,2023-07-26
603127,昭衍新药,4.0,535644275,2023-07-25
600210,紫江企业,2.5,1516736158,2023-07-26
300759,康龙化成,3.0,1191154804,2023-07-27
601330,绿色动力,1.2,1393450110,2023-07-26
000021,深科技,1.3,1560587588,2023-07-26
601611,中国核建,0.79,3019471646,2023-07-26
300641,正丹股份,0.5,489604836,2023-07-26
600377,宁沪高速,4.6,5037747500,2023-07-26
600863,华能蒙电,1.64,6526887811,2023-07-27
002594,比亚迪,11.42,2911142855,2023-07-28
600789,鲁抗医药,0.55,889032299,2023-07-26
600851,海欣股份,0.45,1207056692,2023-07-27
688236,春立医疗,3.13,383568500,2023-07-28
600939,重庆建工,0.24,1901788174,2023-07-28
920006,晟楠科技,4.430306,90287200,2023-07-31
601918,新集能源,1.1,2590541800,2023-07-28
000554,泰山石油,0.15,480793318,2023-07-27
601898,中煤能源,4.13,13258663400,2023-07-26
601866,中远海发,0.87,13575938612,2023-07-28
688178,万德斯,2.6,85236229,2023-07-27
600604,市北高新,0.05,1873304804,2023-07-26
601390,中国中铁,2.0,24752195983,2023-07-28
688225,亚信安全,0.25,400010000,2023-07-28
600283,钱江水利,1.5,352995758,2023-07-28
600208,衢州发展,0.18,8508940800,2023-07-28
600422,昆药集团,1.6,757986969,2023-07-31
601319,中国人保,1.66,44223990583,2023-07-28
601900,南方传媒,4.7,895876566,2023-07-27
600033,福建高速,1.5,2744400000,2023-07-28
003035,南网能源,0.147,3787878787,2023-07-28
600748,上实发展,0.2,1844562892,2023-07-28
601816,京沪高铁,0.114,49106484611,2023-07-28
600875,东方电气,3.35,3118533797,2023-07-28
600495,晋西车轴,0.05,1208190886,2023-07-28
600993,马应龙,3.5,431053891,2023-07-28
601138,工业富联,5.5,19866454834,2023-07-28
000688,国城矿业,0.35,1117647919,2023-07-31
000926,福星股份,0.3,949322474,2023-07-31
601200,上海环境,1.0,1121858543,2023-07-28
600278,东方创业,1.26,883973201,2023-07-28
000551,创元科技,0.7,403984805,2023-07-28
600230,沧州大化,3.02,416144936,2023-07-28
603501,豪威集团,0.84,1182541071,2023-07-31
601901,方正证券,0.12,8232101395,2023-08-01
600637,东方明珠,1.35,3414500201,2023-07-31
600675,中华企业,0.02,6096135252,2023-07-31
601298,青岛港,2.693,6491100000,2023-08-01
601928,凤凰传媒,5.0,2544900000,2023-07-31
600197,伊力特,4.1,471967293,2023-08-02
601186,中国铁建,2.8,13579541500,2023-08-02
688219,会通股份,0.2,459284703,2023-08-02
000009,中国宝安,0.35,2579213965,2023-08-03
002244,滨江集团,2.5,3111443890,2023-08-04
600843,上工申贝,0.5,713166480,2023-08-02
600665,天地源,1.19,864122521,2023-08-04
600779,水井坊,7.5,488361398,2023-08-03
300831,ST派瑞,0.31,320000000,2023-08-02
600886,国投电力,2.75,7454179797,2023-08-04
000419,通程控股,1.5,543582655,2023-08-04
605336,*ST帅电,6.97,184009150,2023-08-04
603135,中重科技,2.0,450000000,2023-08-04
600522,中天科技,1.0,3412949652,2023-08-04
600312,平高电气,0.55,1356921309,2023-08-03
600827,百联股份,1.2,1784168117,2023-08-03
002761,浙江建投,2.0,1081340098,2023-08-04
600650,锦江在线,2.9,551610107,2023-08-07
603816,顾家家居,11.1,821891519,2023-08-04
688425,铁建重工,1.04,5333497000,2023-08-08
601136,首创证券,1.85,2733333800,2023-08-09
000681,视觉中国,0.15,700577436,2023-08-07
600611,大众交通,0.3,2364122864,2023-08-07
688187,时代电气,5.5,1416236912,2023-08-08
000705,浙江震元,0.6,334123286,2023-08-08
000651,格力电器,10.0,5631405741,2023-08-09
601336,新华保险,10.8,3119546600,2023-08-10
002799,环球印务,0.2,320040000,2023-08-08
603477,巨星农牧,0.32,506102259,2023-08-08
603515,欧普照明,5.0,746426035,2023-08-08
601061,中信金属,1.5,4900000000,2023-08-08
603858,步长制药,9.6,1106042645,2023-08-10
688786,悦安新材,6.0,85552760,2023-08-10
688484,南芯科技,2.0,423530000,2023-08-09
600018,上港集团,1.4,23284144750,2023-08-11
600196,复星医药,4.2,2672156611,2023-08-09
601718,ST际华,0.3,4391629404,2023-08-09
601766,中国中车,2.0,28698864088,2023-08-11
600369,西南证券,0.3,6645109124,2023-08-10
600906,财达证券,0.5,3245000000,2023-08-11
001289,龙源电力,1.171,8381963164,2023-08-14
600395,盘江股份,4.1,2146624894,2023-08-10
600170,上海建工,0.5,8885939744,2023-08-10
600429,三元股份,0.08,1518450426,2023-08-10
600905,三峡能源,0.76,28623749200,2023-08-10
601688,华泰证券,4.5,9075589027,2023-08-11
000799,酒鬼酒,13.0,324928980,2023-08-11
600918,中泰证券,0.26,6968625756,2023-08-11
688722,同益中,4.5,224666700,2023-08-11
000166,申万宏源,0.3,25039944560,2023-08-11
600839,四川长虹,0.4,4616244222,2023-08-14
601878,浙商证券,1.3,3878190132,2023-08-11
600641,先导基电,1.37,930629920,2023-08-11
688008,澜起科技,3.0,1138008246,2023-08-11
000776,广发证券,3.5,7621087664,2023-08-11
600060,海信视像,6.44,1307652222,2023-08-11
000880,潍柴重机,1.5,331320600,2023-08-14
300457,赢合科技,2.2,649537963,2023-08-14
688728,格科微,0.3077,2598791667,2023-08-14
301183,东田微,1.25,80000000,2023-08-15
000883,湖北能源,0.6,6520949388,2023-08-16
002819,东方中科,0.6,305929802,2023-08-15
600649,城投控股,1.1,2529575634,2023-08-16
601608,中信重工,0.114,4339419293,2023-08-15
301171,易点天下,0.6,471885905,2023-08-16
603535,嘉诚国际,0.85,233248396,2023-08-15
600578,京能电力,1.2,6694591415,2023-08-16
688285,高铁电气,0.76,376289913,2023-08-17
605598,上海港湾,0.8938,175543467,2023-08-17
688509,正元地信,0.0734,770000000,2023-08-17
600620,天宸股份,0.3,686677113,2023-08-16
603893,瑞芯微,2.5,417928000,2023-08-17
600838,上海九百,0.4,400881981,2023-08-18
600662,外服控股,1.2,2283711650,2023-08-17
601198,东兴证券,0.5,3232445520,2023-08-18
600739,辽宁成大,1.5022,1529709816,2023-08-18
600635,大众公用,0.3,2952434675,2023-08-18
000039,中集集团,1.8,5392520385,2023-08-18
601600,中国铝业,0.36,17161591551,2023-08-18
600764,中国海防,2.47,710629386,2023-08-17
601696,中银证券,0.3,2778000000,2023-08-18
601059,信达证券,0.44,3243000000,2023-08-18
000685,中山公用,2.2,1475111351,2023-08-18
601995,中金公司,1.8,4827256868,2023-08-18
002202,金风科技,1.2,4225067647,2023-08-18
600628,新世界,0.3,646875384,2023-08-18
601066,中信建投,2.7,7756694797,2023-08-22
002314,南山控股,0.37,2707782513,2023-08-21
002812,恩捷股份,1.779999,977752050,2023-08-21
002344,海宁皮城,0.45,1282616960,2023-08-22
688121,*ST卓然,2.45,202666667,2023-08-23
601788,光大证券,2.1,4610787639,2023-08-22
002181,粤传媒,0.27,1161058174,2023-08-24
600288,大恒科技,0.08,436800000,2023-08-23
600528,中铁工业,1.46,2221551588,2023-08-23
601869,长飞光纤,4.62,757905108,2023-08-22
600557,康缘药业,2.2,584597952,2023-08-23
600456,宝钛股份,4.5,477777539,2023-08-24
600386,北巴传媒,0.8,806400000,2023-08-25
002743,富煌钢构,0.46,435268478,2023-08-24
601377,兴业证券,1.3,8635987294,2023-08-25
605186,健麾信息,0.9,136000000,2023-08-25
603518,锦泓集团,1.0,347217108,2023-08-24
000338,潍柴动力,1.58,8726556821,2023-08-25
000568,泸州老窖,42.25,1471987769,2023-08-28
000156,华数传媒,2.2,1852932442,2023-08-25
600030,中信证券,4.9,14820546829,2023-08-25
600269,赣粤高速,1.0,2335407014,2023-08-25
601999,出版传媒,0.42,550914700,2023-08-25
600315,上海家化,2.1,678873194,2023-08-24
002926,华西证券,0.3,2625000000,2023-08-25
603098,森特股份,0.5,538799978,2023-08-25
600959,江苏有线,0.2,5000717686,2023-08-25
601991,大唐发电,0.29,18506710504,2023-08-25
600690,海尔智家,5.6692,9438114893,2023-08-25
688055,龙腾光电,0.1,3333333400,2023-08-25
000002,万科A,6.8,11930709471,2023-08-25
000534,万泽股份,0.5,509037396,2023-08-29
300560,中富通,0.426389,229743622,2023-08-29
603633,徕木股份,0.65,328316014,2023-08-30
600383,金地集团,1.36,4514583572,2023-08-29
600287,苏豪时尚,0.9,438847974,2023-08-29
000426,兴业银锡,0.17,1837192219,2023-08-29
600758,辽宁能源,0.6,1322017394,2023-08-30
002191,劲嘉股份,4.0,1462076254,2023-08-31
688156,路德科技,1.0,100714157,2023-09-13
301393,昊帆生物,2.5,108000000,2023-09-21
688799,华纳药厂,9.0,93800000,2023-10-19
600846,同济科技,1.7,624761516,2023-10-27
002016,世荣兆业,0.24,809095632,2024-04-19
600720,中交设计,1.104,2061708481,2024-06-13
