code,name,div_per_10,total_shares,ex_date
920198,微创光电,3.0,56958920,2018-03-05
002793,罗欣药业,1.0,200000000,2018-03-12
002382,蓝帆医疗,2.0,494355000,2018-03-16
002245,蔚蓝锂芯,0.4,987309171,2018-03-16
300476,胜宏科技,3.0,427615542,2018-03-16
002837,英维克,0.6,202584346,2018-03-16
300474,景嘉微,1.5,270396000,2018-03-16
603225,新凤鸣,2.6,602000000,2018-03-21
300204,舒泰神,2.5,477812254,2018-03-20
000063,中兴通讯,3.3,4192671843,
920809,安达科技,1.5,383260000,2018-03-26
002661,克明食品,2.0,333556523,2018-03-30
300033,同花顺,9.0,537600000,2018-03-30
300414,中光防雷,0.8,170912351,2018-03-29
000050,深天马A,0.7,2048123051,2018-04-03
603707,健友股份,1.5,423500000,2018-04-03
300536,农尚环境,0.7,167593219,2018-04-03
300146,汤臣倍健,3.3,1469271880,2018-04-04
600507,方大特钢,16.0,1326092985,2018-04-04
000683,博源化工,0.2,3967172992,2018-04-04
300618,寒锐钴业,10.0,120000000,2018-04-10
002677,浙江美大,4.65,646076564,2018-04-10
300041,回天新材,5.0,425712412,2018-04-10
002597,金禾实业,6.0,564236186,2018-04-11
300286,安科瑞,1.0,144597000,2018-04-10
002745,木林森,2.47,528327918,2018-04-11
000790,华神科技,0.8,431021374,2018-04-10
002845,同兴达,0.8,201347968,2018-04-10
300590,移为通信,2.0,160000000,2018-04-12
002262,恩华药业,0.5,1009147011,2018-04-12
603456,九洲药业,2.0,447846206,2018-04-12
300545,联得装备,2.0,72066136,2018-04-12
603615,茶花股份,2.5,240000000,2018-04-13
300302,同有科技,0.2,421057980,2018-04-13
300016,北陆药业,0.37,325993251,2018-04-16
920304,迪尔化工,1.2,86760000,2018-04-17
601678,滨化股份,2.2,1188000000,2018-04-17
600527,江南高纤,1.5,962089390,2018-04-16
002352,顺丰控股,2.2,4413572185,2018-04-16
603926,铁流股份,11.5,120000000,2018-04-18
300059,东方财富,0.2,4288779718,2018-04-18
300563,神宇股份,1.0,80000000,2018-04-19
002014,永新股份,4.5,335744483,2018-04-18
002648,卫星化学,0.88,1063710806,2018-04-18
002812,恩捷股份,11.0,136450000,2018-04-17
300715,凯伦股份,2.0,72000000,2018-04-17
000910,大亚圣象,1.2,555270000,2018-04-18
600113,浙江东日,0.91,318600000,2018-04-17
002877,智能自控,0.8,122240000,2018-04-18
000301,东方盛虹,1.0,1218236445,2018-04-19
300193,佳士科技,0.5,507307078,2018-04-19
300102,乾照光电,0.3,716403311,2018-04-18
002419,天虹股份,4.5,800200000,2018-04-19
002404,嘉欣丝绸,1.8,577673641,2018-04-19
603677,奇精机械,2.0,140177400,2018-04-18
002796,世嘉科技,2.0,102506483,2018-04-18
002737,葵花药业,10.0,292000000,2018-04-18
300199,翰宇药业,2.0,934692540,2018-04-19
920879,基康技术,1.0,138000000,2018-04-20
300416,苏试试验,1.0,125600000,2018-04-19
300393,中来股份,5.010571,241215681,2018-04-19
300511,雪榕生物,1.2,228550000,2018-04-23
300584,海辰药业,2.5,80000000,2018-04-20
300357,我武生物,4.0,161600000,2018-04-19
002728,特一药业,5.0,200000000,2018-04-20
300365,恒华科技,2.0,197328423,2018-04-19
300483,首华燃气,0.3,61500000,2018-04-20
300428,立中集团,3.3,242400000,2018-04-20
002117,东港股份,4.0,363777614,2018-04-20
603626,科森科技,2.5,296876800,2018-04-24
600728,佳都科技,0.31,1617339924,2018-04-20
920799,艾融软件,10.0,33690000,2018-04-23
920765,美之高,1.48633,55700000,2018-04-24
002859,洁美科技,1.6,255700000,2018-04-24
300491,通合科技,0.2,145656000,2018-04-25
300690,双一科技,10.0,69340000,2018-04-23
603730,岱美股份,5.0,410365000,2018-04-23
300394,天孚通信,3.2,185850000,2018-04-24
600828,茂业商业,1.5,1731982546,2018-04-25
300383,光环新网,0.199999,1446351488,2018-04-24
300270,中威电子,0.2,272503000,2018-04-24
000888,峨眉山A,1.0,526913102,2018-04-25
000507,珠海港,0.36,789540919,2018-04-25
600829,人民同泰,5.0,579888597,2018-04-25
603518,锦泓集团,1.58,180553993,2018-04-25
002706,良信股份,2.5,524015580,2018-04-25
002572,索菲亚,4.5,923426310,2018-04-25
000905,厦门港务,0.2,531000000,2018-04-25
600683,京投发展,2.0,740777597,2018-04-24
603716,塞力医疗,1.0,71316000,2018-04-25
920533,骏创科技,4.0,23300000,2018-04-27
002911,佛燃能源,3.0,556000000,2018-04-26
002469,三维化学,0.5,503262849,2018-04-26
603018,华设集团,4.2,212036600,2018-04-26
920942,恒立钻具,1.5,24000000,2018-04-27
603021,*ST华鹏,0.8,319948070,2018-04-27
600284,浦东建设,1.8,693040000,2018-04-26
000838,*ST发展,0.36,1100462170,2018-04-26
603801,志邦家居,6.0,160000000,2018-04-25
002782,可立克,2.0,426000000,2018-04-26
002244,滨江集团,0.83,3111443890,2018-04-25
002717,*ST岭南,1.749961,436236400,2018-04-24
300130,新国都,1.499877,265508400,2018-04-25
600114,东睦股份,3.0,436347649,2018-04-26
002229,鸿博股份,0.6,502752213,2018-04-25
002741,光华科技,1.0,374228798,2018-04-25
002357,富临运业,1.0,313489036,2018-04-27
002644,佛慈制药,0.13,510657000,2018-04-26
300296,利亚德,1.1,1695251051,2018-04-27
300507,苏奥传感,1.7,120006000,2018-04-27
300677,英科医疗,1.5,98234307,2018-04-27
002226,江南化工,0.65,1248981690,2018-04-27
600577,精达股份,0.8,1955324246,2018-04-27
300429,强力新材,1.0,257185994,2018-04-26
603536,惠发食品,2.5,120000000,2018-04-26
601882,海天精工,0.6,522000000,2018-04-27
000895,双汇发展,11.0,3299558284,2018-04-27
603579,荣泰健康,5.0,140000000,2018-04-27
603027,千禾味业,1.33,325985200,2018-04-26
600655,豫园股份,1.5,1437321976,2018-04-27
603288,海天味业,8.5,2701206700,2018-04-26
002256,兆新股份,0.75,1882411872,2018-04-27
002838,道恩股份,1.6,126000000,2018-04-26
300740,水羊股份,4.0,160000000,2018-04-27
000552,甘肃能化,1.0,2286971050,2018-04-27
002860,星帅尔,3.0,75978680,2018-04-27
002863,今飞凯达,0.9,221500000,2018-04-27
002820,桂发祥,3.0,128000000,2018-04-27
002749,国光股份,20.0,75000000,2018-05-02
000848,承德露露,5.0,978562728,2018-04-27
002233,塔牌集团,3.0,1192275016,2018-04-27
002768,国恩股份,1.3,271250000,2018-04-27
603826,坤彩科技,0.6,360000000,2018-04-27
002891,中宠股份,1.0,100000000,2018-05-02
002084,海鸥住工,1.0,506392628,2018-05-02
300256,星星科技,0.2,648803942,2018-04-27
920075,柏星龙,1.928566,51852000,
920491,奥迪威,0.5,109160000,2018-05-02
002658,雪迪龙,0.72,604880320,2018-04-27
603900,莱绅通灵,2.8,340473840,2018-04-27
603609,禾丰股份,1.0,831176469,2018-04-27
920981,晶赛科技,20.65,11100000,
920992,中科美菱,0.6,68640300,2018-05-04
002818,富森美,6.0,440000000,2018-05-02
603179,新泉股份,5.0,162270000,2018-05-02
300342,天银机电,1.5,431980272,2018-05-03
000822,山东海化,0.5,895091926,2018-05-02
920237,力佳科技,1.25,40000000,
002061,浙江交科,1.0,1305236388,2018-05-03
002184,海得控制,1.0,242778049,2018-05-03
300403,汉宇集团,1.6,335000000,2018-05-04
300349,金卡智能,2.0,238563474,2018-05-02
002016,世荣兆业,7.2,809095632,2018-05-03
002624,完美世界,1.7,1314703255,2018-05-02
603866,桃李面包,8.0,470626000,2018-05-02
600588,用友网络,1.5,1461226228,2018-05-02
300233,金城医药,2.0,393152238,2018-05-04
002667,*ST威领,0.24,135960000,2018-05-02
300150,世纪瑞尔,1.0,585106053,2018-05-04
603208,江山欧派,6.2,80816061,2018-05-03
600095,湘财股份,0.18,361263565,2018-05-03
603007,顺景科技,0.52,333375000,2018-05-04
600664,哈药股份,5.0,2544953276,2018-05-04
002410,广联达,2.5,1119361939,2018-05-04
600219,南山铝业,0.6,9251102895,2018-05-04
002815,崇达技术,5.4,410000000,2018-05-04
002912,中新赛克,7.5,66700000,2018-05-04
002056,横店东磁,1.0,1643600000,2018-05-04
000719,中原传媒,1.8,1023203749,2018-05-07
300401,花园生物,1.4,191715326,2018-05-04
002019,亿帆医药,1.0,1206974577,2018-05-03
600816,建元信托,5.0,4557614932,2018-05-04
002038,双鹭药业,5.0,684900000,2018-05-04
300398,飞凯材料,0.5,426740607,2018-05-04
002294,信立泰,8.0,1046016000,2018-05-04
920670,数字人,7.0,29182000,2018-05-07
002601,龙佰集团,5.5,2032095439,2018-05-04
601099,太平洋,0.1,6816316370,2018-05-07
002870,香山股份,2.0,111122400,2018-05-08
300172,中电环保,0.5,507000000,2018-05-04
000661,长春高新,8.0,170112265,2018-05-03
600168,武汉控股,1.39,709569692,2018-05-04
002187,广百股份,3.0,342422568,2018-05-04
300436,广生堂,1.0,141795700,2018-05-04
603322,超讯科技,1.2,80000000,2018-05-04
603078,江化微,3.0,60000000,2018-05-04
600400,红豆股份,2.0,1809469223,2018-05-08
603978,深圳新星,4.0,80000000,2018-05-04
000582,北部湾港,1.15,1386564967,2018-05-04
000333,美的集团,12.0,6584022574,2018-05-04
603881,数据港,1.7,210586508,2018-05-04
600657,信达地产,1.2,1524260442,2018-05-04
603938,三孚股份,2.0,150166600,2018-05-04
002534,西子洁能,2.0,739391850,2018-05-04
600282,南钢股份,0.5,4408977457,2018-05-07
600438,通威股份,1.6,3882372220,2018-05-04
300164,通源石油,0.2,449262159,2018-05-08
002323,*ST雅博,0.35,745729656,
603899,晨光股份,2.5,920000000,2018-05-04
300009,安科生物,1.5,712481401,2018-05-04
920526,凯华材料,2.8,62000000,2018-05-10
600888,新疆众和,0.5,833593634,2018-05-09
002466,天齐锂业,2.0,1142052851,2018-05-07
603535,嘉诚国际,2.0,150400000,2018-05-09
603019,中科曙光,1.0,643023970,2018-05-08
002532,天山铝业,2.0,515804900,2018-05-09
600273,嘉化能源,2.0,1484511066,2018-05-08
002385,大北农,0.8,4242993865,2018-05-07
300635,中达安,0.39,135680000,2018-05-08
002303,美盈森,1.3,1542323685,2018-05-07
002700,万憬能源,0.3,422426880,2018-05-08
300194,福安药业,1.0,1189712382,2018-05-08
001979,招商蛇口,6.2,7904092722,2018-05-09
601069,西部黄金,0.11,636000000,2018-05-07
600845,宝信软件,1.7,791019172,2018-05-08
002520,日发精机,1.0,554088969,2018-05-08
300227,光韵达,0.6,148318152,2018-05-07
300639,凯普生物,5.0,91017000,2018-05-09
002079,苏州固锝,0.3,727971487,2018-05-09
603658,安图生物,7.2,420000000,2018-05-08
002493,荣盛石化,1.2,3816000000,2018-05-08
300375,鹏翎股份,3.050056,201689471,2018-05-07
603067,振华股份,1.38,220000000,2018-05-08
300406,九强生物,1.505684,501837435,2018-05-07
300144,宋城演艺,1.2,1452607800,2018-05-09
000034,神州数码,0.38,654070434,2018-05-09
002138,顺络电子,2.0,816615354,2018-05-08
002758,浙农股份,0.8,210000000,2018-05-09
002099,海翔药业,1.0,1621610253,2018-05-09
603258,电魂网络,2.07,240000000,2018-05-09
000049,德赛电池,2.5,205243738,2018-05-09
603156,养元饮品,26.0,538050000,2018-05-08
300700,岱勒新材,3.0,82400000,2018-05-10
002858,力盛体育,2.0,63160000,2018-05-10
300328,宜安科技,0.3,460282400,2018-05-09
002674,兴业科技,5.0,302082162,2018-05-10
300479,神思电子,0.3,160000000,2018-05-09
300046,台基股份,2.0,142080000,2018-05-09
000559,万向钱潮,2.0,2753159454,2018-05-09
603345,安井食品,2.82,216040000,2018-05-10
002523,天桥起重,0.5,1011886286,2018-05-11
603336,宏辉果蔬,2.0,133350000,2018-05-10
002334,英威腾,1.5,754552710,2018-05-10
300532,今天国际,3.0,154029600,2018-05-10
002521,齐峰新材,2.0,494685819,2018-05-10
002925,盈趣科技,8.0,455160000,2018-05-09
603636,南威软件,2.0,527256952,2018-05-10
002888,惠威科技,2.0,83117600,2018-05-11
603528,多伦科技,0.5,620040000,2018-05-11
300346,南大光电,1.2,160864000,2018-05-11
600067,冠城新材,1.2,1492110725,2018-05-10
002049,紫光国微,0.5,606817968,2018-05-09
300242,佳云科技,0.31,636332984,2018-05-10
000812,陕西金叶,0.3,512461743,2018-05-09
000902,新洋丰,2.0,1304529290,2018-05-10
603669,灵康药业,4.0,260000000,2018-05-10
603368,柳药集团,6.6,185052458,2018-05-09
300044,*ST赛为,0.5,432513761,2018-05-10
000062,深圳华强,3.5,721316774,2018-05-09
002349,精华制药,0.5,840589662,2018-05-10
300567,精测电子,5.0,81824000,2018-05-11
002463,沪电股份,0.5,1674159763,2018-05-10
000631,顺发恒能,3.1,2432519168,2018-05-11
603969,银龙股份,1.5,400000000,2018-05-10
300509,新美星,6.0,80000000,2018-05-09
000789,万年青,3.5,613364368,2018-05-11
920284,灵鸽科技,0.3,63425120,2018-05-15
300719,安达维尔,5.0,168000000,2018-05-09
002391,长青股份,3.0,359486180,2018-05-11
300552,万集科技,0.7,108296000,2018-05-10
002695,煌上煌,0.7,499957128,2018-05-10
002353,杰瑞股份,1.2,957853992,2018-05-11
600008,首创环保,0.8,4820614124,2018-05-10
300121,阳谷华泰,3.0,375131706,2018-05-11
002465,海格通信,0.8,2307395829,2018-05-10
603811,诚意药业,4.2,85200000,2018-05-11
300575,中旗股份,3.2,73350000,2018-05-11
601886,江河集团,3.0,1154050000,2018-05-10
603228,景旺电子,5.0,408000000,2018-05-11
300547,川环科技,10.0,61744215,2018-05-11
002492,恒基达鑫,0.5,405000000,2018-05-10
601137,博威合金,1.5,627219708,2018-05-10
601555,东吴证券,1.5,3000000000,2018-05-10
002612,朗姿股份,1.5,400000000,2018-05-10
603933,睿能科技,4.5,102670000,2018-05-10
300036,超图软件,0.88,449537367,2018-05-11
002230,科大讯飞,1.0,1388320328,2018-05-14
002364,中恒电气,1.0,563564960,2018-05-14
002865,钧达股份,1.8,120000000,2018-05-11
300304,云意电气,0.3,872291218,2018-05-11
600736,苏州高新,1.45,1194292932,2018-05-11
603096,新经典,6.0,134660000,2018-05-14
002474,榕基软件,0.1,622200000,2018-05-14
002626,金达威,4.0,616481927,2018-05-11
000541,佛山照明,3.29,1272132868,2018-05-11
002449,国星光电,3.2,475751669,2018-05-11
002236,大华股份,2.0,2898756130,2018-05-11
300480,光力科技,0.500105,192232449,2018-05-14
002145,钛能化学,0.2,1591245576,2018-05-11
920273,一致魔芋,1.0,42800000,2018-05-14
002742,冀衡医药,0.7,432000000,2018-05-11
920509,同惠电子,3.0,54800000,2018-05-15
600007,中国国贸,3.2,1007282534,2018-05-11
300548,长芯博创,2.0,82670000,2018-05-14
300616,尚品宅配,10.0,110390000,2018-05-15
300381,溢多利,0.4,406755366,2018-05-11
920146,华阳变速,1.0,69689572,2018-05-16
603444,吉比特,26.0,71882225,2018-05-11
300173,ST福能,0.3,586180503,2018-05-14
600738,丽尚国潮,1.0,783095436,2018-05-11
300446,航天智造,4.0,122800000,2018-05-11
920547,无锡晶海,8.0,12000000,2018-05-14
000759,中百集团,0.6,681021500,2018-05-11
300682,朗新科技,0.51,416760300,2018-05-14
300420,五洋自控,0.6,511164635,2018-05-15
603166,福达股份,2.0,597718710,2018-05-15
002285,世联行,0.8,2043978097,2018-05-14
000799,酒鬼酒,1.5,324928980,2018-05-15
603385,惠达卫浴,3.0,284151111,2018-05-15
002045,国光电器,0.8,416904000,2018-05-14
920299,灿能电力,5.0,20000000,2018-05-16
603038,华立股份,2.8,67153000,2018-05-14
002461,珠江啤酒,1.0,1106664240,2018-05-14
600523,贵航股份,2.08,288793800,2018-05-16
300066,三川智慧,0.2,1040033262,2018-05-15
300705,九典制药,1.2,117340000,2018-05-16
600059,古越龙山,1.0,808524165,2018-05-16
300241,瑞丰光电,0.50076,276079611,2018-05-15
300653,正海生物,5.0,80000000,2018-05-15
300681,英搏尔,6.0,75600000,2018-05-15
300068,ST南都,2.0,874894167,2018-05-15
603029,天鹅股份,0.7,93340000,2018-05-15
300577,开润股份,3.3,120762720,2018-05-14
002103,广博股份,0.3,549212944,2018-05-16
002148,北纬科技,0.8,567351127,2018-05-15
002360,ST同德,1.5,391512600,2018-05-15
920405,海希通讯,9.5,53800000,2018-05-16
002561,徐家汇,3.6,415763000,2018-05-15
002080,中材科技,3.0,806790185,2018-05-15
601233,桐昆股份,1.4,1301380744,2018-05-15
603659,璞泰来,3.13,432702900,2018-05-15
300559,佳发教育,2.0,73434000,2018-05-17
002772,众兴菌业,1.000038,373316347,2018-05-15
302132,中航成飞,0.5,590760499,2018-05-16
600582,天地科技,0.5,4138588892,2018-05-15
603377,ST东时,3.0,420000000,2018-05-16
300629,新劲刚,1.0,66666700,2018-05-15
603039,泛微网络,1.5,69269900,2018-05-15
000060,中金岭南,2.5,2379790218,2018-05-16
603367,辰欣药业,1.6,453353000,2018-05-17
300239,东宝生物,0.3,460874108,2018-05-17
002690,美亚光电,5.0,676000000,2018-05-16
300523,辰安科技,1.3,144000000,2018-05-16
002365,永安药业,1.0,196455000,2018-05-15
603776,永安行,7.0,96000000,2018-05-16
300650,太龙股份,2.5,63148000,2018-05-16
002508,老板电器,7.5,949032825,2018-05-15
300229,拓尔思,0.5,471208546,2018-05-17
300717,华信新材,2.0,64000000,2018-05-17
603305,旭升集团,1.0,400600000,2018-05-18
300579,数字认证,3.0,80000000,2018-05-17
603559,中通国脉,0.45,138708671,2018-05-16
002335,科华数据,10.0,279719290,2018-05-16
002381,双箭股份,1.0,428500000,2018-05-17
002511,中顺洁柔,1.0,757464540,2018-05-17
300546,雄帝科技,1.5,135205000,2018-05-16
002062,宏润建设,0.5,1102500000,2018-05-17
600693,东百集团,1.0,898229148,2018-05-17
603757,大元泵业,6.5,83800000,2018-05-17
600064,南京高科,1.0,772473055,2018-05-17
300658,延江股份,3.0,100000000,2018-05-16
600011,华能国际,1.0,15200383440,2018-05-17
002798,帝欧水华,2.0,133365148,2018-05-18
603656,泰禾智能,2.5,106344000,2018-05-16
300505,川金诺,1.3,93360000,2018-05-16
300092,科新机电,0.12,237514202,2018-05-17
603977,国泰集团,1.0,221080000,2018-05-16
000935,四川双马,1.75,763440333,2018-05-18
300534,陇神戎发,0.12,303345000,2018-05-16
000818,航锦科技,0.8,691842500,2018-05-17
002367,康力电梯,1.5,797652687,2018-05-18
300363,博腾股份,0.26,424457373,2018-05-18
920508,殷图网联,2.0,40000000,2018-05-22
920275,驱动力,3.98,50242000,2018-05-18
300284,苏交科,1.6,578217846,2018-05-16
603010,万盛股份,1.1,254391982,2018-05-17
603289,泰瑞机器,1.3,204000000,2018-05-16
000600,建投能源,0.8,1791626376,2018-05-16
920445,龙竹科技,2.5,54735000,2018-05-18
920395,朗鸿科技,1.0,36000000,2018-05-18
300441,鲍斯股份,1.0,367962873,2018-05-17
601518,吉林高速,0.74,1213200000,2018-05-16
300589,江龙船艇,0.3,112671000,2018-05-17
300222,科大智能,0.7,729820456,2018-05-18
603033,三维股份,1.5,126980000,2018-05-21
920950,迅安科技,4.6,35000000,2018-05-18
601996,丰林集团,0.6,958184000,2018-05-18
600513,联环药业,0.75,285456270,2018-05-17
600176,中国巨石,2.5,2918589041,2018-05-17
300643,万通智控,1.1,200000000,2018-05-21
601168,西部矿业,1.0,2383000000,2018-05-17
603725,天安新材,1.2,146680000,2018-05-18
920834,三维装备,1.1,62526200,2018-05-21
601007,金陵饭店,2.4,300000000,2018-05-18
300207,欣旺达,2.0,1548674500,2018-05-18
300725,药石科技,2.0,73333334,2018-05-18
601128,常熟银行,1.8,2222727969,2018-05-18
002092,中泰化学,1.5,2146449598,2018-05-18
300371,汇中股份,1.5,120000000,2018-05-18
601000,唐山港,0.8,4558406626,2018-05-17
002688,金河生物,0.3,635289655,2018-05-17
300224,正海磁材,1.2,835116361,2018-05-17
920087,秋乐种业,0.7,130860000,2018-05-21
603085,天成自控,1.0,223835486,2018-05-18
300237,ST美晨,0.8,807262506,2018-05-17
603883,老百姓,10.0,284945266,2018-05-17
603868,飞科电器,15.0,435600000,2018-05-17
000951,中国重汽,6.8,671080800,2018-05-18
600987,航民股份,2.8,635310000,2018-05-18
002839,张家港行,1.0,1807526665,2018-05-18
002630,*ST华西,0.3,738000000,2018-05-18
603516,淳中科技,4.0,93546700,2018-05-17
603823,百合花,1.8,225000000,2018-05-18
002439,启明星辰,0.5,896692587,2018-05-18
300019,硅宝科技,1.0,330901951,2018-05-18
002771,真视通,1.5,161600200,2018-05-18
000977,浪潮信息,0.4,1289252171,2018-05-18
300026,红日药业,0.2,3011054793,2018-05-18
002108,沧州明珠,2.0,1090710923,2018-05-18
002631,德尔未来,0.2,650480000,2018-05-21
603306,华懋科技,5.0,236169004,2018-05-18
002882,金龙羽,1.0,425000000,2018-05-18
603338,浙江鼎力,4.0,176926229,2018-05-18
600021,上海电力,2.0,2409657149,2018-05-18
002841,视源股份,6.0,406787500,2018-05-21
002409,雅克科技,0.11,343827605,2018-05-18
300095,华伍股份,0.3,378710854,2018-05-21
603637,镇海股份,1.5,132996616,2018-05-18
000928,中钢国际,1.2,1256662942,2018-05-18
920729,永顺生物,5.0,76900000,2018-05-22
300627,华测导航,2.7,123272500,2018-05-18
300196,长海股份,1.013151,424496076,2018-05-18
603839,安正时尚,5.0,289041642,2018-05-18
603026,石大胜华,6.0,202680000,2018-05-21
601155,新城控股,8.1,2257384186,2018-05-21
002831,裕同科技,6.0,400010000,2018-05-21
920662,方盛股份,4.4763,11170000,2018-05-22
603766,隆鑫通用,3.3,2113077350,2018-05-18
920892,广咨国际,16.8,25000000,2018-05-21
603369,今世缘,2.5,1254500000,2018-05-21
920826,盖世食品,1.0,31000000,2018-05-21
603738,泰晶科技,2.3,113356000,2018-05-21
600094,大名城,0.6,2475325057,2018-05-21
300633,开立医疗,0.5,400010000,2018-05-18
002009,天奇股份,0.5,370549434,2018-05-22
300739,明阳电路,3.0,123200000,2018-05-23
300110,华仁药业,0.166823,1182212982,2018-05-22
002634,*ST棒杰,0.5,461002575,2018-05-22
600368,五洲交通,1.5,833801532,2018-05-21
603595,ST东尼,1.7,102016000,2018-05-23
000731,四川美丰,0.8,591484352,2018-05-22
002536,飞龙股份,3.0,333807876,2018-05-22
600757,长江传媒,1.0,1213650273,2018-05-22
600105,永鼎股份,1.0,963893092,2018-05-21
920504,博迅生物,3.8,35000000,2018-05-21
002008,大族激光,2.0,1067065245,2018-05-21
300412,迦南科技,1.1,260191000,2018-05-22
300248,新开普,0.610576,318854761,2018-05-22
603986,兆易创新,3.93,202679734,2018-05-21
002533,金杯电工,1.0,553121280,2018-05-21
002833,弘亚数控,2.4,135302000,2018-05-22
920260,中寰股份,1.25,40000000,2018-05-23
002253,川大智胜,1.2,225626095,2018-05-22
300277,汽轮科技,0.15,335000000,2018-05-21
002763,汇洁股份,3.0,388800000,2018-05-21
002126,银轮股份,0.4,801081664,2018-05-21
300285,国瓷材料,0.5,598301142,2018-05-22
600497,驰宏锌锗,0.3,5091291568,2018-05-21
300624,万兴科技,2.0,80000000,2018-05-23
603268,松发股份,1.6,89384000,2018-05-21
300374,中铁装配,1.0,245912337,2018-05-22
000965,天保基建,0.1,1008937178,2018-05-21
603025,大豪科技,10.0,454133355,2018-05-22
603663,三祥新材,1.5,135709000,2018-05-21
002361,神剑股份,0.5,862595596,2018-05-21
002457,青龙管业,1.0,334992000,2018-05-22
601003,柳钢股份,5.0,2562793200,2018-05-22
300617,安靠智电,5.0,66670000,2018-05-22
300731,科创新源,3.5,87217391,2018-05-21
002418,康盛股份,0.3,1136400000,2018-05-22
300162,雷曼光电,1.0,349510030,2018-05-22
002055,ST得润,0.5,467144096,2018-05-22
300521,爱司凯,0.5,144000000,2018-05-22
002085,万丰奥威,3.0,2186879678,2018-05-22
300729,乐歌股份,2.0,86000000,2018-05-22
000926,福星股份,2.0,971522474,2018-05-21
002189,中光学,0.25,199240000,2018-05-22
002041,登海种业,0.52,880000000,2018-05-21
000536,华映科技,1.0,2766032803,2018-05-22
002028,思源电气,1.0,760209282,2018-05-23
300314,戴维医疗,0.5,288000000,2018-05-22
002110,三钢闽光,15.0,1373614962,2018-05-22
002121,科陆电子,0.35,1408322860,2018-05-24
000807,云铝股份,0.7,2606838797,2018-05-24
601636,旗滨集团,3.0,2691404940,2018-05-23
002241,歌尔股份,1.0,3245103948,2018-05-22
002273,水晶光电,1.0,664098124,2018-05-23
920885,星辰科技,0.8,63804200,2018-05-28
920403,康农种业,2.0,36220000,2018-05-23
603688,石英股份,1.0,337338000,2018-05-22
002489,浙江永强,0.1,2175736503,2018-05-23
002807,江阴银行,1.0,1767354347,2018-05-22
920564,天润科技,1.0,42372126,2018-05-24
300660,江苏雷利,8.0,101920400,2018-05-24
300316,晶盛机电,1.0,984926080,2018-05-23
300057,万顺新材,0.5,439664781,2018-05-22
300459,汤姆猫,0.2,1971232995,2018-05-23
300648,星云股份,1.0,67700000,2018-05-23
002851,麦格米特,1.5,180666147,2018-05-22
603767,中马传动,3.0,213320000,2018-05-23
300556,丝路视觉,0.5,114852000,2018-05-22
300263,隆华科技,0.1,882079304,2018-05-24
300558,贝达药业,1.5,401000000,2018-05-22
002687,乔治白,1.5,354852000,2018-05-23
002434,万里扬,1.50224,1350000000,2018-05-22
002864,盘龙药业,1.0,86670000,2018-05-22
300432,富临精工,2.0,509990175,2018-05-22
300421,力星股份,2.7,133554687,2018-05-23
603311,金海高科,1.8,210000000,2018-05-23
300683,海特生物,3.0,103355040,2018-05-23
002315,焦点科技,5.0,235000000,2018-05-23
002415,海康威视,5.0,9227270473,2018-05-22
002222,福晶科技,1.0,427500000,2018-05-23
300407,凯发电气,0.5,276380000,2018-05-24
002135,东南网架,0.12,1034402200,2018-05-23
603988,中电电机,2.5,120000000,2018-05-22
000877,天山股份,0.8,1048722959,2018-05-24
300462,ST华铭,1.0,137760000,2018-05-23
002032,苏泊尔,7.2,821287610,2018-05-24
300213,佳讯飞鸿,0.5,594926386,2018-05-23
300736,百邦科技,6.8,54308700,2018-05-22
002880,卫光生物,5.0,108000000,2018-05-22
300259,新天科技,1.0,534389981,2018-05-23
300707,威唐工业,1.1,78600000,2018-05-23
300669,沪宁股份,1.8,84200000,2018-05-22
300119,瑞普生物,1.5,404493463,2018-05-23
920735,德源药业,2.2,45591000,2018-05-25
000739,普洛药业,0.65,1178523492,2018-05-23
603838,*ST四通,0.5,266680000,2018-05-23
300737,科顺股份,0.5,610666600,2018-05-22
300039,上海凯宝,1.0,1071493800,2018-05-23
600848,上海临港,1.2,1119919277,2018-05-23
603278,大业股份,2.0,208000000,2018-05-23
600798,宁波海运,0.5,1030850948,2018-05-23
300422,博世科,0.42,355815284,2018-05-24
001872,招商港口,13.19,644763730,2018-05-23
603316,诚邦股份,0.67,203280000,2018-05-23
920663,明阳科技,2.6,38700000,2018-06-01
000802,北京文化,0.41,723150255,2018-05-23
300107,建新股份,1.5,546728522,2018-05-23
300386,飞天诚信,0.5,418044000,2018-05-25
300389,艾比森,0.8,319643336,2018-05-24
300015,爱尔眼科,2.999671,1589355150,2018-05-24
002617,露笑科技,0.2,734824767,2018-05-25
300595,欧普康视,2.1,124313920,2018-05-25
603580,艾艾精工,1.5,66670000,2018-05-24
300410,正业科技,1.02,197107774,2018-05-25
300027,ST华谊,0.3,2774505919,2018-05-24
600711,盛屯矿业,1.0,1676698582,2018-05-24
600477,杭萧钢构,1.7,1374420616,2018-05-23
002746,仙坛股份,4.0,181840201,2018-05-24
603617,君禾股份,2.0,100000000,2018-05-23
002729,好利科技,1.0,66680000,2018-05-24
300188,国投智能,2.0,496803986,2018-05-23
300197,节能铁汉,0.5,1519653615,2018-05-24
603726,朗迪集团,5.0,94720000,2018-05-24
920523,德瑞锂电,1.0,56564330,2018-05-25
300378,鼎捷数智,1.0,264709943,2018-05-24
300133,华策影视,0.37,1769704221,2018-05-24
600366,宁波韵升,3.0,556958425,2018-05-23
002376,新北洋,2.0,665712402,2018-05-23
300531,优博讯,0.2,280000000,2018-05-24
300396,ST迪瑞,2.5,153350000,2018-05-23
002275,桂林三金,4.0,590200000,2018-05-24
600975,新五丰,1.0,652675584,2018-05-23
300037,新宙邦,2.0,379430368,2018-05-25
300586,美联新材,5.0,96000000,2018-05-24
603990,麦迪科技,1.9,80922600,2018-05-23
300333,兆日科技,1.2,336000000,2018-05-25
002224,三力士,0.5,658065698,2018-05-23
600521,华海药业,2.0,1042490332,2018-05-25
603722,阿科力,4.0,86700000,2018-05-25
000563,陕国投A,0.2,3090491732,2018-05-23
002867,周大生,6.0,485379500,2018-05-23
300450,先导智能,2.292785,441522075,2018-05-24
002017,东信和平,0.3,346325336,2018-05-25
300582,英飞特,0.21,202602108,2018-05-24
603728,鸣志电器,0.52,320000000,2018-05-23
920541,铁大科技,0.7,61000000,2018-05-25
920212,智新电子,1.0,38300000,2018-05-28
002516,旷达科技,1.0,1502392852,2018-05-25
002669,康达新材,0.37,241129288,2018-05-24
300490,华自科技,0.5,228586627,2018-05-28
002317,众生药业,1.8,814461076,2018-05-24
603466,风语筑,8.0,145975500,2018-05-28
002139,拓邦股份,1.0,679860478,2018-05-24
300516,久之洋,1.11,120000000,2018-05-25
300184,力源信息,0.499167,659295404,2018-05-25
002842,翔鹭钨业,2.0,100000000,2018-05-24
300290,ST荣科,0.113924,338572507,2018-05-25
002875,安奈儿,2.0,101630100,2018-05-28
600258,首旅酒店,0.8,815742752,2018-05-24
300360,炬华科技,0.8,409619150,2018-05-25
603180,金牌家居,8.0,67500000,2018-05-24
600570,恒生电子,2.9,617805180,2018-05-24
002407,多氟多,2.0,646430387,2018-05-24
920871,派特尔,2.0,37031400,2018-05-29
603283,赛腾股份,1.8,160000000,2018-05-24
002733,雄韬股份,0.5,350113207,2018-05-25
000703,恒逸石化,2.0,1648424362,2018-05-24
603605,珀莱雅,3.1,200000000,2018-05-24
300723,一品红,1.5,160000000,2018-05-25
002022,科华生物,0.65,512569193,2018-05-25
600831,广电网络,0.4,604967689,2018-05-25
002801,微光股份,5.0,118345000,2018-05-25
300251,光线传媒,2.0,2933608432,2018-05-25
300335,迪森股份,1.198485,363068645,2018-05-28
002176,江特电机,0.2,1469182112,2018-05-25
002920,德赛西威,3.0,550000000,2018-05-25
300578,会畅科技,1.0,73561000,2018-05-25
300530,领湃科技,6.19,70000000,2018-05-24
603128,华贸物流,0.85,1005415153,2018-05-24
300638,广和通,1.25,80000000,2018-05-25
600426,华鲁恒升,1.5,1620363550,2018-05-25
300413,芒果超媒,0.5,401000000,2018-05-24
600261,阳光照明,1.5,1452102930,2018-05-24
603527,众源新材,2.5,124400000,2018-05-24
002675,东诚药业,0.27,703603035,2018-05-24
300732,设研院,5.0,72000000,2018-05-28
600367,红星发展,0.33,291200000,2018-05-24
002790,瑞尔特,5.0,160000000,2018-05-25
002452,长高电气,0.3,529400000,2018-05-24
300445,康斯特,0.8,165614400,2018-05-25
601126,四方股份,1.78,813172000,2018-05-24
002850,科达利,3.0,140000000,2018-05-25
000980,众泰汽车,0.15,2037732279,2018-05-25
002053,云南能投,1.0,558329336,2018-05-25
600516,方大炭素,19.0,1788794378,2018-05-25
600373,中文传媒,4.0,1377940025,2018-05-25
920556,雅达股份,4.0,125315200,2018-05-25
600547,山东黄金,0.4,1857118809,2018-05-25
300525,博思软件,2.1,72032000,2018-05-25
603708,家家悦,4.0,468000000,2018-05-24
603903,中持股份,1.0,103336000,2018-05-25
600419,天润乳业,2.9,103557209,2018-05-28
603103,横店影视,2.3,453000000,2018-05-25
002484,江海股份,0.8,815155441,2018-05-25
603997,继峰股份,2.8,637719200,2018-05-24
300179,四方达,1.0,496387350,2018-05-24
000070,特发信息,0.36,626994746,2018-05-24
300250,初灵信息,2.0,232269206,2018-05-25
002871,伟隆股份,3.0,68000000,2018-05-25
603889,新澳股份,2.5,393651068,2018-05-25
002821,凯莱英,3.5,230102706,2018-05-25
000860,顺鑫农业,1.5,570589992,2018-05-25
300214,日科化学,1.5,425812614,2018-05-25
002293,罗莱生活,3.5,744729147,2018-05-28
002538,ST司特,1.5,718120283,2018-05-25
603879,永悦科技,1.5,144000000,2018-05-25
002553,南方精工,2.0,348000000,2018-05-28
300098,高新兴,0.397908,1181105701,2018-05-25
002563,森马服饰,2.5,2689453840,2018-05-25
300522,世名科技,2.0,120006000,2018-05-28
300478,杭州高新,1.5,66670000,2018-05-28
603607,京华激光,4.0,91080000,2018-05-25
601288,农业银行,1.783,324794117000,2018-05-25
300324,旋极信息,0.707409,1165838173,2018-05-25
002596,海南瑞泽,0.2,1074267206,2018-05-28
600326,西藏天路,0.8,865384510,2018-05-25
300099,尤洛卡,1.0,669279255,2018-05-25
002895,川恒股份,1.5,407083000,2018-05-25
002828,贝肯能源,1.1,119770000,2018-05-25
000665,湖北广电,0.8,636217448,2018-05-25
002242,九阳股份,7.0,767511000,2018-05-28
300542,新晨科技,0.8,91191500,2018-05-28
300329,海伦钢琴,0.29,251289880,2018-05-29
300673,佩蒂股份,5.0,80000000,2018-05-28
600183,生益科技,4.5,1460020631,2018-05-28
300395,菲利华,1.5,299223000,2018-05-28
300515,三德科技,0.75,200000000,2018-05-28
300527,ST应急,0.25,485835000,2018-05-28
603976,正川股份,4.6,108000000,2018-05-28
300501,海顺新材,5.0,67258800,2018-05-28
300628,亿联网络,16.0,149340000,2018-05-28
300722,新余国科,3.0,80000000,2018-05-28
000555,神州信息,0.32,963431273,2018-05-29
600868,梅雁吉祥,0.2,1898148679,2018-05-25
002327,富安娜,2.5,871157604,2018-05-25
300703,创源股份,3.5,80000000,2018-05-29
920608,丰安股份,3.0,30000000,2018-05-28
600536,中国软件,0.46,494562782,2018-05-29
300417,南华仪器,2.5,81600000,2018-05-28
300008,天海防务,0.18,960016185,2018-05-25
002560,通达股份,0.2,429141351,2018-05-25
002826,易明医药,0.6,189720000,2018-05-28
300623,捷捷微电,5.0,94601400,2018-05-28
603517,ST绝味,4.8,410000000,2018-05-25
300448,浩云科技,1.02037,218291439,2018-05-28
600584,长电科技,0.25,1359844003,2018-05-25
600867,通化东宝,2.0,1711296471,2018-05-25
920978,开特股份,0.769,156038000,2018-05-28
600658,电子城,1.91,798989318,2018-05-25
300680,隆盛科技,2.0,68000000,2018-05-28
002788,鹭燕医药,2.0,128168800,2018-05-25
002769,普路通,0.33,376513608,2018-05-28
002127,南极电商,0.62,1636580269,2018-05-25
600211,西藏药业,3.85,179619205,2018-05-28
300557,理工光科,2.5,55668540,2018-05-28
603508,思维列控,3.125,160000000,2018-05-28
300258,精锻科技,1.25,405000000,2018-05-30
920271,邦德股份,4.45,68421304,2018-05-29
002324,普利特,1.0,270849978,2018-05-28
920245,威博液压,0.852719,39000000,2018-05-31
300219,鸿利智汇,0.5,712938506,2018-05-29
601952,苏垦农发,2.0,1060000000,2018-05-28
603303,得邦照明,1.3,408000000,2018-05-28
601116,三江购物,2.0,410758800,2018-05-28
000722,湖南发展,0.5,464158282,2018-05-29
600173,卧龙新能,1.0,727697460,2018-05-30
002783,凯龙股份,2.0,208675000,2018-05-29
300451,创业慧康,1.0,242801887,2018-05-29
300347,泰格医药,2.0,500176537,2018-05-30
002455,百川股份,1.0,516977142,2018-05-29
002203,海亮股份,0.6,1695598113,2018-05-28
603806,福斯特,6.0,402000000,2018-05-30
000544,中原环保,3.5,649789659,2018-05-29
603386,骏亚科技,1.5,201800000,2018-05-30
603357,设计总院,2.7,324673356,2018-05-28
300486,东杰智能,0.25,163041185,2018-05-29
002654,万润科技,0.5,902605378,2018-05-29
600735,ST新华锦,0.6,375992296,2018-05-28
603661,恒林股份,8.9,100000000,2018-05-28
600252,中恒集团,0.6,3475107147,2018-05-29
300387,富邦科技,1.100224,124916500,2018-05-28
603058,永吉股份,0.6,423510000,2018-05-28
300425,中建环能,2.290378,376851230,2018-05-29
002339,积成电子,0.4,393696000,2018-05-29
603890,春秋电子,2.0,137000000,2018-05-29
002454,松芝股份,1.0,421466400,2018-05-28
603912,佳力图,2.5,150300000,2018-05-29
603606,东方电缆,0.6,372709129,2018-05-29
300721,怡达股份,2.0,80150000,2018-05-28
603601,再升科技,1.6,386151260,2018-05-28
002916,深南电路,5.1,280000000,2018-05-28
002557,洽洽食品,3.5,507000000,2018-05-30
300467,迅游科技,0.35,226611309,2018-05-29
002562,兄弟科技,2.0,540969884,2018-05-29
002902,铭普光磁,1.5,140000000,2018-05-28
002546,新联电子,1.2,834049096,2018-05-28
300253,卫宁健康,0.149825,1617760579,2018-05-28
002329,皇氏集团,0.1,837640035,2018-05-28
002301,齐心集团,0.5,427867388,2018-05-28
002340,格林美,0.26,3815910339,2018-05-29
920982,锦波生物,5.0,38960000,2018-06-01
603558,健盛集团,1.5,416356349,2018-05-28
603356,华菱精工,1.5,133340000,2018-05-29
300543,朗科智能,3.0,120000000,2018-05-29
300473,德尔股份,3.0,104920000,2018-05-29
002836,新宏泽,2.5,160000000,2018-05-29
601633,长城汽车,1.7,9127269000,2018-05-28
002548,金新农,1.0,380538204,2018-05-28
300012,华测检测,0.25,1657530714,2018-05-28
002480,新筑股份,0.2,653576270,2018-05-28
002402,和而泰,0.25,855865396,2018-05-28
300127,银河磁体,4.5,323146360,2018-05-29
601012,隆基绿能,1.8,1994053635,2018-05-29
603721,中广天择,3.0,100000000,2018-05-29
002909,集泰股份,2.5,120000000,2018-05-28
600660,福耀玻璃,7.5,2508617532,2018-05-29
920023,*ST田野,0.2,240000000,2018-05-29
300067,安诺其,0.5,726916368,2018-05-30
000672,上峰材料,1.0,813619871,2018-05-29
002817,黄山胶囊,1.1,86670000,2018-05-29
603111,康尼机电,1.2,993275484,2018-05-29
002759,ST天际,0.5,452179983,2018-05-30
000826,*ST启环,4.0,1021841989,2018-05-29
603679,华体科技,0.9902,100990000,2018-05-30
600756,浪潮软件,1.15,324098753,2018-05-29
603588,高能环境,0.3,662190954,2018-05-29
920685,新芝生物,2.5,61020000,2018-05-30
601015,陕西黑猫,0.2,1253684210,2018-05-30
300052,中青宝,0.2,261038600,2018-05-31
002698,博实股份,0.8,681700000,2018-05-31
002460,赣锋锂业,4.0,743262441,2018-05-29
600251,冠农股份,0.35,784842008,2018-05-30
002281,光迅科技,1.7,646300752,2018-05-30
300176,鸿特科技,11.0,107280000,2018-05-29
600965,*ST福成,0.7,818700955,2018-05-30
600230,沧州大化,5.0,294188216,2018-05-30
603737,三棵树,5.5,102181200,2018-05-29
300539,横河精密,0.31,209000000,2018-05-29
300091,*ST金灵,0.23,555598900,2018-05-29
300610,晨化股份,1.0,150000000,2018-05-30
300221,银禧科技,1.2,505688470,2018-05-30
603326,我乐家居,1.6,161420100,2018-05-29
600167,联美控股,2.6,880045952,2018-05-30
002001,新和成,7.0,1263919000,2018-05-30
603985,恒润股份,3.5,80000000,2018-05-29
300716,*ST泉为,1.5,106680000,2018-05-29
300620,光库科技,2.0,88000000,2018-05-30
000425,徐工机械,0.4,7007727655,2018-05-30
300553,集智股份,2.5,48000000,2018-05-30
300519,新光药业,2.5,160000000,2018-05-29
920418,苏轴股份,2.5,72600000,2018-05-29
920578,巨能股份,2.0,18260000,2018-05-31
920640,富士达,1.0,65720000,2018-05-31
600433,冠豪高新,0.13,1271315443,2018-05-30
002718,友邦吊顶,4.0,87631886,2018-05-29
300231,银信科技,1.5,442100220,2018-05-30
603696,安记食品,1.25,120000000,2018-05-29
300571,平治信息,2.5,80000000,2018-05-30
300463,迈克生物,1.364686,558000000,2018-05-29
920204,沪江材料,3.5,21400000,2018-05-31
300322,硕贝德,0.3,407093850,2018-05-29
603685,晨丰科技,3.5,100000000,2018-05-31
002830,名雕股份,1.2,133340000,2018-05-29
002637,赞宇科技,2.0,422200000,2018-05-30
300181,佐力药业,0.2,608624848,2018-05-30
002757,南兴股份,3.0,111036000,2018-05-29
300073,当升科技,1.08968,436722773,2018-05-29
300481,濮阳惠成,3.5,171376000,2018-05-29
002332,仙琚制药,0.6,916212166,2018-05-30
600969,郴电国际,0.457,264321774,2018-05-29
300642,透景生命,4.0,60562100,2018-05-29
603676,卫信康,0.8,423000000,2018-05-30
002549,凯美特气,0.5,623700000,2018-05-30
300354,东华测试,0.1,138341201,2018-05-30
300447,全信股份,0.6,312921953,2018-05-30
600563,法拉电子,12.0,225000000,2018-05-31
000065,北方国际,1.2,513003607,2018-06-01
600276,恒瑞医药,1.3,2832648038,2018-05-30
002656,摩登大道,0.15,445324903,2018-05-31
002857,三晖电气,0.6,80000000,2018-05-31
300149,睿智医药,0.4,422100000,2018-05-30
600511,国药股份,4.5,766933698,2018-06-01
600560,金自天正,0.28,223645500,2018-05-31
000791,甘肃能源,0.77,971126200,2018-06-01
600596,新安股份,2.0,706024633,2018-05-30
300498,温氏股份,3.92963,5313839027,2018-05-31
603113,金能科技,1.51,675939455,2018-05-30
600970,中材国际,1.68,1754257928,2018-05-30
300017,网宿科技,0.297343,2432967390,2018-05-30
920866,绿亨科技,1.57,71750000,2018-06-06
600512,腾达建设,0.4,1598902832,2018-05-30
002094,青岛金王,1.2,407383485,2018-05-31
000801,四川九洲,0.2,1022806646,2018-05-31
002518,科士达,2.0,589078794,2018-06-01
600704,物产中大,2.0,4306682417,2018-05-31
603488,展鹏科技,2.0,208000000,2018-05-30
600303,曙光股份,1.47,675604211,2018-05-31
603319,美湖股份,4.5,80920000,2018-05-31
603127,昭衍新药,3.0,82139000,2018-05-31
002847,盐津铺子,2.0,124000000,2018-05-30
920751,惠同新材,3.5,62000000,2018-05-31
002747,埃斯顿,0.72,838490805,2018-05-30
603569,长久物流,1.97,400010000,2018-05-31
920014,特瑞斯,4.68,60000000,2018-05-31
300622,博士眼镜,2.0,85800000,2018-05-30
603586,金麒麟,4.0,215618000,2018-05-30
300612,宣亚国际,5.0,108000000,2018-05-31
300573,兴齐眼药,2.5,80000000,2018-06-01
300132,青松股份,0.5,385920000,2018-05-31
600973,宝胜股份,0.22,1222112517,2018-05-31
603043,广州酒家,3.5,403996184,2018-05-30
300561,汇金科技,3.591985,85350000,2018-05-30
603050,科林电气,1.5,160008000,2018-05-30
002823,凯中精密,1.57841,291432487,2018-05-31
300131,英唐智控,0.3,1069526426,2018-05-31
300455,航天智装,0.8,392000000,2018-05-31
300602,飞荣达,1.0,101801000,2018-05-30
300165,天瑞仪器,0.7,461760000,2018-05-31
002576,通达动力,0.1,165100000,2018-05-30
603816,顾家家居,9.6,428141000,2018-06-01
002286,保龄宝,0.9,369256000,2018-05-31
002755,奥赛康,0.35,101340000,2018-05-31
601677,明泰铝业,1.0,589984335,2018-05-30
300307,慈星股份,2.0,802000000,2018-05-31
300656,民德电子,2.0,60000000,2018-05-31
603218,日月股份,2.0,401000000,2018-05-31
002861,瀛通通讯,3.0,122698400,2018-05-30
300551,古鳌科技,0.6,73360000,2018-05-31
600239,ST云城,0.5,1605686909,2018-06-01
603809,豪能股份,10.0,106670000,2018-05-30
300599,雄塑科技,1.2,304000000,2018-05-31
300647,超频三,1.0,122955000,2018-06-01
300696,爱乐达,2.9,68950000,2018-05-31
002227,*ST特迅,0.2,220597400,2018-06-01
920641,格利尔,2.0,55000000,2018-06-01
000099,中信海直,0.15,606070420,2018-05-31
603136,天目湖,4.0,80000000,2018-05-31
300494,盛天网络,0.98,240000000,2018-06-04
000100,TCL科技,1.0,13549648507,2018-05-31
603298,杭叉集团,3.0,618854180,2018-06-01
300405,科隆股份,0.25,117230380,2018-06-01
002663,普邦股份,0.09,1795890452,2018-06-04
603860,中公高科,1.407,66680000,2018-06-01
600971,恒源煤电,3.6,1000004070,2018-05-31
002050,三花智控,1.5,2120316835,2018-06-01
002153,石基信息,1.0,1066788753,2018-06-04
601933,永辉超市,1.5,9570462108,2018-05-31
300572,安车检测,2.5,67254000,2018-06-01
002609,捷顺科技,1.2,666548401,2018-05-31
300560,中富通,0.8,105180000,2018-06-01
600449,宁夏建材,2.2,478181042,2018-05-31
920368,连城数控,3.0,80330000,2018-06-01
002124,天邦食品,1.0,773085399,2018-06-01
002559,亚威股份,1.75,373003481,2018-06-04
002903,宇环数控,3.0,100000000,2018-05-31
920792,东和新材,1.0,133530000,2018-06-01
300528,幸福蓝海,1.0,372608054,2018-06-01
600075,新疆天业,0.5,972522352,2018-05-31
601566,九牧王,10.0,574637150,2018-06-01
600463,空港股份,0.16,300000000,2018-06-01
002697,红旗连锁,0.21,1360000000,2018-06-01
603758,秦安股份,1.3,438797049,2018-06-01
300230,永利股份,1.2,453447801,2018-06-01
300720,海川智能,2.0,72000000,2018-06-01
000055,方大集团,1.5,1183642254,2018-06-04
002426,胜利精密,0.3,3441517719,2018-06-01
002322,理工能科,3.0,398034348,2018-06-01
300636,同和药业,1.1,81298000,2018-06-01
603387,基蛋生物,4.5,132889175,2018-06-01
600179,安通控股,1.0,1062128511,2018-05-31
000545,金浦钛业,0.5,986833096,2018-05-31
603063,禾望电气,1.4,420000000,2018-06-04
000829,天音控股,0.22,1060924549,2018-06-01
002735,王子新材,0.92,84223900,2018-05-31
603318,水发燃气,0.15,403302277,2018-06-01
920675,秉扬科技,0.5,106800000,2018-06-04
603908,牧高笛,5.0,66690000,2018-06-01
603567,珍宝岛,1.85,849160000,2018-06-01
300124,汇川技术,3.0,1664164710,2018-06-01
603320,迪贝电气,1.56,100000000,2018-05-31
603960,克来机电,1.43,104000000,2018-05-31
002590,万安科技,0.3,479646926,2018-06-01
603186,华正新材,1.5,130670000,2018-05-31
600566,济川药业,10.0,809734489,2018-06-01
300053,航宇微,0.177504,702158212,2018-05-31
603901,永创智能,0.5,400000000,2018-06-01
600221,海航控股,0.18,16806120330,2018-05-31
002614,奥佳华,1.0,560704000,2018-06-04
000975,山金国际,2.0,1416695034,2018-06-01
600459,贵研铂业,1.4,260977742,2018-06-01
603787,新日股份,1.2,204000000,2018-06-01
002088,鲁阳节能,5.0,350968033,2018-06-01
300706,阿石创,0.55,78400000,2018-06-04
002067,景兴纸业,0.5,1128451000,2018-06-01
300177,中海达,0.15,446898611,2018-06-01
600976,健民集团,2.0,153398600,2018-06-01
002414,高德红外,0.15,624256031,2018-06-01
002632,道明光学,0.5,626420744,2018-06-04
300687,赛意信息,2.0,80000000,2018-06-01
002318,久立特材,1.499991,841510569,2018-06-01
002809,红墙股份,2.0,125039500,2018-06-04
601058,赛轮轮胎,0.5,2701460723,2018-06-01
000750,国海证券,0.6,4215541972,2018-06-01
603333,福华尚纬,0.1,520005000,2018-06-01
300151,昌红科技,0.3,502500000,2018-06-01
002136,安纳达,1.0,215020000,2018-06-01
600192,长城电工,0.06,441748000,2018-06-01
300565,科信技术,1.5,160000000,2018-06-04
600743,华远控股,1.0,2346100874,2018-06-05
600883,博闻科技,0.4,236088000,2018-06-01
920651,天罡股份,5.0,50350000,2018-06-04
603040,新坐标,5.3,61079300,2018-06-01
601375,中原证券,0.35,3869070700,2018-06-01
603110,东方材料,1.9,102666700,2018-06-01
600982,宁波能源,0.4,746930000,2018-06-04
300339,润和软件,1.0,796410841,2018-06-05
300384,三联虹普,3.007509,167452961,2018-06-04
920957,汉维科技,0.6,91729200,2018-06-06
603331,百达精工,2.0,127253300,2018-06-01
002879,长缆科技,1.5,137934029,2018-06-04
300042,朗科科技,1.6,133600000,2018-06-05
603355,莱克电气,1.9,401000000,2018-06-01
601388,怡球资源,0.3,2025400000,2018-06-01
603080,新疆火炬,1.9,141500000,2018-06-01
603611,诺力股份,5.0,191402539,2018-06-01
300626,华瑞股份,1.0,100000000,2018-06-05
603323,苏农银行,1.5,1448084326,2018-06-01
600708,光明地产,2.0,1714335956,2018-06-06
300390,天华新能,0.3,344547500,2018-06-06
300502,新易盛,1.2,237742500,2018-06-06
002582,好想你,0.7,515684160,2018-06-04
600160,巨化股份,1.0,2111666233,2018-06-06
300663,科蓝软件,0.496294,134948619,2018-06-05
603123,翠微股份,1.2,524144222,2018-06-05
603183,建研院,2.25,88000000,2018-06-05
920870,恒进感应,1.8,44308800,2018-06-06
600535,天士力,4.0,1080475878,2018-06-05
600028,中国石化,4.0,121071209646,2018-06-05
300306,远方信息,2.0,287473405,2018-06-06
603979,金诚信,0.75,585000000,2018-06-06
603916,苏博特,2.0,304000000,2018-06-06
300366,ST创意,0.6,525576150,2018-06-06
002267,陕天然气,3.0,1112075445,2018-06-04
600604,市北高新,0.12,1873304804,2018-06-04
002806,华锋股份,0.8,137105100,2018-06-04
920475,三友科技,2.0,28600000,2018-06-06
300453,三鑫医疗,1.0,158720000,2018-06-04
600133,东湖高新,1.7,725779521,2018-06-05
600486,扬农化工,5.6,309898907,2018-06-05
002249,大洋电机,1.1,2370430924,2018-06-05
603028,赛福天,0.33,220800000,2018-06-06
002643,万润股份,1.53,909133215,2018-06-05
600641,先导基电,6.33,806158748,2018-06-05
300281,金明精机,0.21,279282387,2018-06-05
300535,达威股份,1.909297,62578000,2018-06-05
603238,诺邦股份,1.0,120000000,2018-06-06
300609,汇纳科技,2.5,100902000,2018-06-06
920896,旺成科技,3.36,75914240,2018-06-07
603266,天龙股份,2.5,100000000,2018-06-04
600729,重百集团,6.0,406528465,2018-06-04
002214,*ST大立,0.25,458666666,2018-06-05
300508,维宏股份,2.4,56820000,2018-06-06
002913,奥士康,3.1,144052000,2018-06-04
002034,旺能环境,2.5,245038262,2018-06-04
002436,兴森科技,0.3,1487907504,2018-06-05
600080,ST金花,0.3,373270285,2018-06-04
300701,森霸传感,3.75,80000000,2018-06-05
603608,天创时尚,2.5,431654167,2018-06-04
601021,春秋航空,1.87,916897713,2018-06-04
603383,顶点软件,5.0,85867000,2018-06-05
600908,无锡银行,1.5,1848114814,2018-06-05
002881,美格智能,1.0,106670000,2018-06-05
002522,浙江众成,0.6,905779387,2018-06-05
603703,盛洋科技,0.32,229700000,2018-06-05
920807,奔朗新材,0.5,129634000,2018-06-06
300689,澄天伟业,2.5,68000000,2018-06-07
600285,羚锐制药,1.5,592320838,2018-06-07
920274,宏裕包材,5.0,30000000,2018-06-08
300331,苏大维格,0.8,226048841,2018-06-06
600128,苏豪弘业,0.5,246767500,2018-06-06
000016,*ST康佳A,1.62,2407945408,2018-06-06
002221,东华能源,0.47,1649782824,2018-06-06
300718,长盛轴承,3.7,100000000,2018-06-07
603777,来伊份,4.0,243719300,2018-06-06
002081,金螳螂,1.5,2643308689,2018-06-06
600774,汉商集团,0.3,174575386,2018-06-05
920634,新威凌,0.5,35500000,2018-06-08
603015,弘讯科技,1.8,407200000,2018-06-05
002215,诺普信,1.5,914076384,2018-06-06
603958,哈森股份,2.6,219906650,2018-06-06
603429,*ST集友,2.0,136000000,2018-06-05
603001,奥康国际,5.0,400980000,2018-06-06
920145,恒合股份,1.0,51000000,2018-06-08
600222,太龙药业,0.1,573886283,2018-06-06
300533,冰川网络,4.0,100000000,2018-06-06
300625,三雄极光,12.5,280000000,2018-06-06
300692,中赋科技,0.5,106670000,2018-06-07
002295,精艺股份,1.5,251432000,2018-06-07
300274,阳光电源,0.797807,1452258600,2018-06-07
002302,西部建设,0.7,1262354304,2018-06-06
600583,海油工程,0.5,4421354800,2018-06-05
300645,正元智慧,2.0,66666667,2018-06-06
002158,汉钟精机,2.2,530381122,2018-06-05
000978,桂林旅游,0.7,360100000,2018-06-07
920627,力王股份,1.5,68000000,2018-06-06
300554,三超新材,2.0,52000000,2018-06-07
300615,欣天科技,1.0,80000000,2018-06-06
603778,国晟科技,0.19,500000000,2018-06-05
002922,伊戈尔,2.0,131992875,2018-06-07
600559,老白干酒,2.0,475723137,2018-06-05
603089,正裕工业,3.0,106670000,2018-06-06
002897,意华股份,5.0,106670000,2018-06-06
600370,*ST三房,0.2,797244230,2018-06-07
603888,新华网,2.0,519029360,2018-06-06
600598,北大荒,2.7,1777679909,2018-06-07
001914,招商积余,1.0,666961416,2018-06-06
920006,晟楠科技,0.3,67287200,2018-06-06
603566,普莱柯,2.0,323740000,2018-06-05
600597,光明乳业,1.6,1224487509,2018-06-06
300174,元力股份,0.5,244800000,2018-06-07
603585,苏利股份,5.0,150000000,2018-06-07
002320,海峡股份,2.0,508018960,2018-06-06
000990,诚志股份,1.5,1253011919,2018-06-07
600327,大东方,1.5,567166357,2018-06-07
300183,东软载波,3.5,470309857,2018-06-08
600018,上港集团,1.72,23173674650,2018-06-08
000652,泰达股份,0.35,1475573852,2018-06-07
002625,光启技术,0.11,1267404625,2018-06-06
002498,汉缆股份,0.36,3326796000,2018-06-07
920425,乐创技术,1.0,26000000,2018-06-07
300492,华图山鼎,1.8,83200000,2018-06-07
000429,粤高速A,5.06,2090806126,2018-06-07
600177,雅戈尔,4.0,3581447353,2018-06-07
300652,雷迪克,1.0,88000000,2018-06-06
300228,富瑞特装,0.149732,474686592,2018-06-07
300456,赛微电子,0.5,188508644,2018-06-07
600719,大连热电,0.03,404599600,2018-06-07
601318,中国平安,10.0,18280241410,2018-06-07
002243,力合科创,0.5,364948956,2018-06-07
603239,浙江仙通,5.0,270720000,2018-06-08
601500,通用股份,0.8,726919085,2018-06-07
002899,英派斯,0.72,120000000,2018-06-08
002131,利欧股份,0.11,5587863872,2018-06-06
600710,苏美达,0.42,1306749434,2018-06-06
603602,纵横通信,1.5,80000000,2018-06-06
603335,迪生力,0.5,253340000,2018-06-06
601008,连云港,0.05,1015215101,2018-06-07
300014,亿纬锂能,1.001036,855479567,2018-06-08
000636,风华高科,0.7,895233111,2018-06-08
002006,精工科技,0.2,455160000,2018-06-07
300659,中孚信息,2.5,82775000,2018-06-07
000537,绿发电力,1.3,1862520720,2018-06-07
920033,康普化学,1.0,38150000,2018-06-08
603630,拉芳家化,1.18,174400000,2018-06-07
600293,三峡新材,1.04,1162132046,2018-06-07
300657,弘信电子,3.4,104000000,2018-06-08
603011,合锻智能,0.5,446198794,2018-06-06
300054,鼎龙股份,0.1,961016002,2018-06-06
002284,亚太股份,1.0,737556000,2018-06-06
300461,田中精机,0.65,70543800,2018-06-08
300081,ST恒信,0.5,530727876,2018-06-07
603779,威龙股份,0.9,229646720,2018-06-06
002787,华源控股,2.0,288120000,2018-06-06
300637,扬帆新材,2.0,123278000,2018-06-07
002130,沃尔核材,0.2,1262319062,2018-06-07
600409,三友化工,2.75,2064349448,2018-06-06
603686,福龙马,2.65,299004955,2018-06-06
000949,新乡化纤,0.1,1257656049,2018-06-07
601158,重庆水务,3.0,4800000000,2018-06-08
002416,爱施德,2.0,1032734839,2018-06-06
300260,新莱应材,0.2,201940000,2018-06-08
002115,三维通信,0.5,553925798,2018-06-08
600859,王府井,3.6,776250350,2018-06-07
000591,太阳能,0.73,3007098032,2018-06-06
002042,华孚时尚,5.0,1012917037,2018-06-06
300373,扬杰科技,1.24,472262993,2018-06-06
601799,星宇股份,9.6,276155232,2018-06-07
002753,永东股份,1.61,222076803,2018-06-05
002133,广宇集团,0.8,774144175,2018-06-08
300352,ST信源,0.12,1449824087,2018-06-08
603887,城地香江,2.0,103000000,2018-06-06
002713,东易日盛,11.0,262758451,2018-06-08
002057,中钢天源,1.6,256522820,2018-06-07
300730,科创信息,1.0,92945999,2018-06-07
601010,ST文峰,0.5,1848000000,2018-06-08
300538,同益股份,1.2,56194820,2018-06-08
601231,环旭电子,1.85,2175923580,2018-06-08
002193,ST如意,1.0,261715550,2018-06-11
002649,博彦科技,0.830873,525688800,2018-06-07
600742,富维股份,5.0,423046800,2018-06-08
000596,古井贡酒,10.0,503600000,2018-06-07
002908,德生科技,2.0,133340000,2018-06-08
002186,全聚德,2.6,308463955,2018-06-08
002372,伟星新材,6.0,1008405762,2018-06-07
603519,立霸股份,4.5,158528476,2018-06-08
300640,德艺文创,2.5,80000000,2018-06-08
000785,居然智家,2.0,251221698,2018-06-08
600057,厦门象屿,1.0,1457739247,2018-06-07
002578,闽发铝业,0.2,988093296,2018-06-08
002774,快意电梯,0.67,334800000,2018-06-08
603031,安孚科技,1.5,80000000,2018-06-07
300303,聚飞光电,0.6,1250073737,2018-06-08
600106,重庆路桥,0.85,998516200,2018-06-07
603578,三星新材,2.0,88000000,2018-06-08
603108,润达医疗,0.76,579534079,2018-06-08
600690,海尔智家,3.42,6097402727,2018-06-07
002054,德美化工,0.47,419230828,2018-06-07
600017,日照港,0.2,3075653888,2018-06-08
603380,易德龙,2.0,160000000,2018-06-08
002832,比音勒芬,10.0,106670000,2018-06-11
300496,中科创达,0.80051,403621238,2018-06-08
603667,五洲新春,2.5,202400000,2018-06-08
300641,正丹股份,1.6,288000000,2018-06-11
002345,潮宏基,1.0,905412707,2018-06-07
300666,江丰电子,0.53,218760000,2018-06-07
300613,富瀚微,2.35,45315900,2018-06-08
600352,浙江龙盛,2.5,3253331860,2018-06-08
600790,轻纺城,1.1,1046993520,2018-06-07
603638,艾迪精密,2.5,176000000,2018-06-08
002003,伟星股份,5.0,583092637,2018-06-08
002090,金智科技,1.5,237802904,2018-06-08
000973,佛塑科技,0.3,967423171,2018-06-07
600681,百川能源,4.5,1031513793,2018-06-08
002574,明牌珠宝,0.5,528000000,2018-06-07
300122,智飞生物,1.3,1600000000,2018-06-07
002588,史丹利,0.5,1156884000,2018-06-08
300065,海兰信,0.300658,362340972,2018-06-08
603788,宁波高发,10.0,164352999,2018-06-08
603189,*ST网达,0.6,220800000,2018-06-07
601838,成都银行,2.8,3612251334,2018-06-08
300205,*ST天喻,0.3,430056000,2018-06-08
600037,歌华有线,1.8,1391777884,2018-06-08
002373,千方科技,0.4,1467612775,2018-06-07
601018,宁波港,0.75,13172847809,2018-06-07
603936,博敏电子,0.66,167350000,2018-06-08
600567,山鹰国际,1.33,4570313337,2018-06-08
002389,航天彩虹,0.2,947169085,2018-06-08
300695,兆丰股份,15.0,66677700,2018-06-11
000008,神州高铁,0.5,2818329809,2018-06-07
603800,洪田股份,1.0,208000000,2018-06-11
300380,安硕信息,0.2,137440000,2018-06-11
600531,豫光金铅,0.81,1090242634,2018-06-08
002849,威星智能,1.2,86666700,2018-06-11
603002,宏昌电子,0.64,614411700,2018-06-08
920566,梓橦宫,2.0,56758800,2018-06-11
300170,汉得信息,0.3,872994589,2018-06-08
603717,天域生物,2.0,172711600,2018-06-08
603168,莎普爱思,2.0,248148076,2018-06-08
300676,华大基因,3.0,400100000,2018-06-11
000958,电投产融,0.5,1102273226,2018-06-08
603181,皇马科技,2.25,200000000,2018-06-08
002380,科远智慧,1.5,239991649,2018-06-08
603817,海峡环保,0.23,450000000,2018-06-07
600436,片仔癀,4.3,603317210,2018-06-08
603871,嘉友国际,5.0,80000000,2018-06-08
002652,扬子新材,0.5,512064000,2018-06-07
000786,北新建材,3.55,1788579717,2018-06-07
002060,广东建工,0.3,1202262058,2018-06-08
002852,道道全,2.3,170000000,2018-06-08
600699,均胜电子,1.0,949289000,2018-06-08
600398,海澜之家,4.8,4492757924,2018-06-08
000608,阳光股份,0.3,749913309,2018-06-11
603919,金徽酒,2.4,364000000,2018-06-08
002421,达实智能,0.3,1921477551,2018-06-08
002868,绿康生化,2.5,120000000,2018-06-11
000948,南天信息,0.2,246606046,2018-06-08
300529,健帆生物,3.5,417586000,2018-06-08
600035,楚天高速,1.3,1730795923,2018-06-08
603079,圣达生物,2.75,80000000,2018-06-08
002500,山西证券,0.9,2828725153,2018-06-08
002530,金财互联,0.5,490741853,2018-06-08
300190,维尔利,1.0,452284906,2018-06-11
002179,中航光电,1.2,790977309,2018-06-08
002020,京新药业,2.0,724872000,2018-06-08
603568,伟明环保,2.5,687760000,2018-06-08
603819,神力股份,1.2,120820000,2018-06-11
002392,北京利尔,0.15,1190490839,2018-06-11
603917,合力科技,1.5,112000000,2018-06-08
603020,爱普股份,1.5,320000000,2018-06-11
002083,孚日股份,3.0,908000005,2018-06-08
300550,和仁科技,0.6,83220000,2018-06-12
002472,双环传动,0.6,686534000,2018-06-08
600048,保利发展,4.0,11858441061,2018-06-08
300115,长盈精密,0.999311,909860262,2018-06-11
603214,爱婴室,2.0,100000000,2018-06-08
300244,迪安诊断,0.25,551029453,2018-06-11
920961,创远信科,0.7,72550276,2018-06-15
603365,水星家纺,5.0,266670000,2018-06-11
600235,民丰特纸,0.1,351300000,2018-06-08
300338,*ST开元,0.15,339619692,2018-06-11
002413,雷科防务,0.3,1155537134,2018-06-11
600019,宝钢股份,4.5,22267915125,2018-06-08
002691,*ST冀凯,0.1,200000000,2018-06-11
600483,福能股份,2.0,1551825574,2018-06-11
600933,爱柯迪,2.3,845440000,2018-06-08
300382,斯莱克,5.0,313418807,2018-06-12
600378,昊华科技,0.6,297193292,2018-06-08
603600,永艺股份,1.5,303044790,2018-06-08
300684,中石科技,1.9,86870000,2018-06-08
300562,乐心医疗,0.27,188800000,2018-06-12
603041,美思德,1.6,100000000,2018-06-12
002545,东方铁塔,0.5,1291154187,2018-06-12
601238,广汽集团,4.3,7295304393,2018-06-12
002431,ST棕榈,0.3,1486985450,2018-06-11
600435,北方导航,0.25,1489320000,2018-06-13
600416,湘电股份,0.3,945834325,2018-06-11
600801,华新建材,2.8,1497571325,2018-06-11
300001,特锐德,0.5,997570075,2018-06-12
603398,*ST沐邦,0.88,212480000,2018-06-13
300223,北京君正,0.199805,167229300,2018-06-12
300082,奥克股份,1.38,680670000,2018-06-11
920819,颖泰生物,1.0,1106000000,2018-06-13
000615,*ST美谷,0.500928,783602617,2018-06-11
002370,亚太药业,1.0,536494456,2018-06-12
300500,启迪设计,1.2,134279528,2018-06-11
601208,东材科技,0.5,626601000,2018-06-13
603701,德宏股份,2.0,121761000,2018-06-12
300514,友讯达,1.0,100000000,2018-06-12
300153,科泰电源,1.0,320000000,2018-06-11
002696,百洋股份,3.5,232535701,2018-06-12
603269,海鸥股份,1.38,91470000,2018-06-11
002393,力生制药,3.0,182454992,2018-06-12
300430,*ST益通,0.56,181339264,2018-06-12
600188,兖矿能源,4.8,4912016000,2018-06-11
600963,岳阳林纸,0.38,1397733148,2018-06-12
300427,红相股份,0.73,352586786,2018-06-12
300168,万达信息,0.38,1031082642,2018-06-13
920058,华洋赛车,2.0,14554606,2018-06-12
000718,苏宁环球,1.0,3034636384,2018-06-12
603878,武进不锈,3.16,202000000,2018-06-12
601218,吉鑫科技,0.1,991760000,2018-06-12
002756,永兴材料,10.0,360000000,2018-06-11
603198,迎驾贡酒,7.0,800000000,2018-06-12
002510,天汽模,0.3,896241132,2018-06-12
300598,诚迈科技,0.5,80000000,2018-06-12
002773,康弘药业,2.8,674210027,2018-06-11
002398,垒知集团,2.000189,346086276,2018-06-11
300702,天宇股份,1.475204,122017000,2018-06-12
000096,广聚能源,0.2,528000000,2018-06-12
600403,大有能源,0.61,2390812402,2018-06-13
002044,美年健康,0.5,2601305797,2018-06-11
603309,维力医疗,1.5,200000000,2018-06-12
600623,华谊集团,1.0,2117430913,2018-06-12
002105,信隆健康,0.6,368500000,2018-06-12
600063,皖维高新,0.15,1925894692,2018-06-11
000543,皖能电力,0.1,1790395978,2018-06-11
002892,科力尔,1.26,83600000,2018-06-13
603859,能科科技,0.6,113560000,2018-06-12
603129,春风动力,3.0,134596400,2018-06-12
601002,晋亿实业,1.0,792690000,2018-06-14
920790,联迪信息,2.0,63307020,2018-06-13
600328,中盐化工,1.46,438031073,2018-06-13
603066,音飞储存,0.56,302341677,2018-06-13
002541,鸿路钢构,0.65,349145902,2018-06-12
600488,津药药业,0.36,1091886680,2018-06-12
002166,莱茵生物,0.5,437281362,2018-06-13
300708,聚灿光电,0.6,257330000,2018-06-12
002705,新宝股份,3.0,813437768,2018-06-13
300608,思特奇,2.8,88431500,2018-06-14
002051,中工国际,3.5,1112673216,2018-06-13
002517,恺英网络,1.2,1435011756,2018-06-13
002029,七匹狼,1.0,755670000,2018-06-12
600310,广西能源,0.25,827775000,2018-06-12
002479,富春环保,1.0,894100000,2018-06-13
600131,国网信通,0.5,504125155,2018-06-13
002664,信质集团,0.65,400020000,2018-06-14
002862,实丰文化,0.6,80000000,2018-06-13
002685,华东重机,0.3,1007690641,2018-06-14
000989,九芝堂,4.0,869354236,2018-06-13
002885,京泉华,0.75,80000000,2018-06-12
603970,中农立华,2.5,133333400,2018-06-12
002927,泰永长征,1.85,93800000,2018-06-13
600078,澄星股份,0.3,662572861,2018-06-13
000906,浙商中拓,0.978021,522291804,2018-06-13
000404,长虹华意,0.26,695995979,2018-06-13
002900,哈三联,5.0,211066700,2018-06-13
600170,上海建工,1.35,8904397728,2018-06-13
300206,理邦仪器,0.85,585000000,2018-06-12
300158,振东制药,0.4,519494330,2018-06-14
002734,利民股份,5.0,164708953,2018-06-12
300419,ST浩丰,0.35,367753770,2018-06-13
300047,天源迪科,0.400654,399083860,2018-06-14
002919,名臣健康,2.0,81423830,2018-06-13
600618,氯碱化工,0.35,1156399976,2018-06-13
300435,中泰股份,2.0,249172000,2018-06-14
000681,视觉中国,0.42,700577436,2018-06-14
000985,大庆华科,1.85,129639500,2018-06-14
000028,国药一致,3.0,428126983,2018-06-13
300310,宜通世纪,0.510002,893978686,2018-06-13
600298,安琪酵母,3.5,824080943,2018-06-13
603768,常青股份,1.9,204000000,2018-06-13
603359,*ST东珠,5.0,227600000,2018-06-12
603229,奥翔药业,0.7,160000000,2018-06-13
300096,ST易联众,0.05,430000000,2018-06-13
002727,一心堂,3.0,567769811,2018-06-14
600980,北矿科技,1.0,152209880,2018-06-13
601579,会稽山,1.1,497360000,2018-06-13
603023,威帝股份,1.0,360000000,2018-06-12
300520,科大国创,0.25,202400000,2018-06-12
000963,华东医药,7.2,972116416,2018-06-13
300160,秀强股份,0.2,597760000,2018-06-14
002662,峰璟股份,0.64,1500000000,2018-06-15
000612,焦作万方,0.5,1192199394,2018-06-14
002358,森源电气,1.4,929756977,2018-06-13
600901,江苏金租,1.2,2986649968,2018-06-14
000514,渝开发,0.2,843770965,2018-06-14
002537,海联金汇,0.501682,1251350095,2018-06-15
002791,坚朗五金,1.0,321540000,2018-06-14
603955,大千生态,1.0,87000000,2018-06-14
300088,长信科技,1.0,2298879814,2018-06-15
603939,益丰药房,3.0,362694658,2018-06-14
000570,苏常柴A,0.3,561374326,2018-06-15
603077,和邦生物,0.2,8831250228,2018-06-15
002615,哈尔斯,2.0,410400000,2018-06-14
002886,沃特股份,1.1,78431500,2018-06-13
603668,天马科技,0.65,296800000,2018-06-14
300487,蓝晓科技,0.85,202393750,2018-06-13
002507,涪陵榨菜,1.5,789357241,2018-06-13
000089,深圳机场,1.1,2050769509,2018-06-14
300540,蜀道装备,0.48245,82910000,2018-06-15
300549,优德精密,2.5,133340000,2018-06-15
600903,贵州燃气,0.17,812989305,2018-06-14
600667,太极实业,1.0,2106190178,2018-06-13
920553,凯腾精工,1.0,123405460,2018-06-14
600305,恒顺醋业,1.4,602738000,2018-06-15
000402,金融街,3.0,2988929907,2018-06-15
002592,ST八菱,2.5,283331157,2018-06-13
000546,金圆股份,0.5,714644396,2018-06-14
300709,精研科技,5.11,88000000,2018-06-15
600787,中储股份,0.61,2199801033,2018-06-14
300555,ST路通,0.5,200000000,2018-06-14
600499,科达制造,0.5,1577205702,2018-06-13
000987,越秀资本,0.9,2223830413,2018-06-14
300045,华力创通,0.150086,615837387,2018-06-13
603081,大丰实业,1.2,401800000,2018-06-14
600233,圆通速递,1.1,2830771222,2018-06-13
002039,黔源电力,3.0,305398662,2018-06-14
920039,国义招标,1.5,140020000,2018-06-15
002068,黑猫股份,3.0,727063596,2018-06-13
603507,振江股份,2.8,125631400,2018-06-13
000686,东北证券,1.0,2340452915,2018-06-13
300408,三环集团,2.0,1741133822,2018-06-13
300034,钢研高纳,0.7,422236162,2018-06-13
000970,中科三环,0.9,1065200000,2018-06-15
300201,海伦哲,0.2,1041006249,2018-06-14
603009,北特科技,0.86,359114653,2018-06-13
300050,世纪鼎利,0.2,560861718,2018-06-14
000421,南京公用,0.5,572646934,2018-06-14
002918,蒙娜丽莎,1.94,157720000,2018-06-14
002424,ST百灵,0.8,1411200000,2018-06-14
300601,康泰生物,1.193896,423295000,2018-06-13
600299,安迪苏,1.73,2681901273,2018-06-13
002567,唐人神,1.5,836570799,2018-06-14
000900,现代投资,1.0,1517828334,2018-06-13
002778,中晟高科,0.7,89109500,2018-06-15
002430,杭氧股份,0.75,964603777,2018-06-15
002228,合兴包装,0.5,1169516948,2018-06-15
002128,电投能源,3.0,1634378473,2018-06-15
000400,许继电气,0.2,1008327309,2018-06-14
600479,千金药业,3.0,348755931,2018-06-15
000708,中信特钢,3.0,449408480,2018-06-14
601858,中国科传,1.78,790500000,2018-06-15
600622,光大嘉宝,2.1,887387812,2018-06-15
601179,中国西电,0.53,5125882352,2018-06-15
002337,赛象科技,0.1,588615750,2018-06-14
603337,杰克科技,4.8,206670000,2018-06-14
920779,武汉蓝电,8.4,30000000,2018-06-20
002878,元隆雅图,4.0,76605300,2018-06-14
300418,昆仑万维,0.87,1151946216,2018-06-15
603639,海利尔,3.0,120000000,2018-06-14
002901,大博医疗,4.0,400100000,2018-06-15
002116,中国海诚,2.2,417628938,2018-06-15
600267,海正药业,0.5,965531842,2018-06-15
000058,深赛格,0.55,1235656249,2018-06-15
600885,宏发股份,4.0,531972537,2018-06-14
600033,福建高速,1.2,2744400000,2018-06-15
002277,友阿股份,0.5,1416605200,2018-06-14
002915,中欣氟材,1.5,112000000,2018-06-15
603233,大参林,6.0,400010000,2018-06-19
600056,中国医药,3.6459,1068485534,2018-06-15
300305,裕兴股份,0.572045,288753000,2018-06-15
601877,正泰电器,7.0,2151428516,2018-06-15
002917,金奥博,2.0,113060000,2018-06-15
603886,元祖股份,4.6,240000000,2018-06-15
300180,华峰超纤,0.5,631019839,2018-06-14
300596,利安隆,1.09,180000000,2018-06-15
603906,龙蟠科技,0.88,211720000,2018-06-14
300215,电科院,1.0,758322487,2018-06-15
000551,创元科技,1.0,400080405,2018-06-15
600141,兴发集团,2.0,605984023,2018-06-14
002106,莱宝高科,1.0,705816160,2018-06-15
600703,三安光电,2.5,4078424928,2018-06-14
600458,时代新材,0.5,802798152,2018-06-15
600279,重庆港,2.1,692958572,2018-06-19
603396,金辰股份,3.1,75556667,2018-06-19
002101,广东鸿图,2.0,354717911,2018-06-14
601567,三星电气,3.0,1426834514,2018-06-15
002722,物产金轮,1.0,175466542,2018-06-15
601811,新华文轩,3.0,1233841000,2018-06-15
002004,华邦健康,2.0,2034827685,2018-06-15
603321,梅轮电梯,1.0,307000000,2018-06-15
600420,国药现代,0.5,1109767432,2018-06-14
300075,数字政通,0.300202,424340905,2018-06-15
600162,香江控股,1.6,3400671424,2018-06-15
300031,宝通科技,1.15,396767886,2018-06-15
600713,南京医药,0.9,1041611244,2018-06-15
002344,海宁皮城,1.2,1282745046,2018-06-15
601166,兴业银行,6.5,20774190751,2018-06-15
603299,苏盐井神,0.96,559440000,2018-06-15
603196,璞源材料,1.05,240000000,2018-06-15
600382,广东明珠,0.35,466824742,2018-06-15
600712,南宁百货,0.03,544655360,2018-06-14
002059,云南旅游,0.1,730792576,2018-06-14
000830,鲁西化工,3.0,1464860778,2018-06-14
300576,容大感光,1.0,120000000,2018-06-15
603813,原尚股份,1.8,88270000,2018-06-14
300697,电工合金,1.0,160000000,2018-06-14
300211,*ST亿通,0.5,302675973,2018-06-15
300247,融捷健康,0.3,804542313,2018-06-14
300353,东土科技,0.5,516938160,2018-06-15
600391,航发科技,0.3,330129367,2018-06-15
603727,博迈科,1.5,234145000,2018-06-15
600548,深高速,3.0,2180770326,2018-06-15
000151,中成股份,2.5,295980000,2018-06-14
603848,好太太,1.55,401000000,2018-06-19
600519,贵州茅台,109.99,1256197800,2018-06-15
603895,天永智能,2.5,77200000,2018-06-14
600791,京能置业,0.15,452880000,2018-06-15
000668,荣丰控股,0.2,146841890,2018-06-14
000768,中航西飞,0.85,2768645071,2018-06-19
603165,荣晟环保,6.0,128550000,2018-06-15
002497,雅化集团,0.200111,960000000,2018-06-15
600171,上海贝岭,0.8,699609514,2018-06-14
002635,安洁科技,1.0,738899681,2018-06-15
300257,开山股份,1.0,858000000,2018-06-14
600350,山东高速,1.78,4811165857,2018-06-15
603458,勘设股份,8.0,124151467,2018-06-15
300024,机器人,0.5,1560239617,2018-06-15
002495,佳隆股份,0.1,935625600,2018-06-15
601808,中海油服,0.6,4771592000,2018-06-15
002033,丽江股份,1.5,549490711,2018-06-15
300191,潜能恒信,0.1,320000000,2018-06-15
000510,新金路,0.4,609182254,2018-06-15
600468,百利电气,0.33,811113518,2018-06-14
000920,沃顿科技,0.5,422000000,2018-06-15
600340,*ST华幸,9.0,2954946709,2018-06-19
600439,瑞贝卡,0.5,1131985440,2018-06-19
002731,*ST萃华,0.5,150680000,2018-06-15
002470,金正大,0.8,3157838096,2018-06-19
002586,ST围海,0.45532,1144223714,2018-06-15
600893,航发动力,1.29,2249844450,2018-06-15
002030,达安基因,0.25,724920472,2018-06-15
000630,铜陵有色,0.2,10526533308,2018-06-15
002736,国信证券,1.5,8200000000,2018-06-15
300217,东方电热,0.1,1273493706,2018-06-15
000528,柳工,1.5,1125242136,2018-06-15
002097,山河智能,0.5,1056068465,2018-06-15
000952,广济药业,1.1,251705513,2018-06-15
002468,申通快递,2.0,1530802166,2018-06-15
603358,华达科技,6.8,160000000,2018-06-15
600717,天津港,1.48,1674769120,2018-06-15
603698,航天工程,1.41,412300000,2018-06-15
002152,广电运通,2.0,2428885725,2018-06-15
002853,皮阿诺,1.6,155341500,2018-06-15
600887,伊利股份,7.0,6078492608,2018-06-15
300713,英可瑞,1.0,53125000,2018-06-19
300018,中元股份,1.005486,484458536,2018-06-20
920856,浩淼科技,1.0,66290000,2018-06-22
603665,康隆达,1.5,100000000,2018-06-15
002149,西部材料,0.9,425414274,2018-06-15
002802,洪汇新材,3.511017,108350000,2018-06-15
300271,华宇软件,0.502035,757596674,2018-06-19
603126,中材节能,0.7,610500000,2018-06-20
600643,爱建集团,1.2,1621922452,2018-06-15
603060,国检集团,2.0,220000000,2018-06-19
603712,七一二,0.3,772000000,2018-06-15
601966,玲珑轮胎,2.62,1200000000,2018-06-15
603232,格尔软件,4.0,61000000,2018-06-15
300541,先进数通,0.990368,121167000,2018-06-19
603042,华脉科技,1.6,138670000,2018-06-15
600835,上海机电,4.8,1022739308,2018-06-15
002606,大连电瓷,0.15,407496000,2018-06-19
600155,华创云信,0.23,1739556648,2018-06-15
300631,久吾高科,1.3,102624000,2018-06-19
603968,醋化股份,3.8,204480000,2018-06-15
603678,火炬电子,1.58,452665950,2018-06-15
920781,瑞奇智造,0.5,50300600,2018-06-19
603086,先达股份,1.5,80000000,2018-06-15
002887,绿茵生态,6.0,80000000,2018-06-19
600006,东风股份,0.303,2000000000,2018-06-19
300593,新雷能,0.5,115540000,2018-06-19
300619,金银河,0.8,74680000,2018-06-20
920974,凯大催化,0.8,121900000,2018-06-20
002313,日海智能,0.35,312000000,2018-06-19
000981,山子高科,7.0,4027989882,2018-06-19
002185,华天科技,0.2,2131112944,2018-06-20
603178,圣龙股份,1.5,203348000,2018-06-19
002471,中超控股,0.1,1268000000,2018-06-20
600549,厦门钨业,2.0,1087158700,2018-06-19
600754,锦江酒店,5.6,957936440,2018-06-19
603556,海兴电力,3.0,381092000,2018-06-19
300466,赛摩智能,0.1,552749359,2018-06-19
600917,重庆燃气,1.3,1556000000,2018-06-19
300699,光威复材,3.0,368000000,2018-06-19
300252,金信诺,0.6,444464488,2018-06-20
600995,南网储能,1.0,478526400,2018-06-19
300632,光莆股份,0.8,115800000,2018-06-21
002209,达意隆,0.12,195244050,2018-06-21
603308,应流股份,0.42,433754341,2018-06-19
603885,吉祥航空,2.28,1797013477,2018-06-21
920247,华密新材,2.7,37000000,2018-06-20
300518,新迅达,1.1,93340000,2018-06-20
300654,世纪天鸿,1.0,93350000,2018-06-19
002923,润都股份,7.0,100000000,2018-06-20
300236,上海新阳,1.3,193765944,2018-06-19
603118,共进股份,0.4,781816992,2018-06-20
002876,三利谱,3.0,80000000,2018-06-20
300607,拓斯达,2.0,130442088,2018-06-19
002645,华宏科技,0.8,209445019,2018-06-20
300693,盛弘股份,3.0,91233553,2018-06-19
002761,浙江建投,0.26,120000000,2018-06-20
300688,创业黑马,1.0,68000000,2018-06-19
002232,启明信息,0.5,408548455,2018-06-19
000999,华润三九,4.6,978900000,2018-06-21
603223,恒通股份,1.3,144000000,2018-06-20
300120,经纬辉开,1.953337,301567785,2018-06-20
300588,熙菱信息,1.2,100000000,2018-06-20
300712,永福股份,1.0,140080000,2018-06-21
300592,华凯易佰,0.5,122381100,2018-06-20
002440,闰土股份,4.5,767000000,2018-06-19
600446,金证股份,0.31,853210484,2018-06-19
600894,广日股份,1.4,859946895,2018-06-20
300738,奥飞数据,0.5,65266000,2018-06-21
600585,海螺水泥,12.0,5299302579,2018-06-20
300141,和顺电气,0.150047,255099600,2018-06-20
603161,科华控股,2.4,133400000,2018-06-21
603366,日出东方,0.4,800000000,2018-06-20
002587,奥拓电子,1.0,611214834,2018-06-20
600557,康缘药业,0.6,616449121,2018-06-20
601890,亚星锚链,0.2,959400000,2018-06-20
300489,光智科技,0.13,90750000,2018-06-20
603909,建发合诚,1.25,102500000,2018-06-20
002195,岩山科技,0.3,3412065248,2018-06-21
300348,长亮科技,0.558539,321517746,2018-06-21
601086,国芳集团,1.0,666000000,2018-06-20
000988,华工科技,0.3,1005502707,2018-06-21
300503,昊志机电,0.55,253519670,2018-06-21
600376,首开股份,6.0,2579565242,2018-06-21
601100,恒立液压,2.2,630000000,2018-06-22
002748,世龙实业,2.0,240000000,2018-06-20
603880,南卫股份,1.45,100000000,2018-06-21
002119,康强电子,1.0,206200000,2018-06-22
300154,瑞凌股份,2.0,455240000,2018-06-22
603098,森特股份,1.6,400010000,2018-06-21
300402,宝色股份,0.11,202000000,2018-06-21
002550,千红制药,0.8,1280000000,2018-06-21
601857,中国石油,0.6074,183020977818,2018-06-21
002762,金发拉比,1.5,203780000,2018-06-20
002408,齐翔腾达,1.2,1775209253,2018-06-20
300261,雅本化学,0.6,642206314,2018-06-21
603928,兴业股份,2.1,201600000,2018-06-21
002683,广东宏大,1.0,701487983,2018-06-20
600750,华润江中,4.5,300000000,2018-06-20
300128,锦富技术,0.1,841627240,2018-06-20
300580,贝斯特,1.4,200000000,2018-06-22
300437,清水源,1.1,218321965,2018-06-20
000788,北大医药,0.13,595987425,2018-06-20
600231,凌钢股份,0.5,2519166130,2018-06-20
600159,大龙地产,0.2,830003232,2018-06-20
300621,维业股份,1.0,138621000,2018-06-20
300691,联合光电,3.0,87543500,2018-06-22
002383,合众思壮,0.5,742838100,2018-06-20
300452,山河药辅,2.0,92800000,2018-06-22
603855,华荣股份,2.0,331070000,2018-06-21
300245,ST天玑,0.7,313457493,2018-06-21
603090,宏盛股份,1.0,100000000,2018-06-21
002182,宝武镁业,0.8,646422538,2018-06-21
603929,亚翔集成,2.0,213360000,2018-06-20
600633,浙数文化,1.8,1301923953,2018-06-20
603286,日盈电子,1.18,88076000,2018-06-20
300212,*ST易录,1.5,375505157,2018-06-21
002351,漫步者,1.0,595370000,2018-06-21
002856,*ST美芝,1.5,101340000,2018-06-20
002811,郑中设计,2.0,180000000,2018-06-21
603158,腾龙股份,1.8,218600000,2018-06-20
002829,星网宇达,0.2,160223800,2018-06-20
601016,节能风电,0.44,4155560000,2018-06-20
000650,仁和药业,1.0,1238340076,2018-06-22
300238,冠昊生物,0.5,265155701,2018-06-20
002591,恒大高新,3.002627,306616909,2018-06-21
002271,东方雨虹,1.49998,881863218,2018-06-20
600351,亚宝药业,1.0,787041461,2018-06-20
300377,赢时胜,1.5,742383330,2018-06-21
300035,中科电气,0.2,518006058,2018-06-20
300030,阳普医疗,0.25,308795815,2018-06-20
600616,金枫酒业,0.5,514619192,2018-06-22
601888,中国中免,5.2,1952475544,2018-06-22
300664,鹏鹞环保,0.5,480000000,2018-06-22
002732,燕塘乳业,6.0,157350000,2018-06-22
600502,安徽建工,0.5,1434300227,2018-06-21
000513,丽珠集团,20.0,553115570,2018-06-22
600850,电科数字,2.2,422846243,2018-06-21
300147,*ST香雪,0.302349,661476335,2018-06-21
600665,天地源,0.89,864122521,2018-06-22
300470,中密控股,2.5,106680000,2018-06-22
002343,慈文传媒,1.8,339249776,2018-06-22
300243,瑞丰高材,0.489688,211220592,2018-06-22
002261,拓维信息,0.1,1110641516,2018-06-21
600248,陕建股份,0.5,615795960,2018-06-22
002046,国机精工,0.1,524349078,2018-06-22
000690,宝新能源,0.3,2175887862,2018-06-21
000042,中洲控股,2.0,664831139,2018-06-22
601628,中国人寿,4.0,28264705000,2018-06-21
002151,北斗星通,0.7,513240215,2018-06-25
600073,光明肉业,0.3,937729472,2018-06-22
600611,大众交通,1.2,2364122864,2018-06-21
000014,沙河股份,0.1,201705187,2018-06-22
002673,西部证券,0.7,3501839770,2018-06-22
300129,泰胜风能,0.8,719153256,2018-06-22
920471,美邦科技,1.0,70000000,2018-06-26
000623,吉林敖东,3.0,1162769962,2018-06-22
920873,中设咨询,0.3,61473317,2018-06-27
300604,长川科技,1.5,78026000,2018-06-21
002540,亚太科技,0.6,1270529500,2018-06-21
002795,永和智控,2.5,200000000,2018-06-22
300003,乐普医疗,1.27,1781652921,2018-06-22
600308,华泰股份,1.74,1167561419,2018-06-22
300327,中颖电子,4.5,209985933,2018-06-22
603277,银都股份,1.5,400800000,2018-06-21
600761,安徽合力,5.0,740180802,2018-06-21
002368,太极股份,2.11,415229246,2018-06-21
002238,天威视讯,2.5,617353200,2018-06-20
002390,信邦制药,0.3,1667228611,2018-06-22
002491,通鼎互联,0.5,1261553144,2018-06-21
000823,超声电子,0.8,536966000,2018-06-21
603139,康惠股份,2.0,99880000,2018-06-22
000565,渝三峡A,0.2,433592220,2018-06-22
000417,合百集团,1.5,779884200,2018-06-22
603197,保隆科技,5.0,119303255,2018-06-22
600508,上海能源,2.2,722718000,2018-06-22
002326,永太科技,1.0,820093827,2018-06-22
600773,西藏城投,0.1,819660744,2018-06-22
300438,鹏辉能源,1.0,281151873,2018-06-22
603825,ST华扬,2.5,164359050,2018-06-21
600694,大商股份,9.0,293718653,2018-06-22
002843,泰嘉股份,1.5,141695000,2018-06-22
300341,麦克奥迪,0.55,510163336,2018-06-22
002043,兔宝宝,2.349351,862460685,2018-06-22
002738,中矿资源,0.5,192325000,2018-06-22
000736,中交发展,5.2,297193885,2018-06-22
603032,德新科技,0.61,133340000,2018-06-22
600470,六国化工,0.5,521600000,2018-06-22
002173,创新医疗,1.002468,454856365,2018-06-25
603005,晶方科技,0.85,232691955,2018-06-21
920407,驰诚股份,1.0,36000000,2018-06-25
000027,深圳能源,0.8,3964491597,2018-06-22
300517,海波重科,0.31,102400000,2018-06-22
300484,蓝海华腾,1.0,208000000,2018-06-22
600763,通策医疗,0.3,320640000,2018-06-21
920971,天马新材,0.5,40370000,2018-06-26
603798,康普顿,2.0,200000000,2018-06-22
603822,ST嘉澳,2.14,73353501,2018-06-22
600236,桂冠电力,3.3,6063367540,2018-06-26
600998,九州通,1.0,1877663613,2018-06-25
002363,隆基机械,0.2,416100301,2018-06-22
600573,惠泉啤酒,0.3,250000000,2018-06-22
601828,美凯龙,3.2,3938917038,2018-06-22
603017,中衡设计,3.0,275289728,2018-06-25
002078,太阳纸业,1.0,2592585238,2018-06-22
601369,陕鼓动力,1.55,1638770233,2018-06-26
300255,常山药业,0.2,934966878,2018-06-22
600218,全柴动力,0.5,368755000,2018-06-22
002304,洋河股份,25.5,1506988000,2018-06-22
603393,新天然气,10.0,160000000,2018-06-22
603937,丽岛新材,0.5,208880000,2018-06-25
600992,贵绳股份,0.3,245090000,2018-06-22
000885,城发环境,0.1,496381983,2018-06-21
002611,东方精工,0.45,1149154435,2018-06-22
300364,中文在线,0.14,775674085,2018-06-22
300672,国科微,1.5,111764668,2018-06-22
603966,法兰泰克,0.8,162342000,2018-06-22
600481,双良节能,0.5,1635895808,2018-06-22
600125,铁龙物流,0.8,1305521874,2018-06-22
920278,鹿得医疗,1.5,92500000,2018-06-25
300568,星源材质,3.0,192000000,2018-06-25
300232,洲明科技,0.5,634383805,2018-06-25
603500,祥和实业,2.0,126000000,2018-06-25
600097,开创国际,1.55,240936559,2018-06-22
600746,江苏索普,1.2,306421452,2018-06-22
600605,汇通能源,0.6,147344592,2018-06-22
000937,冀中能源,1.0,3533546850,2018-06-22
002907,华森制药,0.71,400060000,2018-06-22
600161,天坛生物,2.0,670106928,2018-06-22
600900,长江电力,6.8,22000000000,2018-06-22
603203,快克智能,3.3,121787200,2018-06-22
002483,润邦股份,0.5,672447760,2018-06-22
601928,凤凰传媒,1.5,2544900000,2018-06-22
600292,电投水电,0.55,780816890,2018-06-22
603818,曲美家居,1.02,491480000,2018-06-22
000517,荣安地产,0.2,3183922485,2018-06-22
601139,深圳燃气,1.5,2214092211,2018-06-22
002765,蓝黛科技,0.5,428810000,2018-06-25
603856,东宏股份,1.85,197242000,2018-06-22
601107,四川成渝,1.0,3058060000,2018-06-22
603598,引力传媒,0.5,271113000,2018-06-22
600180,*ST瑞茂,0.704,1016477464,2018-06-22
000006,深振业A,1.81,1349995046,2018-06-22
002406,远东传动,1.2,561000000,2018-06-25
001696,宗申动力,0.3,1145026920,2018-06-22
002707,众信旅游,0.28,849643828,2018-06-22
600199,金种子酒,0.1,555775002,2018-06-22
600997,开滦股份,1.2,1587799851,2018-06-22
600061,国投资本,0.62,4227129727,2018-06-22
603088,宁波精达,1.5,80000000,2018-06-22
002129,TCL中环,0.2,2644236466,2018-06-25
002328,新朋股份,0.45,448100000,2018-06-25
002037,保利联合,0.47,327368160,2018-06-25
600330,天通股份,0.5,830471442,2018-06-25
600135,乐凯胶片,0.48,372991735,2018-06-25
000700,模塑科技,1.2,827178715,2018-06-25
600243,*ST海华,0.15,438850000,2018-06-25
002840,华统股份,1.27,178666700,2018-06-26
600137,浪莎股份,0.6,97217588,2018-06-25
603959,ST百利,0.17,224000000,2018-06-25
002827,高争民爆,4.0,184000000,2018-06-25
600210,紫江企业,1.5,1516736158,2018-06-25
002724,海洋王,1.0,600000000,2018-06-26
603167,渤海轮渡,4.0,493232000,2018-06-25
600262,北方股份,0.7,170000000,2018-06-25
002579,中京电子,1.0,378298400,2018-06-27
600580,卧龙电驱,1.0,1293409586,2018-06-26
600782,新钢股份,0.9,3188722696,2018-06-25
002752,昇兴股份,0.5,833180519,2018-06-27
600109,国金证券,0.5,3024359310,2018-06-25
603260,合盛硅业,4.41,670000000,2018-06-25
603709,中源家居,1.0,80000000,2018-06-26
000061,农产品,0.5,1696964131,2018-06-25
603922,ST金鸿顺,2.5,128000000,2018-06-25
300140,节能环境,0.5,345154706,2018-06-26
603421,鼎信通讯,2.1,442995500,2018-06-27
600076,康欣新材,1.1,1034264129,2018-06-25
603330,天洋新材,2.58,60000000,2018-06-26
600201,生物股份,3.0,900413416,2018-06-25
601360,三六零,0.027,6764055167,2018-06-26
002599,盛通股份,0.5,324833418,2018-06-27
920768,拾比佰,0.2,70970000,2018-06-28
002150,正泰电源,1.5,274243887,2018-06-26
002025,航天电器,2.5,429000000,2018-06-27
603991,领先股份,1.0,74534998,2018-06-26
002846,英联股份,0.5,194643200,2018-06-26
601019,山东出版,2.2,2086900000,2018-06-26
300583,赛托生物,1.0,107988667,2018-06-28
600500,中化国际,1.0,2083012671,2018-06-27
000012,南玻A,0.5,2484147547,2018-06-27
603188,亚邦股份,0.5,576000000,2018-06-27
601368,绿城水务,1.43,735810898,2018-06-27
603036,如通股份,0.54,203360000,2018-06-27
920720,吉冈精密,7.3,26150000,2018-06-29
601699,潞安环能,2.87,2991409200,2018-06-26
002197,证通电子,0.5,515156948,2018-06-26
600505,西昌电力,0.35,364567500,2018-06-26
002803,吉宏股份,1.3,116000000,2018-06-26
300678,中科信息,0.5,100000000,2018-06-27
300667,必创科技,1.0,68000000,2018-06-27
002730,电光科技,0.35,322674000,2018-06-27
600025,华能水电,0.55,18000000000,2018-06-27
600592,龙溪股份,1.0,399553571,2018-06-28
600590,泰豪科技,1.2,666960584,2018-06-27
603199,九华旅游,1.5,110680000,2018-06-27
000560,我爱我家,0.1,1811923732,2018-06-27
002164,宁波东力,0.5,699347282,2018-06-26
603329,上海雅仕,3.0,132000000,2018-06-27
600215,派斯林,0.06,465032880,2018-06-26
601117,中国化学,0.95,4933000000,2018-06-27
000725,京东方A,0.5,34798398763,2018-06-26
600537,*ST亿晶,0.13,1176359268,2018-06-27
603993,洛阳钼业,0.76,21599240583,2018-06-26
002906,华阳集团,2.5,473100000,2018-06-27
002058,威尔泰,0.1,143448332,2018-06-27
603533,掌阅科技,0.34,401000000,2018-06-26
300685,艾德生物,2.4,80000000,2018-06-28
300138,晨光生物,0.8,366954422,2018-06-27
000828,东莞控股,2.5,1039516992,2018-06-26
300351,永贵电器,0.75,384606412,2018-06-27
600111,北方稀土,0.35,3633066000,2018-06-27
300112,万讯自控,1.2,285777080,2018-06-27
000531,穗恒运A,1.0,685082820,2018-06-27
600551,时代出版,1.79,505825296,2018-06-27
002394,联发股份,5.0,323700000,2018-06-26
000166,申万宏源,0.5,22535944560,2018-06-27
002441,众业达,1.2,544755909,2018-06-27
601011,宝泰隆,0.5,1611150597,2018-06-28
000726,鲁泰A,5.0,922602311,2018-06-27
002825,纳尔股份,1.0,100201950,2018-06-26
002007,华兰生物,3.0,930087680,2018-06-27
000709,河钢股份,1.0,10618607852,2018-06-27
002216,三全食品,0.200055,812426898,2018-06-27
000811,冰轮环境,0.8,653054151,2018-06-27
920396,常辅股份,6.0,36622224,2018-06-29
002311,海大集团,2.5,1581514354,2018-06-28
600268,国电南自,0.3,695265184,2018-06-27
300079,数码视讯,0.096108,1433578862,2018-06-27
601177,杭齿前进,0.2,400060000,2018-06-29
603106,恒银科技,0.25,280000000,2018-06-28
603803,瑞斯康达,3.0,421055557,2018-06-28
000021,深科技,0.5,1471259363,2018-06-28
601127,赛力斯,2.4,909212850,2018-06-28
603989,艾华集团,8.0,300000000,2018-06-28
000598,兴蓉环境,0.78,2986218602,2018-06-29
002905,金逸影视,6.0,168000000,2018-06-27
601669,中国电建,0.9255,15299035024,2018-06-29
603918,金桥信息,0.6,179420000,2018-06-28
600796,钱江生化,0.3,301402144,2018-06-27
300537,广信材料,1.05,193027584,2018-06-27
600015,华夏银行,1.51,12822686653,2018-06-29
300649,杭州园林,0.8,128000000,2018-06-28
300566,激智科技,1.25,124234500,2018-06-29
300458,全志科技,0.25,331402584,2018-06-28
002835,同为股份,0.3,216000000,2018-06-27
603131,上海沪工,1.1,200000000,2018-06-29
600745,*ST闻泰,0.2,637266387,2018-06-29
002819,东方中科,0.4,113340000,2018-06-27
002792,通宇通讯,0.5,225756000,2018-06-29
600884,杉杉股份,0.6,1122764986,2018-06-28
920455,汇隆活塞,2.2,128000000,2018-06-29
601006,大秦铁路,4.7,14866791491,2018-06-28
920000,安徽凤凰,0.6,60060000,2018-06-29
002527,新时达,0.699994,620175806,2018-06-29
920926,鸿智科技,3.5,31304347,2018-06-28
600783,鲁信创投,0.5,744359294,2018-06-29
000539,粤电力A,0.8,5250283986,2018-06-27
000909,*ST数源,0.35,312352464,2018-06-28
300113,顺网科技,1.999274,694287240,2018-06-28
000688,国城矿业,1.0,1137299314,2018-06-28
300078,思创智联,0.18,807885334,2018-06-27
600256,广汇能源,0.5,6737103270,2018-06-28
603099,长白山,0.27,266670000,2018-06-28
601588,北辰实业,1.1,3367020000,2018-06-28
603520,司太立,5.0,120000000,2018-06-28
600389,江山股份,2.6,297000000,2018-06-28
002425,凯撒文化,1.0,813744432,2018-06-27
601965,中国汽研,2.0,970132367,2018-06-28
601929,吉视传媒,0.25,3110801192,2018-06-28
000036,华联控股,5.0,1141487712,2018-06-29
300283,温州宏丰,0.05,414361350,2018-06-29
603012,创力集团,0.4,636560000,2018-06-29
002896,中大力德,1.8,80000000,2018-06-29
600758,辽宁能源,1.1,1331408935,2018-06-28
002027,分众传媒,1.0,12231566900,2018-06-29
600088,中视传媒,0.75,331422000,2018-06-28
002890,弘宇股份,0.6,66670000,2018-06-29
600120,浙江东方,1.3,672606225,2018-06-28
600629,华建集团,1.5,432208132,2018-06-28
603660,苏州科达,1.1,257392300,2018-06-29
300668,杰恩股份,15.0,42160000,2018-06-29
603496,恒为科技,2.2536,102060000,2018-06-28
002438,江苏神通,0.25,485772156,2018-06-29
600765,中航重机,0.2,778003200,2018-06-28
603828,*ST利达,0.27,330226875,2018-06-28
603200,上海洗霸,8.0,75044500,2018-06-28
603008,ST喜临门,0.5,394857787,2018-06-28
002031,巨轮智能,0.01,2199395670,2018-06-28
600503,华丽家族,0.05,1602290000,2018-06-29
002252,上海莱士,0.17,4974622099,2018-06-28
603159,上海亚虹,1.5,100000000,2018-06-29
600182,S佳通,1.08,340000000,2018-06-29
600990,四创电子,1.2,159179110,2018-06-28
601211,国泰海通,4.0,8713940226,2018-06-29
002805,丰元股份,0.7,96913800,2018-06-29
601199,江南水务,0.8,935206638,2018-06-28
002566,益盛药业,0.5,330951600,2018-06-28
000158,常山北明,0.5,1652874961,2018-06-29
000529,广弘控股,0.68,583790330,2018-06-29
603648,畅联股份,1.5,368666700,2018-06-28
600562,国睿科技,1.07,478731322,2018-06-28
000011,深物业A,3.0,595979092,2018-06-29
600132,重庆啤酒,8.0,483971198,2018-06-28
002165,红宝丽,0.6,602058110,2018-06-29
002605,姚记科技,1.0,397169187,2018-06-28
300311,ST任子行,0.294645,456070709,2018-06-29
002270,华明装备,1.2,506159420,2018-06-29
002111,威海广泰,1.2,381827504,2018-06-28
600271,航天信息,4.2,1862514850,2018-06-28
300468,四方精创,2.501589,108092830,2018-06-28
000548,湖南投资,0.5,499215811,2018-06-28
002641,公元股份,0.26,1123200000,2018-06-29
000777,中核科技,0.4,383417593,2018-06-29
300711,广哈通信,0.8,144195954,2018-06-29
601899,紫金矿业,0.9,23031218891,2018-06-29
600184,光电股份,0.28,508760826,2018-06-29
000090,天健集团,2.0,1197785535,2018-06-29
000967,盈峰环境,0.9,1166988852,2018-06-29
300735,光弘科技,2.0,354680000,2018-06-28
300727,润禾材料,1.0,97600000,2018-06-28
603999,读者传媒,0.4,576000000,2018-06-28
600287,苏豪时尚,0.8,436796074,2018-06-29
002399,海普瑞,0.45,1247201704,2018-07-02
600418,江淮汽车,0.7,1893312117,2018-06-29
600388,龙净环保,2.1,1069050000,2018-06-29
002551,尚荣医疗,0.5,705954330,2018-07-02
002239,奥特佳,0.15,3131359417,2018-06-29
600050,中国联通,0.198,31027811687,2018-06-29
002603,以岭药业,1.0,1206306583,2018-07-02
002091,江苏国泰,2.0,1570774045,2018-06-29
002653,海思科,2.8,1080270000,2018-07-02
002670,国盛证券,0.100297,1497804400,2018-06-29
002305,*ST南置,0.5,1734215770,2018-07-02
000898,鞍钢股份,2.32,7234807847,2018-06-29
000701,厦门信达,0.31,406613056,2018-06-29
603506,南都物业,3.0,79365080,2018-06-29
002462,嘉事堂,1.5,250526315,2018-06-29
600335,国机汽车,1.0,1029736837,2018-06-29
300497,富祥股份,5.0,112310250,2018-07-03
601668,中国建筑,2.15,29989410325,2018-06-29
600372,中航机载,0.6,1759162938,2018-06-29
600517,国网英大,1.0,1356167823,2018-06-29
603100,川仪股份,1.3,395000000,2018-06-29
600406,国电南瑞,3.6,4583664125,2018-06-29
002446,盛路通信,0.15,762110260,2018-06-29
000969,安泰科技,0.3,1026008097,2018-07-02
600594,益佰制药,0.5,791927400,2018-07-02
600487,亨通光电,1.6,1359775587,2018-06-29
920808,曙光数创,2.4,7361963,2018-07-02
002531,天顺风能,0.33,1779019047,2018-06-29
603389,亚振家居,0.85,218960000,2018-06-29
300485,赛升药业,2.4,240000000,2018-06-29
300439,美康生物,1.25,346960900,2018-06-29
603683,晶华新材,0.5,126670000,2018-07-03
600266,城建发展,2.8,1567040000,2018-06-29
600143,金发科技,1.0,2716784786,2018-06-29
002154,报喜鸟,0.1,1263285008,2018-07-03
300444,双杰电气,0.6,325496957,2018-07-04
002183,怡亚通,0.58,2122697819,2018-07-03
603055,台华新材,2.2,547600000,2018-07-02
603069,海汽集团,0.5,316000000,2018-07-03
600312,平高电气,1.4,1356921309,2018-07-03
002476,新叶股份,0.1,612000000,2018-07-03
300175,朗源股份,0.1,470800000,2018-07-04
601020,华钰矿业,1.2,525916300,2018-07-04
000738,航发控制,0.35,1145642349,2018-07-02
600475,华光环能,1.2,559392211,2018-07-04
600392,盛和资源,0.3,1350128513,2018-07-02
002593,日上集团,0.5,701145000,2018-07-03
603877,太平鸟,7.0,480932400,2018-07-03
000617,中油资本,2.28,9030056485,2018-07-03
600380,健康元,1.8,1572928272,2018-07-04
600926,杭州银行,3.0,3664428880,2018-07-04
601998,中信银行,2.61,48934796573,2018-07-03
600054,黄山旅游,2.4,747300000,2018-07-02
300337,银邦股份,0.1,821920000,2018-07-03
002354,天娱数科,0.2,936846900,2018-07-02
300433,蓝思科技,2.299892,2629153260,2018-07-02
920478,峆一药业,1.0,30037500,2018-07-05
000524,岭南控股,2.73,670208597,2018-07-02
002678,珠江钢琴,0.8,1044861787,2018-07-03
002371,北方华创,0.28,458004372,2018-07-03
603169,兰石重装,0.03,1051502526,2018-07-03
603808,歌力思,2.6,337002965,2018-07-04
000728,国元证券,1.5,3365447047,2018-07-02
002884,凌霄泵业,8.0,77470000,2018-07-02
601111,中国国航,1.1497,14524815185,2018-07-04
002873,新天药业,2.0,68880000,2018-07-04
300049,福瑞医科,1.0,263053100,2018-07-02
600909,华安证券,0.6,3621000000,2018-07-03
920375,派诺科技,2.2,68110000,2018-07-06
002237,恒邦股份,1.0,910400000,2018-07-05
002309,中利集团,1.0,871787068,2018-07-05
601311,骆驼股份,0.57,848397772,2018-07-03
600619,海立股份,1.2,866310655,2018-07-03
002100,天康生物,1.0,963384608,2018-07-04
920239,长虹能源,3.0,69323127,2018-07-09
002218,拓日新能,0.3,1236342104,2018-07-05
603557,*ST起步,0.6,469979658,2018-07-05
300504,天邑股份,1.5,267408000,2018-07-04
002714,牧原股份,6.9,1158463457,2018-07-03
300469,信息发展,1.0,67774400,2018-07-04
600098,广州发展,1.0,2726196558,2018-07-04
002298,中电鑫龙,0.5,703960660,2018-07-04
300587,天铁科技,1.5,106500000,2018-07-04
000881,中广核技,0.37,1055597987,2018-07-03
600841,动力新科,0.43,866689830,2018-07-03
002583,海能达,0.25,1815732191,2018-07-04
000656,金科股份,2.5,5339715816,2018-07-04
000069,华侨城A,3.0,8204081415,2018-07-05
300662,科锐国际,0.83,180000000,2018-07-04
603138,海量数据,1.6,107339000,2018-07-04
002283,天润工业,0.3,1127553978,2018-07-05
000521,长虹美菱,0.6,1044597881,2018-07-04
002478,常宝股份,1.0,987393559,2018-07-04
300733,西菱动力,1.5,160000000,2018-07-05
600361,创新新材,0.6,665807918,2018-07-04
300726,宏达电子,1.0,400100000,2018-07-05
600060,海信视像,2.16,1308481222,2018-07-05
600079,ST人福,1.6,1353704302,2018-07-05
002482,广田集团,0.5,1537279657,2018-07-04
600100,同方股份,0.15,2963898951,2018-07-05
300002,神州泰岳,0.07,1961091984,2018-07-03
600123,兰花科创,2.2,1142400000,2018-07-05
600586,金晶科技,0.6,1458302100,2018-07-03
000676,智度股份,0.3,965710782,2018-07-03
002026,山东威达,0.6,420098419,2018-07-04
002146,荣盛发展,4.2,4348163851,2018-07-04
300457,赢合科技,1.0,376290670,2018-07-04
000533,顺钠股份,0.15,690816000,2018-07-05
603037,凯众股份,7.0,105922700,2018-07-05
603882,金域医学,0.83,457884577,2018-07-06
603898,好莱客,3.26,320353286,2018-07-04
300597,吉大通信,0.17,240000000,2018-07-06
000859,国风新材,0.1,739449730,2018-07-04
600824,益民集团,0.4,1054027073,2018-07-05
600797,浙大网新,0.5,1055988046,2018-07-04
000938,紫光股份,2.0,1042303162,2018-07-05
300200,高盟新材,2.0,260651171,2018-07-04
600456,宝钛股份,0.5,430265700,2018-07-05
002672,东江环保,1.61,887100102,2018-07-04
000525,红太阳,5.0,580772873,2018-07-06
000625,长安汽车,4.46,4802648511,2018-07-06
002279,久其软件,0.3,710436578,2018-07-04
600452,涪陵电力,2.0,160000000,2018-07-05
300611,美力科技,1.0,178950550,2018-07-06
601958,金钼股份,0.4,3226604400,2018-07-04
600089,特变电工,2.1,3714502789,2018-07-05
601339,百隆东方,1.0,1500000000,2018-07-06
600410,华胜天成,0.63,1102840583,2018-07-05
300350,华鹏飞,0.05,530619285,2018-07-04
300605,恒锋信息,0.594409,84790000,2018-07-06
002779,中坚科技,0.36,132000000,2018-07-05
300185,通裕重工,0.4,3267743928,2018-07-06
300644,南京聚隆,3.0,64000000,2018-07-06
600360,华微电子,0.2,751588000,2018-07-04
002681,奋达科技,0.596558,1487911372,2018-07-04
002668,TCL智家,0.62,637712605,2018-07-06
600739,辽宁成大,1.8,1529709816,2018-07-04
600682,南京新百,0.9,1111974472,2018-07-05
000887,中鼎股份,3.0,1234440095,2018-07-04
300020,ST银江,0.5,655789086,2018-07-04
000538,云南白药,15.0,1041399718,2018-07-06
002767,先锋电子,0.56,150000000,2018-07-05
920429,康比特,2.0,101610000,2018-07-06
000858,五粮液,13.0,3881608005,2018-07-06
600300,维维股份,0.3,1672000000,2018-07-04
002813,路畅科技,0.59,120000000,2018-07-06
002555,三七互娱,1.0,2124870253,2018-07-05
000637,茂化实华,1.5,519875356,2018-07-06
300155,安居宝,0.1,543370602,2018-07-06
300087,ST荃银,0.981528,430330071,2018-07-05
300415,伊之密,1.8,432000000,2018-07-05
300686,智动力,1.0,129483000,2018-07-05
601788,光大证券,2.0,4610787639,2018-07-06
600110,诺德股份,0.39,1150312097,2018-07-05
002595,豪迈科技,3.75,800000000,2018-07-06
920261,一诺威,1.5,65300000,
603499,翔港科技,2.0,101320400,2018-07-06
603160,汇顶科技,6.0,456910757,2018-07-06
600016,民生银行,0.9,36485348752,2018-07-05
300109,新开源,1.016261,169732261,2018-07-05
300585,奥联电子,2.0,161767000,2018-07-09
603416,信捷电气,1.42,140560000,2018-07-06
300370,安控科技,0.22,958444424,2018-07-05
601700,风范股份,1.0,1133232000,2018-07-05
603920,世运电路,4.6,401800000,2018-07-06
002035,华帝股份,3.0,581762083,2018-07-05
002481,双塔食品,0.101608,1263390000,2018-07-05
600510,黑牡丹,1.42,1047095025,2018-07-05
000936,华西股份,0.3,886012887,2018-07-06
000733,振华科技,0.5,469342218,2018-07-05
300475,香农芯创,0.88,200000000,2018-07-06
300148,天舟文化,0.16,844934446,2018-07-06
002403,爱仕达,1.5,350320801,2018-07-06
600337,ST美克,1.1,1775052736,2018-07-05
002191,劲嘉股份,3.016934,1494834382,2018-07-05
002627,三峡旅游,1.5,185126223,2018-07-05
000903,ST云动,0.45,1970800857,2018-07-09
002274,华昌化工,1.0,634909764,2018-07-06
002024,ST易购,1.0,9310039655,2018-07-05
600689,上海三毛,0.15,200991343,2018-07-06
603577,汇金通,0.82,175020000,2018-07-06
002539,云图控股,0.8,1010100000,2018-07-05
002177,御银股份,0.15,761191294,2018-07-06
600718,东软集团,0.9,1242678005,2018-07-05
603980,吉华集团,2.5,500000000,2018-07-05
002607,中公教育,0.2,820335960,2018-07-06
600051,宁波联合,1.3,310880000,2018-07-06
300289,利德曼,0.3,423805235,2018-07-06
002822,ST中装,0.5,600000000,2018-07-06
300472,*ST新元,0.32,132545543,2018-07-09
601326,秦港股份,0.62,5587412000,2018-07-06
603477,巨星农牧,1.0,240000000,2018-07-09
601789,宁波建工,0.7,976080000,2018-07-06
600981,苏豪汇鸿,1.5,2242433192,2018-07-05
600116,三峡水利,1.1,993005502,2018-07-06
601881,中国银河,1.2,10137258757,2018-07-06
300254,仟源医药,0.5,208308000,2018-07-06
600650,锦江在线,2.5,551610107,2018-07-06
300569,天能重工,1.5,150012000,2018-07-06
002544,普天科技,1.1,571388692,2018-07-06
600572,康恩贝,1.5,2667320200,2018-07-05
000088,盐田港,0.21,1942200000,2018-07-06
002682,龙洲股份,0.9,374912396,2018-07-06
002319,乐通股份,0.162,200000000,2018-07-06
300675,建科院,0.65,146666700,2018-07-06
603378,*ST亚士,1.8,194800000,2018-07-06
603699,纽威股份,1.6,750000000,2018-07-06
002719,ST麦趣,0.49,108837161,2018-07-06
300512,中亚股份,10.0,270000000,2018-07-09
000869,张裕A,5.0,685464000,2018-07-09
002300,太阳电缆,1.8,542700000,2018-07-06
002096,易普力,0.2,371287000,2018-07-06
300665,飞鹿股份,0.5,76000000,2018-07-06
000778,新兴铸管,1.5,3990880176,2018-07-06
002223,鱼跃医疗,1.5,1002476929,2018-07-06
002010,传化智联,0.5,3257814678,2018-07-06
600336,澳柯玛,0.3,776753269,2018-07-06
002246,北化股份,0.4,549034794,2018-07-09
002095,生意宝,0.5,252720000,2018-07-06
002102,ST能特,0.5,2633836290,2018-07-09
002205,国统股份,0.42,116152018,2018-07-06
002157,正邦科技,0.5,2333682773,2018-07-06
601088,中国神华,9.1,19889620455,2018-07-09
002355,兴民智通,0.1,624781419,2018-07-09
300440,运达科技,0.555409,451549000,2018-07-09
300100,双林股份,1.5,400769246,2018-07-10
300388,节能国祯,1.499994,305545406,2018-07-09
603399,永杉锂业,0.61,546750649,2018-07-09
600697,欧亚集团,3.7,159088075,2018-07-06
603022,新通联,0.38,200000000,2018-07-06
603797,联泰环保,1.0,213340000,2018-07-10
600668,尖峰集团,1.0,344083828,2018-07-06
002883,*ST中设,2.0,54144300,2018-07-06
601800,中国交建,2.419,16174735425,2018-07-06
600295,鄂尔多斯,1.0,1032000000,2018-07-06
300321,同大股份,0.6,88800000,2018-07-06
920270,天铭科技,1.0,31890000,2018-07-09
600755,厦门国贸,2.0,1816272516,2018-07-09
601098,中南传媒,6.0,1796000000,2018-07-06
300145,南方泵业,0.5,1202148835,2018-07-10
300698,万马科技,0.33,134000000,2018-07-09
600232,金鹰股份,1.0,364718544,2018-07-06
600325,华发股份,3.0,2118313116,2018-07-09
600589,大位科技,0.58,705305831,2018-07-10
600789,鲁抗医药,0.3,677099796,2018-07-10
300308,中际旭创,0.38,473857056,2018-07-11
000758,中色股份,0.15,1969378424,2018-07-10
002893,京能热力,1.0,120000000,2018-07-10
920152,昆工科技,0.3,78500000,2018-07-10
600195,中牧股份,3.26,429800000,2018-07-10
300332,天壕能源,0.212083,880200859,2018-07-10
300317,珈伟新能,0.200938,850339492,2018-07-09
920579,机科股份,1.0,90000000,2018-07-11
600229,城市传媒,1.5,702096010,2018-07-10
002321,华英农业,0.5,534291100,2018-07-09
600795,国电电力,0.8,19650397845,2018-07-10
600529,山东药玻,3.0,303554973,2018-07-10
603655,朗博科技,1.0,106000000,2018-07-10
002585,双星新材,0.1,1156278085,2018-07-11
002542,*ST中岩,0.2,1811000000,2018-07-09
300460,ST惠伦,0.3,168274200,2018-07-11
603612,索通发展,6.77,243027900,2018-07-11
002443,金洲管道,1.0,520535520,2018-07-11
300411,金盾股份,0.5,263539132,2018-07-09
600480,凌云股份,2.2,455070966,2018-07-11
600967,内蒙一机,0.32,1689631817,2018-07-11
000882,华联股份,0.03,2737351947,2018-07-10
600039,四川路桥,0.5,3610525510,2018-07-09
002816,*ST和科,0.26,100000000,2018-07-09
600415,小商品城,0.81,5443214176,2018-07-11
603076,乐惠国际,3.0,74500000,2018-07-11
300070,碧水源,0.896794,3150510734,2018-07-09
002040,南京港,0.3,372282154,2018-07-10
601225,陕西煤业,4.18,10000000000,2018-07-10
600979,广安爱众,0.5,947892146,2018-07-09
300210,森远股份,0.12,484219953,2018-07-10
603016,新宏泰,3.02,148160000,2018-07-11
002180,奔图科技,1.2,1063587938,2018-07-10
300292,吴通控股,0.5,1274850476,2018-07-10
000825,太钢不锈,2.43,5696247796,2018-07-10
002712,思美传媒,1.1,341883817,2018-07-10
601997,贵阳银行,3.3,2298591900,2018-07-10
002646,天佑德酒,0.7,450000000,2018-07-10
600191,华资实业,0.1,484932000,2018-07-10
600587,新华医疗,0.5,406428091,2018-07-10
603226,菲林格尔,3.0,89608000,2018-07-09
600919,江苏银行,1.8,11544450000,2018-07-10
300488,恒锋工具,2.606096,104940712,2018-07-10
002266,浙富控股,0.1,1978719849,2018-07-11
002558,巨人网络,2.0,2024379932,2018-07-09
600730,*ST高科,0.61,586656002,2018-07-10
002512,ST达华,0.45,1095386132,2018-07-09
603799,华友钴业,5.0,592676632,2018-07-10
002775,文科股份,1.0,320592028,2018-07-09
603538,美诺华,1.8,120000000,2018-07-09
603876,鼎胜新材,1.0,430000000,2018-07-10
600491,ST龙元,0.35,1529757955,2018-07-09
002388,新亚制程,0.2,503766600,2018-07-10
002928,华夏航空,1.1,400500000,2018-07-09
000921,海信家电,4.4,1362725370,2018-07-12
603628,清源股份,0.36,273800000,2018-07-10
300287,飞利信,0.57,1435273808,2018-07-12
002396,星网锐捷,1.5,583280278,2018-07-11
002251,步步高,1.0,863903951,2018-07-12
603035,常熟汽饰,2.46,280000000,2018-07-10
601169,北京银行,2.67,21142984272,2018-07-12
600383,金地集团,5.3,4514583572,2018-07-11
002210,飞马国际,0.35,1652880386,2018-07-11
601212,白银有色,0.11,6972965867,2018-07-11
600038,中直股份,2.33,589476716,2018-07-11
002375,亚厦股份,0.4,1339996498,2018-07-12
002036,联创电子,0.486311,550787263,2018-07-11
600936,北投科技,0.5,1671026239,2018-07-10
600958,东方证券,2.0,6993655803,2018-07-10
920139,华岭股份,1.2,189000000,2018-07-12
000532,华金资本,0.3,344708340,2018-07-12
002689,ST远智,1.0,948464296,2018-07-10
600148,长春一东,0.985,141516450,2018-07-11
300267,尔康制药,0.2,2062604870,2018-07-12
300661,圣邦股份,5.0,60865800,2018-07-10
000620,盈新发展,1.0,1896690420,2018-07-11
600010,包钢股份,0.05,45585032648,2018-07-12
002397,梦洁股份,0.6,779764760,2018-07-11
002708,光洋股份,0.2,468861076,2018-07-11
920932,科达自控,0.6,45000000,2018-07-11
300300,海峡创新,0.196652,459393716,2018-07-11
300272,开能健康,1.0,398185632,2018-07-11
300152,*ST动力,0.06,712800000,2018-07-10
300670,大烨智能,2.0,108000000,2018-07-10
000530,冰山冷热,0.500277,855434087,2018-07-12
000031,大悦城,0.55,1813731596,2018-07-10
600118,中国卫星,1.1,1182489135,2018-07-10
601616,广电电气,0.2,935575000,2018-07-12
300118,东方日升,1.0,904301941,2018-07-11
000605,渤海股份,0.5,251899000,2018-07-11
920346,威贸电子,1.0,57331000,2018-07-12
002065,东华软件,1.0,3139787560,2018-07-11
300159,新研股份,0.28,1490360202,2018-07-11
300084,海默科技,0.15,384765738,2018-07-10
002212,天融信,0.4,1146902165,2018-07-12
300007,汉威科技,0.45,293022806,2018-07-11
000821,ST京机,0.3,538235280,2018-07-10
600522,中天科技,1.0,3066072521,2018-07-10
002866,传艺科技,1.2,143626700,2018-07-10
300355,蒙草生态,0.87,1604242081,2018-07-11
000607,华媒控股,0.15,1017698410,2018-07-11
002144,宏达高科,1.5,176762528,2018-07-11
300385,ST雪浪,0.7,130135130,2018-07-11
002448,中原内配,1.0,606822305,2018-07-10
603833,欧派家居,10.0,420283454,2018-07-12
600525,ST长园,0.9,1324677152,2018-07-12
002709,天赐材料,1.8,339667541,2018-07-11
002074,国轩高科,1.0,1136650819,2018-07-11
600626,申达股份,1.0,710242816,2018-07-11
300471,厚普股份,0.18,370614000,2018-07-12
002487,大金重工,0.1,552200000,2018-07-12
002142,宁波银行,4.0,5069741637,2018-07-12
300225,金力泰,0.4,470340000,2018-07-12
600379,宝光股份,0.25,235858260,2018-07-11
002169,智光电气,0.6,787791994,2018-07-13
600495,晋西车轴,0.1,1208190886,2018-07-12
600985,淮北矿业,1.2,300156330,2018-07-11
300265,通光线缆,0.15,337500000,2018-07-13
601108,财通证券,1.8,3589000000,2018-07-11
600377,宁沪高速,4.4,5037747500,2018-07-13
300126,锐奇股份,0.100477,303957600,2018-07-13
002287,奇正藏药,4.1,406000000,2018-07-11
600606,绿地控股,2.5,12168154385,2018-07-12
300249,依米康,0.24934,447301534,2018-07-11
603589,口子窖,7.5,600000000,2018-07-11
300187,永清环保,0.3,648217285,2018-07-11
300093,金刚光伏,0.1,216000000,2018-07-13
300011,鼎汉技术,0.2,558650387,2018-07-11
000983,山西焦煤,0.4,3151200000,2018-07-12
600996,贵广网络,1.33,1042568441,2018-07-11
300198,*ST纳川,0.1,1031548540,2018-07-13
300315,掌趣科技,0.1,2757992863,2018-07-12
600055,万东医疗,0.5,540816199,2018-07-12
002543,万和电气,5.0,440000000,2018-07-12
002671,龙泉股份,0.12,472441974,2018-07-12
002721,金一文化,0.35,834718154,2018-07-13
300318,博晖创新,0.05012,819430425,2018-07-12
000919,金陵药业,1.7,504000000,2018-07-12
601992,金隅集团,0.48,10677771134,2018-07-12
300266,兴源环境,0.3,1042954038,2018-07-13
002369,卓翼科技,0.601104,579971704,2018-07-11
002573,清新环境,1.0,1081272100,2018-07-11
002620,*ST瑞和,1.5,362500000,2018-07-13
002064,华峰化学,0.25,1676800000,2018-07-13
300426,华智数媒,0.5,400000000,2018-07-11
600036,招商银行,8.4,25219845601,2018-07-12
300294,博雅生物,1.5,433324863,2018-07-11
600638,新黄浦,3.5,561163988,2018-07-12
600004,白云机场,2.4,2069320514,2018-07-13
002047,宝鹰股份,0.401646,1341296921,2018-07-12
002093,国脉科技,0.15,1007500000,2018-07-13
002160,常铝股份,1.0,724269941,2018-07-13
600872,中炬高新,1.8,796637194,2018-07-13
300061,旗天科技,0.57,526799049,2018-07-12
920701,豪声电子,1.0,73500000,2018-07-13
002824,和胜股份,0.67,180000000,2018-07-13
300477,ST合纵,1.0,323441468,2018-07-13
300097,智云股份,0.6,288549669,2018-07-12
002855,捷荣技术,0.5,240000000,2018-07-13
601595,上海电影,2.6,373500000,2018-07-12
000886,海南高速,0.5,988828300,2018-07-12
002743,富煌钢构,0.42,337210880,2018-07-12
002554,惠博普,0.1,1070810000,2018-07-13
300171,东富龙,0.6,628337040,2018-07-16
000001,平安银行,1.36,17170411366,2018-07-12
002290,禾盛新材,1.2,242712330,2018-07-13
300055,万邦达,0.7,865184815,2018-07-12
002282,博深股份,1.0,437738511,2018-07-13
300326,ST凯利,0.298917,718443292,2018-07-13
002048,宁波华翔,1.5,626227314,2018-07-12
300246,宝莱特,0.5,146088000,2018-07-13
603829,洛凯股份,1.01,160000000,2018-07-13
300409,道氏技术,2.2,215000000,2018-07-12
002921,联诚精密,2.5,80000000,2018-07-13
600662,外服控股,0.6,1053362191,2018-07-12
300600,国瑞科技,2.5,100000000,2018-07-13
600241,时代万恒,0.2,294302115,2018-07-13
300072,海新能科,1.0,1808079963,2018-07-13
600020,中原高速,1.68,2247371832,2018-07-13
600648,外高桥,2.0,1135349124,2018-07-13
603896,寿仙谷,2.0,143334600,2018-07-12
603360,百傲化学,2.5,133340000,2018-07-12
600764,中国海防,0.62,395767498,2018-07-12
600639,浦东金桥,2.6,1122412893,2018-07-12
600348,华阳股份,2.05,2405000000,2018-07-16
600323,瀚蓝环境,2.0,766264018,2018-07-12
002310,东方新能,0.65,2682778484,2018-07-13
300135,宝利国际,0.1,921600000,2018-07-13
000876,新希望,1.5,4216015009,2018-07-13
600737,中粮糖业,1.7,2051876155,2018-07-12
002196,方正电机,0.5,450899624,2018-07-13
601988,中国银行,1.76,294387791241,2018-07-13
601872,招商轮船,0.35,5299458112,2018-07-13
600329,达仁堂,2.0,768873076,2018-07-13
600029,南方航空,1.0,10088173272,2018-07-12
601398,工商银行,2.408,356406257089,2018-07-13
600000,浦发银行,1.0,29352080397,2018-07-13
600026,中远海能,0.5,4032032861,2018-07-13
603729,ST龙韵,1.0,66670000,2018-07-13
300482,万孚生物,5.0,190484585,2018-07-13
000933,神火股份,0.25,1900500000,2018-07-12
000729,燕京啤酒,0.2,2818539341,2018-07-13
600897,厦门空港,10.4,297810000,2018-07-13
600467,好当家,0.11,1460994304,2018-07-13
000998,隆平高科,1.0,1256194674,2018-07-16
000568,泸州老窖,12.5,1464752476,2018-07-16
002800,天顺股份,1.2,74680000,2018-07-13
002869,金溢科技,3.0,117800000,2018-07-13
600208,衢州发展,0.57,8599343536,2018-07-13
000564,供销大集,0.1,6007828231,2018-07-13
000032,深桑达A,0.2,422254134,2018-07-13
603711,香飘飘,1.0,400010000,2018-07-12
002204,大连重工,0.1,1931370032,2018-07-13
002141,贤丰控股,0.01,1134656519,2018-07-13
600720,中交设计,2.3,776290282,2018-07-13
002556,辉隆股份,0.7,717600000,2018-07-13
600012,皖通高速,2.3,1658610000,2018-07-17
300340,科恒股份,2.0,117858178,2018-07-16
300209,行云科技,0.202477,290656742,2018-07-16
600775,南京熊猫,0.7,913838529,2018-07-16
600518,康美药业,2.35,4973861675,2018-07-13
002346,柘中股份,2.0,441575416,2018-07-16
601717,中创智领,0.5,1732471370,2018-07-13
601229,上海银行,5.0,7805785000,2018-07-17
300442,润泽科技,0.18,100000000,2018-07-16
603998,方盛制药,0.1,430936470,2018-07-16
603117,万林物流,1.0,462320932,2018-07-13
600345,长江通信,4.0,198000000,2018-07-13
300279,和晶科技,0.3,448941998,2018-07-17
600776,东方通信,0.6,1256000064,2018-07-17
601611,中国核建,0.5,2625000000,2018-07-17
600674,川投能源,2.75,4402140480,2018-07-17
002701,奥瑞金,1.768732,2355225600,2018-07-13
600929,雪天盐业,0.53,917751148,2018-07-13
600686,金龙汽车,1.0,606738511,2018-07-16
601766,中国中车,1.5,28698864088,2018-07-16
600082,ST海泰,0.11,646115826,2018-07-13
601618,中国中冶,0.68,20723619170,2018-07-17
000639,ST西王,1.08,550728620,2018-07-16
600635,大众公用,0.6,2952434675,2018-07-16
601186,中国铁建,1.8,13579541500,2018-07-18
600356,恒丰纸业,0.99,298731378,2018-07-18
601607,上海医药,3.8,2842089322,2018-07-16
600278,东方创业,1.0,522241739,2018-07-18
300434,金石亚药,1.1,223191040,2018-07-17
600545,卓郎智能,0.1,1895412995,2018-07-17
002929,润建股份,1.2,220746347,2018-07-17
002445,中南文化,0.4,829780286,2018-07-16
603861,白云电器,0.88,442740648,2018-07-16
603315,福鞍股份,0.15,219950901,2018-07-16
603177,德创环保,1.0,202000000,2018-07-17
300298,三诺生物,3.0,471095612,2018-07-16
600332,白云山,3.81,1625790949,2018-07-16
600189,泉阳泉,0.2,551442213,2018-07-16
600960,渤海汽车,0.51,950515518,2018-07-17
002766,索菱股份,0.25,421754014,2018-07-16
000793,*ST华闻,0.15,2001294740,2018-07-17
300013,新宁物流,0.6,297791410,2018-07-16
603619,中曼石油,3.0,400000100,2018-07-16
002692,远程股份,0.1,718146000,2018-07-17
300203,聚光科技,1.8,452517400,2018-07-18
601949,中国出版,0.88,1822500000,2018-07-16
002356,鹏飞绿能,1.0,310474440,2018-07-17
600612,老凤祥,10.5,523117764,2018-07-17
600741,华域汽车,10.5,3152723984,2018-07-16
600983,惠而浦,0.5,766439000,2018-07-17
300161,华中数控,0.2,172791187,2018-07-17
300295,*ST三六五,1.0,192996000,2018-07-17
601222,林洋能源,0.4,1765410159,2018-07-18
002786,银宝山新,0.17,381240000,2018-07-17
002427,尤夫股份,0.1,398154658,2018-07-17
300137,先河环保,0.5,344395344,2018-07-17
000581,威孚高科,12.0,1008950570,2018-07-18
603116,红蜻蜓,4.0,417200000,2018-07-17
000783,长江证券,1.5,5529467678,2018-07-17
300048,合康新能,0.2,1126540857,2018-07-16
600104,上汽集团,18.3,11683461365,2018-07-17
601328,交通银行,2.856,74262726645,2018-07-16
601939,建设银行,2.91,250010977486,2018-07-17
603101,汇嘉时代,1.0,240000000,2018-07-16
002475,立讯精密,0.6,3172962197,2018-07-17
600460,士兰微,0.4,1312061614,2018-07-18
000915,华特达因,2.5,234331485,2018-07-18
300741,华宝股份,2.0,615880000,2018-07-19
002496,辉丰股份,0.3,1507479136,2018-07-18
600688,上海石化,3.0,10823813500,2018-07-17
600509,天富能源,0.47,1151415017,2018-07-17
600834,申通地铁,0.35,477381905,2018-07-18
601390,中国中铁,1.13,22844301543,2018-07-18
002589,瑞康医药,0.68,1504710471,2018-07-18
600986,浙文互联,0.5,946838443,2018-07-18
002640,跨境通,0.53,1558041330,2018-07-17
002254,泰和新材,0.5,610833600,2018-07-18
600854,春兰股份,0.2,519458538,2018-07-17
002679,福建金森,5.0,138680000,2018-07-18
600895,张江高科,1.0,1548689550,2018-07-18
300369,绿盟科技,0.601666,800913227,2018-07-18
002181,粤传媒,0.07,1161058174,2018-07-17
601985,中国核电,1.12,15565430000,2018-07-19
002338,奥普光电,0.3,240000000,2018-07-18
002686,亿利达,0.7,443082021,2018-07-17
920433,大唐药业,3.01,61244215,2018-07-18
000761,本钢板材,0.5,3875371532,2018-07-18
601228,广州港,0.34,6193180000,2018-07-17
300343,联创股份,1.3,590392690,2018-07-17
002777,久远银海,2.5,172540592,2018-07-19
002437,誉衡药业,0.15,2198122950,2018-07-18
300058,蓝色光标,0.206224,2182090633,2018-07-19
603599,广信股份,1.3609,464679135,2018-07-17
600108,亚盛集团,0.05,1946915121,2018-07-18
600216,浙江医药,0.8,965608000,2018-07-19
601898,中煤能源,0.55,13258663400,2018-07-18
600663,陆家嘴,4.66,3361831200,2018-07-18
002330,得利斯,0.08,502000000,2018-07-19
000498,山东路桥,0.6,1120139063,2018-07-19
300043,星辉娱乐,0.3,1244198401,2018-07-19
603987,康德莱,1.5,315435000,2018-07-18
600561,江西长运,0.3,237064000,2018-07-19
002378,章源钨业,0.2,924167436,2018-07-18
000066,中国长城,0.6,2944069459,2018-07-20
600558,大西洋,0.2,897604831,2018-07-19
601968,宝钢包装,0.05,833333300,2018-07-18
601163,三角轮胎,2.7,800000000,2018-07-19
000039,中集集团,2.7,2984959336,2018-07-20
300710,万隆光电,2.0,68614000,2018-07-20
300323,华灿光电,0.95,1081421968,2018-07-20
600880,博瑞传播,0.1,1093332092,2018-07-20
601200,上海环境,0.8,702543884,2018-07-19
603227,雪峰科技,0.1,658700000,2018-07-19
600493,凤竹纺织,0.3,272000000,2018-07-20
002666,德联集团,0.47,754329268,2018-07-19
601101,昊华能源,1.6,1199998272,2018-07-20
600369,西南证券,0.5,5645109124,2018-07-20
603869,ST智知,2.5,348806268,2018-07-20
000415,渤海租赁,0.6,6184521282,2018-07-19
600676,交运股份,1.4,1028492944,2018-07-19
600624,ST复华,0.25,684712010,2018-07-19
600820,隧道股份,1.8,3144096094,2018-07-20
600748,上实发展,0.48,1844562892,2018-07-20
002098,浔兴股份,0.2,358000000,2018-07-20
300123,ST亚光,0.2,559794902,2018-07-23
002217,ST合力泰,0.38,3128310676,2018-07-23
000534,万泽股份,0.5,491785096,2018-07-20
000800,一汽解放,0.2,1627500000,2018-07-20
600138,中青旅,1.0,723840000,2018-07-20
300603,立昂技术,1.0,102500000,2018-07-23
600316,洪都航空,0.13,717114512,2018-07-20
300040,九洲集团,0.5,343032004,2018-07-24
600153,建发股份,2.0,2835200530,2018-07-20
600023,浙能电力,1.7,13600689988,2018-07-23
600827,百联股份,1.8,1784168117,2018-07-23
600158,中体产业,0.22,843735373,2018-07-23
600255,鑫科材料,0.02,1769593555,2018-07-25
600197,伊力特,2.5,441000000,2018-07-24
601599,浙文影业,1.1,894068404,2018-07-24
002716,湖南白银,1.0,564987172,2018-07-24
600498,烽火通信,3.4,1113938974,2018-07-25
002268,电科网安,0.5,838336028,2018-07-24
603339,四方科技,1.8,210821250,2018-07-23
600814,杭州解百,0.8,715026758,2018-07-23
300359,全通教育,0.2,633772477,2018-07-23
600684,珠江股份,0.5,853460723,2018-07-26
002063,远光软件,0.5,607014388,2018-07-26
600115,中国东航,0.51,14467585682,2018-07-24
601880,辽港股份,0.23,12894535999,2018-07-25
600640,国脉文化,1.0,795695940,2018-07-25
002208,合肥城建,1.0,320100000,2018-07-24
601801,皖新传媒,1.7,1989204737,2018-07-25
000550,江铃汽车,3.2,863214000,2018-07-24
600939,重庆建工,0.62,1814500000,2018-07-25
600482,中国动力,2.08,1734070872,2018-07-26
600620,天宸股份,0.3,686677113,2018-07-25
601908,京运通,0.6,1995297701,2018-07-26
603718,*ST海利,0.55,644000000,2018-07-26
000030,富奥股份,2.0,1293251508,2018-07-26
600362,江西铜业,2.0,3462729405,2018-07-25
600602,云赛智联,0.61,1367673455,2018-07-27
000997,新大陆,0.800036,1010764017,2018-07-26
600166,福田汽车,0.051,6670131290,2018-07-26
002250,联化科技,1.0,925902056,2018-07-26
600533,栖霞建设,0.5,1050000000,2018-07-26
603363,傲农生物,0.35,426065000,2018-07-26
600613,神奇制药,0.3,534071628,2018-07-27
300182,捷成股份,0.42,2574960807,2018-07-27
000863,三湘印象,2.015287,1371271098,2018-07-26
002422,科伦药业,2.090081,1440000000,2018-07-30
002651,利君股份,0.6,1002500000,2018-07-26
000501,武商集团,0.8,768992731,2018-07-27
600353,旭光电子,0.16,543720000,2018-07-27
600863,华能蒙电,0.3,5807802566,2018-07-30
300570,太辰光,2.2,229996800,2018-07-27
600315,上海家化,1.8,671713547,2018-07-26
000756,新华制药,0.5,478353421,2018-07-27
002405,四维图新,0.42,1309470982,2018-07-27
600081,东风科技,1.35,313560000,2018-07-27
600371,万向德农,2.0,225060000,2018-07-26
600066,宇通客车,5.0,2213939223,2018-07-27
600027,华电国际,0.18,9862976653,2018-07-27
600851,海欣股份,0.3,1207056692,2018-07-26
002171,楚江新材,1.020146,1069208056,2018-07-26
601818,光大银行,1.81,52489250101,2018-07-27
000883,湖北能源,1.0,6507449486,2018-07-27
000026,飞亚达,2.0,438744881,2018-07-30
601216,君正集团,0.3,8438017390,2018-07-27
000009,中国宝安,0.2,2149344971,2018-07-27
600272,开开实业,0.5,243000000,2018-07-27
601188,龙江交通,0.81,1315878571,2018-07-31
000957,中通客车,2.0,592903936,2018-07-31
600873,梅花生物,3.3,3108175038,2018-07-30
600826,兰生股份,2.1,420642288,2018-07-31
603000,人民网,0.45,1105691056,2018-07-30
600977,中国电影,3.26,1867000000,2018-07-30
600339,中油工程,0.37,5583147471,2018-07-31
601226,华电科工,0.1,1155000000,2018-07-31
603690,至纯科技,0.71,210360000,2018-07-30
603328,依顿电子,3.0,997778478,2018-07-31
000338,潍柴动力,2.5,7997238556,2018-07-31
300745,欣锐科技,0.8,114512352,2018-07-31
300136,信维通信,0.8,982834638,2018-08-01
603680,今创集团,3.0,420000000,2018-07-31
603505,金石资源,1.0,240000000,2018-07-31
000752,*ST西发,0.1,263758491,2018-08-02
601901,方正证券,0.1,8232101395,2018-08-02
601619,嘉泽新能,0.27,1933000000,2018-08-02
300094,国联水产,0.199872,784345620,2018-08-01
000797,中国武夷,0.600119,1007463640,2018-08-01
000554,泰山石油,0.1,480793320,2018-08-03
600600,青岛啤酒,4.2,1350982795,2018-08-03
600779,水井坊,6.2,488545698,2018-08-02
600269,赣粤高速,1.7,2335407014,2018-08-03
600136,ST明诚,0.7,487182186,2018-08-03
601333,广深铁路,0.8,7083537000,2018-08-03
600630,龙头股份,0.91,424861597,2018-08-03
002456,欧菲光,0.46,2714445975,2018-08-06
600196,复星医药,3.8,2563060895,2018-08-03
600803,新奥股份,1.0,1229355783,2018-08-06
300376,易事特,0.309817,2330046156,2018-08-06
600568,ST中珠,0.2,1992869681,2018-08-07
600839,四川长虹,0.12,4616244222,2018-08-07
600489,中金黄金,0.3,3451137189,2018-08-08
601009,南京银行,3.45,8482207924,2018-08-08
600853,龙建股份,0.1,644167658,2018-08-06
000782,恒申新材,0.4,528139623,2018-08-07
002739,儒意电影,2.0,1174294974,2018-08-08
600886,国投电力,1.667,6786023347,2018-08-07
601601,中国太保,8.0,9062000000,2018-08-08
603633,徕木股份,1.25,120350000,2018-08-07
000423,东阿阿胶,9.0,654021537,2018-08-09
600825,新华传媒,0.15,1044887850,2018-08-08
300291,百纳千成,0.28,812461176,2018-08-09
600429,三元股份,0.17,1497557426,2018-08-08
001965,招商公路,2.19,6178211497,2018-08-08
600846,同济科技,1.3,624761516,2018-08-09
600101,明星电力,0.5,324178977,2018-08-08
600993,马应龙,2.3,431053891,2018-08-09
601198,东兴证券,1.5,2757960657,2018-08-09
600881,亚泰集团,0.5,3248913588,2018-08-10
600085,同仁堂,2.5,1371470262,2018-08-08
603689,皖天然气,1.2,336000000,2018-08-09
600288,大恒科技,0.24,436800000,2018-08-09
000833,粤桂股份,0.5,668401851,2018-08-09
600246,万通发展,0.27,2054009302,2018-08-09
600642,申能股份,2.0,4552038316,2018-08-10
600428,中远海特,0.2,2146650771,2018-08-09
601900,南方传媒,2.048,895876566,2018-08-09
601336,新华保险,5.2,3119546600,2018-08-10
002910,庄园牧场,0.73,187340000,2018-08-09
600861,北京人力,0.85,316804949,2018-08-10
600865,百大集团,0.4,376240316,2018-08-09
002202,金风科技,2.0,3556203300,2018-08-09
000712,锦龙股份,1.0,896000000,2018-08-13
600530,交大昂立,0.65,780000000,2018-08-10
600628,新世界,2.1,646875384,2018-08-10
603501,豪威集团,0.45,455813940,2018-08-10
000488,ST晨鸣,6.0,1936405467,2018-08-10
603222,济民健康,0.5,320000000,2018-08-10
000715,中兴商业,0.8,279006000,2018-08-13
600320,振华重工,0.5,4390294584,2018-08-13
600637,东方明珠,3.5,2641252316,2018-08-13
600819,耀皮玻璃,0.16,934916069,2018-08-13
600864,哈投股份,1.0,2108513762,2018-08-13
603030,全筑股份,0.35,538404333,2018-08-14
601718,ST际华,1.7,4391629404,2018-08-15
000553,安道麦A,0.63,2446553582,2018-08-15
000566,海南海药,1.0,1335979264,2018-08-15
601878,浙商证券,1.0,3333333400,2018-08-15
002120,韵达股份,2.38,1317511213,2018-08-16
002726,ST龙大,0.5,756092000,2018-08-14
000889,中嘉博创,0.37,621826786,2018-08-14
002401,中远海科,0.5,303240000,2018-08-15
600333,长春燃气,0.5,609030684,2018-08-16
600808,马钢股份,1.65,7700681186,2018-08-15
600062,华润双鹤,0.97,869364758,2018-08-16
600702,舍得酒业,0.43,337300000,2018-08-16
000776,广发证券,4.0,7621087664,2018-08-15
000850,华茂股份,0.5,943665009,2018-08-16
601999,出版传媒,0.88,550914700,2018-08-17
000056,*ST皇庭,0.4,1175345368,2018-08-15
603858,步长制药,16.14,681800000,2018-08-17
002797,第一创业,0.2,3502400000,2018-08-17
600363,联创光电,0.44,443476750,2018-08-16
000716,黑芝麻,0.72,705652572,2018-08-17
002594,比亚迪,1.41,2728142855,2018-08-17
600858,银座股份,0.3,520066589,2018-08-16
600999,招商证券,3.46,6699409329,2018-08-17
601608,中信重工,0.062,4339419293,2018-08-20
002694,*ST顾地,0.04,597196800,2018-08-17
000426,兴业银锡,0.19902,1877699557,2018-08-16
600809,山西汾酒,6.0,865848266,2018-08-17
600812,华北制药,0.1,1630804729,2018-08-17
000601,韶能股份,2.2,1080551669,2018-08-17
000880,潍柴重机,0.2,276100500,2018-08-17
600178,东安动力,0.28,462080000,2018-08-22
920876,慧为智能,2.2,47880000,2018-08-24
600185,珠免集团,3.0,2060119698,2018-08-20
600395,盘江股份,3.5,1655051861,2018-08-20
600621,华鑫股份,2.2,1060899292,2018-08-20
000599,青岛双星,0.2,835627649,2018-08-20
600031,三一重工,1.6,7780218039,2018-08-21
000156,华数传媒,2.0,1433351902,2018-08-21
600649,城投控股,2.5,2529575634,2018-08-22
601377,兴业证券,1.5,6696671674,2018-08-22
002872,ST天圣,2.36,212000000,2018-08-22
600838,上海九百,0.73,400881981,2018-08-22
300006,莱美药业,0.5,812241205,2018-08-22
600578,京能电力,0.6,6746734457,2018-08-24
002789,*ST建艺,1.38,81200000,2018-08-24
603515,欧普照明,4.0,581638504,2018-08-23
000002,万科A,9.0,11039152001,2018-08-23
600280,中央商场,0.15,1148334872,2018-08-23
603083,剑桥科技,1.9,97871555,2018-08-23
000908,石药景峰,0.1,879774351,2018-08-23
600030,中信证券,4.0,12116908400,2018-08-24
000685,中山公用,2.2,1475111351,2018-08-24
600833,第一医药,0.6,223086347,2018-08-23
000523,红棉股份,0.2,522944271,2018-08-24
600009,上海机场,5.8,1926958448,2018-08-23
002926,华西证券,0.38,2625000000,2018-08-24
000839,国安股份,0.5,3919826352,2018-08-27
002174,游族网络,0.766418,888467873,2018-08-24
600715,文投控股,0.71,1854853500,2018-08-24
000157,中联重科,2.0,7794048075,2018-08-24
601991,大唐发电,0.9,18506710504,2018-08-27
600386,北巴传媒,1.0,806400000,2018-08-24
600528,中铁工业,1.9,2221551588,2018-08-27
601727,上海电气,0.9195,14725180717,2018-08-28
600651,飞乐音响,0.17,991479668,2018-08-28
601366,利群股份,2.0,860500460,2018-08-27
603843,*ST正平,0.2,400003000,2018-08-28
002247,聚力文化,0.7,851196049,2018-08-28
002384,东山精密,0.5,1071048318,2018-08-28
002366,融发核电,1.17,867057350,2018-09-14
