code,name,div_per_10,total_shares,ex_date
300708,聚灿光电,1.6,676211846,2025-03-05
600535,天士力,2.0,1493950005,2025-03-26
300033,同花顺,30.0,537600000,2025-03-28
002271,东方雨虹,9.25,2388699866,2025-04-01
001207,联科科技,3.0,202355964,2025-03-31
002138,顺络电子,6.0,806318354,2025-03-31
603050,科林电气,2.0,272512968,2025-03-31
002818,富森美,6.8,748458940,2025-04-03
603535,嘉诚国际,0.9,345211435,2025-04-03
300842,帝科股份,3.0,140700000,2025-04-09
002315,焦点科技,5.5,317235869,2025-04-11
001376,百通能源,1.0,460900000,2025-04-11
600113,浙江东日,1.2,421366660,2025-04-14
002145,钛能化学,0.16,3871026315,2025-04-14
300918,南山智尚,1.5,434705856,2025-04-15
300059,东方财富,0.6,15785542475,2025-04-16
002920,德赛西威,12.0,554949301,2025-04-17
688100,威胜信息,5.2,491685175,2025-04-16
000063,中兴通讯,6.17,4783534887,2025-04-16
600605,汇通能源,1.4,206282429,2025-04-16
301277,新天地,4.0,280056000,2025-04-16
920116,星图测控,1.49,114125000,2025-04-18
002282,博深股份,2.0,526838348,2025-04-18
002879,长缆科技,2.0,193107640,2025-04-17
920694,中裕科技,3.0,102185100,2025-04-18
605499,东鹏饮料,25.0,520013000,2025-04-18
301127,武汉天源,0.999985,647056464,2025-04-21
601328,交通银行,1.97,74262726645,2025-04-18
301389,隆扬电子,2.5,283500000,2025-04-22
002692,远程股份,0.2,718146000,2025-04-21
002014,永新股份,6.2,612491866,2025-04-23
300750,宁德时代,45.53,4403394911,2025-04-22
300146,汤臣倍健,3.6,1700845431,2025-04-22
002852,道道全,1.28,343968305,2025-04-22
000823,超声电子,2.0,536991106,2025-04-22
002911,佛燃能源,2.3,1297501261,2025-04-22
920779,武汉蓝电,10.0,57200000,2025-04-23
600211,西藏药业,7.28,322319196,2025-04-22
002516,旷达科技,0.8,1470838682,2025-04-25
603199,九华旅游,6.8,110680000,2025-04-24
003006,百亚股份,5.5,429323390,2025-04-23
605218,伟时电子,0.55,212833460,2025-04-24
688093,世华科技,1.6,262631312,2025-04-23
301522,上大股份,1.17,371866667,2025-04-24
605077,华康股份,5.0,305880934,2025-04-24
603697,有友食品,2.1,427692098,2025-04-24
002318,久立特材,9.7,977170720,2025-04-24
300018,中元股份,0.7,480831536,2025-04-25
601886,江河集团,4.0,1133002060,2025-04-28
688582,芯动联科,2.24,400606400,2025-04-24
600965,*ST福成,0.38,818700955,2025-04-25
688486,龙迅股份,7.0,102280590,2025-04-25
605028,世茂能源,2.0,160000000,2025-04-25
603031,安孚科技,2.4,211120000,2025-04-25
601988,中国银行,1.216,294387791241,2025-04-25
920271,邦德股份,2.0,118930000,2025-04-28
603809,豪能股份,2.0,641200503,2025-04-25
300956,英力股份,1.0,179523050,2025-04-28
300999,金龙鱼,1.11,5421591536,2025-04-29
920553,凯腾精工,0.8,143690460,2025-04-29
300997,欢乐家,3.0,437473475,2025-04-29
603866,桃李面包,1.3,1599719155,2025-04-28
301069,凯盛新材,0.5,420641138,2025-04-30
002320,海峡股份,0.4,2228933187,2025-04-29
001358,兴欣新材,5.0,123200000,2025-04-28
300801,泰和科技,1.0,218430000,2025-04-29
002455,百川股份,0.6,594254592,2025-04-30
300047,天源迪科,0.15,637744672,2025-04-29
000895,双汇发展,7.5,3464661213,2025-04-30
003022,联泓新科,0.6,1335568000,2025-04-29
603162,海通发展,0.5,916347988,2025-04-28
920971,天马新材,2.0,106008002,2025-04-30
300824,北鼎股份,1.2,326341682,2025-04-29
920273,一致魔芋,5.0,73754000,2025-04-29
301066,万事利,1.1,188840162,2025-04-29
300304,云意电气,0.58,878143718,2025-04-28
002749,国光股份,3.0,468751200,2025-04-28
600711,盛屯矿业,1.0,3090611551,2025-04-28
603677,奇精机械,2.5,192600865,2025-04-28
300403,汉宇集团,0.5,603000000,2025-04-29
301280,珠城科技,12.0,97700100,2025-04-30
300562,乐心医疗,1.5,217466188,2025-04-29
002404,嘉欣丝绸,3.0,560051541,2025-04-30
002393,力生制药,3.5,257704999,2025-04-29
001299,美能能源,8.0,187579697,2025-04-29
688195,腾景科技,0.7,129350000,2025-04-29
002236,大华股份,4.58,3299077511,2025-04-30
300102,乾照光电,0.46,920333863,2025-04-30
002661,克明食品,3.0,333137742,2025-04-30
002807,江阴银行,2.0,2461392789,2025-04-30
300458,全志科技,2.5,633285080,2025-04-30
300896,爱美客,38.0,302592061,2025-04-30
002054,德美化工,0.7,482115452,2025-04-30
301016,雷尔伟,6.0,156000000,2025-04-30
003000,劲仔食品,3.0,450894159,2025-04-30
002967,广电计量,1.5,583245846,2025-04-29
301362,民爆光电,18.95,104670000,2025-04-29
300960,通业科技,4.5,102664395,2025-04-30
000048,京基智农,3.5,530282250,2025-04-30
002972,科安达,1.5,246008800,2025-04-29
002658,雪迪龙,2.5,635760924,2025-04-30
002233,塔牌集团,4.5,1192275016,2025-04-29
300476,胜宏科技,3.003304,862688641,2025-04-30
002467,二六三,0.1,1375371873,2025-04-30
300783,三只松鼠,1.25,401000000,2025-04-30
605368,蓝天燃气,4.5,714634844,2025-04-29
603223,恒通股份,0.5,714187046,2025-04-29
002469,三维化学,3.0,648862630,2025-04-30
000538,云南白药,11.85,1784262603,2025-04-30
688368,晶丰明源,5.0,87826470,2025-04-29
300441,鲍斯股份,3.0,644415868,2025-05-06
300926,博俊科技,1.499943,419432541,2025-04-30
002870,香山股份,1.0,132075636,2025-05-06
300373,扬杰科技,4.0,543347787,2025-04-30
688200,华峰测控,7.5,135439427,2025-04-30
300782,卓胜微,1.02,534547532,2025-05-06
600976,健民集团,9.0,153398600,2025-04-30
002185,华天科技,0.58,3204484648,2025-05-06
601658,邮储银行,1.139,99161076038,2025-04-30
601882,海天精工,3.6,522000000,2025-04-30
002876,三利谱,1.5,173884932,2025-05-06
300401,花园生物,1.14,543467322,2025-04-30
688123,聚辰股份,3.0,158115819,2025-04-30
300406,九强生物,4.0,588326594,2025-05-06
002515,金字火腿,0.3,1210614164,2025-05-08
300693,盛弘股份,5.0,312795823,2025-05-07
301004,嘉益股份,30.0,103869300,2025-05-07
002600,领益智造,0.2,7008177819,2025-05-07
603949,雪龙集团,1.0,211136680,2025-05-06
301113,雅艺科技,5.0,70000000,2025-05-06
920395,朗鸿科技,2.2,127554000,2025-05-08
002774,快意电梯,3.6,336687900,2025-05-07
300852,四会富仕,1.4,142450853,2025-05-08
688510,航亚科技,2.0,258382608,2025-05-06
688307,中润光学,3.5,88000000,2025-05-06
300969,恒帅股份,4.0,80000000,2025-05-07
001368,通达创智,1.5,114174600,2025-05-08
920879,基康技术,2.5,139497776,2025-05-09
603682,锦和商管,2.2,472500000,2025-05-07
000989,九芝堂,3.0,855942012,2025-05-08
920262,太湖雪,1.0,53164758,2025-05-09
300172,中电环保,0.5,676710000,2025-05-09
301059,金三江,1.7,231154000,2025-05-09
301192,泰祥股份,2.5,99900000,2025-05-09
600583,海油工程,2.01,4421354800,2025-05-08
601008,连云港,0.6,1240638006,2025-05-09
002561,徐家汇,0.6,415763000,2025-05-09
601528,瑞丰银行,2.0,1962161395,2025-05-09
002119,康强电子,0.3,375284000,2025-05-09
301003,江苏博云,15.0,99053333,2025-05-09
300864,南大环境,8.5,156488669,2025-05-09
600282,南钢股份,0.85,6165091011,2025-05-09
603565,中谷物流,7.9,2100063103,2025-05-08
300019,硅宝科技,3.0,393116700,2025-05-12
688433,华曙高科,0.49,414168800,2025-05-08
000960,锡业股份,1.9,1645801952,2025-05-12
300346,南大光电,1.0,575964086,2025-05-09
605299,舒华体育,2.0,411629449,2025-05-09
002947,恒铭达,6.0,256209336,2025-05-08
003018,金富科技,3.0,260000000,2025-05-09
601033,永兴股份,6.0,900000000,2025-05-08
000062,深圳华强,1.8,1045909322,2025-05-08
000708,中信特钢,5.072162,5047157211,2025-05-09
603132,金徽股份,2.2,978000000,2025-05-09
002906,华阳集团,4.8,524907041,2025-05-12
603209,兴通股份,2.0,280000000,2025-05-09
300620,光库科技,1.0,249180545,2025-05-12
603010,万盛股份,0.8,589578593,2025-05-09
601939,建设银行,2.06,250010977486,2025-05-09
001277,速达股份,4.06,76000000,2025-05-09
600235,民丰特纸,0.17,351300000,2025-05-09
300453,三鑫医疗,2.0,522397525,2025-05-12
600219,南山铝业,0.9,11613670848,2025-05-12
002909,集泰股份,1.0,390000000,2025-05-12
301121,紫建电子,2.0,70803184,2025-05-09
000034,神州数码,2.67,711260675,2025-05-12
603286,日盈电子,0.3,116591931,2025-05-09
603558,健盛集团,3.0,353183149,2025-05-09
002756,永兴材料,5.0,539101540,2025-05-09
688278,特宝生物,6.2,406800000,2025-05-09
600660,福耀玻璃,18.0,2609743532,2025-05-09
601236,红塔证券,1.03,4716787742,2025-05-12
603009,北特科技,0.85,338526168,2025-05-12
603088,宁波精达,2.9,437871840,2025-05-12
603166,福达股份,1.0,646208651,2025-05-12
002922,伊戈尔,3.0,392431791,2025-05-13
300857,协创数据,2.93,245255146,2025-05-12
300233,金城医药,1.5,383874587,2025-05-14
002635,安洁科技,2.0,659686776,2025-05-13
688314,康拓医疗,1.8,81239172,2025-05-13
600989,宝丰能源,4.099932,7333360000,2025-05-13
688721,龙图光罩,4.0,133500000,2025-05-13
600328,中盐化工,1.234,1471700357,2025-05-13
601127,赛力斯,9.7,1633366086,2025-05-13
300475,香农芯创,0.58,457565767,2025-05-14
920682,球冠电缆,2.0,270400000,2025-05-16
300711,广哈通信,2.0,249170606,2025-05-13
688131,皓元医药,1.5,210959781,2025-05-14
003008,开普检测,5.0,104000000,2025-05-14
300771,智莱科技,1.5,240000000,2025-05-14
002706,良信股份,2.2,1123125020,2025-05-13
920000,安徽凤凰,0.8,91680000,2025-05-15
688208,道通科技,5.0,451878674,2025-05-14
002262,恩华药业,3.6,1016176792,2025-05-14
920394,民士达,2.0,146250000,2025-05-16
002294,信立泰,5.0,1114816535,2025-05-14
002546,新联电子,1.2,834049096,2025-05-14
002690,美亚光电,7.0,882257450,2025-05-14
300092,科新机电,2.38,273923271,2025-05-14
300674,宇信科技,2.6,704057060,2025-05-13
002283,天润工业,2.0,1139457178,2025-05-15
002463,沪电股份,5.0,1923388552,2025-05-14
002662,峰璟股份,0.72,1500000000,2025-05-16
002194,武汉凡谷,0.7,683285806,2025-05-16
002945,华林证券,0.4,2700000000,2025-05-15
605066,天正电气,2.5,506617875,2025-05-15
603967,中创物流,6.0,346666710,2025-05-15
001288,运机集团,2.5,167829937,2025-05-16
000828,东莞控股,3.25,1039516992,2025-05-14
002653,海思科,1.35,1119917970,2025-05-15
002242,九阳股份,1.5,767017000,2025-05-15
300996,普联软件,1.5,202525749,2025-05-16
300611,美力科技,1.183089,211074680,2025-05-15
600066,宇通客车,10.0,2213939223,2025-05-14
002117,东港股份,2.1,523720955,2025-05-16
605338,巴比食品,8.0,239566662,2025-05-14
301153,中科江南,1.78505,352850580,2025-05-14
002860,星帅尔,1.0,363043478,2025-05-15
002139,拓邦股份,0.7,1246834988,2025-05-14
300057,万顺新材,0.1,889448197,2025-05-16
002430,杭氧股份,3.0,983890100,2025-05-15
002987,京北方,2.5,619776937,2025-05-16
000910,大亚圣象,1.9,547397500,2025-05-15
603767,中马传动,2.0,308631500,2025-05-16
300445,康斯特,0.9,212430013,2025-05-16
600577,精达股份,0.5,2149157866,2025-05-14
300908,仲景食品,8.0,146000000,2025-05-16
920060,万源通,5.0,152044663,2025-05-16
603165,荣晟环保,5.0,272612928,2025-05-15
000421,南京公用,0.6,576060994,2025-05-16
002381,双箭股份,2.0,411577356,2025-05-16
300335,迪森股份,1.0,477012388,2025-05-16
000933,神火股份,5.0,2249350569,2025-05-16
300100,双林股份,2.0,401724246,2025-05-15
600794,保税科技,0.3,1200152157,2025-05-16
600267,海正药业,2.1,1198848196,2025-05-16
601018,宁波港,1.08,19454388399,2025-05-16
300575,中旗股份,0.5,464756400,2025-05-16
301162,国能日新,4.7,100184714,2025-05-16
300984,金沃股份,1.5,88249002,2025-05-15
603855,华荣股份,10.0,337529000,2025-05-16
688586,江航装备,0.9,791339156,2025-05-16
002458,益生股份,1.0,1106412915,2025-05-15
600114,东睦股份,3.0,616383477,2025-05-15
600055,万东医疗,1.3,703061058,2025-05-16
002862,实丰文化,0.3,120000000,2025-05-16
300138,晨光生物,1.3,483100093,2025-05-16
920781,瑞奇智造,0.2,140515504,2025-05-19
600388,龙净环保,2.8,1270046293,2025-05-15
600997,开滦股份,2.6,1587799851,2025-05-15
300342,天银机电,0.65,425035113,2025-05-16
300595,欧普康视,2.24,896152386,2025-05-15
301290,东星医疗,6.0,100173334,2025-05-15
002990,盛视科技,2.1,261307388,2025-05-16
002695,煌上煌,1.1,559441921,2025-05-16
603090,宏盛股份,3.0,100000000,2025-05-16
002333,罗普斯金,0.1,674924800,2025-05-20
688657,浩辰软件,7.0,65514288,2025-05-16
002521,齐峰新材,3.0,560061050,2025-05-19
002839,张家港行,2.0,2444344974,2025-05-16
002064,华峰化学,1.5,4962543897,2025-05-16
301559,中集环科,4.4,600000000,2025-05-19
002772,众兴菌业,3.0,393241359,2025-05-19
688041,海光信息,1.7,2324338091,2025-05-16
603317,天味食品,5.5,1064996294,2025-05-16
603075,热威股份,7.0,402551538,2025-05-16
603267,鸿远电子,1.7,231080892,2025-05-16
688332,中科蓝讯,10.0,120305250,2025-05-16
002884,凌霄泵业,10.0,357682509,2025-05-19
002563,森马服饰,3.5,2694090160,2025-05-19
688228,开普云,1.51,67518240,2025-05-16
688403,汇成股份,0.95,837982631,2025-05-16
301097,天益医疗,5.0,58947368,2025-05-16
301077,星华新材,8.0,116224826,2025-05-19
300016,北陆药业,0.5,491946978,2025-05-19
688563,航材股份,3.02,450000000,2025-05-16
300990,同飞股份,3.0,169398880,2025-05-20
920082,方正阀门,2.5,145355000,2025-05-20
300517,海波重科,0.999955,200409437,2025-05-20
688106,金宏气体,1.0,481977391,2025-05-16
300014,亿纬锂能,5.0,2045721497,2025-05-19
300922,天秦装备,1.8,156811200,2025-05-20
603391,力聚热能,12.5,91000000,2025-05-19
688568,中科星图,1.3,543325930,2025-05-21
600299,安迪苏,1.2,2681901273,2025-05-20
603078,江化微,0.6,385637248,2025-05-19
300396,ST迪瑞,2.6,272700161,2025-05-20
600760,中航沈飞,2.6,2755699513,2025-05-21
300784,利安科技,2.0,56237600,2025-05-20
002083,孚日股份,1.5,946639012,2025-05-20
300383,光环新网,0.6,1797592847,2025-05-21
605155,西大门,2.5,191547440,2025-05-19
002245,蔚蓝锂芯,0.65,1152046537,2025-05-20
000975,山金国际,3.65,2776722265,2025-05-20
300073,当升科技,2.0,506500774,2025-05-20
300699,光威复材,5.0,831352000,2025-05-21
920946,森萱医药,1.4,426918340,2025-05-22
605589,圣泉集团,5.5,846455998,2025-05-19
301358,湖南裕能,1.57,757253070,2025-05-21
000922,佳电股份,1.11,695216654,2025-05-20
000713,国投丰乐,0.2,614014980,2025-05-20
301008,宏昌科技,1.0,113966394,2025-05-19
603063,禾望电气,1.2,453495990,2025-05-19
002273,水晶光电,2.0,1390632221,2025-05-20
001332,锡装股份,5.0,110000000,2025-05-20
301185,鸥玛软件,3.0,153417600,2025-05-21
301281,科源制药,2.0,108290000,2025-05-20
920808,曙光数创,0.62,200000001,2025-05-21
301038,深水规院,0.92,171600000,2025-05-19
920016,中草香料,0.7,76981929,2025-05-21
920001,纬达光电,1.0,153656204,2025-05-21
301179,泽宇智能,3.3,335482901,2025-05-21
002258,利尔化学,2.0,800437228,2025-05-21
000902,新洋丰,3.0,1254733168,2025-05-20
920599,同力股份,7.0,457525000,2025-05-20
002823,凯中精密,1.526725,328368949,2025-05-20
001367,海森药业,1.7,102653000,2025-05-20
300435,中泰股份,2.0,385713000,2025-05-20
300642,透景生命,1.5,163021941,2025-05-20
300160,秀强股份,1.0,772946292,2025-05-19
301237,和顺科技,1.0,80000000,2025-05-20
300727,润禾材料,3.0,138359503,2025-05-19
600858,银座股份,0.23,520066589,2025-05-19
002757,南兴股份,2.0,295455913,2025-05-20
301359,东南电子,5.0,85840000,2025-05-21
301613,新铝时代,10.0,95894165,2025-05-20
300972,万辰集团,4.0,179989761,2025-05-20
920950,迅安科技,4.5,61100000,2025-05-20
603899,晨光股份,10.0,923828420,2025-05-19
300440,运达科技,0.58,443918600,2025-05-20
301047,义翘神州,10.0,121636742,2025-05-20
002791,坚朗五金,2.0,353885013,2025-05-21
603518,锦泓集团,3.1,346685984,2025-05-20
002003,伟星股份,3.0,1168889653,2025-05-21
002815,崇达技术,1.2,1081251715,2025-05-22
300602,飞荣达,0.38,580006431,2025-05-20
603950,长源东谷,1.23,324130800,2025-05-22
600730,*ST高科,0.1,586656002,2025-05-21
920106,林泰新材,6.0,39877500,2025-05-21
300841,康华生物,10.0,132946899,2025-05-20
920871,派特尔,2.0,77259616,2025-05-23
301556,托普云农,5.865,85280000,2025-05-22
300905,宝丽迪,3.0,177897756,2025-05-22
920627,力王股份,1.2,94450000,2025-05-23
920504,博迅生物,0.5,43333100,2025-05-22
001301,尚太科技,8.0,260837350,2025-05-20
920422,润普食品,1.5,88482710,2025-05-23
000570,苏常柴A,0.1,705692507,2025-05-21
920445,龙竹科技,1.5,146930025,2025-05-21
600176,中国巨石,2.4,4003136728,2025-05-21
001217,华尔泰,1.0,331870000,2025-05-22
002555,三七互娱,3.7,2212237681,2025-05-21
301398,星源卓镁,3.75,80000000,2025-05-22
002787,华源控股,1.0,341526599,2025-05-21
002593,日上集团,0.5,803858029,2025-05-21
002415,海康威视,7.0,9233198326,2025-05-20
688611,杭州柯林,2.0,109564000,2025-05-20
300284,苏交科,0.7,1262827774,2025-05-21
001380,华纬科技,3.0,183009600,2025-05-20
300275,梅安森,0.3,305156308,2025-05-21
301138,华研精机,1.0,120000000,2025-05-21
688798,艾为电子,3.3,232669339,2025-05-20
301200,大族数控,4.0,420000000,2025-05-21
301600,慧翰股份,25.0,70150000,2025-05-21
300573,兴齐眼药,10.0,175249247,2025-05-22
002912,中新赛克,2.0,170752000,2025-05-22
300482,万孚生物,4.0,481424391,2025-05-20
603877,太平鸟,4.0,473825333,2025-05-20
920839,万通液压,5.0,119215000,2025-05-21
002001,新和成,5.0,3073421680,2025-05-21
603927,中科软,3.4,831040000,2025-05-20
301036,双乐股份,2.0,100000000,2025-05-22
600153,建发股份,3.0,2947095201,2025-05-21
300691,联合光电,0.8,269048766,2025-05-21
601969,海南矿业,0.8,1998792238,2025-05-20
301536,星宸科技,2.0,421060000,2025-05-21
920505,九菱科技,1.5,64867730,2025-05-23
301166,优宁维,2.3,86666668,2025-05-22
003020,立方制药,3.0,191260500,2025-05-22
300761,立华股份,5.0,827644501,2025-05-22
920509,同惠电子,2.5,161855696,2025-05-23
002532,天山铝业,2.0,4651885415,2025-05-22
600834,申通地铁,0.19,477381905,2025-05-22
002612,朗姿股份,4.0,442445375,2025-05-22
920892,广咨国际,6.0,154864867,2025-05-23
300203,聚光科技,2.5,448737600,2025-05-23
300823,建科智能,3.26,130982727,2025-05-22
000795,英洛华,1.24,1133684103,2025-05-22
300500,启迪设计,1.5,173974869,2025-05-23
002050,三花智控,2.5,3732389535,2025-05-22
002597,金禾实业,8.3,568319878,2025-05-22
000099,中信海直,1.25,775770137,2025-05-21
002353,杰瑞股份,6.9,1023855833,2025-05-23
300729,乐歌股份,3.0,341309251,2025-05-22
002254,泰和新材,0.5,862945783,2025-05-22
301148,嘉戎技术,3.9,116497080,2025-05-22
300863,卡倍亿,3.0,134951140,2025-05-22
600138,中青旅,0.7,723840000,2025-05-22
003012,东鹏控股,2.5,1156981158,2025-05-23
300634,彩讯股份,1.25,451210900,2025-05-22
605098,行动教育,7.5,119251100,2025-05-21
300017,网宿科技,2.5,2445732567,2025-05-23
300119,瑞普生物,3.0,465847906,2025-05-21
300654,世纪天鸿,0.55,366124852,2025-05-22
301622,英思特,1.2,115931880,2025-05-23
002709,天赐材料,1.0,1914344111,2025-05-22
603919,金徽酒,5.0,507259997,2025-05-22
002152,广电运通,2.0,2483382898,2025-05-22
300777,中简科技,2.206891,439707537,2025-05-21
002008,大族激光,3.5,1052193000,2025-05-21
600063,皖维高新,0.6,2104618229,2025-05-21
300910,瑞丰新材,12.0,295935278,2025-05-22
001322,箭牌家居,1.323715,968597250,2025-05-22
002632,道明光学,1.3,624599090,2025-05-22
603976,正川股份,2.46,151202102,2025-05-21
920870,恒进感应,1.1,134000000,2025-05-22
002533,金杯电工,2.5,733941062,2025-05-22
603259,药明康德,9.8169,2887992582,2025-05-21
920634,新威凌,1.0,63762046,2025-05-23
002390,信邦制药,0.3,1943851868,2025-05-21
300975,商络电子,0.12,687005604,2025-05-22
300936,中英科技,1.0,75200000,2025-05-23
300800,力合科技,1.6,236759000,2025-05-22
688230,芯导科技,8.0,117600000,2025-05-22
603025,大豪科技,3.5,1109174773,2025-05-23
300850,新强联,0.92,380791304,2025-05-23
603214,爱婴室,2.53,138540036,2025-05-23
301396,宏景科技,0.5,109655391,2025-05-23
002457,青龙管业,1.2,333486800,2025-05-23
301392,汇成真空,2.0,100000000,2025-05-23
301550,斯菱智驱,4.0,110000000,2025-05-23
603125,常青科技,1.5,279197500,2025-05-22
301608,博实结,3.3712,88990000,2025-05-23
300354,东华测试,1.77,138320201,2025-05-23
002566,益盛药业,1.0,330951600,2025-05-22
301598,博科测试,13.0,58897223,2025-05-22
603057,紫燕食品,5.2,414260500,2025-05-22
603239,浙江仙通,2.1,270720000,2025-05-23
688668,鼎通科技,5.0,138729646,2025-05-23
301589,诺瓦星云,6.5,92448000,2025-05-23
300306,远方信息,3.2,268958778,2025-05-23
301229,纽泰格,1.78,114394536,2025-05-26
300860,锋尚文化,2.1,190931343,2025-05-23
300951,博硕科技,6.0,169474272,2025-05-23
920662,方盛股份,1.72,87550002,2025-05-23
920225,利通科技,2.0,126918894,2025-05-28
301319,唯特偶,7.998339,85045650,2025-05-22
301095,广立微,2.5,200281088,2025-05-23
301591,肯特股份,3.2,84120000,2025-05-23
002963,豪尔赛,2.0,150359930,2025-05-22
301012,扬电科技,1.42,142490190,2025-05-23
301393,昊帆生物,2.65,108000000,2025-05-22
601019,山东出版,3.1,2086900000,2025-05-22
301128,强瑞技术,6.0,73886622,2025-05-23
300986,志特新材,1.0,262210017,2025-05-23
300170,汉得信息,0.48,984845711,2025-05-23
001225,和泰机电,12.22,64666800,2025-05-22
300950,德固特,2.0,150480000,2025-05-23
301317,鑫磊股份,3.0,157190000,2025-05-23
688676,金盘科技,5.06,459286072,2025-05-23
300105,龙源技术,1.0,515814420,2025-05-23
002206,海利得,1.8,1162207220,2025-05-23
300232,洲明科技,2.4,1091107141,2025-05-22
300009,安科生物,1.5,1672521258,2025-05-23
600096,云天化,14.0,1834328747,2025-05-22
600702,舍得酒业,4.3,333122441,2025-05-23
300037,新宙邦,4.0,753883470,2025-05-23
002299,圣农发展,2.0,1243400295,2025-05-23
002012,凯恩股份,0.04,467625470,2025-05-26
605128,上海沿浦,3.88,142113178,2025-05-22
600284,浦东建设,1.0,970256000,2025-05-23
600971,恒源煤电,2.7,1200004884,2025-05-23
688570,天玛智控,3.3,433000000,2025-05-26
600183,生益科技,6.0,2429360530,2025-05-23
002033,丽江股份,3.5,549490711,2025-05-23
300181,佐力药业,6.0,701387335,2025-05-26
603444,吉比特,35.0,72041101,2025-05-26
601126,四方股份,7.2,833268000,2025-05-22
300320,海达股份,0.2,601234191,2025-05-23
600995,南网储能,0.6655,3196005805,2025-05-22
002803,吉宏股份,1.58,384769288,2025-05-22
603897,长城科技,15.0,206435681,2025-05-23
002817,黄山胶囊,0.38,299098170,2025-05-22
002683,广东宏大,4.5,760002247,2025-05-26
603093,南华期货,0.76,610065893,2025-05-23
000739,普洛药业,3.560569,1169323576,2025-05-22
688585,上纬新材,0.31,403361728,2025-05-23
002419,天虹股份,0.6,1168847750,2025-05-23
002367,康力电梯,3.0,798786187,2025-05-23
300529,健帆生物,8.0,798605275,2025-05-26
301211,亨迪药业,2.5,288000000,2025-05-26
301446,福事特,1.0,104000000,2025-05-26
300296,利亚德,1.0,2711977222,2025-05-26
000977,浪潮信息,1.15,1472135122,2025-05-23
603036,如通股份,2.0,206006025,2025-05-23
688293,奥浦迈,2.0,113548754,2025-05-23
300851,交大思诺,4.3,86933400,2025-05-26
688389,普门科技,2.82,428485730,2025-05-23
001337,四川黄金,2.5,420000000,2025-05-26
300923,研奥股份,4.5,78600000,2025-05-26
300522,世名科技,0.4,322451507,2025-05-23
002135,东南网架,0.7,1115517130,2025-05-23
300409,道氏技术,1.8,782248953,2025-05-23
600598,北大荒,5.5,1777679909,2025-05-23
600987,航民股份,3.0,1020818873,2025-05-23
002988,豪美新材,1.6,253017256,2025-05-26
301567,贝隆精密,1.8,72000000,2025-05-26
301101,明月镜片,5.0,201512100,2025-05-23
603886,元祖股份,10.0,240000000,2025-05-23
002558,巨人网络,1.4,1934750611,2025-05-26
603637,镇海股份,2.0,238685877,2025-05-23
688708,佳驰科技,1.0,400010000,2025-05-23
600469,风神股份,0.4,729450871,2025-05-23
603577,汇金通,0.868,339139100,2025-05-23
301023,奕帆传动,6.0,55962250,2025-05-23
688545,兴福电子,2.0,360000000,2025-05-23
688279,峰岹科技,7.8,92363380,2025-05-23
301369,联动科技,2.6,70478768,2025-05-27
300882,万胜智能,0.5,286201188,2025-05-27
300819,聚杰微纤,3.0,149205000,2025-05-27
300360,炬华科技,4.0,514187126,2025-05-26
300791,仙乐健康,6.5,237274117,2025-05-27
300187,永清环保,0.9,645622165,2025-05-27
603019,中科曙光,2.7,1463203784,2025-05-23
920261,一诺威,3.0,291132748,2025-05-26
300703,创源股份,1.5,180391840,2025-05-26
301365,矩阵股份,3.5,180000000,2025-05-26
301220,亚香股份,2.0,80800000,2025-05-26
920454,同心传动,1.6,105100000,2025-05-27
301035,润丰股份,4.1,280770974,2025-05-26
920522,纳科诺尔,3.0,111964800,2025-05-28
301617,博苑新材,3.0,102800000,2025-05-26
301116,益客食品,0.7,448979593,2025-05-27
301187,欧圣电气,2.5,182607661,2025-05-23
600873,梅花生物,4.2597,2852788750,2025-05-23
300263,隆华科技,0.499999,904460201,2025-05-27
300701,森霸传感,1.0,282735119,2025-05-26
300474,景嘉微,0.6,522619223,2025-05-26
600276,恒瑞医药,2.0,6379002274,2025-05-23
300498,温氏股份,2.0,6653926313,2025-05-26
002032,苏泊尔,28.1,801359733,2025-05-27
301175,中科环保,1.35,1471880000,2025-05-23
300070,碧水源,0.04,3624209363,2025-05-27
301015,百洋医药,7.619998,525619398,2025-05-27
920992,中科美菱,0.8,96730934,2025-05-26
920252,天宏锂电,0.3,102650665,2025-05-27
920593,鼎智科技,2.0,134461709,2025-05-27
603727,博迈科,2.5,281719277,2025-05-23
301181,标榜股份,5.0,115540973,2025-05-26
300967,晓鸣股份,2.0,187568380,2025-05-27
603658,安图生物,12.6,571424768,2025-05-26
920866,绿亨科技,1.5,180205900,2025-05-27
002677,浙江美大,3.0,646051647,2025-05-28
300286,安科瑞,3.009051,250784655,2025-05-27
603929,亚翔集成,10.0,213360000,2025-05-26
601799,星宇股份,13.0,285679419,2025-05-28
600325,华发股份,1.04,2752152116,2025-05-26
603062,麦加芯彩,10.8,108000000,2025-05-26
000055,方大集团,0.5,1073874227,2025-05-28
605168,三人行,7.2,210816986,2025-05-26
301118,恒光股份,1.25,110400000,2025-05-26
002492,恒基达鑫,0.2,405000000,2025-05-27
002276,万马股份,0.5,1014289836,2025-05-27
600499,科达制造,2.0,1917856391,2025-05-26
000058,深赛格,0.125,1231200672,2025-05-27
605118,力鼎光电,3.1,410684000,2025-05-28
688155,先惠技术,3.0,125050244,2025-05-26
300917,特发服务,2.5,169000000,2025-05-27
301252,同星科技,2.5,116000000,2025-05-27
001258,立新能源,0.17,933333334,2025-05-28
002108,沧州明珠,1.0,1665394648,2025-05-27
605100,华丰股份,2.0,171132000,2025-05-26
300930,屹通新材,1.0,100000000,2025-05-27
920533,骏创科技,2.0,100582560,2025-05-28
603588,高能环境,0.7,1523234457,2025-05-26
301377,鼎泰高科,2.8,410000000,2025-05-27
300837,浙矿股份,3.0,100001528,2025-05-28
301552,科力装备,10.0,68000000,2025-05-27
002836,新宏泽,2.5,230400000,2025-05-27
300859,西域旅游,3.0,155000000,2025-05-27
002969,嘉美包装,0.1,955451290,2025-05-27
000672,上峰材料,6.3,969395450,2025-05-27
002394,联发股份,1.0,323700000,2025-05-26
920075,柏星龙,4.69,64815000,2025-05-27
920556,雅达股份,1.0,161315200,2025-05-28
301120,新特电气,0.3,371441055,2025-05-27
002296,辉煌科技,2.0,389580420,2025-05-27
002293,罗莱生活,4.0,834092481,2025-05-26
300916,朗特智能,4.0,144644007,2025-05-26
002443,金洲管道,2.0,520535520,2025-05-28
301314,科瑞思,2.0,55250000,2025-05-28
301238,瑞泰新材,1.0,733333300,2025-05-28
300349,金卡智能,5.0,418337213,2025-05-26
301157,华塑科技,2.0,60000000,2025-05-28
002112,三变科技,0.7,262080000,2025-05-27
301535,浙江华远,1.18,425294118,2025-05-27
003030,祖名股份,1.5,124780000,2025-05-26
300687,赛意信息,0.7,410183049,2025-05-27
301202,朗威股份,3.0,136400000,2025-05-27
300872,天阳科技,0.5,459895640,2025-05-27
002518,科士达,2.3,582225094,2025-05-27
001259,利仁科技,1.6,73588888,2025-05-26
920926,鸿智科技,4.0,60521738,2025-05-28
001268,联合精密,4.5,107933334,2025-05-27
920415,恒拓开源,0.35,140511487,2025-05-27
002384,东山精密,0.7,1705913710,2025-05-27
920580,科创新材,0.7,86000000,2025-05-27
301007,德迈仕,1.5,153340000,2025-05-28
301295,美硕科技,2.4,100800000,2025-05-27
300035,中科电气,2.5,685426671,2025-05-27
301469,恒达新材,3.5,89480000,2025-05-26
301581,黄山谷捷,7.0,80000000,2025-05-28
300651,金陵体育,1.499989,128752738,2025-05-28
300979,华利集团,23.0,1167000000,2025-05-26
301505,苏州规划,2.213836,88000000,2025-05-27
002416,爱施德,5.0,1239281806,2025-05-28
001339,智微智能,0.8,250429670,2025-05-27
600433,冠豪高新,0.6,1750279233,2025-05-26
301061,匠心家居,5.0,167370613,2025-05-26
301577,美信科技,3.0,44260000,2025-05-26
300400,劲拓股份,4.0,242625800,2025-05-27
300115,长盈精密,1.3,1356056507,2025-05-27
300502,新易盛,4.5,708806652,2025-05-28
920427,华维设计,1.45,103095000,2025-05-28
300669,沪宁股份,1.0,192705526,2025-05-28
301371,敷尔佳,10.0,400080000,2025-05-27
002402,和而泰,1.0,925080285,2025-05-26
002582,好想你,10.0,451954369,2025-05-26
300724,捷佳伟创,12.0,347713586,2025-05-27
301509,金凯生科,4.0,120446669,2025-05-28
920029,开发科技,15.0,138886667,2025-05-28
300231,银信科技,1.0,444272198,2025-05-27
300576,容大感光,0.9,304755788,2025-05-27
300756,金马游乐,0.5,157598176,2025-05-27
300206,理邦仪器,2.07,579663346,2025-05-27
300845,捷安高科,3.5,145892868,2025-05-28
301606,绿联科技,6.0,414909806,2025-05-27
001223,欧克科技,1.5,66680000,2025-05-26
300645,正元智慧,0.2,142086670,2025-05-28
300705,九典制药,3.129649,496198771,2025-05-26
301486,致尚科技,4.0,128680995,2025-05-28
920541,铁大科技,1.5,136700000,2025-05-28
601069,西部黄金,0.5,917681436,2025-05-27
002703,浙江世宝,0.6,822632384,2025-05-27
000612,焦作万方,1.3,1192199394,2025-05-27
600038,中直股份,2.04,819893213,2025-05-28
301611,珂玛科技,1.0,436000000,2025-05-27
603001,奥康国际,1.5,400980000,2025-05-26
600103,青山纸业,0.12,2253255047,2025-05-26
002213,大为股份,0.21,237321380,2025-05-27
300534,陇神戎发,0.2,303345000,2025-05-28
000025,特力A,1.0,431058320,2025-05-28
605580,恒盛能源,2.5,280000000,2025-05-28
002479,富春环保,1.5,865000000,2025-05-27
600929,雪天盐业,0.87,1640711650,2025-05-28
603320,迪贝电气,1.4,149146203,2025-05-26
920066,科拜尔,1.0,44895233,2025-05-30
688615,合合信息,20.0,100000000,2025-05-26
300678,中科信息,0.5,296386293,2025-05-28
688569,铁科轨道,3.5,210666700,2025-05-27
920418,苏轴股份,3.5,135408000,2025-05-27
603689,皖天然气,3.5,490193073,2025-05-28
300653,正海生物,4.6,180000000,2025-05-27
301158,德石股份,1.9,150370510,2025-05-28
603129,春风动力,38.5,152577663,2025-05-27
688726,拉普拉斯,3.7,405326189,2025-05-26
300965,恒宇信通,3.5,60000000,2025-05-28
920357,雅葆轩,5.0,80080000,2025-05-29
301219,腾远钴业,5.0,294717182,2025-05-28
002125,湘潭电化,1.6,629481713,2025-05-28
920304,迪尔化工,2.0,162288000,2025-05-28
002801,微光股份,3.5,229632000,2025-05-28
920685,新芝生物,1.8,91515941,2025-05-29
920419,路斯股份,1.0,103306400,2025-05-29
002043,兔宝宝,3.2,832058923,2025-05-29
301551,无线传媒,3.0,400010000,2025-05-29
300421,力星股份,1.2,294030484,2025-05-28
301287,康力源,5.0,66670000,2025-05-28
300142,沃森生物,0.1,1599348541,2025-05-28
920690,捷众科技,4.0,66300000,2025-05-29
002971,和远气体,1.0,211235000,2025-05-27
002478,常宝股份,2.2,900986228,2025-05-28
300942,易瑞生物,0.174399,401317553,2025-05-28
603043,广州酒家,4.8,568770805,2025-05-27
301322,绿通科技,3.0,142458008,2025-05-29
301331,恩威医药,1.8,102891887,2025-05-28
300039,上海凯宝,1.0,1046000000,2025-05-29
002372,伟星新材,5.0,1592037988,2025-05-28
300763,锦浪科技,2.0,399333395,2025-05-28
300590,移为通信,2.2,459880712,2025-05-29
301312,智立方,4.0,87195490,2025-05-29
002436,兴森科技,0.3,1689600801,2025-05-28
301479,弘景光电,15.0,63546667,2025-05-28
920212,智新电子,0.6,106100000,2025-05-29
002223,鱼跃医疗,4.0,1002476929,2025-05-27
603183,建研院,0.25,497153251,2025-05-27
600761,安徽合力,6.0,890692761,2025-05-28
300596,利安隆,3.7,229619667,2025-05-28
000970,中科三环,0.2,1215725773,2025-05-28
300389,艾比森,1.5,369100317,2025-05-28
301459,丰茂股份,5.0,80000000,2025-05-29
600982,宁波能源,1.5,1117627485,2025-05-27
300007,汉威科技,0.4,327445619,2025-05-28
002811,郑中设计,2.0,307970005,2025-05-27
301538,骏鼎达,6.0,56000000,2025-05-27
300505,川金诺,3.0,274867523,2025-05-29
603130,云中马,1.0,137514200,2025-05-27
002493,荣盛石化,1.0,10125525000,2025-05-28
300848,美瑞新材,0.7,427887627,2025-05-29
600963,岳阳林纸,0.3014,1757567854,2025-05-27
688518,联赢激光,1.5,341325095,2025-05-28
000913,钱江摩托,4.0,526611000,2025-05-29
002758,浙农股份,3.0,521399299,2025-05-27
000026,飞亚达,4.0,405764007,2025-05-28
300617,安靠智电,2.4,167360156,2025-05-29
300774,倍杰特,2.0,408763660,2025-05-29
002953,日丰股份,1.0,456888849,2025-05-28
301210,金杨精密,1.5,82456356,2025-05-28
301339,通行宝,3.2,414523800,2025-05-27
300649,杭州园林,0.5,132416609,2025-05-28
920123,芭薇股份,3.0,85800000,2025-05-28
301233,盛帮股份,5.16,51470000,2025-05-28
002623,亚玛顿,5.0,199062500,2025-05-28
300836,佰奥智能,3.0,64032436,2025-05-28
301251,威尔高,1.34,134621760,2025-05-28
600425,青松建化,1.0,1604703707,2025-05-28
920275,驱动力,0.6,159377600,2025-05-29
002615,哈尔斯,1.5,466267732,2025-05-28
600353,旭光电子,0.6,829976239,2025-05-27
300519,新光药业,3.0,160000000,2025-05-28
300549,优德精密,0.5,133340000,2025-05-29
301328,维峰电子,3.0,109893594,2025-05-29
002859,洁美科技,1.2,430912747,2025-05-29
920491,奥迪威,3.0,141143180,2025-05-29
603889,新澳股份,3.0,730490943,2025-05-28
300684,中石科技,6.5,299509223,2025-05-28
001360,南矿集团,1.5,204000000,2025-05-28
000582,北部湾港,0.469999,2326137868,2025-05-28
603213,镇洋发展,2.65,434805755,2025-05-28
300012,华测检测,1.0,1682828214,2025-05-28
301568,思泰克,5.6,103258400,2025-05-28
603466,风语筑,2.0,594785851,2025-05-27
002675,东诚药业,0.3,824595705,2025-05-27
003005,竞业达,3.2,165277637,2025-05-27
920478,峆一药业,4.0,56220500,2025-05-29
301263,泰恩康,2.0,425497500,2025-05-27
603383,顶点软件,6.0,205386979,2025-05-28
300915,海融科技,4.0,90000000,2025-05-27
603303,得邦照明,7.4,476944575,2025-05-27
300183,东软载波,1.0,462609137,2025-05-29
300399,天利科技,0.5,197600000,2025-05-28
002452,长高电气,0.8,620332085,2025-05-28
002053,云南能投,3.3,920729464,2025-05-29
002332,仙琚制药,3.0,989204866,2025-05-28
001298,好上好,0.6,204714480,2025-05-28
300877,金春股份,1.0,120000000,2025-05-29
301367,瑞迈特,4.0,89600000,2025-05-28
300616,尚品宅配,9.0,224515980,2025-05-28
688175,高凌信息,1.0,129317000,2025-05-27
920299,灿能电力,1.1,90109276,2025-05-30
300832,新产业,13.0,785718785,2025-05-28
301068,大地海洋,3.0,108919888,2025-05-28
002243,力合科创,0.7,1210604219,2025-05-28
301078,孩子王,0.5,1261773066,2025-05-28
002949,华阳国际,3.5,196042743,2025-05-29
603698,航天工程,1.08,535990000,2025-05-29
002997,瑞鹄模具,3.0,209321325,2025-05-28
301111,粤万年青,0.5,160000000,2025-05-27
301045,天禄科技,0.5,110318358,2025-05-29
300463,迈克生物,1.04,612469590,2025-05-28
920735,德源药业,4.6,78210660,2025-05-29
300508,维宏股份,1.88,109836120,2025-05-28
600681,百川能源,1.45,1340854810,2025-05-27
300813,泰林生物,1.0,121199219,2025-05-28
920278,鹿得医疗,1.0,176000000,2025-05-29
300787,海能实业,2.0,261193957,2025-05-28
301270,汉仪股份,1.02,100000000,2025-05-28
002041,登海种业,0.29,880000000,2025-05-29
688550,瑞联新材,5.9,172107058,2025-05-27
300194,福安药业,0.5,1189712382,2025-05-28
000900,现代投资,1.5,1517828334,2025-05-29
300151,昌红科技,0.75,532508697,2025-05-29
002697,红旗连锁,1.15,1360000000,2025-05-28
301234,五洲医疗,3.0,68000000,2025-05-29
300755,华致酒行,0.93,416798400,2025-05-28
002965,祥鑫科技,5.35,204138738,2025-05-29
301117,佳缘科技,0.2,92263300,2025-05-27
300898,熊猫乳品,6.0,124000000,2025-05-28
300978,东箭科技,3.0,422702739,2025-05-27
300557,理工光科,2.0,93035959,2025-05-29
301628,强达电路,4.0,75375800,2025-05-29
002154,报喜鸟,0.5,1459333729,2025-05-28
003011,海象新材,3.0,102676000,2025-05-28
301439,泓淋电力,2.0,389101809,2025-05-29
002534,西子洁能,2.0,739206633,2025-05-29
920651,天罡股份,7.0,61000000,2025-05-30
000715,中兴商业,1.0,415718940,2025-05-29
301279,金道科技,2.6,100000000,2025-05-29
000049,德赛电池,3.3,384638534,2025-05-28
301448,开创电气,2.1,104000000,2025-05-29
600980,北矿科技,1.0,189263526,2025-05-29
002782,可立克,1.5,492809413,2025-05-28
600830,香溢融通,0.15,454322747,2025-05-29
300847,中船汉光,1.36,296010000,2025-05-30
300795,米奥会展,3.5,230726057,2025-05-28
300878,维康药业,1.4,144790322,2025-05-29
600021,上海电力,2.8,2816743645,2025-05-30
603618,杭电股份,0.6,691375616,2025-05-28
000690,宝新能源,1.5,2175887862,2025-05-29
002317,众生药业,2.0,851556477,2025-05-29
002763,汇洁股份,1.5,409924000,2025-05-29
003021,兆威机电,2.85,240203500,2025-05-29
300957,贝泰妮,6.0,423600000,2025-05-30
300633,开立医疗,1.0,432712405,2025-05-29
300496,中科创达,0.58,460012019,2025-05-29
002019,亿帆医药,1.0,1216390085,2025-05-29
301130,西点药业,2.6,76494685,2025-05-29
002700,万憬能源,0.66,413628185,2025-05-30
301043,绿岛风,8.8,68000000,2025-05-29
002649,博彦科技,1.71,585344532,2025-05-29
688479,友车科技,5.0,144317400,2025-05-29
605389,长龄液压,3.0,144087070,2025-05-28
300919,中伟新材,3.6,937089814,2025-05-29
688475,萤石网络,3.5,787500000,2025-05-28
300760,迈瑞医疗,5.6,1212441394,2025-05-29
300751,迈为股份,6.0,279405006,2025-05-28
603279,景津装备,4.0,576457000,2025-05-28
000153,丰原药业,1.0,464773722,2025-05-30
002897,意华股份,1.0,194049696,2025-05-29
920367,新赣江,1.0,70861250,2025-05-30
300938,信测标准,4.0,164424555,2025-05-29
920132,泰鹏智能,0.9,82824000,2025-05-29
002150,正泰电源,1.0,363234553,2025-05-30
920726,朱老六,0.2,101790000,2025-05-30
002730,电光科技,1.3,362079880,2025-05-30
920058,华洋赛车,5.95,56087050,2025-05-29
003002,壶化股份,1.5,200000000,2025-05-30
002020,京新药业,3.5,861029140,2025-05-29
301218,华是科技,0.25,114040000,2025-05-29
301603,乔锋智能,1.0,120760000,2025-05-29
002550,千红制药,1.2,1279800000,2025-05-29
603344,星德胜,3.1,194530980,2025-05-28
300891,惠云钛业,0.1,400007920,2025-05-29
002556,辉隆股份,2.0,946518080,2025-05-29
002606,大连电瓷,0.2,439073220,2025-05-28
301336,趣睡科技,2.26,40000000,2025-05-29
300196,长海股份,2.0,408716549,2025-05-29
300107,建新股份,0.16,562584868,2025-05-29
002871,伟隆股份,3.5,219335578,2025-05-29
002275,桂林三金,3.5,587568600,2025-05-30
605305,中际联合,4.5,212520000,2025-05-29
300316,晶盛机电,4.0,1309533797,2025-05-28
000045,深纺织A,0.71,506521849,2025-05-28
300753,爱朋医疗,0.65,126048000,2025-05-29
003040,楚天龙,0.3,461135972,2025-05-29
002572,索菲亚,10.0,963047164,2025-05-29
001326,联域股份,2.8,73200000,2025-05-28
002996,顺博合金,0.5,669436581,2025-05-29
920523,德瑞锂电,3.0,101301369,2025-05-30
300133,华策影视,0.13,1901073701,2025-05-29
300200,高盟新材,1.5,430973206,2025-05-29
002734,利民股份,2.5,421239571,2025-05-28
301300,远翔新材,4.0,64540000,2025-05-29
301585,蓝宇股份,4.0,80000000,2025-05-28
300694,蠡湖股份,0.8,215316977,2025-05-29
003028,振邦智能,4.5,111307554,2025-05-29
603725,天安新材,1.0,304857680,2025-05-28
301188,力诺药包,1.0,233612755,2025-05-29
603298,杭叉集团,5.0,1309812049,2025-05-28
300735,光弘科技,2.5,767460689,2025-05-29
002636,金安国纪,0.85,728000000,2025-05-29
000878,云南铜业,2.4,2003628310,2025-05-30
688543,国科军工,9.0,175701557,2025-05-29
301399,英特科技,3.0,127600000,2025-05-29
601619,嘉泽新能,1.0,2434362939,2025-05-29
000811,冰轮环境,1.5,763567804,2025-05-29
301345,涛涛车业,15.0,108631741,2025-05-29
002335,科华数据,1.0,515414041,2025-05-30
920526,凯华材料,1.0,82700000,2025-05-30
301373,凌玮科技,5.0,108472091,2025-05-29
300390,天华新能,6.0,830750788,2025-05-30
601158,重庆水务,1.31,4800000000,2025-05-30
603678,火炬电子,0.6,475566631,2025-05-29
300582,英飞特,0.38,298536488,2025-05-29
301235,华康洁净,0.5,105600000,2025-05-29
300743,天地数码,5.0,151240499,2025-05-29
301413,安培龙,3.0,98401985,2025-05-29
002900,哈三联,2.0,316357550,2025-05-29
600699,均胜电子,2.6,1408701543,2025-05-28
301533,威马农机,4.0,98306700,2025-05-30
603496,恒为科技,0.2,320209243,2025-05-28
002916,深南电路,15.0,512877535,2025-05-29
688679,通源环境,0.5,131689675,2025-05-29
300870,欧陆通,5.93,106562465,2025-05-28
920237,力佳科技,3.0,66456000,2025-05-30
301283,聚胶股份,5.0,80417822,2025-05-29
301276,嘉曼服饰,7.2,108000000,2025-05-29
002322,理工能科,3.8,379147970,2025-05-30
300294,博雅生物,1.6,504248738,2025-05-28
002838,道恩股份,0.65,478398402,2025-05-29
300559,佳发教育,1.5,399514567,2025-05-30
603909,建发合诚,1.2,260673140,2025-05-29
301167,建研设计,0.6,112000000,2025-05-29
301020,密封科技,1.6,146400000,2025-05-29
300395,菲利华,1.3,522267673,2025-05-30
301419,阿莱德,5.0,100000000,2025-05-30
920062,科润智控,0.3,186586277,2025-05-30
002676,顺威股份,0.1,720000000,2025-05-29
300447,全信股份,0.5,312310375,2025-05-30
301266,宇邦新材,0.999998,109878593,2025-05-30
300941,创识科技,1.2,204750000,2025-05-30
002376,新北洋,2.0,810562541,2025-05-30
301122,采纳股份,2.5,122245658,2025-05-30
301151,冠龙节能,2.1,170333910,2025-05-30
300818,耐普矿机,0.7,168772604,2025-05-30
920433,大唐药业,0.6,255919681,2025-05-30
000032,深桑达A,1.2,1137959234,2025-05-30
002952,亚世光电,0.5,164340000,2025-05-30
301316,慧博云通,0.8,404000000,2025-05-30
002396,星网锐捷,2.5,588609418,2025-05-30
301087,可孚医疗,12.0,209092000,2025-05-30
603926,铁流股份,2.6,235102531,2025-05-29
688205,德科立,3.0,120892825,2025-05-29
002277,友阿股份,0.05,1394172800,2025-05-30
002907,华森制药,0.5,417596314,2025-05-30
688281,华秦科技,5.2,194693339,2025-05-30
002655,共达电声,0.3,360000000,2025-05-30
002937,兴瑞科技,3.0,297777393,2025-05-29
300722,新余国科,1.8,276756480,2025-05-30
301370,国科恒泰,0.84,470600000,2025-05-29
002531,天顺风能,0.2,1796878658,2025-05-30
002614,奥佳华,1.0,623476857,2025-05-29
301458,钧崴电子,1.98,266666700,2025-05-30
603600,永艺股份,3.0,331213170,2025-05-30
002979,雷赛智能,3.2,307640847,2025-05-29
300171,东富龙,0.76,765828040,2025-05-30
001324,长青科技,0.727514,138000000,2025-05-30
300725,药石科技,2.799995,199729969,2025-05-30
301052,果麦文化,0.53,98959339,2025-05-29
002864,盘龙药业,2.5,106280960,2025-05-29
603080,新疆火炬,5.6,141500000,2025-05-29
002886,沃特股份,0.42,263203565,2025-05-30
002861,瀛通通讯,1.0,186283962,2025-05-30
603076,乐惠国际,4.0,120701344,2025-05-29
603309,维力医疗,5.0,292868018,2025-05-29
301033,迈普医学,6.0,66519431,2025-05-30
002845,同兴达,0.404043,327551705,2025-05-30
301512,智信精密,3.75,53333400,2025-05-30
002484,江海股份,2.6,850523941,2025-05-30
688198,佰仁医疗,8.0,137395148,2025-05-29
002837,英维克,2.0,745137405,2025-05-30
603992,松霖科技,2.6,432895283,2025-05-30
600300,维维股份,1.28,1617142180,2025-05-29
002881,美格智能,1.3,261801844,2025-05-30
300272,开能健康,0.4,577217911,2025-05-30
300925,法本信息,0.65,428708945,2025-05-30
301269,华大九天,1.5,542941768,2025-05-30
600582,天地科技,3.17,4138588892,2025-05-30
920476,海能技术,1.5,85179800,2025-05-30
300765,石药创新,0.2,1404592944,2025-05-29
601339,百隆东方,2.6,1499569000,2025-05-30
002080,中材科技,2.25,1678123584,2025-05-30
301031,中熔电气,6.5,66277427,2025-05-30
301216,万凯新材,1.5,515221699,2025-05-30
920245,威博液压,1.5,49695000,2025-05-30
688393,安必平,1.0,93567699,2025-05-29
300943,春晖智控,1.2,203820000,2025-05-30
688799,华纳药厂,6.0,93800000,2025-05-29
001212,中旗新材,1.0,128459054,2025-05-29
301557,常友科技,11.0,44307871,2025-05-30
301272,英华特,6.0,58502300,2025-05-30
002982,湘佳股份,1.0,145138508,2025-05-30
002540,亚太科技,2.0,1251610597,2025-05-29
688109,品茗科技,3.8,78842300,2025-05-30
603610,麒盛科技,1.0,358489251,2025-05-30
301548,崇德科技,2.3,87000000,2025-05-30
300481,濮阳惠成,2.0,291855438,2025-05-30
301566,达利凯普,0.6,400010000,2025-05-30
000686,东北证券,0.7,2340452915,2025-05-30
300179,四方达,2.0,485908830,2025-05-29
002850,科达利,20.0,273504701,2025-05-30
605090,九丰能源,8.2868,651580787,2025-06-03
603606,东方电缆,4.5,687715368,2025-05-29
603171,税友股份,2.0,406763250,2025-05-29
001256,炜冈科技,2.0,142612558,2025-05-29
603368,柳药集团,7.51,398863861,2025-05-29
301629,矽电股份,9.58,41727274,2025-05-30
688300,联瑞新材,5.0,185745531,2025-05-29
301106,骏成科技,4.0,101621335,2025-05-29
301618,长联科技,3.3,64439900,2025-05-30
920640,富士达,1.0,187728000,2025-06-03
300939,秋田微,4.0,120000000,2025-05-29
002410,广联达,1.5,1651944342,2025-05-29
688558,国盛智科,6.0,132000000,2025-05-29
688035,德邦科技,2.5,142240000,2025-05-29
300629,新劲刚,1.0,251423424,2025-05-30
688656,浩欧博,3.0,63058328,2025-05-29
002993,奥海科技,9.0,276040000,2025-05-29
001206,依依股份,3.7,184893808,2025-05-29
301205,联特科技,2.0,129744000,2025-05-30
688578,艾力斯,4.0,450000000,2025-06-03
002060,广东建工,1.4,3754393242,2025-05-29
301529,福赛科技,3.0,84837210,2025-05-30
300224,正海磁材,2.0,837714453,2025-05-30
300869,康泰医学,2.5,401802977,2025-05-30
301318,维海德,3.75,135130876,2025-06-03
002609,捷顺科技,0.7,645356761,2025-05-30
001267,汇绿生态,0.5,784164678,2025-05-30
688508,芯朋微,4.0,131310346,2025-05-29
605007,五洲特纸,2.5,476900681,2025-05-29
300099,尤洛卡,1.77,737265255,2025-05-29
002409,雅克科技,2.6,475927678,2025-05-30
300952,恒辉安防,1.501365,158626738,2025-05-30
603360,百傲化学,6.0,504445467,2025-05-29
688151,华强科技,0.434,344500000,2025-05-29
300660,江苏雷利,3.2,319383249,2025-05-30
688335,复洁科技,2.0,148034592,2025-05-29
300041,回天新材,1.5,559434092,2025-05-30
002056,横店东磁,4.5219,1626712074,2025-05-30
301018,申菱环境,1.6,266052564,2025-05-30
001255,博菲电气,0.4,80000000,2025-05-29
300879,大叶股份,0.21,202398833,2025-05-30
002465,海格通信,0.6,2481833948,2025-05-30
600273,嘉化能源,2.0,1391045207,2025-05-29
300525,博思软件,1.2,758210292,2025-05-30
001260,坤泰股份,1.26,115000000,2025-05-30
300739,明阳电路,1.3,343963739,2025-05-30
601000,唐山港,2.0,5925928614,2025-05-30
688008,澜起科技,3.9,1144789273,2025-05-30
001208,华菱线缆,0.62,534424000,2025-05-30
000750,国海证券,0.3,6386174477,2025-05-30
688257,新锐股份,3.0,180953562,2025-05-30
002901,大博医疗,5.0,414019506,2025-05-30
601360,三六零,1.0,6999557879,2025-05-30
600330,天通股份,0.22,1233434416,2025-05-30
603182,嘉华股份,1.0,164550000,2025-05-30
001389,广合科技,4.8,425235000,2025-05-30
003015,日久光电,2.0,281066667,2025-05-30
002421,达实智能,0.05,2120581639,2025-06-03
603860,中公高科,1.673,66680000,2025-05-30
688800,瑞可达,3.5,158419873,2025-05-30
688118,普元信息,1.5,91817613,2025-05-30
002127,南极电商,0.4,2454870403,2025-05-30
688160,步科股份,3.0,84000000,2025-05-30
301320,豪江智能,1.0,181200000,2025-06-03
605319,无锡振华,3.9,250061583,2025-06-03
002522,浙江众成,0.25,905779387,2025-05-30
688401,路维光电,3.0,193333720,2025-05-30
605011,杭州热电,1.6,400100000,2025-05-30
002177,御银股份,0.01,761191294,2025-05-30
688777,中控技术,7.1,790591256,2025-05-30
600097,开创国际,0.8,240936559,2025-05-30
600269,赣粤高速,1.7,2335407014,2025-05-30
002599,盛通股份,0.2,537586717,2025-05-30
603160,汇顶科技,3.94,462026431,2025-05-30
603082,北自科技,5.8,162227543,2025-05-30
002889,东方嘉盛,0.75,269762480,2025-05-30
603739,蔚蓝生物,1.0,253028866,2025-05-30
600351,亚宝药业,3.0,700000046,2025-05-30
002559,亚威股份,0.75,549765024,2025-05-30
603948,建业股份,10.0,162489167,2025-05-30
002885,京泉华,0.22,271906715,2025-05-30
002919,名臣健康,0.5,266526066,2025-05-30
002831,裕同科技,6.040863,930513553,2025-05-30
300888,稳健医疗,2.5,582329808,2025-05-30
301327,华宝新能,11.5,124800000,2025-05-30
603737,三棵树,3.2,527012481,2025-05-30
688150,莱特光电,1.3,402437585,2025-05-30
603988,中电电机,0.4,235200000,2025-05-30
688766,普冉股份,4.3,105609735,2025-05-30
603105,芯能科技,2.0,500006441,2025-05-30
300953,震裕科技,2.1,124669387,2025-06-03
301103,何氏眼科,1.5,158026471,2025-06-03
300685,艾德生物,3.0,391536144,2025-06-03
920802,保丽洁,1.6,63083300,2025-06-04
002923,润都股份,1.5,334893286,2025-05-30
300959,线上线下,3.3,80367800,2025-06-03
920547,无锡晶海,2.0,77688000,2025-06-04
300577,开润股份,1.91,239792667,2025-05-30
688190,云路股份,6.3,120000000,2025-06-03
300871,回盛生物,1.064176,202332557,2025-06-04
300679,电连技术,4.746608,423784700,2025-06-03
603012,创力集团,1.0,650472000,2025-05-30
002215,诺普信,3.5,1005191310,2025-05-30
920753,天纺标,3.08,81404368,2025-06-04
920185,贝特瑞,4.0,1127338649,2025-06-03
603136,天目湖,2.35,270126710,2025-05-30
920943,优机股份,2.5,101521378,2025-06-04
300829,金丹科技,0.5,192416681,2025-06-03
301330,熵基科技,5.0,196312325,2025-06-04
603193,润本股份,2.3,404593314,2025-05-30
600309,万华化学,7.3,3139746626,2025-05-30
920046,亿能电力,0.8,101150000,2025-06-04
603656,泰禾智能,0.5,183375358,2025-06-04
920339,恒太照明,1.0,220203800,2025-06-05
301528,多浦乐,1.62,61900000,2025-06-04
300911,亿田智能,10.0,139130271,2025-06-03
605488,福莱新材,1.5,201645186,2025-05-30
300218,安利股份,2.5,216987000,2025-06-04
300235,方直科技,0.45,251746635,2025-06-03
300628,亿联网络,13.0,1263815202,2025-05-30
300387,富邦科技,0.7,289057018,2025-05-30
300737,科顺股份,3.0,1109968359,2025-06-04
300793,佳禾智能,1.2,380525392,2025-06-03
601579,会稽山,4.0,479463409,2025-05-30
000423,东阿阿胶,12.729896,643976824,2025-06-05
300253,卫宁健康,0.15,2212596884,2025-06-04
002727,一心堂,3.0,585604125,2025-06-04
600787,中储股份,0.7,2174952580,2025-06-05
603061,金海通,1.7,60000000,2025-06-03
000403,派林生物,3.5,731074913,2025-06-04
300720,海川智能,1.5,194877256,2025-06-04
002605,姚记科技,5.0,416338668,2025-06-05
920527,夜光明,1.5,60042700,2025-06-05
300718,长盛轴承,2.35,298779030,2025-06-04
603058,永吉股份,1.15,419894039,2025-06-03
603713,密尔克卫,7.1,158162931,2025-06-05
603106,恒银科技,0.3,520520000,2025-06-03
603022,新通联,0.78,200000000,2025-06-03
001379,腾达科技,1.0,200000000,2025-06-03
300820,英杰电气,4.0,221618988,2025-06-04
300995,奇德新材,1.5,84160000,2025-06-04
603920,世运电路,6.0,720546867,2025-06-04
603238,诺邦股份,3.0,177509000,2025-06-03
600059,古越龙山,0.8,911542413,2025-06-05
603611,诺力股份,8.97,257600791,2025-06-03
300982,苏文电能,5.0,206965146,2025-06-05
301208,中亦科技,2.0,120000060,2025-06-05
600955,维远股份,0.3,550000000,2025-06-03
600156,华升股份,0.1,402110702,2025-06-05
688370,丛麟科技,3.6,137107879,2025-06-04
603216,梦天家居,2.0,222690000,2025-06-03
002970,锐明技术,7.0,178404741,2025-06-04
920371,欧福蛋业,1.0,205445536,2025-06-04
603650,彤程新材,5.0,598971930,2025-06-03
300234,开尔新材,0.14,503171090,2025-06-05
300881,盛德鑫泰,10.0,110000000,2025-06-04
920570,坤博精工,1.0,45608929,2025-06-04
920247,华密新材,1.44,121187820,2025-06-04
300662,科锐国际,1.6,196806359,2025-06-04
002507,涪陵榨菜,4.2,1153919028,2025-06-04
002873,新天药业,0.6,244103806,2025-06-03
601956,东贝集团,1.0,621782040,2025-06-03
688678,福立旺,1.0,259268836,2025-06-03
300468,四方精创,1.0,530649275,2025-06-04
920221,易实精密,4.0,96700000,2025-06-06
601137,博威合金,5.0097,811115403,2025-06-03
600105,永鼎股份,0.5,1461994802,2025-06-04
688285,高铁电气,0.12,376289913,2025-06-04
603170,宝立食品,2.5,400010000,2025-06-03
300615,欣天科技,0.5,193469200,2025-06-04
002568,百润股份,3.0,1049368955,2025-06-05
301028,鼎熔岩,1.0,381774116,2025-06-05
000848,承德露露,3.0,1052554074,2025-06-04
301165,锐捷网络,6.06,568181818,2025-06-04
920834,三维装备,1.8,120000005,2025-06-05
300866,安克创新,15.0,531538199,2025-06-04
688489,三未信安,1.13,114768476,2025-06-03
300005,探路者,0.12,883702186,2025-06-05
688239,航宇科技,2.2,147793515,2025-06-03
002891,中宠股份,1.5,302085932,2025-06-03
301226,祥明智能,1.0,108800000,2025-06-04
300932,三友联众,2.18,228645713,2025-06-04
300655,晶瑞电材,0.45,1059571989,2025-06-04
300545,联得装备,2.0,180051003,2025-06-04
301379,天山电子,4.0,141876000,2025-06-05
603015,弘讯科技,0.5,404219000,2025-06-04
002508,老板电器,5.0,944938916,2025-06-04
300856,科思股份,3.0,339776466,2025-06-04
300561,汇金科技,0.35,328107975,2025-06-03
300547,川环科技,2.77,216906174,2025-06-05
002148,北纬科技,0.16,558477330,2025-06-04
003017,大洋生物,3.0,84000000,2025-06-04
300207,欣旺达,1.5,1845806346,2025-06-04
301026,浩通科技,4.0,113333334,2025-06-04
301489,思泉新材,2.5,57681334,2025-06-04
603070,万控智造,0.8,401000000,2025-06-05
605056,咸亨国际,3.6,410367240,2025-06-04
603156,养元饮品,13.6,1260277566,2025-06-06
002587,奥拓电子,0.2,651544156,2025-06-05
605298,必得科技,1.5,187850000,2025-06-04
920821,则成电子,1.0,98829928,2025-06-06
301363,美好医疗,1.0,406660000,2025-06-05
920703,广厦环能,4.0,107660000,2025-06-06
603096,新经典,8.0,154234624,2025-06-05
605286,同力天启,1.2,168000000,2025-06-04
603227,雪峰科技,2.0,1071692689,2025-06-05
600546,山煤国际,6.9,1982456140,2025-06-04
002978,安宁股份,5.0,471989958,2025-06-04
688015,交控科技,2.3,188680742,2025-06-04
300641,正丹股份,3.0,532682322,2025-06-05
002961,瑞达期货,2.0,445035622,2025-06-05
301053,远信工业,2.974062,82465493,2025-06-05
605377,华旺科技,4.5,463891890,2025-06-04
300968,格林精密,0.5,413380000,2025-06-06
688018,乐鑫科技,6.0,112200431,2025-06-04
002073,软控股份,1.0,1019631531,2025-06-06
002495,佳隆股份,0.08,935625600,2025-06-05
002100,天康生物,2.2,1365251515,2025-06-05
301386,未来电器,5.0,140000000,2025-06-06
002908,德生科技,0.5,431432088,2025-06-05
000544,中原环保,2.6,974684488,2025-06-05
300351,永贵电器,0.6,387874197,2025-06-04
688163,赛伦生物,2.0,108220000,2025-06-05
920227,美登科技,10.0,38941500,2025-06-06
002345,潮宏基,2.5,888512707,2025-06-05
300621,维业股份,0.1,208056700,2025-06-06
300443,金雷股份,0.7,320134598,2025-06-05
688522,纳睿雷达,1.0,216533520,2025-06-06
603236,移远通信,4.2,261657654,2025-06-04
002241,歌尔股份,1.5,3491495775,2025-06-05
300673,佩蒂股份,3.5,248828092,2025-06-04
603987,康德莱,1.5,436790880,2025-06-06
601702,华峰铝业,3.0,998530600,2025-06-06
300388,节能国祯,1.3,681042231,2025-06-06
002274,华昌化工,3.0,952364646,2025-06-06
301498,乖宝宠物,2.5,400044500,2025-06-06
603107,上海汽配,3.0,337335000,2025-06-04
000088,盐田港,1.3,5199483346,2025-06-05
600449,宁夏建材,2.1,478181042,2025-06-04
920402,硅烷科技,0.2,422060067,2025-06-09
300601,康泰生物,0.9,1116927887,2025-06-06
603066,音飞储存,0.52,294180074,2025-06-04
000906,浙商中拓,2.0,708561679,2025-06-05
002489,浙江永强,0.4,2169016313,2025-06-06
002773,康弘药业,6.0,921123104,2025-06-06
300412,迦南科技,0.6,497756637,2025-06-05
300066,三川智慧,0.3,1040033262,2025-06-06
300546,雄帝科技,0.45,186632691,2025-06-05
603730,岱美股份,3.5,1652756450,2025-06-04
300682,朗新科技,2.5,1080247336,2025-06-06
603908,牧高笛,6.5,93366000,2025-06-06
000963,华东医药,5.8,1754077048,2025-06-05
002588,史丹利,2.6,1151891980,2025-06-05
000563,陕国投A,0.5,5113970358,2025-06-04
603586,金麒麟,4.0,196052780,2025-06-06
300095,华伍股份,1.0,420090164,2025-06-05
301195,北路智控,6.5,132069840,2025-06-06
000411,英特集团,3.832206,521892509,2025-06-05
603885,吉祥航空,1.0,2199005268,2025-06-04
300695,兆丰股份,2.1,70929872,2025-06-06
002010,传化智联,1.0,2787970508,2025-06-06
300892,品渥食品,1.0,100000000,2025-06-05
002517,恺英网络,1.0,2136443234,2025-06-06
301338,凯格精机,2.0,106400000,2025-06-06
920242,建邦科技,2.0,65838250,2025-06-09
603353,和顺石油,1.0,173394000,2025-06-06
601002,晋亿实业,1.0,954440720,2025-06-05
301303,真兰仪表,2.5,408800000,2025-06-06
300815,玉禾田,3.75,398592000,2025-06-06
300773,拉卡拉,2.0,788082500,2025-06-06
688105,诺唯赞,1.5,397734544,2025-06-05
601128,常熟银行,2.5,3014986454,2025-06-05
301488,豪恩汽电,5.0,92000000,2025-06-06
000791,甘肃能源,1.8,3243839742,2025-06-04
001308,康冠科技,1.8,700610130,2025-06-06
603530,神马电力,4.6,432263327,2025-06-04
002968,新大正,1.85,226277783,2025-06-06
300712,永福股份,0.5,187546035,2025-06-05
300192,科德教育,1.0,329143329,2025-06-05
605318,法狮龙,3.0,125729028,2025-06-04
688063,派能科技,4.5,245359249,2025-06-05
605188,国光连锁,0.1,495580000,2025-06-04
603029,天鹅股份,1.72,121342000,2025-06-04
600551,时代出版,3.0,678055239,2025-06-04
605378,野马电池,5.0,186676000,2025-06-04
002935,天奥电子,0.5,426522467,2025-06-06
301503,智迪科技,6.5,80000000,2025-06-05
603155,新亚强,4.0,315786800,2025-06-06
920110,雷特科技,10.0,39000000,2025-06-06
300432,富临精工,1.0,1221257316,2025-06-04
603269,海鸥股份,3.0,220536977,2025-06-04
603722,阿科力,1.0,95700121,2025-06-04
002966,苏州银行,2.0,4470662011,2025-06-05
603685,晨丰科技,0.08,169007951,2025-06-04
920392,佳合科技,1.0,58700000,2025-06-06
603013,亚普股份,3.5,512599264,2025-06-05
300785,值得买,1.5,198855243,2025-06-06
300731,科创新源,0.8,126431804,2025-06-05
920765,美之高,2.8,69613044,2025-06-09
603719,良品铺子,2.49,401000000,2025-06-04
688183,生益电子,2.5,831821175,2025-06-04
300854,中兰环保,1.2,101043500,2025-06-05
688682,霍莱沃,2.0,72742068,2025-06-05
920030,德众汽车,0.167748,178839681,2025-06-06
002724,海洋王,0.5,771497994,2025-06-04
300906,日月明,5.0,80000000,2025-06-05
688113,联测科技,1.81,64397559,2025-06-05
603390,通达电气,0.4,351671984,2025-06-04
688305,科德数控,2.45,102235906,2025-06-04
920122,中纺标,1.626155,92242108,2025-06-09
301665,泰禾股份,4.0,450000000,2025-06-09
688179,阿拉丁,1.0,277385506,2025-06-05
002378,章源钨业,0.72,1201417666,2025-06-06
300455,航天智装,0.15,717767936,2025-06-06
002980,华盛昌,7.3,135237400,2025-06-09
603876,鼎胜新材,0.6,930957413,2025-06-05
300830,金现代,0.239998,430128079,2025-06-09
920396,常辅股份,2.5,59980280,2025-06-11
603289,泰瑞机器,1.5,293366727,2025-06-05
002962,五方光电,2.0,291665352,2025-06-06
300976,达瑞电子,3.0,95377100,2025-06-06
301206,三元生物,10.0,202325700,2025-06-06
688636,智明达,1.42,112561524,2025-06-05
002081,金螳螂,1.0,2655323689,2025-06-06
600177,雅戈尔,2.0,4623441902,2025-06-06
301607,富特科技,0.18,111014571,2025-06-06
300993,玉马科技,1.0,308131200,2025-06-06
300770,新媒股份,7.6,229130909,2025-06-06
603192,汇得科技,3.75,141153667,2025-06-05
603995,甬金股份,5.0,365617196,2025-06-05
300652,雷迪克,1.5,102608133,2025-06-05
300822,贝仕达克,1.0,311536200,2025-06-06
002209,达意隆,0.52,199029050,2025-06-06
301501,恒鑫生活,5.0,102000000,2025-06-06
688036,传音控股,15.0,1140350575,2025-06-05
603291,联合水务,1.5,423220604,2025-06-06
603312,西典新能,7.7,161600000,2025-06-05
001287,中电港,1.12,759900097,2025-06-09
603071,物产环能,6.0,557954442,2025-06-06
603955,大千生态,0.5,135720000,2025-06-06
001205,盛航股份,1.2,188003136,2025-06-06
300378,鼎捷数智,0.3,271392830,2025-06-06
002483,润邦股份,3.0,886468413,2025-06-06
301499,维科精密,0.72,138254866,2025-06-09
603296,华勤技术,9.0,1015890620,2025-06-06
300213,佳讯飞鸿,0.5,594364660,2025-06-06
601368,绿城水务,0.3,882973077,2025-06-06
002792,通宇通讯,0.25,522433405,2025-06-06
603288,海天味业,8.6,5560600544,2025-06-05
603696,安记食品,0.9,235200000,2025-06-05
301353,普莱得,5.0,76000000,2025-06-06
601860,紫金银行,0.5,3660984783,2025-06-06
600845,宝信软件,6.0,2883803858,2025-06-06
002882,金龙羽,3.0,432900000,2025-06-06
002232,启明信息,0.1,408548455,2025-06-09
301428,世纪恒通,1.0,98666667,2025-06-06
300709,精研科技,1.1,186076681,2025-06-06
688589,力合微,3.0,121177380,2025-06-06
300046,台基股份,0.8,236531371,2025-06-06
601133,柏诚股份,1.6,527216860,2025-06-06
002688,金河生物,1.0,771634398,2025-06-06
600458,时代新材,2.16,824448152,2025-06-05
603766,隆鑫通用,4.0,2053541850,2025-06-05
688507,索辰科技,1.83,89108784,2025-06-05
603006,联明股份,3.8,254254250,2025-06-06
688517,金冠电气,5.5,136613184,2025-06-05
920429,康比特,2.5,124500000,2025-06-10
300394,天孚通信,5.0,555297065,2025-06-09
300821,东岳硅材,0.15,1200000000,2025-06-06
301050,雷电微力,2.05,244791768,2025-06-06
300507,苏奥传感,0.596928,800646907,2025-06-06
301209,联合化学,2.0,80000000,2025-06-06
300124,汇川技术,4.1,2695296963,2025-06-06
002403,爱仕达,0.18,340638579,2025-06-05
300980,祥源新材,1.8,138356888,2025-06-09
603707,健友股份,1.0,1615634969,2025-06-05
603097,江苏华辰,2.0,164435000,2025-06-06
300228,富瑞特装,0.8,585861549,2025-06-06
002062,宏润建设,1.0,1237270889,2025-06-05
603215,比依股份,3.0,188508399,2025-06-05
920230,欧康医药,1.0,77267304,2025-06-09
920190,雷神科技,1.2,100000001,2025-06-06
600613,神奇制药,1.5,534071628,2025-06-05
600160,巨化股份,2.3,2699746081,2025-06-06
002349,精华制药,0.78506,829674908,2025-06-06
301081,严牌股份,3.0,219121887,2025-06-06
002061,浙江交科,1.25,2670551430,2025-06-05
003010,若羽臣,5.0,164030506,2025-06-09
002468,申通快递,0.67,1530802166,2025-06-05
688077,大地熊,2.0,114478504,2025-06-05
603089,正裕工业,1.0,226849703,2025-06-05
601666,平煤股份,6.0,2475151360,2025-06-09
601020,华钰矿业,0.4,819964698,2025-06-05
002182,宝武镁业,0.5,991791553,2025-06-06
920857,泓禧科技,1.0,74007152,2025-06-09
688318,财富趋势,5.0,182942480,2025-06-06
300707,威唐工业,0.3,177002221,2025-06-09
920706,铁拓机械,2.0,92405245,2025-06-06
301286,侨源股份,0.8,400100000,2025-06-09
300348,长亮科技,0.07,812261787,2025-06-06
301366,一博科技,4.0,150000001,2025-06-06
301626,苏州天脉,5.6,115680000,2025-06-05
603786,科博达,6.5,403859300,2025-06-06
002887,绿茵生态,2.5,305986700,2025-06-06
603285,键邦股份,2.0,160000000,2025-06-05
688203,海正生材,0.6005,202678068,2025-06-06
600633,浙数文化,1.6,1268074472,2025-06-06
603896,寿仙谷,2.7,198243911,2025-06-06
300702,天宇股份,0.5,347977159,2025-06-06
601811,新华文轩,4.1,1233841000,2025-06-06
920656,海昇药业,2.5,80000000,2025-06-09
300768,迪普科技,0.8,643829039,2025-06-06
300792,壹网壹创,1.0,236942730,2025-06-06
002095,生意宝,0.5,252720000,2025-06-06
301223,中荣股份,3.5,193127560,2025-06-05
688786,悦安新材,2.5,119833336,2025-06-06
002161,远望谷,0.15,739757400,2025-06-06
603237,五芳斋,5.0,198273527,2025-06-06
920061,西磁科技,1.42,70790000,2025-06-09
000999,华润三九,3.2,1284298685,2025-06-06
301199,迈赫股份,1.0,133340000,2025-06-05
301107,瑜欣电子,7.0,73400000,2025-06-06
600694,大商股份,10.0,316152571,2025-06-10
600805,悦达投资,0.5,850894494,2025-06-06
300127,银河磁体,3.5,323146360,2025-06-10
002338,奥普光电,0.6,240000000,2025-06-09
003007,直真科技,0.6487,104000000,2025-06-06
603823,百合花,1.5,416367704,2025-06-09
603329,上海雅仕,0.3,158756195,2025-06-06
300893,松原安全,2.0,226358507,2025-06-06
600941,中国移动,22.916,21606238818,2025-06-06
688379,华光新材,2.77,90085520,2025-06-06
301001,凯淳股份,3.75,80000000,2025-06-10
688395,正弦电气,1.5,86597720,2025-06-06
601231,环旭电子,2.3,2196252041,2025-06-06
002643,万润股份,1.0,929969005,2025-06-06
300285,国瓷材料,1.5,997048299,2025-06-09
301222,浙江恒威,3.0,101333400,2025-06-09
601089,福元医药,5.0,480000000,2025-06-06
300543,朗科智能,1.0,306371334,2025-06-06
688115,思林杰,2.2,66670000,2025-06-09
600526,菲达环保,1.0,889703140,2025-06-09
603308,应流股份,0.7,679036441,2025-06-06
605365,立达信,4.2,502012876,2025-06-06
688767,博拓生物,10.0,106666667,2025-06-06
300885,海昌新材,1.209,248151800,2025-06-10
002830,名雕股份,2.5,133340000,2025-06-06
300415,伊之密,5.0,468562084,2025-06-06
002624,完美世界,2.3,1939968404,2025-06-09
688083,中望软件,5.0,121303799,2025-06-06
688191,智洋创新,5.0,155470047,2025-06-06
600570,恒生电子,1.0,1891767477,2025-06-06
300920,润阳科技,1.0,100000000,2025-06-09
300643,万通智控,1.6,230739261,2025-06-09
605138,盛泰集团,0.55,555563735,2025-06-06
001266,宏英智能,3.015197,103169760,2025-06-06
603912,佳力图,0.8,541817870,2025-06-09
600389,江山股份,1.0,430650000,2025-06-06
688139,海尔生物,4.7,317952508,2025-06-06
601997,贵阳银行,2.9,3656198076,2025-06-06
688112,鼎阳科技,5.1,159200019,2025-06-06
002903,宇环数控,0.8,155805000,2025-06-09
605339,南侨食品,1.7,424290616,2025-06-10
603520,司太立,1.0,438409881,2025-06-06
600887,伊利股份,12.2,6325360667,2025-06-06
688334,西高院,1.4,316579466,2025-06-06
601096,宏盛华源,0.162,2675155088,2025-06-06
601216,君正集团,1.5,8438017390,2025-06-06
301360,荣旗科技,3.5,53340000,2025-06-06
603583,捷昌驱动,3.0,383456555,2025-06-06
301168,通灵股份,0.62,120000000,2025-06-10
605099,共创草坪,6.4,401642000,2025-06-06
600865,百大集团,1.8,376240316,2025-06-06
688661,和林微纳,0.8,116836789,2025-06-06
603657,春光科技,0.35,136449325,2025-06-06
001210,金房能源,1.0,130677230,2025-06-09
603568,伟明环保,4.8,1704648119,2025-06-06
688005,容百科技,3.7,714725470,2025-06-06
603486,科沃斯,4.5,575295565,2025-06-06
605180,华生科技,1.3,169000000,2025-06-09
603277,银都股份,5.0,424663500,2025-06-06
300748,金力永磁,1.2,1372131923,2025-06-09
920799,艾融软件,1.5,209780050,2025-06-09
002960,青鸟智控,2.0,724434540,2025-06-09
301060,兰卫医学,2.0,400517000,2025-06-09
603337,杰克科技,5.0,479741591,2025-06-06
688677,海泰新光,6.0,119877000,2025-06-06
601566,九牧王,3.0,574637150,2025-06-09
603529,爱玛科技,5.92,861716052,2025-06-06
920729,永顺生物,1.3,273350000,2025-06-11
002158,汉钟精机,5.8,534724139,2025-06-06
688698,伟创电气,2.7,211375274,2025-06-06
603039,泛微网络,0.75,260603073,2025-06-06
688695,中创股份,1.4,85051378,2025-06-06
603369,今世缘,12.0,1246800037,2025-06-06
603095,越剑智能,8.0,184800000,2025-06-06
002204,大连重工,0.5,1931370032,2025-06-06
002328,新朋股份,1.16,771770000,2025-06-10
688097,博众精工,1.42,446647765,2025-06-06
600507,方大特钢,0.33,2313187890,2025-06-06
603638,艾迪精密,0.5,831088376,2025-06-06
603868,飞科电器,5.0,435600000,2025-06-06
688016,心脉医疗,3.5,123262117,2025-06-06
688386,泛亚微透,1.0,70000000,2025-06-09
300971,博亚精工,2.5,84000000,2025-06-09
688533,上声电子,4.5,162847152,2025-06-09
603787,新日股份,1.0,230143790,2025-06-06
300584,海辰药业,1.0,120000000,2025-06-09
603380,易德龙,10.0,160441200,2025-06-06
300817,双飞集团,2.0,218298240,2025-06-06
600530,交大昂立,0.118,774920000,2025-06-09
001311,多利科技,6.7,238853334,2025-06-10
688233,神工股份,0.75,170305736,2025-06-06
920675,秉扬科技,2.0,172164000,2025-06-10
301631,壹连科技,12.0,65296129,2025-06-10
300855,图南股份,1.5,395531500,2025-06-06
603551,奥普科技,5.5,390268000,2025-06-09
688612,威迈斯,3.59,420957142,2025-06-09
600215,派斯林,0.15,462995380,2025-06-09
301079,邵阳液压,0.2,109338159,2025-06-10
000990,诚志股份,0.5,1215237535,2025-06-09
688577,浙海德曼,6.0,79485521,2025-06-09
603790,雅运股份,1.2,191360000,2025-06-09
603511,爱慕股份,4.0,406555912,2025-06-09
603917,合力科技,1.5,203840000,2025-06-09
688551,科威尔,4.0,84070709,2025-06-09
688188,柏楚电子,21.6,205993742,2025-06-09
603195,公牛集团,24.0,1292158890,2025-06-09
603590,康辰药业,6.0,159356477,2025-06-09
603385,惠达卫浴,1.1,380664968,2025-06-09
301110,青木科技,4.0,92535333,2025-06-09
601121,宝地矿业,0.375,800000000,2025-06-09
300570,太辰光,8.0,227126867,2025-06-10
002224,三力士,0.3,902116324,2025-06-10
301580,爱迪特,6.5,76117527,2025-06-10
920239,长虹能源,5.0,130053003,2025-06-12
920642,通易航天,0.5,103670278,2025-06-12
002166,莱茵生物,1.0,741623525,2025-06-09
603350,安乃达,4.0,116415000,2025-06-09
603041,美思德,1.2,183147692,2025-06-09
603998,方盛制药,2.0,439081360,2025-06-09
920169,七丰精工,1.0,81745390,2025-06-12
600372,中航机载,0.7,4838896630,2025-06-11
301083,百胜智能,1.2,177866667,2025-06-10
688291,金橙子,0.65,102666700,2025-06-09
002327,富安娜,6.2,838245539,2025-06-10
000559,万向钱潮,1.8,3303791344,2025-06-10
688073,毕得医药,9.0,90882948,2025-06-09
601058,赛轮轮胎,2.3,3288100259,2025-06-11
301662,宏工科技,10.0,80000000,2025-06-10
003025,思进智能,2.2,236627965,2025-06-10
301301,川宁生物,2.696458,2230085000,2025-06-10
301039,中集车辆,2.8,1874124420,2025-06-11
301135,瑞德智能,3.0,101952000,2025-06-10
688768,容知日新,4.3,87427353,2025-06-09
688625,呈和科技,2.5,135327698,2025-06-09
300015,爱尔眼科,1.600278,9325396670,2025-06-11
300516,久之洋,0.69,180000000,2025-06-10
002648,卫星化学,5.0,3368645690,2025-06-09
603655,朗博科技,1.0,106000000,2025-06-11
688502,茂莱光学,2.1,52800000,2025-06-11
301155,海力风电,0.9,217391478,2025-06-10
300606,金太阳,1.2,140117000,2025-06-10
300802,矩子科技,1.6,289295555,2025-06-11
600854,春兰股份,1.2,519458538,2025-06-10
301508,中机认检,2.11,226085200,2025-06-11
605033,美邦股份,1.0,135200000,2025-06-11
688689,银河微电,2.3,128903167,2025-06-10
688315,诺禾致源,0.5,416200000,2025-06-10
600527,江南高纤,0.5,1731760902,2025-06-10
300880,迦南智能,4.5,195137280,2025-06-11
002375,亚厦股份,0.7,1339996498,2025-06-12
002733,雄韬股份,1.0,384214913,2025-06-11
000505,京粮控股,0.18,726950251,2025-06-11
300632,光莆股份,1.0,305181620,2025-06-10
002303,美盈森,1.31,1531323685,2025-06-11
002432,九安医疗,2.0,474281172,2025-06-11
300838,浙江力诺,1.5,137978000,2025-06-11
300277,汽轮科技,0.2,335000000,2025-06-11
688516,奥特维,16.0,315637856,2025-06-10
301256,华融化学,1.2,480000000,2025-06-12
603499,翔港科技,2.0,216138850,2025-06-11
603607,京华激光,5.0,178516800,2025-06-10
603228,景旺电子,8.0,934950516,2025-06-11
920039,国义招标,2.0,153820000,2025-06-12
603799,华友钴业,5.0,1701547958,2025-06-11
601555,东吴证券,2.37,4968702837,2025-06-11
600031,三一重工,3.6,8474978037,2025-06-11
601963,重庆银行,2.48,3474580853,2025-06-10
603040,新坐标,6.0,136517896,2025-06-12
601116,三江购物,2.0,547678400,2025-06-10
301315,威士顿,4.0,88000000,2025-06-11
605001,威奥股份,1.0,392886000,2025-06-12
301539,宏鑫科技,1.0,148000000,2025-06-10
002216,三全食品,3.0,879184048,2025-06-11
601728,中国电信,0.927,91507138699,2025-06-11
002284,亚太股份,0.5,739100348,2025-06-11
605123,派克新材,2.58,121170892,2025-06-10
002429,兆驰股份,1.07,4526940607,2025-06-11
002249,大洋电机,1.3,2441257838,2025-06-11
300230,永利股份,0.65,813213441,2025-06-11
688601,力芯微,4.0,133692700,2025-06-10
002442,龙星科技,1.2,503303081,2025-06-10
300509,新美星,1.5,296400000,2025-06-12
002324,普利特,0.5,1112336248,2025-06-10
688232,新点软件,3.6,330000000,2025-06-10
002867,周大生,6.5,1095926265,2025-06-11
603569,长久物流,0.5,603507251,2025-06-11
600710,苏美达,3.69,1306749434,2025-06-11
002126,银轮股份,1.2,834797184,2025-06-10
920267,鑫汇科,2.0,49982941,2025-06-13
920976,视声智能,5.0,70953400,2025-06-12
002705,新宝股份,4.5,811875780,2025-06-11
603533,掌阅科技,1.0,438896835,2025-06-10
688013,天臣医疗,5.0,81155600,2025-06-11
601808,中海油服,2.306,4771592000,2025-06-11
603609,禾丰股份,0.58,912480728,2025-06-10
002237,恒邦股份,1.409999,1148073454,2025-06-12
603207,小方制药,15.0,160559967,2025-06-10
300833,浩洋股份,13.0,126490500,2025-06-11
601010,ST文峰,0.85,1848000000,2025-06-10
603197,保隆科技,5.1,214482121,2025-06-11
688127,蓝特光学,2.0,403192400,2025-06-10
688095,福昕软件,3.0,91439524,2025-06-11
600825,新华传媒,0.12,1044887850,2025-06-12
301587,中瑞股份,3.5,147328040,2025-06-11
301156,美农生物,3.2,140784675,2025-06-11
920260,中寰股份,2.0,103550000,2025-06-13
603983,丸美生物,5.0,401000000,2025-06-10
300697,电工合金,1.8,332800000,2025-06-10
688626,翔宇医疗,2.4,160000000,2025-06-11
920475,三友科技,0.5,101060000,2025-06-12
920807,奔朗新材,1.0,181880000,2025-06-12
001228,永泰运,3.0,103864609,2025-06-10
601567,三星电气,8.9,1411006571,2025-06-11
600272,开开实业,0.44,243000000,2025-06-11
002779,中坚科技,1.1,132000000,2025-06-11
301071,力量钻石,1.5,260272313,2025-06-11
000915,华特达因,20.0,234331485,2025-06-11
688739,成大生物,8.0,416450000,2025-06-10
600596,新安股份,1.0,1349597049,2025-06-11
605255,天普股份,1.5,134080000,2025-06-11
002337,赛象科技,0.21,588615750,2025-06-11
603341,龙旗科技,5.0,465096544,2025-06-10
603131,上海沪工,0.12,317991057,2025-06-10
605016,百龙创园,1.4,323086400,2025-06-11
603601,再升科技,0.1,1021651586,2025-06-11
001279,强邦新材,1.25,160000000,2025-06-12
002339,积成电子,0.2,504092274,2025-06-10
600916,中国黄金,3.5,1680000000,2025-06-10
603301,振德医疗,6.5,266451202,2025-06-11
688621,阳光诺和,1.63,112000000,2025-06-11
601086,国芳集团,0.8,666000000,2025-06-12
002746,仙坛股份,1.5,860538727,2025-06-12
301212,联盛化学,1.2,108000000,2025-06-12
301258,富士莱,0.91,91670000,2025-06-12
920837,华原股份,2.2,151712787,2025-06-13
002461,珠江啤酒,1.7,2213328480,2025-06-12
300816,艾可蓝,0.52,80000000,2025-06-12
300862,蓝盾光电,0.1,184617902,2025-06-13
688338,赛科希德,3.3,106142400,2025-06-12
003043,华亚智能,2.999957,95028044,2025-06-12
002120,韵达股份,2.0,2899195363,2025-06-12
002153,石基信息,0.1,2729193841,2025-06-13
688606,奥泰生物,15.0,79280855,2025-06-11
002046,国机精工,2.1,536266835,2025-06-13
300776,帝尔激光,3.9,273560526,2025-06-12
300991,创益通,0.3,144000000,2025-06-13
600552,凯盛科技,0.5,944606894,2025-06-13
000061,农产品,0.7,1696964131,2025-06-12
688056,莱伯泰科,6.0,67452460,2025-06-11
003023,彩虹集团,4.0,105341600,2025-06-13
301299,卓创资讯,10.0,60380560,2025-06-12
688186,广大特材,3.825,215114294,2025-06-12
603087,甘李药业,10.0,601065290,2025-06-11
603116,红蜻蜓,2.5,576200800,2025-06-12
600367,红星发展,0.2,341130902,2025-06-13
001382,新亚电缆,2.5,412000000,2025-06-12
000548,湖南投资,0.5,499215811,2025-06-13
301170,锡南科技,3.0,100000000,2025-06-13
605117,德业股份,26.0,646024610,2025-06-13
600970,中材国际,4.5,2639958030,2025-06-12
688255,凯尔达,3.0,109858870,2025-06-12
601968,宝钢包装,0.32,1275779460,2025-06-12
600032,浙江新能,0.15,2404675324,2025-06-12
002301,齐心集团,0.7,721307933,2025-06-13
920378,泰德股份,1.0,155526000,2025-06-13
920270,天铭科技,5.0,104616000,2025-06-13
301236,软通动力,1.0,952941177,2025-06-13
603676,卫信康,1.8,435161500,2025-06-11
688513,苑东生物,4.3,176532256,2025-06-11
605086,龙高股份,0.95,179200000,2025-06-12
603700,宁水集团,2.0,201699184,2025-06-11
000521,长虹美菱,3.3,1029923715,2025-06-11
301058,中粮科工,1.5,512274245,2025-06-13
000938,紫光股份,0.75,2860079874,2025-06-13
301429,森泰股份,1.74,118220000,2025-06-13
603379,三美股份,4.5,610479037,2025-06-11
000021,深科技,1.9,1560587588,2025-06-11
603566,普莱柯,4.0,346062273,2025-06-11
301376,致欧科技,2.0,402388475,2025-06-12
688571,杭华股份,2.0,420128500,2025-06-11
603181,皇马科技,2.1,588700000,2025-06-11
301332,德尔玛,1.5,461562500,2025-06-11
603916,苏博特,1.0,432614119,2025-06-12
300319,麦捷科技,1.146915,879095862,2025-06-12
003031,中瓷电子,4.2,451052859,2025-06-12
688244,永信至诚,0.5,102234195,2025-06-11
603055,台华新材,2.5,890292633,2025-06-12
600310,广西能源,0.3,1465710722,2025-06-12
001378,德冠新材,4.5,133333600,2025-06-13
603045,福达合金,0.61,135445155,2025-06-11
002090,金智科技,0.4,400577071,2025-06-13
000501,武商集团,2.0,768992731,2025-06-11
002735,王子新材,0.13,382006553,2025-06-13
920914,远航精密,1.0,100000000,2025-06-16
301310,鑫宏业,3.501287,135938040,2025-06-13
001373,翔腾新材,0.6,68686888,2025-06-12
300258,精锻科技,0.4,532407461,2025-06-12
002187,广百股份,0.4,704038932,2025-06-12
600019,宝钢股份,1.0,21908643999,2025-06-11
002932,*ST明德,12.0,232520957,2025-06-12
920896,旺成科技,3.0,101224240,2025-06-12
688687,凯因科技,3.0,170944422,2025-06-11
920856,浩淼科技,1.0,86478753,2025-06-13
603881,数据港,0.43,598647499,2025-06-13
002942,新农股份,3.0,155857930,2025-06-11
300274,阳光电源,10.8,2073211424,2025-06-13
601609,金田股份,1.1,1485498487,2025-06-13
601899,紫金矿业,2.8,26577573940,2025-06-13
688092,爱科科技,1.8,82690657,2025-06-12
301368,丰立智能,0.67,120100000,2025-06-12
603395,红四方,1.5,200000000,2025-06-12
300251,光线传媒,2.0,2933608432,2025-06-12
688231,隆达股份,0.7,246857143,2025-06-11
300121,阳谷华泰,0.7,448811119,2025-06-12
002762,金发拉比,0.5,354025000,2025-06-11
002346,柘中股份,5.0,441575416,2025-06-13
002715,登云股份,0.32,138000000,2025-06-12
000001,平安银行,3.62,19405918198,2025-06-12
300681,英搏尔,0.291886,262940935,2025-06-13
300946,恒而达,1.5,120006000,2025-06-13
600835,上海机电,2.2,1022739308,2025-06-11
002991,甘源食品,17.84,93215831,2025-06-12
688360,德马科技,1.5,188389762,2025-06-11
300454,深信服,0.63,421881295,2025-06-13
688289,圣湘生物,2.75,579388006,2025-06-11
300088,长信科技,0.589923,2497733579,2025-06-12
688069,德林海,2.0,113000000,2025-06-11
603348,文灿股份,1.5,314477192,2025-06-12
920693,阿为特,0.7,72700000,2025-06-13
688076,ST诺泰,8.0,224870915,2025-06-12
001283,豪鹏科技,4.799991,80610011,2025-06-12
300492,华图山鼎,0.55,140486470,2025-06-11
601689,拓普集团,5.19,1737835580,2025-06-13
688530,欧莱新材,0.65,160044824,2025-06-11
300843,胜蓝股份,1.3,163704863,2025-06-13
000779,甘咨询,0.8,464829452,2025-06-13
301013,利和兴,0.5,233743056,2025-06-13
603194,中力股份,6.3,401000000,2025-06-16
600757,长江传媒,4.1,1213650273,2025-06-13
601107,四川成渝,2.9,3058060000,2025-06-13
603323,苏农银行,1.8,1835037670,2025-06-12
002827,高争民爆,0.8,276000000,2025-06-16
002408,齐翔腾达,0.3,2842843629,2025-06-16
600379,宝光股份,0.4645,330201564,2025-06-12
603351,威尔药业,4.0,135439132,2025-06-13
601877,正泰电器,6.0,2148968976,2025-06-12
301073,君亭酒店,1.5,194451046,2025-06-13
603931,格林达,2.2,199558380,2025-06-13
688503,聚和材料,4.3447,242033643,2025-06-12
600686,金龙汽车,0.6,717047417,2025-06-12
601229,上海银行,2.2,14206713969,2025-06-12
605162,新中港,1.8,400532847,2025-06-12
600648,外高桥,3.5,1359912218,2025-06-12
603527,众源新材,1.6,316971200,2025-06-13
603163,圣晖集成,7.5,100000000,2025-06-12
688019,安集科技,4.5,129213274,2025-06-16
300484,蓝海华腾,1.6,207632900,2025-06-13
688312,燕麦科技,5.0,145600816,2025-06-12
001230,劲旅环境,3.2,133496097,2025-06-13
600888,新疆众和,2.7,1403711261,2025-06-12
300470,中密控股,5.0,208171277,2025-06-13
688161,威高骨科,1.7,400000000,2025-06-12
605089,味知香,3.6,138000000,2025-06-12
000810,创维数字,0.5,1141595579,2025-06-13
000027,深圳能源,1.5,4757389916,2025-06-13
688136,科兴制药,0.8,199642250,2025-06-12
603898,好莱客,0.78,311284713,2025-06-13
603659,璞泰来,1.7,2137165372,2025-06-13
301131,聚赛龙,4.098955,47792176,2025-06-13
300281,金明精机,0.2,418923580,2025-06-13
603579,荣泰健康,3.5,177397211,2025-06-12
002017,东信和平,1.64,580431909,2025-06-12
603200,上海洗霸,0.9,175480103,2025-06-13
603519,立霸股份,10.0,266327839,2025-06-13
002538,ST司特,1.2,853555763,2025-06-12
605169,洪通燃气,2.5,282880000,2025-06-12
002536,飞龙股份,3.0,574785888,2025-06-13
301391,卡莱特,1.2,95014811,2025-06-13
688396,华润微,0.58,1327529398,2025-06-12
600261,阳光照明,1.4,1335052966,2025-06-13
000422,湖北宜化,2.0,1082509712,2025-06-12
300937,药易购,1.0,95666682,2025-06-13
605507,国邦医药,6.0583,558823500,2025-06-13
600017,日照港,0.86,3075653888,2025-06-13
600482,中国动力,1.86,2252762816,2025-06-13
600918,中泰证券,0.25,6968625756,2025-06-12
000573,粤宏远A,0.5,638280604,2025-06-12
605333,沪光股份,2.3,436776081,2025-06-12
603332,苏州龙杰,2.2,216347184,2025-06-12
603688,石英股份,1.9,541678289,2025-06-12
301191,菲菱科思,10.0,69342000,2025-06-12
300371,汇中股份,0.891887,201217296,2025-06-13
001216,华瓷股份,4.0,251866700,2025-06-13
688716,中研股份,2.0,121680000,2025-06-12
600361,创新新材,0.808,4107435885,2025-06-13
002899,英派斯,0.75,147796976,2025-06-12
600488,津药药业,0.98,1091886680,2025-06-12
920403,康农种业,2.0,70972200,2025-06-13
000783,长江证券,1.5,5530072948,2025-06-12
000786,北新建材,8.65,1689507842,2025-06-13
603970,中农立华,4.5,268800134,2025-06-12
600985,淮北矿业,7.5,2693258709,2025-06-13
301065,本立科技,2.0,106020000,2025-06-13
000937,冀中能源,6.0,3533546850,2025-06-13
601686,友发集团,1.5,1434510960,2025-06-13
002278,神开股份,0.5,363909648,2025-06-13
300540,蜀道装备,0.5,163970793,2025-06-16
601665,齐鲁银行,1.39,4857255325,2025-06-12
603060,国检集团,1.14,803940752,2025-06-13
605167,利柏特,1.13,449070000,2025-06-12
920346,威贸电子,3.4,80677603,2025-06-16
603915,国茂股份,1.2,659088430,2025-06-12
688468,科美诊断,1.25,401108000,2025-06-13
003033,征和工业,5.0,81750000,2025-06-13
603999,读者传媒,0.33,576000000,2025-06-13
300539,横河精密,1.35,222800200,2025-06-12
605258,协和电子,7.0,88000000,2025-06-13
688819,天能股份,4.1,972100000,2025-06-13
002079,苏州固锝,0.19,810139316,2025-06-13
000801,四川九洲,1.0,1022806646,2025-06-12
002825,纳尔股份,1.2,340618067,2025-06-12
002331,皖通科技,0.3,425431749,2025-06-13
603002,宏昌电子,0.2,1134078509,2025-06-13
300726,宏达电子,6.0,411839845,2025-06-13
600373,中文传媒,4.0,1395022307,2025-06-13
600415,小商品城,3.3,5483645926,2025-06-12
603283,赛腾股份,5.6,199911648,2025-06-12
600399,抚顺特钢,0.18,1972100000,2025-06-12
002820,桂发祥,1.5,200868295,2025-06-13
600901,江苏金租,2.7,5792379763,2025-06-13
603508,思维列控,11.8828,381274377,2025-06-12
301571,国科天成,0.97,179425908,2025-06-13
000333,美的集团,35.0,7677244824,2025-06-12
002543,万和电气,2.4,743600000,2025-06-13
605020,永和股份,2.5,470489868,2025-06-13
002454,松芝股份,1.0,628581600,2025-06-13
000928,中钢国际,2.99,1434644621,2025-06-13
688218,江苏北人,1.9,118601725,2025-06-13
300677,英科医疗,1.0,646204955,2025-06-13
002777,久远银海,1.5,408231038,2025-06-13
000905,厦门港务,0.55,741809597,2025-06-16
605009,豪悦护理,8.5,154321352,2025-06-12
003003,天元股份,2.0,176798300,2025-06-12
688566,吉贝尔,2.6,199430865,2025-06-13
002472,双环传动,2.26,847713342,2025-06-13
300248,新开普,0.8,476348393,2025-06-13
603366,日出东方,0.54,813048101,2025-06-12
688681,科汇股份,1.0,104670000,2025-06-13
002660,茂硕电源,1.0,356626019,2025-06-13
600008,首创环保,1.7,7340590677,2025-06-13
603221,爱丽家居,1.8,244580000,2025-06-13
603208,江山欧派,1.9,177172674,2025-06-13
000731,四川美丰,1.7,558829131,2025-06-16
688690,纳微科技,0.63,403814765,2025-06-13
002833,弘亚数控,4.0,424231281,2025-06-13
300298,三诺生物,2.2,564265375,2025-06-13
000860,顺鑫农业,1.5,741766989,2025-06-13
688603,天承科技,3.0,83957192,2025-06-13
000532,华金资本,0.6,344708340,2025-06-13
600298,安琪酵母,5.5,868138471,2025-06-13
003027,同兴科技,3.0,130723200,2025-06-13
001328,登康口腔,7.5,172173800,2025-06-13
688336,三生国健,0.9,616785793,2025-06-13
001209,洪兴股份,2.0,131522720,2025-06-16
601577,长沙银行,4.2,4021553754,2025-06-13
603938,三孚股份,0.17,382624497,2025-06-13
002155,湖南黄金,2.3,1202039474,2025-06-13
002088,鲁阳节能,8.0,513122586,2025-06-13
002398,垒知集团,0.8,698023396,2025-06-13
688758,赛分科技,0.41,416464084,2025-06-13
002363,隆基机械,0.6,417828301,2025-06-13
002441,众业达,3.0,544543609,2025-06-16
601200,上海环境,1.0,1346230251,2025-06-13
000513,丽珠集团,11.0,904100430,2025-06-13
600879,航天电子,0.5,3299299334,2025-06-13
300303,聚飞光电,1.3,1408304727,2025-06-13
605111,新洁能,0.651,415332567,2025-06-13
689009,九号公司,11.31,717301017,2025-06-13
002841,视源股份,6.8,696016545,2025-06-13
002449,国星光电,0.5,618477169,2025-06-13
000899,赣能股份,3.3,975677760,2025-06-16
002422,科伦药业,5.03,1598053372,2025-06-13
920717,瑞星股份,0.42,114680000,2025-06-19
002498,汉缆股份,0.4,3326796000,2025-06-17
301057,汇隆新材,2.0,117390438,2025-06-13
605599,菜百股份,7.2,777777800,2025-06-16
301109,军信股份,9.0,563643459,2025-06-17
688117,圣诺生物,1.4,112418556,2025-06-13
920087,秋乐种业,1.5,165200000,2025-06-19
300347,泰格医药,3.0,861026050,2025-06-17
301578,辰奕智能,5.0,62400000,2025-06-17
300618,寒锐钴业,1.5,308324991,2025-06-16
688733,壹石通,1.0,199775190,2025-06-16
300640,德艺文创,0.2,310993427,2025-06-17
603661,恒林股份,7.2,139067031,2025-06-16
688352,颀中科技,0.5,1189037288,2025-06-13
688607,康众医疗,0.61,88129027,2025-06-13
301051,信濠光电,0.5,169202880,2025-06-17
000019,深粮控股,1.5,1152535254,2025-06-17
603667,五洲新春,1.2,366340500,2025-06-13
300672,国科微,3.0,217140672,2025-06-16
600563,法拉电子,20.0,225000000,2025-06-13
688411,海博思创,11.0,180092492,2025-06-13
002281,光迅科技,2.6,806851752,2025-06-17
688553,汇宇制药,4.632,423600000,2025-06-13
300558,贝达药业,1.989314,420733843,2025-06-17
001356,富岭股份,0.38,589320000,2025-06-17
920982,锦波生物,20.0,88511800,2025-06-18
603819,神力股份,0.2,217730187,2025-06-16
688683,莱尔科技,0.66,155177929,2025-06-16
300680,隆盛科技,2.0,231024278,2025-06-18
605018,长华集团,1.5,471225793,2025-06-16
301502,华阳智能,3.5,57083500,2025-06-18
002179,中航光电,8.0,2118271050,2025-06-17
600167,联美控股,2.0,2262840463,2025-06-17
688686,奥普特,2.5,122235455,2025-06-16
600168,武汉控股,0.27,993397569,2025-06-16
300239,东宝生物,0.25,593607933,2025-06-17
603172,万丰股份,0.9,133380000,2025-06-16
605277,新亚电子,1.5,324297261,2025-06-16
002736,国信证券,3.5,9612429377,2025-06-16
603373,安邦护卫,5.0,107526882,2025-06-16
688448,磁谷科技,3.0,71652300,2025-06-18
920663,明阳科技,3.883,102966300,2025-06-17
603290,斯达半导,6.3599,239473466,2025-06-17
920425,乐创技术,2.0,50668963,2025-06-20
301517,陕西华达,0.56,108026700,2025-06-18
600903,贵州燃气,0.2106,1150008428,2025-06-16
603757,大元泵业,2.0,164747481,2025-06-16
603338,浙江鼎力,10.0,506347879,2025-06-18
688580,伟思医疗,8.0,95771288,2025-06-17
000788,北大医药,0.3,595987425,2025-06-17
600523,贵航股份,1.32,404311320,2025-06-16
002156,通富微电,0.45,1517596912,2025-06-17
605555,德昌股份,3.5,372360800,2025-06-17
603004,鼎龙科技,2.1,235520000,2025-06-17
300805,电声股份,0.2,424253592,2025-06-17
300446,航天智造,2.8,845410111,2025-06-17
605337,李子园,5.0,394433036,2025-06-16
603980,吉华集团,0.7,676833360,2025-06-17
688349,三一重能,6.0,1226404215,2025-06-16
301119,正强股份,9.2,104000000,2025-06-17
000683,博源化工,3.0,3718739060,2025-06-17
301456,盘古智能,2.0,150447805,2025-06-17
600188,兖矿能源,5.4,10037480544,2025-06-18
002753,永东股份,1.5,375694808,2025-06-17
600051,宁波联合,1.2,310880000,2025-06-17
300666,江丰电子,3.06,265320683,2025-06-18
002857,三晖电气,0.15,129170300,2025-06-17
002585,双星新材,0.3,1147428712,2025-06-18
601279,英利汽车,0.1,1585785985,2025-06-17
688267,中触媒,3.5,176200000,2025-06-16
300433,蓝思科技,4.0,4982772171,2025-06-18
000707,双环科技,1.815,464145765,2025-06-17
920017,星昊医药,1.6,122288200,2025-06-18
920508,殷图网联,2.0,50000000,2025-06-19
301125,腾亚精工,0.3,141757920,2025-06-17
000650,仁和药业,1.5,1399938234,2025-06-17
300897,山科智能,3.0,100486640,2025-06-17
301172,君逸数码,1.0,123200000,2025-06-17
302132,中航成飞,0.14,2676782376,2025-06-17
002755,奥赛康,1.2,928160351,2025-06-16
688526,科前生物,4.3,466128056,2025-06-16
601083,锦江航运,2.88,1294120000,2025-06-17
301011,华立科技,2.0,146692000,2025-06-18
688078,龙软科技,1.36,72893000,2025-06-17
300840,酷特智能,1.0,240000000,2025-06-17
301161,唯万密封,0.84,120000000,2025-06-16
002590,万安科技,0.6,519052477,2025-06-17
600232,金鹰股份,1.0,364718544,2025-06-16
603018,华设集团,1.0,683793565,2025-06-18
688007,光峰科技,0.2506,459291145,2025-06-16
001696,宗申动力,2.0,1145026920,2025-06-17
002476,新叶股份,0.1,612000000,2025-06-18
603297,永新光学,8.5,111150500,2025-06-16
301032,新柴股份,1.0,241133400,2025-06-18
601208,东材科技,1.0,896784623,2025-06-17
300721,怡达股份,0.3,164846739,2025-06-17
300921,南凌科技,1.0,131691805,2025-06-17
002140,东华科技,1.5,708013872,2025-06-17
603345,安井食品,10.15,293294232,2025-06-17
603189,*ST网达,1.5,269548349,2025-06-17
002888,惠威科技,2.04,147643412,2025-06-17
603008,ST喜临门,5.2,371441480,2025-06-18
000755,山西高速,2.0,1467310196,2025-06-19
600998,九州通,2.0,5042470234,2025-06-17
300307,慈星股份,1.0,794248776,2025-06-18
301602,超研股份,1.02,428329638,2025-06-19
301207,华兰疫苗,2.0,601027500,2025-06-17
600619,海立股份,0.13,1073344406,2025-06-18
000603,盛达资源,1.0,689969346,2025-06-17
603408,建霖家居,5.0,447573000,2025-06-17
920665,科强股份,1.5,129990000,2025-06-19
688212,澳华内镜,0.8,134665250,2025-06-18
600025,华能水电,2.0,18000000000,2025-06-19
605055,迎丰股份,0.6,440000000,2025-06-17
603280,南方路机,2.6,108406667,2025-06-17
600885,宏发股份,5.15,1042676386,2025-06-19
920496,许昌智能,0.5,165575000,2025-06-19
603235,天新药业,6.8,437780000,2025-06-17
002438,江苏神通,1.75,507537461,2025-06-18
688420,美腾科技,1.5,88430000,2025-06-19
001318,阳光乳业,1.8,282660000,2025-06-19
002266,浙富控股,0.5,5219271402,2025-06-18
301091,深城交,0.51,405600000,2025-06-17
603960,克来机电,0.35,263023500,2025-06-17
301067,显盈科技,0.5,97236000,2025-06-18
000722,湖南发展,0.5,464158282,2025-06-18
000598,兴蓉环境,1.87,2984434721,2025-06-19
002768,国恩股份,2.8,271250000,2025-06-17
301255,通力科技,2.0,108800000,2025-06-18
300236,上海新阳,2.6,313381402,2025-06-17
688372,伟测科技,3.4,114159795,2025-06-18
603119,浙江荣泰,1.95,363742150,2025-06-17
000531,穗恒运A,0.8,1041401332,2025-06-19
000833,粤桂股份,1.22,802082221,2025-06-18
002104,恒宝股份,0.804843,708320154,2025-06-17
002085,万丰奥威,1.0,2123297520,2025-06-18
603605,珀莱雅,11.9,396247626,2025-06-17
600586,金晶科技,0.15,1428770000,2025-06-18
688313,仕佳光子,0.6,458802328,2025-06-18
688584,上海合晶,2.0,665458353,2025-06-18
002951,金时科技,5.0,405000000,2025-06-19
600158,中体产业,0.197,959513067,2025-06-17
002938,鹏鼎控股,10.0,2318051016,2025-06-18
000800,一汽解放,0.5,4921280975,2025-06-17
601678,滨化股份,0.3,2056836276,2025-06-17
920833,美心翼申,1.0,82360000,2025-06-19
301309,万得凯,3.0,100000000,2025-06-19
301278,快可电子,5.10676,89780143,2025-06-18
603788,宁波高发,7.0,223065068,2025-06-19
300566,激智科技,2.0,263741550,2025-06-18
688583,思看科技,5.5,68000000,2025-06-19
600233,圆通速递,3.6,3446753438,2025-06-17
920471,美邦科技,1.0,83200000,2025-06-19
688722,同益中,0.6677,224666700,2025-06-18
600057,厦门象屿,2.5,2806369661,2025-06-17
688028,沃尔德,2.2,151997828,2025-06-17
600435,北方导航,0.2,1509061132,2025-06-17
301298,东利机械,3.0,146800000,2025-06-18
301291,明阳电气,7.2,312200000,2025-06-19
300321,同大股份,0.43,88800000,2025-06-19
603124,江南新材,3.7,145745199,2025-06-17
300579,数字认证,0.3,270000000,2025-06-19
301102,兆讯传媒,0.2,406000000,2025-06-18
002637,赞宇科技,1.2,470401000,2025-06-18
601139,深圳燃气,1.6,2876740672,2025-06-19
688410,山外山,1.0,321315646,2025-06-17
603065,宿迁联盛,1.0,418967572,2025-06-18
600143,金发科技,1.0,2636612697,2025-06-18
688273,麦澜德,4.0,100000000,2025-06-17
002434,万里扬,1.0,1312600000,2025-06-19
920725,惠丰钻石,1.0,91275000,2025-06-20
603073,彩蝶实业,3.0,116000000,2025-06-17
920906,舜宇精工,0.89,64970000,2025-06-19
002312,川发龙蟒,1.41,1889338619,2025-06-18
603596,伯特利,3.5,606510820,2025-06-17
002007,华兰生物,2.0,1827456666,2025-06-17
603477,巨星农牧,1.737,510070333,2025-06-17
300244,迪安诊断,2.5,624979436,2025-06-18
300826,测绘股份,0.3,166505437,2025-06-17
301282,金禄电子,1.0,151139968,2025-06-18
002440,闰土股份,1.5,1123999905,2025-06-18
600663,陆家嘴,0.8696,5035153679,2025-06-18
688459,哈铁科技,1.0,480000000,2025-06-17
600028,中国石化,1.4,121245237698,2025-06-18
600765,中航重机,1.218,1575492153,2025-06-17
300101,振芯科技,0.735,567905700,2025-06-18
603387,基蛋生物,0.9,507153517,2025-06-17
600655,豫园股份,1.9,3896943613,2025-06-18
603173,福斯达,5.0,160000000,2025-06-17
688006,杭可科技,0.58,603672152,2025-06-18
600251,冠农股份,0.8,776993583,2025-06-18
603928,兴业股份,0.8,262080000,2025-06-17
605300,佳禾食品,0.6,454398597,2025-06-17
300835,龙磁科技,2.0,119371904,2025-06-19
603016,新宏泰,4.73,148160000,2025-06-18
003039,顺控发展,2.1,617518730,2025-06-18
603305,旭升集团,3.8,953313697,2025-06-18
688630,芯碁微装,3.7,131740716,2025-06-18
301633,港迪技术,10.0,55680000,2025-06-19
688276,百克生物,1.69,413657598,2025-06-18
000830,鲁西化工,3.5,1910172451,2025-06-19
301056,森赫股份,4.0,266786667,2025-06-20
600141,兴发集团,10.0,1103255194,2025-06-20
002357,富临运业,0.5,313489036,2025-06-19
603701,德宏股份,0.4,261361901,2025-06-18
002809,红墙股份,3.0,211597233,2025-06-19
000600,建投能源,1.3,1809299376,2025-06-18
300308,中际旭创,5.0,1111118334,2025-06-19
603977,国泰集团,0.9,621241828,2025-06-18
603507,振江股份,3.0,184301307,2025-06-19
002998,优彩资源,4.0,326408979,2025-06-19
000733,振华科技,1.8,554169431,2025-06-19
000581,威孚高科,9.0,996986293,2025-06-18
002950,奥美医疗,0.6,633265407,2025-06-19
002999,天禾股份,1.24,347592000,2025-06-20
002790,瑞尔特,2.0,417872300,2025-06-19
000969,安泰科技,2.0,1050718097,2025-06-18
600511,国药股份,8.0,754502998,2025-06-18
688665,四方光电,3.5,100100000,2025-06-18
603038,华立股份,0.5,268677106,2025-06-19
601872,招商轮船,1.56,8074538502,2025-06-19
000985,大庆华科,0.5,129639500,2025-06-20
603728,鸣志电器,0.24,418882500,2025-06-18
920957,汉维科技,1.0,107301334,2025-06-19
603890,春秋电子,1.5,439065937,2025-06-19
600316,洪都航空,0.17,717114512,2025-06-18
603489,八方股份,1.0,235013003,2025-06-18
301092,争光股份,2.6,134053484,2025-06-19
000059,华锦股份,0.18,1599442537,2025-06-19
000875,电投绿能,0.16,3627270626,2025-06-19
605266,健之佳,11.0,154542928,2025-06-18
603801,志邦家居,6.0,436505713,2025-06-18
300434,金石亚药,0.69,401743872,2025-06-19
600452,涪陵电力,0.55,1536541654,2025-06-20
300219,鸿利智汇,0.15,707943506,2025-06-19
603798,康普顿,0.4,256449650,2025-06-20
603939,益丰药房,4.0,1212416854,2025-06-18
002732,燕塘乳业,1.5,157350000,2025-06-18
600790,轻纺城,1.2,1465790928,2025-06-19
603178,圣龙股份,0.4,236411881,2025-06-18
600346,恒力石化,4.5,7039099786,2025-06-19
002565,顺灏股份,0.4,1059988922,2025-06-19
601016,节能风电,0.74,6473390050,2025-06-18
000524,岭南控股,0.8,670208597,2025-06-19
688378,奥来德,2.5,208148221,2025-06-18
000965,天保基建,0.1,1109830895,2025-06-19
301257,普蕊斯,1.0,79502540,2025-06-20
301046,能辉科技,3.0,152295829,2025-06-19
688222,成都先导,0.6,400680000,2025-06-18
603687,大胜达,0.5847,550031864,2025-06-19
688072,拓荆科技,2.7,279729118,2025-06-19
301029,怡合达,3.0,634202712,2025-06-18
002783,凯龙股份,1.0,499357647,2025-06-19
688548,广钢气体,0.46,1319398521,2025-06-19
688128,中国电研,5.0,404500000,2025-06-18
603867,新化股份,4.5,192773989,2025-06-18
920274,宏裕包材,1.0,81333334,2025-06-20
605088,冠盛股份,6.0,185596630,2025-06-18
688456,有研粉材,2.0,103660000,2025-06-18
920885,星辰科技,0.45,169928400,2025-06-20
002428,云南锗业,0.3,653120000,2025-06-19
000657,中钨高新,1.6,2278954380,2025-06-19
603311,金海高科,1.2,235883907,2025-06-18
600927,永安期货,0.7,1455555556,2025-06-19
688697,纽威数控,6.0,326666700,2025-06-18
002698,博实股份,2.5,1022560873,2025-06-20
301215,中汽股份,0.51941,1323900000,2025-06-18
002091,江苏国泰,3.0,1627631165,2025-06-19
301380,挖金客,3.5,69925816,2025-06-18
920010,凯添燃气,0.5,234500000,2025-06-20
603456,九洲药业,3.0,895235828,2025-06-19
688249,晶合集成,1.0,2006135157,2025-06-19
001338,永顺泰,3.0,501730834,2025-06-19
920195,三祥科技,2.0,98030000,2025-06-20
603811,诚意药业,2.5,327304320,2025-06-18
300257,开山股份,1.0,993635018,2025-06-20
603680,今创集团,1.5,783718767,2025-06-19
301000,肇民科技,2.0,242395322,2025-06-19
301507,民生健康,1.0,356554330,2025-06-20
600763,通策医疗,4.5,447289117,2025-06-18
001319,铭科精技,3.9,141400000,2025-06-19
301132,满坤科技,4.19,148086249,2025-06-20
002626,金达威,4.0,609934771,2025-06-20
001226,拓山重工,4.0,74666700,2025-06-18
002933,新兴装备,0.2,117350000,2025-06-19
603211,晋拓股份,0.6,271808000,2025-06-19
688631,莱斯信息,4.0,163470000,2025-06-19
600584,长电科技,1.2,1789414570,2025-06-20
920978,开特股份,3.347,179261468,2025-06-23
000973,佛塑科技,0.35,967423171,2025-06-19
002350,北京科锐,0.3,542331351,2025-06-18
002075,沙钢股份,0.25,2193825445,2025-06-18
920519,万德股份,1.0,89258104,2025-06-20
603179,新泉股份,3.0,487303796,2025-06-19
002106,莱宝高科,1.0,705816160,2025-06-19
603233,大参林,3.1,1138847895,2025-06-19
301021,英诺激光,1.0,152151932,2025-06-19
605500,森林包装,1.5,414400000,2025-06-20
000762,西藏矿业,0.5,521174140,2025-06-19
603367,辰欣药业,2.2,452754129,2025-06-19
600132,重庆啤酒,9.0,483971198,2025-06-20
300613,富瀚微,1.2,232284484,2025-06-20
605388,均瑶健康,0.8,600484000,2025-06-20
688237,超卓航科,3.4,89603310,2025-06-19
603599,广信股份,2.7,910269345,2025-06-19
603271,永杰新材,3.25,196720000,2025-06-20
000883,湖北能源,1.0,6499723456,2025-06-20
301022,海泰科,2.999782,84763144,2025-06-20
300217,东方电热,0.32,1477976940,2025-06-20
300583,赛托生物,0.1,189702126,2025-06-20
603617,君禾股份,0.8,390471337,2025-06-20
688032,禾迈股份,32.0,124073545,2025-06-19
300135,宝利国际,0.100655,921600000,2025-06-23
601156,东航物流,2.88,1587555556,2025-06-20
003013,地铁设计,4.8,408326898,2025-06-20
688381,帝奥微,2.2,247500000,2025-06-19
000869,张裕A,4.0,671823900,2025-06-20
000959,首钢股份,0.22,7773981020,2025-06-20
600271,航天信息,0.04,1852884638,2025-06-19
600075,新疆天业,0.2,1707362663,2025-06-19
600111,北方稀土,0.35,3615065842,2025-06-20
002557,洽洽食品,10.0,505855097,2025-06-20
600371,万向德农,1.5,292578000,2025-06-19
600150,中国船舶,2.5,4472428758,2025-06-23
002673,西部证券,0.7,4469581705,2025-06-20
002144,宏达高科,0.5,176762528,2025-06-20
603306,华懋科技,0.95,329060224,2025-06-23
000726,鲁泰A,1.0,817306010,2025-06-20
300627,华测导航,5.0,558313854,2025-06-20
300886,华业香料,0.996751,74798000,2025-06-20
601366,利群股份,0.2,913932943,2025-06-19
002029,七匹狼,1.0,705023537,2025-06-20
000950,重药控股,0.3,1728184696,2025-06-20
300650,太龙股份,0.3,218296126,2025-06-20
300661,圣邦股份,2.0,475308030,2025-06-20
688017,绿的谐波,1.0,183212735,2025-06-19
688617,惠泰医疗,17.5,97250894,2025-06-19
300193,佳士科技,2.0,493598667,2025-06-23
603738,泰晶科技,0.8002,389322772,2025-06-20
605005,合兴股份,2.0,401000000,2025-06-20
688772,珠海冠宇,3.0,1132068851,2025-06-19
002380,科远智慧,0.4,239991649,2025-06-20
920128,胜业电气,4.0,81190000,2025-06-23
300185,通裕重工,0.05,3896993570,2025-06-20
600037,歌华有线,0.27,1391777884,2025-06-20
920751,惠同新材,3.0,86780000,2025-06-20
301088,戎美股份,4.39,227900000,2025-06-19
603257,中国瑞林,5.0,120000000,2025-06-19
301062,上海艾录,0.499998,432277187,2025-06-20
002400,省广集团,0.18,1743337128,2025-06-20
300501,海顺新材,2.7,193537918,2025-06-23
300003,乐普医疗,1.35,1880611251,2025-06-20
300380,安硕信息,0.5,138439050,2025-06-20
300067,安诺其,0.1,1154374574,2025-06-20
601888,中国中免,10.5,2068859044,2025-06-20
600559,老白干酒,5.5,914747444,2025-06-20
600717,天津港,1.04,2894001038,2025-06-19
605003,众望布艺,4.1,110000000,2025-06-19
603099,长白山,0.815,266670000,2025-06-20
300541,先进数通,0.18,430044492,2025-06-23
603686,福龙马,1.58,415430404,2025-06-20
601890,亚星锚链,1.0,959400000,2025-06-20
600120,浙江东方,0.84,3415381492,2025-06-20
688209,英集芯,0.9,429331405,2025-06-19
688301,奕瑞科技,10.0,143062824,2025-06-19
301596,瑞迪智驱,5.6,55118072,2025-06-20
603878,武进不锈,0.9,561069165,2025-06-20
688261,东微半导,0.3955,122531446,2025-06-19
688166,博瑞医药,0.96,422768244,2025-06-23
688478,晶升股份,2.5,138366096,2025-06-19
600740,山西焦化,0.2,2562121154,2025-06-19
603198,迎驾贡酒,15.0,800000000,2025-06-23
920964,润农节水,0.2,261208000,2025-06-23
300790,宇瞳光学,1.0,374118981,2025-06-20
605116,奥锐特,2.9,406195234,2025-06-20
920953,国子软件,1.8,91904900,2025-06-23
000920,沃顿科技,1.47,472621118,2025-06-19
000829,天音控股,0.1,1025100438,2025-06-20
000703,恒逸石化,0.5,3666321624,2025-06-20
920374,云里物里,1.1,81518000,2025-06-24
301329,信音电子,2.6,170200000,2025-06-19
688088,虹软科技,2.5,401170400,2025-06-23
603776,永安行,2.5,240602562,2025-06-20
600498,烽火通信,1.79,1184474020,2025-06-20
601022,宁波远洋,1.27,1308633334,2025-06-20
301658,首航新能,1.26,412371135,2025-06-19
688549,中巨芯,0.05,1477276000,2025-06-20
603230,内蒙新华,4.8,353523000,2025-06-19
600285,羚锐制药,9.0,567115486,2025-06-20
603327,福蓉科技,2.5,768078473,2025-06-20
603871,嘉友国际,4.0,977149042,2025-06-19
300909,汇创达,2.3,172972979,2025-06-20
603706,东方环宇,9.0,189382714,2025-06-19
300452,山河药辅,3.0,234449487,2025-06-23
300927,江天化学,0.9,144360000,2025-06-20
920438,戈碧迦,0.97663,144630000,2025-06-25
688375,国博电子,4.0,596014900,2025-06-19
605166,聚合顺,1.33,314726498,2025-06-20
600785,新华百货,2.5,225631280,2025-06-20
600332,白云山,4.0,1625790949,2025-06-19
605158,华达新材,1.5,511420000,2025-06-19
300241,瑞丰光电,0.2,686402353,2025-06-23
600497,驰宏锌锗,1.3,5091291568,2025-06-19
688663,新风光,6.0,140620230,2025-06-20
600727,鲁北化工,0.5,528583135,2025-06-19
000768,中航西飞,1.2,2781149071,2025-06-23
603693,江苏新能,1.5,891475880,2025-06-20
002895,川恒股份,12.0,549176851,2025-06-23
603381,永臻股份,5.6,237256326,2025-06-20
002849,威星智能,0.4,220634016,2025-06-23
300288,朗玛信息,0.15,337941402,2025-06-23
000988,华工科技,2.019684,1005502707,2025-06-20
688133,泰坦科技,0.7,164436977,2025-06-20
600080,ST金花,0.3,373270285,2025-06-20
600218,全柴动力,0.6,435599919,2025-06-20
603629,利通电子,0.5,259930000,2025-06-20
688226,威腾电气,1.52,187647520,2025-06-20
603126,中材节能,0.05,610500000,2025-06-20
600592,龙溪股份,0.4,399553571,2025-06-20
603158,腾龙股份,1.6,490799306,2025-06-20
688182,灿勤科技,0.75,400000000,2025-06-20
600171,上海贝岭,1.7,708923303,2025-06-20
600750,华润江中,7.0,634996022,2025-06-20
301388,欣灵电气,1.0,102447600,2025-06-23
002267,陕天然气,3.5,1112075445,2025-06-20
600161,天坛生物,1.0,1977371446,2025-06-20
688377,迪威尔,1.4,194667000,2025-06-20
002541,鸿路钢构,3.6,690013309,2025-06-20
688557,兰剑智能,3.3,102207980,2025-06-20
300428,立中集团,3.37,639496790,2025-06-23
600667,太极实业,0.95,2106190178,2025-06-20
601168,西部矿业,10.0,2383000000,2025-06-20
300658,延江股份,0.3,332764105,2025-06-23
600629,华建集团,1.22,970338659,2025-06-20
603856,东宏股份,1.8,282056060,2025-06-20
600979,广安爱众,0.57,1261656994,2025-06-20
000507,珠海港,0.65,919734895,2025-06-20
002883,*ST中设,0.2,156157166,2025-06-20
601921,浙版传媒,3.0,2222222223,2025-06-20
603035,常熟汽饰,3.4604,380030933,2025-06-20
600368,五洲交通,1.31,1609653858,2025-06-20
301421,波长光电,1.0,115718000,2025-06-23
688020,方邦股份,1.8676,80747998,2025-06-20
300026,红日药业,0.3,3004154837,2025-06-24
600801,华新建材,4.6,2078995649,2025-06-20
688750,金天钛业,0.84,462500000,2025-06-20
688400,凌云光,0.25,460976733,2025-06-20
601166,兴业银行,10.6,21162832162,2025-06-20
300223,北京君正,0.997988,482540723,2025-06-24
002389,航天彩虹,0.6,990929102,2025-06-20
301383,天键股份,3.990122,163273200,2025-06-23
301525,儒竞科技,3.5,94311768,2025-06-24
920689,克莱特,4.0,73400000,2025-06-25
300439,美康生物,1.348703,384318815,2025-06-23
688169,石头科技,10.6964,184853117,2025-06-24
002165,红宝丽,0.4,735269837,2025-06-23
601065,江盐集团,2.2,642776079,2025-06-23
000554,泰山石油,0.84,480793318,2025-06-25
603321,梅轮电梯,2.0,307000000,2025-06-23
601919,中远海控,10.3,15489754739,2025-06-25
000630,铜陵有色,1.0,12794132824,2025-06-23
920855,浙江大农,2.1,74733333,2025-06-26
603779,威龙股份,0.09,332082754,2025-06-25
300719,安达维尔,0.4,254227150,2025-06-25
000962,东方钽业,0.77,504968262,2025-06-24
603109,神驰机电,3.0,208848360,2025-06-25
002826,易明医药,1.0,190677750,2025-06-24
688309,恒誉环保,0.88,80010733,2025-06-23
605288,凯迪股份,3.75,70198912,2025-06-23
688025,杰普特,4.2,95049423,2025-06-25
603273,天元智能,0.35,214313400,2025-06-23
603396,金辰股份,1.5,138527478,2025-06-24
600724,宁波富达,1.4,1445241071,2025-06-25
688010,福光股份,0.57,160561578,2025-06-24
601009,南京银行,1.9931,11761106276,2025-06-23
000065,北方国际,1.478972,1071385874,2025-06-23
301408,华人健康,1.0,400010000,2025-06-25
002957,科瑞技术,1.7,419982466,2025-06-23
688597,煜邦电力,1.53,247101384,2025-06-23
688662,富信科技,3.5,88240000,2025-06-23
600513,联环药业,0.89,285456270,2025-06-23
603052,可川科技,2.5,134848000,2025-06-23
601857,中国石油,2.5,183020977818,2025-06-25
600258,首旅酒店,3.6,1116603126,2025-06-24
603416,信捷电气,8.7,157138633,2025-06-23
301085,亚康股份,1.2,86775675,2025-06-25
688253,英诺特,5.6,136458196,2025-06-24
920770,艾能聚,1.2,130132175,2025-06-25
000597,东北制药,1.0,1427088265,2025-06-23
688171,纬德信息,0.42,83773400,2025-06-24
688600,皖仪科技,1.0,134708490,2025-06-23
301592,六九一二,7.0,70000000,2025-06-23
601699,潞安环能,4.1,2991409200,2025-06-25
002130,沃尔核材,1.366402,1259898562,2025-06-23
600320,振华重工,0.55,5268353501,2025-06-25
601199,江南水务,1.1,935210292,2025-06-23
920089,禾昌聚合,1.0,150668000,2025-06-26
603037,凯众股份,3.5,191481834,2025-06-23
301468,博盈特焊,2.6,132000000,2025-06-24
603806,福斯特,2.6,2608736752,2025-06-24
002451,摩恩电气,0.1,439200000,2025-06-24
600496,精工钢构,0.8,1990124341,2025-06-23
002644,佛慈制药,0.12,510657000,2025-06-24
603191,望变电气,0.5,333167407,2025-06-24
688252,天德钰,0.72,409021341,2025-06-23
001229,魅视科技,6.0,100000000,2025-06-24
600480,凌云股份,3.0,940277290,2025-06-23
600295,鄂尔多斯,6.0,2798776254,2025-06-23
600866,星湖科技,3.8,1661472616,2025-06-23
002487,大金重工,0.8,637749349,2025-06-23
688579,地纬智能,0.65,400010000,2025-06-24
688539,高华科技,2.0,185920000,2025-06-24
603528,多伦科技,0.5,705930131,2025-06-24
601187,厦门银行,1.6,2639127888,2025-06-26
603067,振华股份,1.9,509023802,2025-06-24
920592,华信永道,2.0,62150000,2025-06-26
603310,巍华新材,3.0,345340000,2025-06-26
603083,剑桥科技,2.2,268041841,2025-06-24
000543,皖能电力,3.19,2266863331,2025-06-25
001872,招商港口,7.4,2501508381,2025-06-25
603203,快克智能,6.5,249153318,2025-06-24
603299,苏盐井神,4.43,781658202,2025-06-24
688087,英科再生,0.6,187226610,2025-06-24
603538,美诺华,0.5,219828267,2025-06-25
603187,海容冷链,5.0,386416107,2025-06-24
603220,中贝通信,1.1,434251955,2025-06-24
301246,宏源药业,0.3,400006800,2025-06-25
688392,骄成超声,3.5,115733360,2025-06-24
600493,凤竹纺织,0.587,272000000,2025-06-26
002981,朝阳科技,2.6,135253115,2025-06-25
301186,超达装备,5.0,79900992,2025-06-25
000028,国药一致,3.66,556565077,2025-06-25
603101,汇嘉时代,0.5,470400000,2025-06-25
600826,兰生股份,2.2,735533549,2025-06-24
300973,立高食品,5.0,169340501,2025-06-26
002334,英威腾,0.6,813530920,2025-06-24
002771,真视通,0.102,209764100,2025-06-25
600106,重庆路桥,0.36,1329025062,2025-06-25
688029,南微医学,10.0,187847422,2025-06-24
603587,地素时尚,5.0,476763282,2025-06-24
002892,科力尔,0.5,620800887,2025-06-25
600933,爱柯迪,3.0,985121171,2025-06-25
920924,广脉科技,0.5,107571500,2025-06-27
001286,陕西能源,3.6,3750000000,2025-06-26
001333,光华股份,3.6,128000000,2025-06-25
920679,前进科技,3.6,55850000,2025-06-26
002869,金溢科技,2.0,179556341,2025-06-26
601061,中信金属,1.68,4900000000,2025-06-25
300806,斯迪克,0.1,453300503,2025-06-26
688519,南亚新材,1.0,238483650,2025-06-24
603100,川仪股份,2.75,513201484,2025-06-24
601038,一拖股份,2.995,1123645275,2025-06-25
688269,凯立新材,3.0,130704000,2025-06-26
920790,联迪信息,1.5,78967020,2025-06-27
688439,振华风光,1.63,200000000,2025-06-24
002941,新疆交建,1.5,645581082,2025-06-25
002116,中国海诚,3.09379,466056258,2025-06-26
920111,聚星科技,2.0,155154500,2025-06-25
002930,宏川智慧,2.0,457489586,2025-06-24
600054,黄山旅游,1.72,729379440,2025-06-25
688623,双元科技,10.72,59142700,2025-06-24
688258,卓易信息,1.0,121142237,2025-06-24
603836,海程邦达,1.5,205235237,2025-06-25
002800,天顺股份,0.3,152253067,2025-06-25
603115,海星股份,6.0,239200000,2025-06-25
300610,晨化股份,2.0,215007980,2025-06-26
603556,海兴电力,7.0,486264170,2025-06-24
300623,捷捷微电,1.5,832079919,2025-06-26
600867,通化东宝,2.5,1958542829,2025-06-25
600363,联创光电,0.54,453514450,2025-06-25
601225,陕西煤业,11.36,9695000000,2025-06-25
300154,瑞凌股份,2.0,449555201,2025-06-26
300021,大禹节水,0.6,896717698,2025-06-24
600409,三友化工,0.73,2064349448,2025-06-25
002049,紫光国微,2.1,849623466,2025-06-26
000951,中国重汽,4.05,1174869360,2025-06-27
000738,航发控制,1.72,1315184001,2025-06-26
603326,我乐家居,3.0,319176930,2025-06-25
600128,苏豪弘业,1.0,246767500,2025-06-27
000605,渤海股份,0.2,352658600,2025-06-25
301261,恒工精密,2.5,87890196,2025-06-27
601677,明泰铝业,1.19,1243704027,2025-06-25
603517,ST绝味,3.3,606001936,2025-06-25
688576,西山科技,10.0,45500060,2025-06-25
600968,海油发展,1.35,10165104199,2025-06-26
300113,顺网科技,0.9,683566082,2025-06-26
600268,国电南自,1.4,1016093562,2025-06-26
688719,爱科赛博,1.6513,115385418,2025-06-25
688147,微导纳米,0.44,461157283,2025-06-25
000936,华西股份,0.2,886012887,2025-06-26
600035,楚天高速,1.7,1610115901,2025-06-27
000923,河钢资源,5.0,652728961,2025-06-25
001359,平安电工,3.6,185503165,2025-06-26
000596,古井贡酒,50.0,528600000,2025-06-26
000887,中鼎股份,1.5,1316489747,2025-06-27
605336,*ST帅电,3.25,183412450,2025-06-26
002977,*ST天箭,1.8,120120000,2025-06-26
002896,中大力德,2.6,151171285,2025-06-27
002918,蒙娜丽莎,2.0,415185333,2025-06-26
603232,格尔软件,0.5,236050695,2025-06-25
920088,科力股份,0.8,88071500,2025-06-27
601952,苏垦农发,2.1,1378000000,2025-06-27
688059,华锐精密,6.0,62257132,2025-06-25
002701,奥瑞金,1.2,2559760469,2025-06-27
605567,春雪食品,1.0,200000000,2025-06-25
300811,铂科新材,2.0,288888844,2025-06-27
688700,东威科技,1.0,298401360,2025-06-26
688357,建龙微纳,2.0,100058481,2025-06-26
300408,三环集团,3.8,1916497371,2025-06-25
600007,中国国贸,11.0,1007282534,2025-06-26
920405,海希通讯,0.3,140260000,2025-06-27
002893,京能热力,1.02,263640000,2025-06-26
301586,佳力奇,2.0,82975503,2025-06-26
002302,西部建设,1.25,1262354304,2025-06-26
000807,云铝股份,1.8,3467957405,2025-06-26
603602,纵横通信,0.5,229338293,2025-06-25
920720,吉冈精密,1.6,190219400,2025-06-27
920455,汇隆活塞,1.8,177450000,2025-06-27
000725,京东方A,0.5,37413880464,2025-06-25
603699,纽威股份,11.4,768573661,2025-06-25
603365,水星家纺,9.0,262673500,2025-06-25
300515,三德科技,3.0,205754500,2025-06-27
688432,有研硅,0.6,1247621058,2025-06-25
688129,东来技术,1.5,120478800,2025-06-25
603276,恒兴新材,1.25,207649497,2025-06-25
920204,沪江材料,0.6,94287797,2025-06-27
000528,柳工,2.729996,2019241574,2025-06-26
300130,新国都,2.0,567299123,2025-06-26
605189,富春染织,1.8,149766330,2025-06-26
688219,会通股份,1.5,477753717,2025-06-26
002959,小熊电器,10.0,157038674,2025-06-26
002311,海大集团,11.0,1663749970,2025-06-27
002821,凯莱英,11.0,360593720,2025-06-26
003009,中天火箭,0.379999,155393745,2025-06-25
688138,清溢光电,1.7,314800000,2025-06-25
000537,绿发电力,2.0,2066602352,2025-06-25
002948,青岛银行,1.6,5820354724,2025-06-26
300789,唐源电气,1.52,143849057,2025-06-27
000885,城发环境,3.56,642078255,2025-06-25
600572,康恩贝,1.5,2584790946,2025-06-25
001300,三柏硕,0.1,243775914,2025-06-26
002448,中原内配,1.3,588409646,2025-06-27
603282,亚光股份,2.35,133820000,2025-06-25
300201,海伦哲,0.3,1009043607,2025-06-26
300992,泰福泵业,0.75,95177803,2025-06-27
920006,晟楠科技,1.1,90287200,2025-06-27
601636,旗滨集团,0.45,2683574877,2025-06-26
688408,中信博,10.0,219065886,2025-06-26
002226,江南化工,0.65,2648922855,2025-06-26
600850,电科数字,3.5,686124064,2025-06-26
920099,瑞华技术,2.0,78399998,2025-06-27
001317,三羊马,1.0,80046296,2025-06-25
920579,机科股份,0.32,129480000,2025-06-30
002039,黔源电力,0.6,427558126,2025-06-27
600862,中航高科,2.49,1393049107,2025-06-27
001282,三联锻造,1.0,158704000,2025-06-26
600742,富维股份,2.5,743057880,2025-06-27
688628,优利德,10.0,111781048,2025-06-30
601318,中国平安,16.2,18210234607,2025-06-30
300913,兆龙互连,1.2,259561736,2025-06-27
920163,方大新材,1.1,128715160,2025-06-27
002035,华帝股份,3.0,847653618,2025-06-26
600519,贵州茅台,276.73,1256197800,2025-06-26
600487,亨通光电,2.3,2466734657,2025-06-27
600308,华泰股份,0.08,1516870176,2025-06-27
688292,浩瀚深度,1.2,158346667,2025-06-26
301518,长华化学,1.67,140178204,2025-06-26
600600,青岛啤酒,22.0,1364196788,2025-06-27
002131,利欧股份,0.3,6771778703,2025-06-26
920469,富恒新材,0.5,140946000,2025-06-30
601698,中国卫通,0.323,4224385412,2025-06-27
002843,泰嘉股份,1.0,251737562,2025-06-27
001395,亚联机械,6.2,87240000,2025-06-26
002066,瑞泰科技,1.5,231000000,2025-06-27
002714,牧原股份,5.742689,5462768373,2025-06-26
002819,东方中科,0.3,299610100,2025-06-27
002580,圣阳股份,0.4,453868993,2025-06-27
000652,泰达股份,0.3,1475573852,2025-06-26
002364,中恒电气,1.0,563564960,2025-06-27
002304,洋河股份,23.17,1506445074,2025-06-27
688355,明志科技,4.5,123956072,2025-06-26
002946,新乳业,2.5,860676864,2025-06-26
688685,迈信林,1.57,145426667,2025-06-27
600738,丽尚国潮,0.15,761335236,2025-06-27
300636,同和药业,0.4,419951495,2025-06-27
300580,贝斯特,1.4,500543865,2025-06-30
300488,恒锋工具,2.0,173136506,2025-06-27
002111,威海广泰,1.0,532005861,2025-06-27
001213,中铁特货,0.61,4444444444,2025-06-27
002975,博杰股份,1.27029,158502693,2025-06-27
002497,雅化集团,0.4,1152562520,2025-06-27
001203,大中矿业,2.0,1508021588,2025-06-26
600585,海螺水泥,7.1,5299302579,2025-06-27
301177,迪阿股份,5.0,400010000,2025-06-27
001222,源飞宠物,1.5,190890000,2025-06-27
000758,中色股份,0.46027,1991672070,2025-06-26
600580,卧龙电驱,1.5,1302622626,2025-06-27
002797,第一创业,0.64,4202400000,2025-06-27
002863,今飞凯达,0.17,599483554,2025-06-27
603989,艾华集团,1.5,401130603,2025-06-27
001219,青岛食品,3.0,194983750,2025-06-27
000539,粤电力A,0.2,5250283986,2025-06-26
002927,泰永长征,0.5,223192180,2025-06-26
300962,中金辐照,1.46,264001897,2025-06-30
600050,中国联通,0.621,31264425327,2025-06-27
000529,广弘控股,1.2,583790330,2025-06-27
600201,生物股份,0.3,1120369226,2025-06-26
601077,渝农商行,1.102,11357000000,2025-06-27
603339,四方科技,2.36,309441175,2025-06-27
300215,电科院,0.05,749094187,2025-06-27
605369,拱东医疗,4.0,157578415,2025-06-26
600098,广州发展,2.7,3506306868,2025-06-27
601100,恒立液压,7.0,1340820992,2025-06-27
301225,恒勃股份,4.2,103380000,2025-06-30
301141,中科磁业,1.0,124032605,2025-06-27
301163,宏德股份,1.25,81600000,2025-06-27
600118,中国卫星,0.1,1182489135,2025-06-27
688605,先锋精科,2.0,202379856,2025-06-26
300493,润欣科技,0.2,512575047,2025-06-30
600015,华夏银行,3.05,15914928468,2025-06-26
000401,金隅冀东,1.0,2658216238,2025-06-26
301289,国缆检测,4.103443,78000000,2025-06-26
920167,同享科技,0.39,109706125,2025-06-30
000060,中金岭南,0.87,3737596809,2025-06-26
000728,国元证券,1.0,4363777891,2025-06-27
920576,天力复合,2.0,108950000,2025-06-27
603439,三力制药,3.4,409802216,2025-06-26
920002,万达轴承,2.0,32502120,2025-07-01
000089,深圳机场,1.2,2050769509,2025-06-27
600529,山东药玻,3.2,663614113,2025-06-27
605058,澳弘电子,6.0,142923950,2025-06-26
301086,鸿富瀚,8.0,90000000,2025-06-27
603726,朗迪集团,4.0,185651200,2025-06-27
300981,中红医疗,2.5,390007800,2025-06-27
688556,高测股份,1.8,546769034,2025-06-27
603979,金诚信,4.5,623777804,2025-06-27
688090,瑞松科技,1.0,94194479,2025-06-26
300867,圣元环保,0.68,271741053,2025-06-27
920701,豪声电子,3.0,98000000,2025-06-30
002500,山西证券,0.5,3589771547,2025-06-27
600312,平高电气,0.67,1356921309,2025-06-26
600206,有研新材,1.09,846553332,2025-06-27
301355,南王科技,1.0,195097928,2025-06-27
002627,三峡旅游,1.0,724601378,2025-06-27
600327,大东方,0.3,884779518,2025-06-27
688616,西力科技,3.0,179378265,2025-06-27
603121,华培动力,2.0,338533715,2025-06-27
688591,泰凌微,2.05,240743536,2025-06-27
600509,天富能源,0.55,1374397407,2025-06-27
688575,亚辉龙,2.1,570426800,2025-06-27
600983,惠而浦,2.9,766439000,2025-06-27
603307,扬州金泉,6.0,67877000,2025-06-27
600988,赤峰黄金,1.6,1900411178,2025-06-27
300314,戴维医疗,0.87,288000000,2025-06-30
000030,富奥股份,1.5,1719810845,2025-06-30
600789,鲁抗医药,1.12,898669632,2025-06-27
688787,海天瑞声,3.5,60325180,2025-06-27
688596,正帆科技,2.796,292539068,2025-06-27
600958,东方证券,1.0,8496645292,2025-06-27
000932,华菱钢铁,1.0,6908632499,2025-06-27
300690,双一科技,2.1,165348919,2025-06-30
600880,博瑞传播,0.1,1093332092,2025-06-27
301137,哈焊华通,0.9,181813400,2025-06-30
002132,恒星科技,0.5,1401544698,2025-06-30
000927,中国铁物,0.27,6050353641,2025-06-27
600004,白云机场,1.57,2366718283,2025-06-27
600909,华安证券,1.0,4678398535,2025-06-30
000705,浙江震元,0.6,334123286,2025-06-27
600549,厦门钨业,4.2,1587585826,2025-06-27
301361,众智科技,0.88,116336000,2025-06-27
603630,拉芳家化,0.9,225204580,2025-06-27
688193,仁度生物,1.0,40000000,2025-06-27
601238,广汽集团,0.2,10197065900,2025-06-27
600893,航发动力,0.97,2665594238,2025-06-27
600010,包钢股份,0.02,45288619348,2025-06-27
600755,厦门国贸,1.7,2167463548,2025-06-27
003036,泰坦股份,1.239999,216041091,2025-06-27
002913,奥士康,6.026454,317360504,2025-06-27
300564,筑博设计,5.0,161315200,2025-06-27
000719,中原传媒,6.0,1023203749,2025-06-30
688116,天奈科技,1.46,366415836,2025-06-30
600378,昊华科技,2.8601,1289999620,2025-06-30
600861,北京人力,6.99,566112718,2025-06-27
600505,西昌电力,0.2,364567500,2025-06-27
601916,浙商银行,1.56,27464635963,2025-06-27
002462,嘉事堂,1.7,291707120,2025-06-30
300416,苏试试验,1.5,508547806,2025-06-30
688196,卓越新能,5.0,120000000,2025-06-27
300988,津荣天宇,1.67,140297357,2025-06-30
603628,清源股份,0.66,273800000,2025-06-27
600406,国电南瑞,4.35,8032088259,2025-06-27
603993,洛阳钼业,2.55,21499240619,2025-06-27
301588,美新科技,1.4,118867754,2025-06-27
301323,新莱福,5.0,104922890,2025-06-27
002098,浔兴股份,1.0,358000000,2025-07-01
301005,超捷股份,0.5,134267251,2025-07-01
688247,宣泰医药,0.37,453340000,2025-06-27
920792,东和新材,1.0,165540000,2025-06-30
002351,漫步者,2.5,889107000,2025-06-27
605179,一鸣食品,0.15,401000000,2025-06-27
300550,和仁科技,0.25,262560141,2025-06-30
920981,晶赛科技,1.5,76468000,2025-06-30
600517,国网英大,0.51,5718435744,2025-06-27
920019,铜冠矿建,2.0,210266700,2025-06-30
603112,华翔股份,1.17,539170563,2025-06-30
601825,沪农商行,1.93,9644444445,2025-06-27
600419,天润乳业,0.2099,320203603,2025-06-27
920118,太湖远大,10.0,50896000,2025-06-30
688259,创耀科技,0.45,111700000,2025-06-27
920407,驰诚股份,1.0,65680000,2025-06-30
001314,亿道信息,0.90641,140446000,2025-06-30
600566,济川药业,20.9,921704160,2025-06-30
301183,东田微,1.25,80000000,2025-07-01
600713,南京医药,1.7,1308916414,2025-06-30
688366,昊海生科,6.0,233193695,2025-06-30
000776,广发证券,4.0,7605845511,2025-06-30
300381,溢多利,1.0,491061461,2025-07-01
603358,华达科技,3.5,469743076,2025-06-30
920826,盖世食品,1.0,140515814,2025-07-01
300144,宋城演艺,2.0,2622612940,2025-06-30
600133,东湖高新,1.65,1066239875,2025-06-30
920564,天润科技,0.5,74253018,2025-07-01
688213,思特威,1.5,401841572,2025-06-30
688789,宏华数科,6.0,179451332,2025-06-30
600460,士兰微,0.4,1664071845,2025-06-30
603516,淳中科技,2.5,203266279,2025-06-30
688757,胜科纳米,1.49,403311486,2025-06-30
600512,腾达建设,0.2,1593810979,2025-06-30
600883,博闻科技,0.6,236088000,2025-06-30
003041,真爱美家,4.0,144000000,2025-06-30
301129,瑞纳智能,1.7,136082400,2025-07-02
600502,安徽建工,1.9,1716533938,2025-06-30
300259,新天科技,0.5,1169801516,2025-07-01
600426,华鲁恒升,3.0,2123219998,2025-06-30
300341,麦克奥迪,0.7,517410336,2025-07-01
001387,雪祺电气,1.2,183038400,2025-06-30
603409,汇通控股,5.0,126030000,2025-06-30
600085,同仁堂,5.0,1371470262,2025-06-30
300040,九洲集团,0.593337,611892406,2025-06-30
601098,中南传媒,4.5,1796000000,2025-06-30
002984,森麒麟,2.9,1035461001,2025-06-30
603231,索宝蛋白,3.0,191459105,2025-06-30
688026,洁特生物,0.73,140363220,2025-07-02
300450,先导智能,0.56,1566163034,2025-07-01
603869,ST智知,0.133,504500508,2025-07-02
000617,中油资本,0.57,12642079079,2025-07-03
300868,杰美特,0.45,127976000,2025-07-01
003026,中晶科技,1.5,129619000,2025-07-03
600604,市北高新,0.1,1873304804,2025-07-01
300664,鹏鹞环保,0.5,756256332,2025-07-03
603217,元利科技,3.5,208087600,2025-07-01
601518,吉林高速,0.86,1890553169,2025-07-03
002371,北方华创,10.6,534521084,2025-07-03
002523,天桥起重,0.15,1416640800,2025-07-03
601800,中国交建,1.6161,16278611425,2025-07-01
000997,新大陆,2.2,1032062937,2025-07-01
301221,光庭信息,2.0,92622300,2025-07-03
920641,格利尔,1.0,75075000,2025-07-03
600819,耀皮玻璃,0.07,934916069,2025-07-01
000560,我爱我家,0.043,2355500851,2025-07-03
600925,苏能股份,1.22,6888888889,2025-07-01
600703,三安光电,0.2,4989018727,2025-07-01
002286,保龄宝,0.6,380117380,2025-07-03
688103,国力电子,2.1047,95315536,2025-07-02
920961,创远信科,0.5,142840508,2025-07-03
301133,金钟股份,1.5,106623094,2025-07-03
603683,晶华新材,0.9,289699061,2025-07-01
920179,凯德石英,1.2,74970000,2025-07-02
920942,恒立钻具,1.5,61327100,2025-07-04
600305,恒顺醋业,1.0,1106471528,2025-07-01
000958,电投产融,0.69,5383418520,2025-07-01
920208,青矩技术,10.0,95574682,2025-07-02
002956,西麦食品,4.176,223246885,2025-07-03
003019,宸展光电,5.0,176396112,2025-07-02
001234,泰慕士,3.0,109413700,2025-07-03
603515,欧普照明,9.0,745148915,2025-07-04
002395,双象股份,1.5,268209000,2025-07-03
301335,天元宠物,1.0,126902800,2025-07-04
688120,华海清科,5.5,236724893,2025-07-03
002170,芭田股份,2.8,964092607,2025-07-04
688618,三旺通信,1.6,110364881,2025-07-03
001306,夏厦精密,1.63,62000000,2025-07-03
300827,上能电气,1.2,359555234,2025-07-04
300448,浩云科技,0.18,676517079,2025-07-04
300733,西菱动力,0.5,305676280,2025-07-04
002539,云图控股,1.0,1207723762,2025-07-03
301296,新巨丰,0.58,420000000,2025-07-04
688385,复旦微电,0.8,821427300,2025-07-03
301230,泓博医药,3.3,139586605,2025-07-04
600556,天下秀,0.086,1807747642,2025-07-03
603829,洛凯股份,1.25,160008269,2025-07-04
301275,汉朔科技,1.52,422400000,2025-07-03
300079,数码视讯,0.100104,1426028062,2025-07-04
002641,公元股份,0.5,1229093871,2025-07-04
301010,晶雪节能,2.0,108000000,2025-07-04
600729,重百集团,13.6216,440475577,2025-07-03
002925,盈趣科技,3.0,777441784,2025-07-03
920608,丰安股份,3.0,62240000,2025-07-03
300563,神宇股份,2.0,179430526,2025-07-03
601311,骆驼股份,2.9,1173146118,2025-07-04
920108,宏海科技,1.07,123000000,2025-07-03
603595,ST东尼,0.15,232442326,2025-07-02
603816,顾家家居,13.8,821891519,2025-07-04
000987,越秀资本,1.7,5017132462,2025-07-03
688608,恒玄科技,12.0,120045559,2025-07-02
300589,江龙船艇,0.1,377667996,2025-07-03
603091,众鑫股份,9.6,102238793,2025-07-02
688268,华特气体,6.0,120304849,2025-07-03
600773,西藏城投,0.1,951586865,2025-07-02
301395,仁信新材,1.0,202888000,2025-07-04
301601,惠通科技,1.8,140480000,2025-07-03
600197,伊力特,4.5,473174717,2025-07-03
600335,国机汽车,0.8,1495788692,2025-07-03
300265,通光线缆,0.4,458300449,2025-07-04
601615,明阳智能,3.041,2271496706,2025-07-04
603839,安正时尚,1.0,389034500,2025-07-02
001218,丽臣实业,5.1,130178260,2025-07-04
600461,洪城环境,4.64,1284155178,2025-07-04
002203,海亮股份,1.8,2001129937,2025-07-04
688146,中船特气,1.73,529411765,2025-07-03
002028,思源电气,4.998403,778405282,2025-07-04
600329,达仁堂,12.8,770094356,2025-07-04
688251,井松智能,1.48,86846810,2025-07-07
300945,曼卡龙,1.4,262071629,2025-07-04
000948,南天信息,0.9,393617825,2025-07-04
600693,东百集团,0.3,869846246,2025-07-04
002212,天融信,0.2,1179453879,2025-07-03
600977,中国电影,0.11,1867000000,2025-07-07
688778,厦钨新能,4.0,420771001,2025-07-03
002246,北化股份,0.2,549034794,2025-07-03
300001,特锐德,1.5,1055691713,2025-07-04
001211,双枪科技,2.11404,72000000,2025-07-07
002230,科大讯飞,1.0,2311692581,2025-07-04
001296,长江材料,2.0,149591086,2025-07-04
603768,常青股份,0.58,237955857,2025-07-04
003816,中国广核,0.95,50498611100,2025-07-03
301126,达嘉维康,0.818,205403200,2025-07-07
300759,康龙化成,2.0,1778195525,2025-07-04
600489,中金黄金,3.88,4847312564,2025-07-03
600814,杭州解百,1.37,735105598,2025-07-04
000565,渝三峡A,0.15,433592220,2025-07-04
002890,弘宇股份,0.26,169875160,2025-07-04
300587,天铁科技,0.269515,1298268797,2025-07-04
002038,双鹭药业,0.2,1027350000,2025-07-04
000661,长春高新,26.0,407937529,2025-07-04
301348,蓝箭电子,0.6,200000000,2025-07-04
301019,宁波色母,6.0,167999995,2025-07-07
600731,湖南海利,2.0,558742416,2025-07-04
601801,皖新传媒,1.0,1957931237,2025-07-04
600853,龙建股份,0.4,1014031746,2025-07-03
603150,万朗磁塑,1.7,85483000,2025-07-04
300810,中科海讯,0.2,118050000,2025-07-07
600718,东软集团,1.5,1207166838,2025-07-03
301311,昆船智能,0.54,240000000,2025-07-04
002748,世龙实业,0.5,240000000,2025-07-04
002006,精工科技,1.5,519793440,2025-07-04
600908,无锡银行,2.2,2194681695,2025-07-04
600323,瀚蓝环境,8.0,815347146,2025-07-04
300512,中亚股份,0.5,407640875,2025-07-04
600784,鲁银投资,0.66,675652277,2025-07-03
301048,金鹰重工,0.621171,533333400,2025-07-07
603986,兆易创新,3.4,664059190,2025-07-03
300638,广和通,3.5,765453542,2025-07-04
601778,晶科科技,0.279,3570973871,2025-07-03
301009,可靠股份,0.7,271860000,2025-07-04
002686,亿利达,0.1,566239133,2025-07-07
000551,创元科技,1.0,403944205,2025-07-04
605208,永茂泰,0.39,329940000,2025-07-04
002931,锋龙股份,0.5,218505856,2025-07-04
002399,海普瑞,2.5,1467296204,2025-07-07
603861,白云电器,1.0,492559946,2025-07-07
600917,重庆燃气,0.71,1561039760,2025-07-07
300955,嘉亨家化,2.8,100800000,2025-07-07
605577,龙版传媒,1.5,444444445,2025-07-04
603324,盛剑科技,1.25,149074060,2025-07-04
600796,钱江生化,0.31,866585766,2025-07-04
002738,中矿资源,5.0,721491877,2025-07-04
002340,格林美,0.66,5124299057,2025-07-04
603357,设计总院,2.8,560577909,2025-07-07
002940,昂利康,1.25,201728186,2025-07-07
688728,格科微,0.22,2600586667,2025-07-04
002044,美年健康,0.135,3914253923,2025-07-04
002159,三特索道,2.5,177301325,2025-07-04
603005,晶方科技,0.84,652171706,2025-07-04
000778,新兴铸管,0.2,3963182285,2025-07-04
600562,国睿科技,1.57,1241857840,2025-07-04
688348,昱能科技,4.0,156277435,2025-07-04
600714,金瑞矿业,0.25,288176273,2025-07-04
920368,连城数控,1.5,234780440,2025-07-09
601088,中国神华,22.6,19868519955,2025-07-07
300772,运达股份,0.6,786929305,2025-07-08
000407,胜利股份,0.42,880084656,2025-07-07
603681,永冠新材,1.5,191131005,2025-07-08
603176,汇通集团,0.23,474321207,2025-07-07
600510,黑牡丹,0.41,1032025457,2025-07-07
605080,浙江自然,1.97,141573040,2025-07-04
603589,口子窖,13.0,600000000,2025-07-07
003001,中岩大地,2.814904,126558626,2025-07-07
300357,我武生物,1.2,523584000,2025-07-08
605151,西上海,0.8,134554222,2025-07-04
600821,金开新能,1.0,1997263453,2025-07-08
002828,贝肯能源,0.5,200987600,2025-07-08
600073,光明肉业,0.7,937729472,2025-07-08
600459,贵研铂业,2.4014,760295046,2025-07-07
603488,展鹏科技,0.3,291990440,2025-07-07
601226,华电科工,0.3403,1165722300,2025-07-07
300355,蒙草生态,0.04,1604242081,2025-07-09
300055,万邦达,0.15,836749606,2025-07-08
603966,法兰泰克,2.3,398700736,2025-07-07
301293,三博脑科,1.48,205986987,2025-07-09
300180,华峰超纤,0.05,1761060155,2025-07-09
600809,山西汾酒,36.0,1219964222,2025-07-07
601007,金陵饭店,0.7,390000000,2025-07-08
300398,飞凯材料,0.65,566946450,2025-07-08
000821,ST京机,0.7,622874778,2025-07-08
300625,三雄极光,3.0,279331000,2025-07-08
300327,中颖电子,2.0,341389229,2025-07-09
001316,润贝航科,3.65,82239000,2025-07-07
002835,同为股份,3.2,219493931,2025-07-09
002101,广东鸿图,3.13,664376239,2025-07-07
600864,哈投股份,0.5,2080570520,2025-07-09
920098,科隆新材,3.0,81320369,2025-07-08
000777,中核科技,1.74,383417593,2025-07-08
600101,明星电力,1.2,547862471,2025-07-08
600587,新华医疗,2.5,606677919,2025-07-07
920925,锦好医疗,0.3,97210643,2025-07-10
688102,斯瑞新材,0.4,731423882,2025-07-07
301387,光大同创,1.496165,106763948,2025-07-08
600356,恒丰纸业,1.2,298731378,2025-07-09
600180,*ST瑞茂,0.25,1086627464,2025-07-07
300738,奥飞数据,0.13,985152531,2025-07-08
301139,*ST元道,0.35,121580800,2025-07-09
920489,佳先股份,1.8,136459200,2025-07-09
002824,和胜股份,1.7,279114081,2025-07-08
002929,润建股份,1.3,284083084,2025-07-08
002722,物产金轮,2.3,206604363,2025-07-09
300987,川网传媒,1.25,173368000,2025-07-08
301115,联检科技,3.5,185159340,2025-07-08
000589,贵州轮胎,1.3,1554688404,2025-07-07
605108,同庆楼,1.2,260000000,2025-07-08
600872,中炬高新,4.2,778991206,2025-07-07
301149,隆华新材,0.8,430000018,2025-07-09
920718,合肥高科,1.0,90666700,2025-07-08
002239,奥特佳,0.031,3309623844,2025-07-08
300692,中赋科技,0.299991,424507648,2025-07-08
300861,美畅股份,5.0,480012000,2025-07-08
603053,成都燃气,3.0,888890000,2025-07-07
603901,永创智能,0.15,487673223,2025-07-08
601965,中国汽研,2.4,1003054887,2025-07-09
605376,博迁新材,1.5,261600000,2025-07-08
301333,诺思格,1.6,96581256,2025-07-08
300407,凯发电气,1.0,318200493,2025-07-08
601512,中新集团,1.28,1498890000,2025-07-08
300414,中光防雷,0.1,326019466,2025-07-08
601568,北元化工,1.0,3972222224,2025-07-07
300717,华信新材,2.0,102775000,2025-07-08
002613,北玻股份,0.3,1100568692,2025-07-08
002201,九鼎新材,0.14,651636241,2025-07-07
002063,远光软件,0.3,1905096000,2025-07-08
002222,福晶科技,1.0,470250000,2025-07-09
002149,西部材料,2.0,488214274,2025-07-09
600521,华海药业,2.5,1497251081,2025-07-10
600163,中闽能源,0.83,1902996143,2025-07-10
600611,大众交通,0.3,2364122864,2025-07-08
600011,华能国际,2.7,15698093359,2025-07-10
002510,天汽模,0.3,1015138708,2025-07-09
920932,科达自控,0.3,77280000,2025-07-11
603032,德新科技,0.56,233514680,2025-07-08
601992,金隅集团,0.5,10677771134,2025-07-09
688472,阿特斯,0.9341,3688217324,2025-07-08
003037,三和管桩,0.5,599074678,2025-07-09
000919,金陵药业,1.0,623708628,2025-07-08
920699,海达尔,6.5,45625300,2025-07-10
301082,久盛电气,1.0,226309174,2025-07-10
603151,邦基科技,1.5,169569671,2025-07-09
688003,天准科技,5.0,193595000,2025-07-08
600195,中牧股份,0.23,1021148260,2025-07-08
301190,善水科技,1.5,214636500,2025-07-09
002544,普天科技,0.083,680533890,2025-07-10
920014,特瑞斯,2.0,124448188,2025-07-10
603848,好太太,2.0,402406511,2025-07-08
920931,无锡鼎邦,1.0,93930000,2025-07-10
600578,京能电力,1.2,6694621015,2025-07-09
300031,宝通科技,1.0,418746695,2025-07-09
002646,天佑德酒,0.11,482002974,2025-07-10
000541,佛山照明,1.2,1535778230,2025-07-09
301203,国泰环保,7.0,80000000,2025-07-10
002589,瑞康医药,0.04,1504710471,2025-07-08
688037,芯源微,1.1,201277846,2025-07-08
605268,王力安防,2.0,446302500,2025-07-08
301160,翔楼新材,10.0,81053314,2025-07-09
000400,许继电气,1.5,1018749309,2025-07-09
000425,徐工机械,1.8,11753715813,2025-07-09
603180,金牌家居,3.92,154257088,2025-07-09
688480,赛恩斯,6.3,95326179,2025-07-08
002983,芯瑞达,2.5,223435220,2025-07-10
002406,远东传动,1.5,730225082,2025-07-09
920351,华光源海,1.0,88035439,2025-07-11
301098,金埔园林,0.5,183934959,2025-07-09
301397,溯联股份,8.0,119942266,2025-07-10
688325,赛微微电,10.0,86139015,2025-07-08
000682,东方电子,0.45,1340727007,2025-07-09
002183,怡亚通,0.1,2597009091,2025-07-08
601928,凤凰传媒,5.0,2544900000,2025-07-09
300491,通合科技,0.68,174738099,2025-07-09
002365,永安药业,1.0,294682500,2025-07-09
002985,北摩高科,0.23,331853600,2025-07-09
300487,蓝晓科技,6.0,507665541,2025-07-09
603711,香飘飘,2.5,412874100,2025-07-09
002128,电投能源,8.0,2241573493,2025-07-10
688588,凌志软件,2.0,400010003,2025-07-09
002553,南方精工,1.0,348000000,2025-07-08
002057,中钢天源,0.64,753883706,2025-07-09
301108,洁雅股份,1.0,80397323,2025-07-10
300109,新开源,2.493056,486050005,2025-07-10
600109,国金证券,1.2,3712559510,2025-07-09
605196,华通线缆,0.635,508242781,2025-07-08
002300,太阳电缆,1.1,722333700,2025-07-10
600697,欧亚集团,1.0,159088075,2025-07-08
000404,长虹华意,3.0,695995979,2025-07-10
301006,迈拓股份,2.0,139280000,2025-07-09
001309,德明利,3.0,161770306,2025-07-10
002958,青农商行,1.2,5555619241,2025-07-09
605183,确成股份,3.0,415883145,2025-07-09
002078,太阳纸业,3.0,2794535119,2025-07-10
600056,中国医药,0.8565,1495879748,2025-07-10
002423,中粮资本,1.58,2304105575,2025-07-11
300034,钢研高纳,1.0,796961563,2025-07-11
002270,华明装备,2.2,896225431,2025-07-09
301510,固高科技,0.39,400010000,2025-07-11
603020,爱普股份,1.8,383237774,2025-07-09
601998,中信银行,1.722,55645162264,2025-07-10
300430,*ST益通,0.45,273046796,2025-07-11
688484,南芯科技,2.0,425702911,2025-07-09
688367,工大高科,1.1,87624600,2025-07-10
920832,齐鲁华信,0.8,138763865,2025-07-11
600966,博汇纸业,0.2844,1336844288,2025-07-10
300136,信维通信,0.5,967568638,2025-07-11
002752,昇兴股份,1.0,976918468,2025-07-10
600894,广日股份,6.0,857056145,2025-07-11
688592,司南导航,1.2,62160000,2025-07-09
002936,郑州银行,0.2,9092091358,2025-07-10
002238,天威视讯,0.5,802559160,2025-07-10
600967,内蒙一机,0.7,1701794667,2025-07-11
002847,盐津铺子,10.0,272779679,2025-07-10
301197,工大科雅,1.0,120540000,2025-07-11
002407,多氟多,2.0,1190432569,2025-07-09
002065,东华软件,0.5,3205482375,2025-07-11
300797,钢研纳克,1.2,382783800,2025-07-11
601233,桐昆股份,1.0,2404779773,2025-07-10
300809,华辰装备,1.0,253539200,2025-07-10
300176,鸿特科技,0.2,387280800,2025-07-10
600919,江苏银行,2.144,18351324463,2025-07-10
688089,嘉必优,2.0094,168309120,2025-07-10
000789,万年青,1.5,797407415,2025-07-10
002595,豪迈科技,4.0,800000000,2025-07-10
600236,桂冠电力,1.2,7882377802,2025-07-11
601177,杭齿前进,0.6,407975000,2025-07-10
600262,北方股份,3.16,170000000,2025-07-11
600283,钱江水利,2.5,560824898,2025-07-10
000957,中通客车,0.5,592903936,2025-07-11
300140,节能环境,0.6,3099067016,2025-07-10
688639,华恒生物,2.5,250115693,2025-07-10
002767,先锋电子,0.44,150000000,2025-07-10
001278,一彬科技,1.0,123733400,2025-07-10
603663,三祥新材,0.75,423299750,2025-07-10
601169,北京银行,2.0,21142984272,2025-07-10
002917,金奥博,1.0,347614197,2025-07-10
002347,泰尔股份,0.2,504702276,2025-07-09
301500,飞南资源,1.3,402100778,2025-07-10
002051,中工国际,1.25,1237408937,2025-07-10
301055,张小泉,1.2,156000000,2025-07-11
603205,健尔康,3.51,120000000,2025-07-09
920092,汉鑫科技,0.5,62079700,2025-07-10
601789,宁波建工,1.0,1086798590,2025-07-11
688290,景业智能,0.6453,102189714,2025-07-09
688002,睿创微纳,0.8,456962515,2025-07-09
603319,美湖股份,2.1,242249770,2025-07-09
300675,建科院,0.1,146666700,2025-07-11
002218,拓日新能,0.1,1413020549,2025-07-09
002368,太极股份,0.925,623231286,2025-07-10
002788,鹭燕医药,3.5,388516736,2025-07-10
600023,浙能电力,2.9,13408732749,2025-07-09
002287,奇正藏药,3.8,531237399,2025-07-10
300597,吉大通信,0.04,272570030,2025-07-10
603202,天有为,24.9,160000000,2025-07-09
600039,四川路桥,3.77,8710039485,2025-07-11
000623,吉林敖东,3.0,1195895387,2025-07-09
601700,风范股份,0.2,1142246700,2025-07-09
688581,安杰思,13.735,80978794,2025-07-09
002250,联化科技,0.2,911333117,2025-07-10
000998,隆平高科,0.4,1469448061,2025-07-09
002192,融捷股份,1.66,259655203,2025-07-10
300631,久吾高科,1.8,125043424,2025-07-10
603270,金帝股份,0.5,219106667,2025-07-10
000557,西部创业,0.5,1458374735,2025-07-11
600783,鲁信创投,0.7,744359294,2025-07-10
301076,新瀚新材,1.0,134524000,2025-07-10
000636,风华高科,1.5,1157013211,2025-07-11
600027,华电国际,1.3,10906424390,2025-07-14
688210,统联精密,1.5,160241309,2025-07-10
000968,蓝焰控股,0.3,967502660,2025-07-11
603328,依顿电子,1.98,998442611,2025-07-11
600938,中国海油,6.0506,47529953984,2025-07-11
601616,广电电气,0.7,853675319,2025-07-11
600531,豫光金铅,2.25,1090258350,2025-07-11
688485,九州一轨,0.234,150292062,2025-07-11
600798,宁波海运,0.2,1206534201,2025-07-10
000530,冰山冷热,0.5,843212507,2025-07-11
300798,锦鸡股份,0.1,468840951,2025-07-11
603331,百达精工,0.8,202175636,2025-07-11
002169,智光电气,0.8,782704094,2025-07-10
000819,岳阳兴长,1.0,369697506,2025-07-11
002488,金固股份,0.1,995439065,2025-07-14
300527,ST应急,0.026268,986902597,2025-07-11
002986,宇新股份,3.036321,383500152,2025-07-11
000429,粤高速A,5.23,2090806126,2025-07-14
600398,海澜之家,1.8,4802770296,2025-07-10
605222,起帆电缆,0.4,412901024,2025-07-10
603177,德创环保,0.4,206154000,2025-07-10
000591,太阳能,0.559889,3918568213,2025-07-11
603800,洪田股份,1.0,208000000,2025-07-10
688627,精智达,3.191,94011754,2025-07-10
688531,日联科技,6.0,114504414,2025-07-10
600981,苏豪汇鸿,0.1,2242433192,2025-07-11
600495,晋西车轴,0.14,1208190886,2025-07-11
601628,中国人寿,4.5,28264705000,2025-07-10
002526,山东矿机,0.1,1782793836,2025-07-11
600382,广东明珠,1.0,694408089,2025-07-11
600859,王府井,0.8,1123931424,2025-07-10
301080,百普赛斯,4.0,120000000,2025-07-11
603733,仙鹤股份,5.0,705976114,2025-07-10
600795,国电电力,1.1,17835619082,2025-07-10
603275,众辰科技,1.695,148771851,2025-07-11
000417,合百集团,1.1,779884200,2025-07-11
301285,鸿日达,0.5,206670000,2025-07-11
001391,国货航,0.65,12208881225,2025-07-11
600928,西安银行,1.0,4444444445,2025-07-11
603122,合富中国,1.3,398052633,2025-07-14
601006,大秦铁路,1.4,20147177716,2025-07-11
002034,旺能环境,3.008441,433984137,2025-07-11
301201,诚达药业,2.0,154713824,2025-07-10
600016,民生银行,0.62,43782418502,2025-07-14
688012,中微公司,3.0,626145307,2025-07-10
301093,华兰股份,2.0,126308942,2025-07-14
002225,濮耐股份,0.5,1010436311,2025-07-11
002025,航天电器,2.3,455425988,2025-07-11
600089,特变电工,2.5,5052792571,2025-07-10
600036,招商银行,20.0,25219845601,2025-07-11
300002,神州泰岳,1.0,1962564954,2025-07-11
300375,鹏翎股份,0.36,755378818,2025-07-14
000552,甘肃能化,0.68,5351807601,2025-07-10
600874,创业环保,1.7,1570418085,2025-07-11
001336,楚环科技,1.2,80373500,2025-07-11
301063,海锅股份,1.5,104360724,2025-07-11
002576,通达动力,0.8,165100000,2025-07-11
603225,新凤鸣,2.25,1524654505,2025-07-11
603729,ST龙韵,0.1,93338000,2025-07-11
600641,先导基电,0.4325,930629920,2025-07-11
000737,北方铜业,1.1,1904716435,2025-07-14
601179,中国西电,0.22,5125882352,2025-07-11
605259,绿田机械,6.0,172480000,2025-07-11
688383,新益昌,2.0,102133600,2025-07-11
600616,金枫酒业,0.5,669004950,2025-07-11
605133,嵘泰股份,1.5,217543532,2025-07-11
600736,苏州高新,0.18,1151292907,2025-07-11
600392,盛和资源,1.0,1752826570,2025-07-11
688206,概伦电子,0.3,435177853,2025-07-11
002252,上海莱士,0.33,6637984837,2025-07-14
300174,元力股份,1.3,364210360,2025-07-11
002015,协鑫能科,1.0,1623324614,2025-07-11
688215,瑞晟智能,1.0032,52052000,2025-07-11
000039,中集集团,1.76,5392520385,2025-07-11
603201,常润股份,4.1,158365435,2025-07-11
601369,陕鼓动力,2.7,1723474492,2025-07-11
600033,福建高速,0.5,2744400000,2025-07-11
601101,昊华能源,4.58,1439997926,2025-07-11
002358,森源电气,0.2,929756977,2025-07-11
688419,耐科装备,4.0,82000000,2025-07-11
000096,广聚能源,0.75,528000000,2025-07-11
603300,海南华铁,0.2529,1990650596,2025-07-11
688046,药康生物,1.1,410000000,2025-07-11
000090,天健集团,1.0,1868545434,2025-07-11
002851,麦格米特,0.5,547693154,2025-07-11
688356,键凯科技,1.5,60650700,2025-07-11
301267,华厦眼科,2.2,840000000,2025-07-14
600062,华润双鹤,3.71,1038836522,2025-07-11
300747,锐科激光,0.18,564802491,2025-07-11
688111,金山办公,8.9852,463179293,2025-07-11
600642,申能股份,4.5,4894094676,2025-07-11
300376,易事特,0.210657,2328240476,2025-07-14
000983,山西焦煤,2.2,5677101059,2025-07-11
688080,映翰通,2.0044,73851842,2025-07-11
300384,三联虹普,2.2,319007265,2025-07-14
600483,福能股份,3.1,2780137800,2025-07-11
002674,兴业科技,1.5,295550944,2025-07-15
688333,铂力特,1.12,271768196,2025-07-15
688363,华熙生物,1.1,481678242,2025-07-14
603718,*ST海利,0.784,655662200,2025-07-15
603266,天龙股份,1.7,198886750,2025-07-15
603190,亚通精工,2.0,120000000,2025-07-15
603272,*ST联翔,1.0,103627000,2025-07-14
000966,长源电力,0.72,3481035016,2025-07-15
603318,水发燃气,0.68,459070924,2025-07-15
601881,中国银河,1.96,10934402256,2025-07-14
603808,歌力思,0.5,369092878,2025-07-14
600123,兰花科创,1.5,1473240021,2025-07-14
300503,昊志机电,0.53,306072836,2025-07-15
300337,银邦股份,0.1,821920000,2025-07-14
600360,华微电子,0.4,960295304,2025-07-14
603281,江瀚新材,10.0,373333334,2025-07-16
601398,工商银行,1.646,356406257089,2025-07-14
300858,科拓生物,1.5,263495118,2025-07-16
603883,老百姓,0.8,760095613,2025-07-14
600612,老凤祥,17.2,523117764,2025-07-15
600278,东方创业,0.74,877143737,2025-07-14
002475,立讯精密,1.998725,7252015767,2025-07-14
601949,中国出版,1.02,1903968054,2025-07-14
300404,博济医药,0.12,384533803,2025-07-15
600352,浙江龙盛,2.5,3253331860,2025-07-16
603969,银龙股份,0.8,857344000,2025-07-14
603708,家家悦,0.8,638338675,2025-07-15
688398,赛特新材,1.0,167813997,2025-07-14
688067,爱威科技,1.0,68000000,2025-07-14
000680,山推股份,0.6,1500142612,2025-07-15
002481,双塔食品,0.201355,1233696500,2025-07-15
300814,中富电路,1.0,191430132,2025-07-14
600689,上海三毛,0.15,200991343,2025-07-15
600366,宁波韵升,0.5,1099041051,2025-07-14
688691,灿芯股份,1.7,120000000,2025-07-14
002016,世荣兆业,0.1,809095632,2025-07-14
603161,科华控股,1.67,194407705,2025-07-14
300413,芒果超媒,2.2,1870720815,2025-07-16
300161,华中数控,0.1,198696906,2025-07-14
002026,山东威达,0.8,440531939,2025-07-16
002142,宁波银行,9.0,6603590792,2025-07-16
603690,至纯科技,0.501,383644650,2025-07-15
603128,华贸物流,1.74,1309046494,2025-07-15
002460,赣锋锂业,1.5,2017167779,2025-07-17
002651,利君股份,0.6,1033460000,2025-07-17
603505,金石资源,0.5,601802523,2025-07-15
603137,恒尚节能,0.8,182933334,2025-07-15
601118,海南橡胶,0.109,4279427797,2025-07-15
600999,招商证券,3.77,8696526806,2025-07-16
600548,深高速,2.44,2537856127,2025-07-15
002352,顺丰控股,4.4,5062692017,2025-07-17
600429,三元股份,0.12,1509176043,2025-07-15
600810,神马股份,0.5,1015108086,2025-07-17
600516,方大炭素,0.2,4025970368,2025-07-16
600229,城市传媒,0.7,660707784,2025-07-15
300933,中辰股份,0.3,469659755,2025-07-17
600515,海南机场,0.05,11425309602,2025-07-17
000685,中山公用,0.82,1475111351,2025-07-16
600467,好当家,0.0892,1460994304,2025-07-17
600248,陕建股份,0.9,3739735286,2025-07-17
300788,中信出版,3.18,190151515,2025-07-17
688096,京源环保,1.5,165897988,2025-07-15
600623,华谊集团,1.8,2122831280,2025-07-15
600668,尖峰集团,1.0,344083828,2025-07-15
601816,京沪高铁,1.182,48925679370,2025-07-15
002745,木林森,0.5,1484166399,2025-07-16
300182,捷成股份,0.05,2663825632,2025-07-15
601288,农业银行,1.255,349983033873,2025-07-17
002545,东方铁塔,3.0,1244062083,2025-07-16
002392,北京利尔,0.33,1190490839,2025-07-17
002048,宁波华翔,4.69,813833122,2025-07-16
600348,华阳股份,3.09,3607500000,2025-07-15
688358,祥生医疗,10.0,112124537,2025-07-15
300592,华凯易佰,0.5,404361469,2025-07-16
688380,中微半导,2.5,400365000,2025-07-17
000753,漳州发展,0.15,991481071,2025-07-16
688633,星球石墨,3.5,143769462,2025-07-15
600020,中原高速,1.7,2247371832,2025-07-15
002097,山河智能,0.2,1074617264,2025-07-16
600475,华光环能,3.5,955965729,2025-07-16
600420,国药现代,2.0,1341172692,2025-07-18
002551,尚荣医疗,0.08,845494578,2025-07-18
002093,国脉科技,0.8,1007500000,2025-07-16
002679,福建金森,0.366,235756000,2025-07-16
600026,中远海能,2.1,4770776395,2025-07-17
600637,东方明珠,1.8,3361899817,2025-07-16
002880,卫光生物,2.0,226800000,2025-07-17
920985,海泰新能,2.5,309476200,2025-07-17
002737,葵花药业,5.0,584000000,2025-07-18
688505,复旦张江,0.3,1036572100,2025-07-18
600018,上港集团,1.45,23281365262,2025-07-17
600000,浦发银行,4.1,30267679579,2025-07-16
600746,江苏索普,0.5,1167842884,2025-07-16
600137,浪莎股份,1.86,97217588,2025-07-16
002268,电科网安,0.6,845677003,2025-07-18
688709,成都华微,0.2,636847026,2025-07-18
601633,长城汽车,4.5,8558945933,2025-07-16
002802,洪汇新材,1.0,182301990,2025-07-16
688159,有方科技,0.9901,92908820,2025-07-18
603773,沃格光电,0.5,223490233,2025-07-16
600256,广汇能源,6.22,6496055639,2025-07-18
603135,中重科技,0.66,629538080,2025-07-17
600682,南京新百,0.16,1346132221,2025-07-16
603229,奥翔药业,1.0,830297145,2025-07-17
603218,日月股份,3.5,1030416250,2025-07-16
600178,东安动力,0.05,466476161,2025-07-16
301382,蜂助手,1.0,220385490,2025-07-17
301390,经纬股份,1.0,60000000,2025-07-18
000888,峨眉山A,2.5,526913102,2025-07-16
000709,河钢股份,0.3,10337121092,2025-07-17
601668,中国建筑,2.715,41320390444,2025-07-17
688057,金达莱,2.5,276000000,2025-07-17
605598,上海港湾,1.14,244584841,2025-07-17
688308,欧科亿,1.5,158781708,2025-07-17
301590,优优绿能,12.0,42000000,2025-07-18
300054,鼎龙股份,1.0,944543607,2025-07-17
001335,信凯科技,1.5,93739560,2025-07-16
603933,睿能科技,0.6,207544575,2025-07-17
603049,中策橡胶,13.0,874485598,2025-07-16
600410,华胜天成,0.066,1096494683,2025-07-18
001979,招商蛇口,1.940909,9060836177,2025-07-17
603613,国联股份,0.66,720537813,2025-07-18
000498,山东路桥,1.7,1552439109,2025-07-17
300531,优博讯,0.5,322251025,2025-07-18
002074,国轩高科,1.0,1805457485,2025-07-21
600897,厦门空港,3.2,416934000,2025-07-18
600900,长江电力,7.33,24468217716,2025-07-18
601598,中国外运,1.45,7294216875,2025-07-21
600006,东风股份,0.05,2000000000,2025-07-17
002608,江苏国信,1.0,3778079704,2025-07-18
601326,秦港股份,0.85,5587412000,2025-07-18
601858,中国科传,2.74,790500000,2025-07-17
600674,川投能源,4.0,4874606828,2025-07-18
600380,健康元,2.0,1829453386,2025-07-18
300260,新莱应材,0.6,407806752,2025-07-18
000100,TCL科技,0.5,19765372873,2025-07-18
603815,交建股份,0.65,618924235,2025-07-17
603108,润达医疗,0.3,603664264,2025-07-18
601390,中国中铁,1.78,24741008919,2025-07-18
688157,松井股份,2.3211,111736486,2025-07-17
688409,富创精密,1.5,306210771,2025-07-17
603662,柯力传感,2.78,281659426,2025-07-18
600210,紫江企业,3.0,1516736158,2025-07-18
603859,能科科技,0.2003,244697701,2025-07-17
603081,大丰实业,1.3,433392868,2025-07-17
600704,物产中大,2.1,5191682790,2025-07-17
300568,星源材质,0.507566,1342902078,2025-07-17
603639,海利尔,5.0,339898336,2025-07-18
002761,浙江建投,0.5,1081784396,2025-07-17
002361,神剑股份,0.5,951034969,2025-07-21
600839,四川长虹,0.5,4616244222,2025-07-18
300604,长川科技,1.0,630465854,2025-07-18
688085,三友医疗,0.042,277885415,2025-07-17
601021,春秋航空,8.2,978333423,2025-07-17
000756,新华制药,2.5,689776535,2025-07-18
601601,中国太保,10.8,9620341455,2025-07-18
000735,罗牛山,0.2,1151513578,2025-07-18
300243,瑞丰高材,0.499999,250426501,2025-07-18
300442,润泽科技,1.288,1634343573,2025-07-18
601669,中国电建,1.2695,17226159334,2025-07-18
300644,南京聚隆,2.5,109969461,2025-07-18
600061,国投资本,1.27,6393981723,2025-07-17
600125,铁龙物流,0.9,1305521874,2025-07-18
300402,宝色股份,0.9,246790497,2025-07-18
600477,杭萧钢构,0.35,2368966150,2025-07-17
600345,长江通信,0.55,329612132,2025-07-18
688050,爱博医疗,3.5,193403175,2025-07-18
603159,上海亚虹,0.65,140000000,2025-07-18
603098,森特股份,0.5,539699978,2025-07-18
688075,安旭生物,8.0,127082805,2025-07-18
688337,普源精电,4.0,194104030,2025-07-18
688501,青达环保,2.4,123071000,2025-07-21
600508,上海能源,2.0,722718000,2025-07-18
600685,中船防务,0.7,1413506378,2025-07-18
603110,东方材料,0.5,201226732,2025-07-18
603500,祥和实业,1.3,332800046,2025-07-18
601607,上海医药,2.9,3708361809,2025-07-18
600108,亚盛集团,0.055,1946915121,2025-07-18
603000,人民网,1.32,1105691056,2025-07-18
600230,沧州大化,0.21,413961015,2025-07-18
600782,新钢股份,0.1,3182542149,2025-07-18
000858,五粮液,31.69,3881608005,2025-07-18
600162,香江控股,0.11,3268438122,2025-07-18
300775,三角防务,2.0,547539350,2025-07-21
605566,福莱蒽特,1.0,133340000,2025-07-18
301515,港通医疗,1.2,100000000,2025-07-18
601186,中国铁建,3.0,13579541500,2025-07-22
920748,路桥信息,1.0,76740000,2025-07-21
300779,惠城环保,1.0,196046971,2025-07-22
601985,中国核电,1.6,20568002074,2025-07-18
002939,长城证券,0.92,4034426956,2025-07-22
920806,云星宇,1.0,300736667,2025-07-23
301025,读客文化,0.3,400309400,2025-07-23
600216,浙江医药,3.7,961637750,2025-07-21
300043,星辉娱乐,0.1,1244198401,2025-07-23
601880,辽港股份,0.239,23905474669,2025-07-22
603219,富佳股份,2.0,561400000,2025-07-21
301112,信邦智能,1.0,110266600,2025-07-23
000655,金岭矿业,1.1,595340230,2025-07-23
002040,南京港,0.95,487946985,2025-07-21
300548,长芯博创,0.8,291100478,2025-07-21
002973,侨银股份,1.0,408665563,2025-07-23
601618,中国中冶,0.56,20723619170,2025-07-21
920566,梓橦宫,2.0,145463380,2025-07-23
600926,杭州银行,2.8,7249002548,2025-07-21
600362,江西铜业,7.0,3462729405,2025-07-22
301196,唯科科技,6.0,125256497,2025-07-21
300087,ST荃银,0.5,947331751,2025-07-22
600202,哈空调,0.1,383340672,2025-07-22
600803,新奥股份,8.1,3097087607,2025-07-22
603315,福鞍股份,0.83,320426264,2025-07-22
600444,国机通用,1.1,146421932,2025-07-23
000625,长安汽车,2.95,9914086060,2025-07-23
600571,信雅达,0.47,466318309,2025-07-24
600072,中船科技,0.3,1506521728,2025-07-23
601212,白银有色,0.04,7404774511,2025-07-24
600338,西藏珠峰,0.55,914210168,2025-07-23
301262,海看股份,0.5,417000000,2025-07-24
600618,氯碱化工,2.1,1156399976,2025-07-23
001227,兰州银行,0.51,5695697168,2025-07-22
600456,宝钛股份,3.9,477777539,2025-07-23
603153,上海建科,2.55,409861106,2025-07-23
600279,重庆港,0.4,1186866283,2025-07-23
300514,友讯达,3.0,200000000,2025-07-24
600649,城投控股,0.4,2529575634,2025-07-23
603167,渤海轮渡,4.0,469144503,2025-07-25
600064,南京高科,3.0,1730339644,2025-07-23
603325,博隆技术,7.5,66670000,2025-07-23
300532,今天国际,1.0,453324086,2025-07-23
600688,上海石化,0.2,10542617500,2025-07-24
688710,益诺思,3.2,140979615,2025-07-23
300834,星辉环材,2.6,193712353,2025-07-25
688376,美埃科技,2.0,134400000,2025-07-23
002877,智能自控,0.2,355843695,2025-07-23
300425,中建环能,0.26,682224853,2025-07-25
000012,南玻A,0.7,3070692107,2025-07-23
605050,福然德,1.5,492829181,2025-07-24
301519,舜禹股份,1.0,164160000,2025-07-23
600223,福瑞达,0.6,1016568775,2025-07-24
000157,中联重科,3.0,8648535236,2025-07-25
600547,山东黄金,1.48,4473429525,2025-07-24
603888,新华网,1.36,519029360,2025-07-25
301265,华新科技,0.4,302973182,2025-07-25
600620,天宸股份,0.15,686677113,2025-07-24
000812,陕西金叶,0.28,768692614,2025-07-25
000917,电广传媒,0.2,1417556338,2025-07-25
688143,长盈通,0.5,122374426,2025-07-24
688009,中国通号,1.7,10589819000,2025-07-25
601163,三角轮胎,5.3,800000000,2025-07-24
600602,云赛智联,0.45,1367673455,2025-07-25
000876,新希望,0.241245,4502570853,2025-07-25
601108,财通证券,1.1,4643760927,2025-07-25
600573,惠泉啤酒,0.8,250000000,2025-07-25
601188,龙江交通,0.71,1315878571,2025-07-24
601818,光大银行,0.85,59085551061,2025-07-24
605060,联德股份,3.5,240592000,2025-07-24
601901,方正证券,0.593,8232101395,2025-07-25
688248,南网科技,1.35,564700000,2025-07-25
603111,康尼机电,2.5,868068223,2025-07-24
002728,特一药业,0.5,512661866,2025-07-25
600621,华鑫股份,0.78,1060899292,2025-07-25
603833,欧派家居,24.8,609152528,2025-07-25
600486,扬农化工,6.8,405398884,2025-07-25
000897,津滨发展,0.95,1617272234,2025-07-28
600479,千金药业,3.6,418507117,2025-07-25
600690,海尔智家,9.6504,9382913334,2025-07-25
000718,苏宁环球,0.4,3034636384,2025-07-25
600812,华北制药,0.3,1715730370,2025-07-25
000338,潍柴动力,3.47,8715671296,2025-07-25
002598,ST章鼓,1.0,312038571,2025-07-25
600182,S佳通,5.9,340000000,2025-07-25
600741,华域汽车,8.0,3152723984,2025-07-25
600099,林海股份,0.3,219120000,2025-07-25
688271,联影医疗,0.8,824157988,2025-07-25
000967,盈峰环境,1.89,3166943318,2025-07-28
600863,华能蒙电,2.2,6526887811,2025-07-28
601717,中创智领,11.2,1785399930,2025-07-25
002096,易普力,2.3,1240440770,2025-07-28
600522,中天科技,3.0,3412949652,2025-07-25
688283,坤恒顺维,2.6,121800000,2025-07-25
688535,华海诚科,2.002,80696453,2025-07-29
600818,ST中路,0.1,321447910,2025-07-29
600422,昆药集团,3.0,756975757,2025-07-30
601211,国泰海通,2.8,17629708696,2025-07-28
600851,海欣股份,0.4,1207056692,2025-07-29
605399,晨光新材,1.0,312241328,2025-07-28
002344,海宁皮城,0.38,1282616960,2025-07-30
600012,皖通高速,6.04,1708591889,2025-07-30
002594,比亚迪,39.74,5494665855,2025-07-29
000729,燕京啤酒,1.9,2818539341,2025-07-29
601608,中信重工,0.286,4579553437,2025-07-28
601838,成都银行,8.91,4238435356,2025-07-28
600848,上海临港,2.0,2522487004,2025-07-30
601900,南方传媒,5.5,881970094,2025-07-28
002228,合兴包装,1.8,1195540803,2025-07-30
600170,上海建工,0.6,8885939744,2025-07-31
600377,宁沪高速,4.9,5037747500,2025-07-30
600131,国网信通,1.7123,1199724419,2025-07-29
301041,金百泽,1.0,106680000,2025-07-30
601330,绿色动力,2.0,1393453149,2025-07-30
002926,华西证券,0.85,2625000000,2025-07-29
600104,上汽集团,0.88,11575299445,2025-07-31
600739,辽宁成大,0.2,1529709816,2025-07-30
600203,福日电子,0.2,592988082,2025-07-31
601138,工业富联,6.4,19859467566,2025-07-31
601866,中远海发,0.19,13197655820,2025-07-31
601001,晋控煤业,7.55,1673700000,2025-07-31
600436,片仔癀,18.2,603317210,2025-07-31
000628,高新发展,0.55,352280000,2025-07-31
603619,中曼石油,3.0,462338461,2025-07-30
600597,光明乳业,1.6,1378473763,2025-07-31
603027,千禾味业,5.0,1025481086,2025-07-30
001965,招商公路,4.17,6820337394,2025-07-31
000799,酒鬼酒,6.0,324928980,2025-07-31
600196,复星医药,3.2,2670429325,2025-08-04
600088,中视传媒,0.34,397706400,2025-07-31
688236,春立医疗,0.49,383568500,2025-08-01
600754,锦江酒店,3.8,1067418804,2025-08-01
603048,浙江黎明,2.8,146880000,2025-07-31
688498,源杰科技,1.0,85947726,2025-07-31
600635,大众公用,0.36,2952434675,2025-08-01
603501,豪威集团,2.2,1217223785,2025-08-01
600959,江苏有线,0.22,5000717686,2025-08-01
001231,农心科技,1.5,100000000,2025-08-01
600776,东方通信,0.61,1256000064,2025-08-04
688082,盛美上海,6.5386,441291188,2025-08-01
002832,比音勒芬,5.0,570707084,2025-08-05
603893,瑞芯微,6.5,420728550,2025-08-01
301297,富乐德,0.563147,721068167,2025-08-04
300457,赢合科技,1.17,649192963,2025-08-05
600116,三峡水利,0.4,1912142904,2025-08-01
688065,凯赛生物,4.0,721289794,2025-08-01
600650,锦江在线,1.1,551610107,2025-08-06
300831,ST派瑞,0.3722,320000000,2025-08-04
688330,宏力达,3.4,140000000,2025-08-04
000850,华茂股份,1.0,943665009,2025-08-06
603102,百合股份,7.5,64000000,2025-08-05
600350,山东高速,4.2,4834570825,2025-08-05
000035,中国天楹,0.352,2500783182,2025-08-06
600638,新黄浦,0.37,673396786,2025-08-05
601456,国联民生,0.56,5680592806,2025-08-05
605198,安德利,2.5,341200000,2025-08-06
002244,滨江集团,0.82,3111443890,2025-08-07
600639,浦东金桥,3.227,1122412893,2025-08-06
688425,铁建重工,0.85,5333497000,2025-08-07
300964,本川智能,1.0,77298284,2025-08-08
600758,辽宁能源,0.32,1322017394,2025-08-07
600886,国投电力,4.565,8004494262,2025-08-08
601611,中国核建,0.94,3013834212,2025-08-07
601990,南京证券,0.8,3686361034,2025-08-06
688049,炬芯科技,2.3,146136404,2025-08-07
688187,时代电气,10.0,1357948412,2025-08-08
600060,海信视像,8.8,1304972254,2025-08-08
601336,新华保险,19.9,3119546600,2025-08-08
600827,百联股份,2.65,1784168117,2025-08-07
601600,中国铝业,1.35,17155632078,2025-08-08
002401,中远海科,1.3,371668440,2025-08-08
600993,马应龙,6.2,431053891,2025-08-08
600838,上海九百,0.32,400881981,2025-08-08
601228,广州港,0.39,7544531351,2025-08-08
603375,盛景微,1.001,100666667,2025-08-07
601319,中国人保,1.17,44223990583,2025-08-08
600558,大西洋,1.0,897604831,2025-08-08
600895,张江高科,1.48,1548689550,2025-08-08
601958,金钼股份,4.0,3226604400,2025-08-08
603580,艾艾精工,0.82,130673200,2025-08-08
600318,新力金融,0.2,512727632,2025-08-08
600640,国脉文化,0.09,795695940,2025-08-08
600630,龙头股份,0.38,424861597,2025-08-08
000419,通程控股,1.5,543582655,2025-08-08
000568,泸州老窖,45.92,1471951503,2025-08-08
600009,上海机场,3.0,2488481340,2025-08-08
001236,弘业期货,0.1,1007777778,2025-08-08
603051,鹿山新材,4.0,104262299,2025-08-08
600764,中国海防,0.59,710629386,2025-08-08
600768,宁波富邦,0.5,133747200,2025-08-11
688667,菱电电控,0.9923,52214531,2025-08-12
601827,三峰环境,2.45,1671933300,2025-08-11
600737,中粮糖业,4.1,2138848228,2025-08-13
603127,昭衍新药,0.3,749477334,2025-08-14
600779,水井坊,9.7,487503198,2025-08-12
600395,盘江股份,0.4,2146624894,2025-08-13
301099,雅创电子,3.0,114158291,2025-08-12
601788,光大证券,1.086,4610787639,2025-08-13
603817,海峡环保,0.27,570084039,2025-08-14
601375,中原证券,0.17,4642884700,2025-08-14
001914,招商积余,2.400974,1060346060,2025-08-13
002731,*ST萃华,0.9,256156000,2025-08-14
605398,新炬网络,0.15,162716379,2025-08-13
601688,华泰证券,3.7,9027302281,2025-08-15
600846,同济科技,2.0,624761516,2025-08-15
600339,中油工程,0.35,5583147471,2025-08-15
000166,申万宏源,0.46,25039944560,2025-08-13
601766,中国中车,2.1,28698864088,2025-08-14
000534,万泽股份,0.5,509835816,2025-08-14
601377,兴业证券,1.0,8635987294,2025-08-14
601333,广深铁路,0.7,7083537000,2025-08-15
001289,龙源电力,2.278,8359816164,2025-08-15
601198,东兴证券,0.9,3232445520,2025-08-15
600906,财达证券,1.0,3245000000,2025-08-15
600824,益民集团,0.18,1054027073,2025-08-15
600369,西南证券,0.65,6645109124,2025-08-14
000921,海信家电,12.3,1384861171,2025-08-15
600720,中交设计,2.29,2294595565,2025-08-18
600820,隧道股份,2.2,3144096094,2025-08-15
601868,中国能建,0.262,41691163636,2025-08-15
000681,视觉中国,0.13,700577436,2025-08-15
002202,金风科技,1.4,4225067647,2025-08-15
000716,黑芝麻,0.5,753489550,2025-08-15
600662,外服控股,2.4,2283496485,2025-08-15
601059,信达证券,0.27,3243000000,2025-08-15
603648,畅联股份,3.0,362412800,2025-08-18
600628,新世界,0.4,646875384,2025-08-15
600956,新天绿能,2.1,4205693073,2025-08-18
600079,ST人福,3.2,1632225965,2025-08-19
300129,泰胜风能,0.6,934899232,2025-08-20
600428,中远海特,2.79,2743920395,2025-08-19
603567,珍宝岛,1.5,940996515,2025-08-20
601878,浙商证券,1.0,4573796639,2025-08-19
688652,京仪装备,1.25,168000000,2025-08-19
000880,潍柴重机,1.7,331320600,2025-08-19
600249,两面针,0.3,550000000,2025-08-18
601696,中银证券,0.18,2778000000,2025-08-19
688122,西部超导,6.5,649664497,2025-08-20
600905,三峡能源,0.67,28587650142,2025-08-19
603797,联泰环保,0.9,584490586,2025-08-20
600833,第一医药,2.2,223086347,2025-08-19
603260,合盛硅业,4.5,1182206941,2025-08-19
600817,宇通重工,2.8,533304346,2025-08-19
601066,中信建投,1.65,7756694797,2025-08-21
600875,东方电气,4.03,3390360326,2025-08-22
600048,保利发展,1.7,11970443418,2025-08-20
601999,出版传媒,0.6,550914700,2025-08-21
601918,新集能源,1.6,2590541800,2025-08-22
300225,金力泰,0.2,475429590,2025-08-20
000550,江铃汽车,7.1914,863214000,2025-08-20
600266,城建发展,0.5,2075743507,2025-08-22
601995,中金公司,0.9,4827256868,2025-08-22
601136,首创证券,0.95,2733333800,2025-08-22
000426,兴业银锡,0.7,1775635739,2025-08-22
600560,金自天正,0.71,223645500,2025-08-22
600528,中铁工业,1.036,2221551588,2025-08-22
601117,中国化学,1.86,6106877362,2025-08-22
601991,大唐发电,0.621,18506710504,2025-08-22
600081,东风科技,0.5,553026170,2025-08-22
002027,分众传媒,2.3,14442199726,2025-08-22
601298,青岛港,2.007,6491100000,2025-08-25
002295,精艺股份,0.36,250616000,2025-08-25
601869,长飞光纤,2.68,757905108,2025-08-26
603633,徕木股份,0.27,426810818,2025-08-25
688391,钜泉科技,6.0,115139220,2025-08-25
600030,中信证券,2.8,14820546829,2025-08-25
300873,海晨股份,4.0,230601779,2025-08-26
600386,北巴传媒,0.1,806400000,2025-08-26
002181,粤传媒,0.68,1161058174,2025-08-28
600067,冠城新材,2.2,1391668739,2025-08-26
300757,罗博特科,0.45,167692391,2025-08-27
000009,中国宝安,0.3,2579213965,2025-08-27
603333,福华尚纬,0.1,621527586,2025-08-26
601898,中煤能源,2.58,13258663400,2025-08-27
301171,易点天下,1.16,471885905,2025-08-29
000156,华数传媒,1.8,1852932442,2025-08-29
000651,格力电器,20.0,5601405741,2025-08-29
