code,name,div_per_10,total_shares,ex_date
300708,聚灿光电,1.6,670982846,2024-02-28
002286,保龄宝,0.8,370770580,2024-03-08
300033,同花顺,22.0,537600000,2024-03-29
002138,顺络电子,3.0,806318354,2024-03-29
301052,果麦文化,0.980816,73441214,2024-04-01
002687,乔治白,2.0,499952036,2024-04-09
002315,焦点科技,10.0,316690594,2024-04-10
920167,同享科技,1.11,109320000,2024-04-15
001207,联科科技,5.0,202355964,2024-04-10
300842,帝科股份,8.0,100500000,2024-04-10
600605,汇通能源,6.0,206282429,2024-04-10
002014,永新股份,5.5,612491866,2024-04-12
920476,海能技术,2.0,84579800,2024-04-17
301003,江苏博云,6.0,99053333,2024-04-17
920395,朗鸿科技,2.8,91560000,2024-04-17
001376,百通能源,1.0,460900000,2024-04-17
603948,建业股份,10.0,162495000,2024-04-16
603868,飞科电器,23.0,435600000,2024-04-17
300496,中科创达,2.49,460008294,2024-04-19
300441,鲍斯股份,0.7,652256868,2024-04-19
000661,长春高新,45.0,404544190,2024-04-18
002984,森麒麟,4.1,738777253,2024-04-19
300304,云意电气,0.6,874640918,2024-04-19
603031,安孚科技,4.5,145600000,2024-04-19
002516,旷达科技,1.0,1470838682,2024-04-22
002912,中新赛克,3.0,170752000,2024-04-19
000408,藏格矿业,8.0,1580435073,2024-04-19
300146,汤臣倍健,9.0,1700845431,2024-04-22
001225,和泰机电,12.5,64666800,2024-04-22
300693,盛弘股份,3.3,311085410,2024-04-24
603697,有友食品,2.5,427692098,2024-04-22
600309,万华化学,16.25,3139746626,2024-04-22
002273,水晶光电,3.0,1390632221,2024-04-23
002728,特一药业,5.0,364738910,2024-04-24
600219,南山铝业,1.2,11708552848,2024-04-23
688582,芯动联科,1.28,400010000,2024-04-23
002519,银河电子,1.0,1126430898,2024-04-23
002879,长缆科技,2.5,193107640,2024-04-23
003006,百亚股份,5.5,429401300,2024-04-24
605028,世茂能源,6.0,160000000,2024-04-23
300059,东方财富,0.4,15785542475,2024-04-23
920402,硅烷科技,1.8481,324661590,2024-04-26
603200,上海洗霸,0.7,175395993,2024-04-25
920553,凯腾精工,1.0,143690460,2024-04-29
920433,大唐药业,0.8,258777181,2024-04-26
601608,中信重工,0.285,4339419293,2024-04-24
920703,广厦环能,7.0,76900000,2024-04-26
300562,乐心医疗,1.51075,216901188,2024-04-25
000895,双汇发展,7.0,3464661213,2024-04-26
300997,欢乐家,3.4,447500000,2024-04-25
002911,佛燃能源,5.998299,988213100,2024-04-26
301069,凯盛新材,1.5,420640000,2024-04-25
300453,三鑫医疗,1.5,519596545,2024-04-25
003022,联泓新科,0.8,1335568000,2024-04-25
300554,三超新材,0.8,114211577,2024-04-25
001358,兴欣新材,12.0,88000000,2024-04-24
920139,华岭股份,0.59,266800000,2024-04-26
600828,茂业商业,0.27,1731982546,2024-04-25
300224,正海磁材,2.0,820245567,2024-04-26
001309,德明利,1.3,113217000,2024-04-26
688586,江航装备,1.3,791339156,2024-04-25
600038,中直股份,2.0,731605986,2024-04-25
002299,圣农发展,3.0,1243400295,2024-04-26
300765,石药创新,3.2,1170742154,2024-04-25
002469,三维化学,3.0,648862630,2024-04-26
002283,天润工业,2.3,1139457178,2024-04-26
002240,盛新锂能,2.4,921265872,2024-04-26
603866,桃李面包,1.8,1599719155,2024-04-25
603677,奇精机械,2.0,192147573,2024-04-25
600955,维远股份,0.55,550000000,2024-04-25
300896,爱美客,23.23,216360000,2024-04-29
300294,博雅生物,3.0,504248738,2024-04-26
002419,天虹股份,1.6,1168847750,2024-04-26
300456,赛微电子,0.35,732213134,2024-04-29
001368,通达创智,8.0,113867600,2024-04-29
002865,钧达股份,7.461764,228556116,2024-04-26
002791,坚朗五金,1.0,321540000,2024-04-29
002920,德赛西威,8.4,555006100,2024-04-29
002381,双箭股份,2.5,411576821,2024-04-29
600577,精达股份,1.3,2079656928,2024-04-26
600976,健民集团,12.0,153398600,2024-04-26
601126,四方股份,6.0,832251000,2024-04-26
920879,基康技术,2.5,139497776,2024-04-30
920504,博迅生物,2.0,43333100,2024-04-30
920225,利通科技,2.0,105765745,2024-04-30
301281,科源制药,3.0,108290000,2024-04-30
300121,阳谷华泰,2.5,408989577,2024-04-29
300741,华宝股份,4.0,615880000,2024-04-26
920982,锦波生物,10.0,68086000,2024-04-29
920971,天马新材,2.5,106128002,2024-05-08
300638,广和通,3.8,765744029,2024-04-29
300795,米奥会展,5.0,152961290,2024-04-29
002709,天赐材料,3.0,1924156986,2024-04-29
300801,泰和科技,1.67,218430000,2024-04-30
300206,理邦仪器,2.07,581721846,2024-05-06
300416,苏试试验,1.5,508547806,2024-04-30
301558,三态股份,1.4,788851223,2024-04-29
002233,塔牌集团,5.0,1192275016,2024-04-30
688389,普门科技,2.81,428114047,2024-05-06
300818,耐普矿机,1.8,109660495,2024-04-29
300750,宁德时代,20.11,4399041236,2024-04-30
002662,峰璟股份,1.0,1500000000,2024-04-29
300904,威力传动,5.6,72383232,2024-04-30
301004,嘉益股份,20.0,104000000,2024-04-30
605368,蓝天燃气,8.5,692834596,2024-04-29
300532,今天国际,3.0,310231301,2024-04-30
003000,劲仔食品,3.0,451069159,2024-04-30
301076,新瀚新材,1.5,134524000,2024-04-30
002960,青鸟智控,3.5,758870966,2024-04-30
603565,中谷物流,7.2,2100063103,2024-04-30
300019,硅宝科技,3.0,391064700,2024-04-30
301568,思泰克,6.8,103258400,2024-05-06
002803,吉宏股份,3.6,385009288,2024-04-30
600211,西藏药业,7.37,247937843,2024-04-30
603558,健盛集团,2.5,369080949,2024-05-06
300905,宝丽迪,5.0,176299756,2024-05-06
002695,煌上煌,1.8,556947081,2024-05-06
601882,海天精工,2.7,522000000,2024-04-30
000034,神州数码,4.46,669581480,2024-05-06
300926,博俊科技,1.499978,278833523,2024-05-07
688510,航亚科技,2.0,258382608,2024-05-06
603615,茶花股份,0.5,241820000,2024-05-07
001270,铖昌科技,2.0,156538124,2024-05-07
603162,海通发展,1.5,614788022,2024-05-06
603132,金徽股份,2.4,978000000,2024-05-07
300406,九强生物,2.0,588446253,2024-05-07
603758,秦安股份,5.0,438797049,2024-05-06
300233,金城医药,2.0,383874587,2024-05-08
300383,光环新网,1.0,1797592847,2024-05-08
301361,众智科技,0.7,116336000,2024-05-07
300458,全志科技,1.5,631749692,2024-05-06
300286,安科瑞,3.0,214716125,2024-05-07
601528,瑞丰银行,1.8,1962161395,2024-05-09
688160,步科股份,3.0,84000000,2024-05-07
300852,四会富仕,3.0,101930902,2024-05-08
688556,高测股份,4.5,339087616,2024-05-08
300876,蒙泰高新,2.0,96002105,2024-05-07
601218,吉鑫科技,1.0,977095932,2024-05-07
000049,德赛电池,4.5,384638534,2024-05-09
920033,康普化学,2.0,91642500,2024-05-09
605299,舒华体育,3.0,411669000,2024-05-09
300999,金龙鱼,1.11,5421591536,2024-05-08
920403,康农种业,2.0,54594000,2024-05-10
002949,华阳国际,8.0,196040602,2024-05-08
300824,北鼎股份,2.0,326341682,2024-05-08
300841,康华生物,20.0,134650449,2024-05-08
301153,中科江南,10.0,194400000,2024-05-09
688203,海正生材,0.8,202678068,2024-05-09
603500,祥和实业,1.3,245533776,2024-05-08
002402,和而泰,1.507108,931720685,2024-05-09
301280,珠城科技,10.0,97700100,2024-05-08
300865,大宏立,0.55,95680000,2024-05-09
603988,中电电机,0.6,235200000,2024-05-08
600507,方大特钢,1.0,2331060223,2024-05-09
920833,美心翼申,3.0,82360000,2024-05-09
605162,新中港,1.8,400489841,2024-05-08
301277,新天地,4.0,200040000,2024-05-10
002194,武汉凡谷,1.2,683285806,2024-05-09
920871,派特尔,2.0,73737616,2024-05-10
002616,长青集团,1.0,741958458,2024-05-10
300037,新宙邦,6.0,753882191,2024-05-10
002947,恒铭达,5.0,230171765,2024-05-09
301068,大地海洋,2.5,84000000,2024-05-09
001288,运机集团,2.5,160002649,2024-05-10
920779,武汉蓝电,9.0,57200000,2024-05-10
600282,南钢股份,2.5,6165091011,2024-05-10
600865,百大集团,2.3,376240316,2024-05-09
920110,雷特科技,8.0,39000000,2024-05-15
688100,威胜信息,4.3,500000000,2024-05-09
601886,江河集团,2.0,1133002060,2024-05-10
002678,珠江钢琴,0.02,1361374323,2024-05-09
300732,设研院,2.0,324305428,2024-05-10
605155,西大门,2.0,136915000,2024-05-10
300235,方直科技,0.501971,251746635,2024-05-10
002807,江阴银行,1.9,2461392789,2024-05-10
601033,永兴股份,5.2,900000000,2024-05-09
000975,山金国际,2.8,2776722265,2024-05-10
000708,中信特钢,5.646744,5047156433,2024-05-10
301509,金凯生科,8.0,86033335,2024-05-09
603813,原尚股份,2.5,105015000,2024-05-09
002683,广东宏大,5.6,759652710,2024-05-10
603536,惠发食品,0.2,244642300,2024-05-09
688636,智明达,2.1,75242497,2024-05-10
920556,雅达股份,3.0,161315200,2024-05-13
300172,中电环保,0.3,676710000,2024-05-10
300901,中胤时尚,1.5,240000000,2024-05-09
002763,汇洁股份,4.0,409924000,2024-05-10
300539,横河精密,0.8,222082247,2024-05-10
603013,亚普股份,4.0,512599264,2024-05-13
000538,云南白药,20.77,1784262603,2024-05-10
002563,森马服饰,3.0,2694090160,2024-05-10
603909,建发合诚,0.8,260673140,2024-05-10
601008,连云港,0.5,1240638006,2024-05-10
002139,拓邦股份,0.6,1246834988,2024-05-10
920682,球冠电缆,4.0,208000000,2024-05-16
002843,泰嘉股份,2.0,252871516,2024-05-13
300908,仲景食品,10.0,100000000,2024-05-14
301156,美农生物,5.5,112000000,2024-05-13
603949,雪龙集团,3.3,211136680,2024-05-10
300654,世纪天鸿,0.5,363863206,2024-05-13
002922,伊戈尔,3.0,391781691,2024-05-10
300700,岱勒新材,1.25,278752645,2024-05-13
603165,荣晟环保,4.9,278432265,2024-05-10
603009,北特科技,0.58,358730089,2024-05-10
688502,茂莱光学,6.5,52800000,2024-05-14
688333,铂力特,1.46,194120140,2024-05-14
688078,龙软科技,3.6,72049000,2024-05-13
603967,中创物流,5.0,346666710,2024-05-14
002561,徐家汇,1.2,415763000,2024-05-14
002818,富森美,6.8,748458940,2024-05-14
920023,*ST田野,0.11,327304000,2024-05-14
603187,海容冷链,5.5,386430339,2024-05-13
001380,华纬科技,3.0,128880000,2024-05-13
002697,红旗连锁,1.24,1360000000,2024-05-14
600232,金鹰股份,1.5,364718544,2024-05-13
600018,上港集团,1.72,23284144750,2024-05-15
002961,瑞达期货,2.2,445029448,2024-05-13
301150,中一科技,1.0,131326990,2024-05-14
300697,电工合金,2.0,332800000,2024-05-15
920627,力王股份,3.0,94450000,2024-05-16
300092,科新机电,2.3,273923271,2024-05-14
300445,康斯特,0.8,212430013,2024-05-14
002352,顺丰控股,6.0,4895202373,2024-05-14
300832,新产业,10.0,785718785,2024-05-15
300576,容大感光,0.75,246423916,2024-05-16
002262,恩华药业,3.2,1007588092,2024-05-15
920247,华密新材,1.87,93221400,2024-05-15
300296,利亚德,0.5,2529396015,2024-05-15
002407,多氟多,3.0,1193488579,2024-05-14
300234,开尔新材,0.3,503171090,2024-05-15
603267,鸿远电子,3.5,232116800,2024-05-14
002451,摩恩电气,0.1,439200000,2024-05-14
300401,花园生物,0.71,541702552,2024-05-15
002457,青龙管业,0.9,334992000,2024-05-14
002648,卫星化学,4.0,3368652821,2024-05-14
002430,杭氧股份,8.0,983962700,2024-05-15
002452,长高电气,0.7,620332085,2024-05-16
300984,金沃股份,1.5,76801872,2024-05-15
002404,嘉欣丝绸,3.0,577673641,2024-05-15
000690,宝新能源,3.0,2175887862,2024-05-14
002774,快意电梯,4.0,336687900,2024-05-15
301077,星华新材,5.67,120000000,2024-05-16
002706,良信股份,2.5,1123125020,2024-05-14
920725,惠丰钻石,1.5,92250000,2024-05-16
300119,瑞普生物,4.0,466276186,2024-05-15
920039,国义招标,2.8,153820000,2024-05-17
300559,佳发教育,1.5,399514567,2024-05-14
688016,心脉医疗,30.0,82726253,2024-05-14
688391,钜泉科技,8.0,83520000,2024-05-14
000822,山东海化,1.0,895091926,2024-05-15
000910,大亚圣象,1.9,547397500,2024-05-15
000791,甘肃能源,1.1,1600540535,2024-05-16
301298,东利机械,3.0,146800000,2024-05-15
002054,德美化工,0.7,482115452,2024-05-15
000333,美的集团,30.0,6975318129,2024-05-15
000915,华特达因,20.0,234331485,2024-05-16
002154,报喜鸟,2.5,1459333729,2024-05-16
001223,欧克科技,8.0,66680000,2024-05-16
002782,可立克,0.8,492809413,2024-05-15
300563,神宇股份,2.0,178192526,2024-05-16
301283,聚胶股份,6.5,80000000,2024-05-16
000795,英洛华,0.271427,1133684103,2024-05-16
601018,宁波港,0.91,19454388399,2024-05-16
002117,东港股份,2.6,545666421,2024-05-16
601236,红塔证券,0.6,4716787742,2024-05-16
002990,盛视科技,4.0,256067038,2024-05-16
920533,骏创科技,1.0,100151100,2024-05-16
600546,山煤国际,6.5,1982456140,2024-05-15
301329,信音电子,2.4,170200000,2024-05-16
000055,方大集团,0.8,1073874227,2024-05-17
688270,ST臻镭,1.7,152894000,2024-05-16
002518,科士达,4.5,586876094,2024-05-16
002483,润邦股份,1.0,886468413,2024-05-15
301288,清研环境,1.0,108010000,2024-05-16
920992,中科美菱,1.0,96730934,2024-05-16
000933,神火股份,8.0,2249708409,2024-05-16
002943,宇晶股份,4.0,156922480,2024-05-15
301162,国能日新,4.5,99249682,2024-05-17
002823,凯中精密,0.804558,290470366,2024-05-17
301567,贝隆精密,2.8,72000000,2024-05-15
603929,亚翔集成,10.0,213360000,2024-05-15
300990,同飞股份,5.0,168480000,2024-05-16
301158,德石股份,3.05443,150370510,2024-05-17
002772,众兴菌业,3.0,393241359,2024-05-16
002884,凌霄泵业,10.0,357682509,2024-05-16
002539,云图控股,2.0,1207723762,2024-05-16
300348,长亮科技,0.1,731871682,2024-05-17
603099,长白山,0.78,266670000,2024-05-17
003015,日久光电,1.0,281066667,2024-05-20
002895,川恒股份,10.0,542037158,2024-05-16
920866,绿亨科技,1.5,180205900,2024-05-20
600660,福耀玻璃,13.0,2609743532,2024-05-17
600055,万东医疗,1.3,703061058,2024-05-17
688018,乐鑫科技,10.0,80789724,2024-05-16
605338,巴比食品,4.0,250143500,2024-05-16
300856,科思股份,15.0,169339407,2024-05-17
002521,齐峰新材,2.0,494685819,2024-05-17
920199,倍益康,1.5,68109800,2024-05-20
000993,闽东电力,2.0,457951455,2024-05-16
603010,万盛股份,1.85,589578593,2024-05-16
600273,嘉化能源,2.0,1391045207,2024-05-16
301149,隆华新材,1.5,430000018,2024-05-20
300595,欧普康视,2.23,897145269,2024-05-16
300289,利德曼,0.1,544011487,2024-05-17
300557,理工光科,2.0,71586123,2024-05-17
002056,横店东磁,3.883745,1626712074,2024-05-16
603090,宏盛股份,3.0,100000000,2024-05-16
920367,新赣江,1.0,70861250,2024-05-23
002987,京北方,1.7,441277573,2024-05-16
600066,宇通客车,15.0,2213939223,2024-05-16
300620,光库科技,1.0,249799385,2024-05-16
002096,易普力,2.05,1240440770,2024-05-17
603855,华荣股份,10.0,337559000,2024-05-17
300975,商络电子,0.11,687005604,2024-05-17
001337,四川黄金,2.5,420000000,2024-05-17
300021,大禹节水,0.3,857798603,2024-05-17
002866,传艺科技,0.15,289522256,2024-05-16
600425,青松建化,1.0,1604703707,2024-05-17
600138,中青旅,0.85,723840000,2024-05-16
002845,同兴达,0.8,327551705,2024-05-20
300047,天源迪科,0.15,637744672,2024-05-20
002033,丽江股份,3.5,549490711,2024-05-20
600987,航民股份,3.0,1050818859,2024-05-17
300303,聚飞光电,1.0,1342299299,2024-05-17
300179,四方达,2.0,485908830,2024-05-20
002062,宏润建设,1.0,1102500000,2024-05-17
300160,秀强股份,1.0,772946292,2024-05-17
002690,美亚光电,7.0,882330400,2024-05-17
002390,信邦制药,0.6,1943851868,2024-05-17
603408,建霖家居,4.4,449059500,2024-05-17
600582,天地科技,2.8,4138588892,2024-05-17
600794,保税科技,0.85,1212152157,2024-05-17
002546,新联电子,1.2,834049096,2024-05-20
300860,锋尚文化,6.0,137048048,2024-05-17
000058,深赛格,0.3,1231200672,2024-05-20
002463,沪电股份,5.0,1913513808,2024-05-20
300360,炬华科技,5.0,509314626,2024-05-20
603105,芯能科技,1.5,500002894,2024-05-17
920418,苏轴股份,4.5,96720000,2024-05-20
920509,同惠电子,2.5,163091446,2024-05-21
002008,大族激光,2.0,1052193000,2024-05-17
300070,碧水源,0.43,3624209363,2024-05-21
920271,邦德股份,3.0,118930000,2024-05-21
688332,中科蓝讯,8.3,120000000,2024-05-17
600997,开滦股份,3.434,1587799851,2024-05-17
300983,尤安设计,0.6,128000000,2024-05-21
300320,海达股份,0.25,601234191,2024-05-21
301512,智信精密,7.5,53333400,2024-05-17
688208,道通科技,4.0,451877086,2024-05-20
300916,朗特智能,3.0,144644007,2024-05-21
920185,贝特瑞,4.0,1116675337,2024-05-20
603331,百达精工,2.0,202468636,2024-05-20
688188,柏楚电子,25.1,146751934,2024-05-17
301229,纽泰格,1.249766,80014971,2024-05-21
301085,亚康股份,2.80748,86775675,2024-05-21
300615,欣天科技,1.0,191700600,2024-05-20
301511,德福科技,0.55,450230000,2024-05-20
301122,采纳股份,4.0,122245658,2024-05-21
688091,上海谊众,3.1,158276800,2024-05-17
300850,新强联,1.04,358741880,2024-05-21
301559,中集环科,4.5,600000000,2024-05-17
603767,中马传动,2.0,308631500,2024-05-22
002533,金杯电工,4.0,733941062,2024-05-22
002415,海康威视,9.0,9330600931,2024-05-21
300481,濮阳惠成,4.0,296358747,2024-05-21
600356,恒丰纸业,1.368,298731378,2024-05-22
300014,亿纬锂能,5.0,2045721497,2024-05-21
600153,建发股份,7.0,3004071338,2024-05-21
001360,南矿集团,2.25,204000000,2024-05-21
300573,兴齐眼药,30.0,124589194,2024-05-22
300036,超图软件,1.0,492766617,2024-05-21
002559,亚威股份,1.0,549765024,2024-05-21
920190,雷神科技,1.0,100000001,2024-05-23
603877,太平鸟,6.0,473848909,2024-05-20
300306,远方信息,3.0,268958778,2024-05-21
301359,东南电子,5.0,85840000,2024-05-22
002284,亚太股份,1.0,739100348,2024-05-22
000902,新洋丰,3.0,1254733054,2024-05-21
002666,德联集团,0.67,754329268,2024-05-21
001379,腾达科技,1.28,200000000,2024-05-22
600113,浙江东日,1.8,421531660,2024-05-20
300100,双林股份,1.0,400769246,2024-05-21
300349,金卡智能,5.0,420802313,2024-05-20
605128,上海沿浦,3.75,80002952,2024-05-20
002367,康力电梯,3.5,798786187,2024-05-21
920950,迅安科技,6.3,47000000,2024-05-22
301179,泽宇智能,5.5,239178528,2024-05-21
300396,ST迪瑞,5.0,274565911,2024-05-21
300729,乐歌股份,4.0,312634764,2024-05-20
300592,华凯易佰,4.0,289175621,2024-05-21
002541,鸿路钢构,5.2,690011402,2024-05-21
688601,力芯微,6.0,133692700,2024-05-20
002126,银轮股份,1.0,822432834,2024-05-20
003021,兆威机电,5.5,171008218,2024-05-21
300335,迪森股份,1.2,477012388,2024-05-22
603596,伯特利,3.4,433251529,2024-05-20
300864,南大环境,8.0,155040000,2024-05-21
603214,爱婴室,3.5,138540036,2024-05-21
002161,远望谷,0.18,739757400,2024-05-20
002179,中航光电,6.0,2119661396,2024-05-21
001228,永泰运,6.0,103864609,2024-05-21
300388,节能国祯,1.3,699082985,2024-05-22
002903,宇环数控,2.0,155875000,2024-05-21
300342,天银机电,1.0,425035113,2024-05-21
300516,久之洋,3.52,180000000,2024-05-21
688516,奥特维,19.9552,224595064,2024-05-20
603508,思维列控,7.5655,381274377,2024-05-20
002555,三七互娱,3.7,2217864281,2024-05-21
301175,中科环保,1.0,1471880000,2024-05-20
301128,强瑞技术,7.0,73886622,2024-05-22
300346,南大光电,0.35,543424146,2024-05-21
300783,三只松鼠,2.51,401000000,2024-05-21
002572,索菲亚,10.0,963047164,2024-05-21
603029,天鹅股份,1.7,121342000,2024-05-20
300922,天秦装备,1.5,156811200,2024-05-22
688179,阿拉丁,3.0,198131265,2024-05-21
002745,木林森,3.38,1484166399,2024-05-22
000099,中信海直,0.817,775770137,2024-05-21
301376,致欧科技,5.0,401500000,2024-05-22
301208,中亦科技,3.9,100000050,2024-05-23
920179,凯德石英,1.0,75000000,2024-05-23
603727,博迈科,1.5,281719277,2024-05-21
920694,中裕科技,3.0,102298000,2024-05-23
603258,电魂网络,2.08,244768100,2024-05-21
002532,天山铝业,1.5,4651885415,2024-05-22
605218,伟时电子,1.36,212833460,2024-05-21
002236,大华股份,3.82,3294468990,2024-05-22
600300,维维股份,0.65,1617142180,2024-05-21
300232,洲明科技,0.50069,1094089477,2024-05-22
300872,天阳科技,0.5,404430061,2024-05-22
002372,伟星新材,8.0,1592037988,2024-05-22
300181,佐力药业,4.5,701387335,2024-05-22
301045,天禄科技,1.2,110318358,2024-05-21
300400,劲拓股份,1.25,242625800,2024-05-22
002271,东方雨虹,6.0,2518464191,2024-05-22
000597,东北制药,1.0,1429103265,2024-05-23
002003,伟星股份,4.5,1169270553,2024-05-23
002145,钛能化学,0.505168,3871026315,2024-05-21
002658,雪迪龙,3.0,635760924,2024-05-22
301091,深城交,0.31,312000000,2024-05-23
300724,捷佳伟创,12.0,348175136,2024-05-22
301081,严牌股份,3.0,204804000,2024-05-22
300806,斯迪克,0.2,453300503,2024-05-23
002976,瑞玛精密,1.5,120652200,2024-05-22
301550,斯菱智驱,4.0,110000000,2024-05-21
603095,越剑智能,2.5,184800000,2024-05-22
002083,孚日股份,1.0,822592584,2024-05-21
688585,上纬新材,0.21,403270007,2024-05-22
000960,锡业股份,2.6,1645801952,2024-05-22
301448,开创电气,2.5,80000000,2024-05-21
300389,艾比森,3.0,363853871,2024-05-22
300939,秋田微,4.0,120000000,2024-05-22
300792,壹网壹创,1.35,238498772,2024-05-22
300435,中泰股份,1.5,383190600,2024-05-22
300946,恒而达,2.3,120006000,2024-05-23
920075,柏星龙,4.6,64815000,2024-05-22
301218,华是科技,0.46,114040000,2024-05-21
603125,常青科技,2.3,192550000,2024-05-21
601969,海南矿业,1.0,2037522809,2024-05-21
603075,热威股份,5.0,400010000,2024-05-21
300284,苏交科,1.15,1262827774,2024-05-22
603109,神驰机电,3.5,208872720,2024-05-22
000878,云南铜业,3.0,2003628310,2024-05-23
600702,舍得酒业,21.5,333167579,2024-05-22
000570,苏常柴A,0.47,705692507,2024-05-22
603927,中科软,5.5,593600000,2024-05-21
300897,山科智能,4.0,68000000,2024-05-23
300599,雄塑科技,2.0,358131567,2024-05-22
300768,迪普科技,0.8,643829039,2024-05-22
301252,同星科技,7.5,80000000,2024-05-21
300639,凯普生物,0.65,646500674,2024-05-23
300316,晶盛机电,7.0,1309533797,2024-05-22
603688,石英股份,57.0,361277126,2024-05-22
603290,斯达半导,15.976,170980640,2024-05-23
300575,中旗股份,1.2,464756400,2024-05-22
688687,凯因科技,2.5,170944422,2024-05-22
688526,科前生物,4.3,466168016,2024-05-22
300207,欣旺达,1.2,1862217256,2024-05-23
002850,科达利,15.0,270010610,2024-05-24
688484,南芯科技,2.8,423530000,2024-05-22
920419,路斯股份,0.7,103346400,2024-05-23
920599,同力股份,5.0,452525000,2024-05-24
002334,英威腾,0.6,808192300,2024-05-23
300911,亿田智能,10.0,106748850,2024-05-23
300105,龙源技术,1.5,516098220,2024-05-24
002566,益盛药业,1.5,330951600,2024-05-22
300608,思特奇,0.1,331183261,2024-05-23
301193,家联科技,2.0,192000000,2024-05-23
301393,昊帆生物,2.5,108000000,2024-05-23
300855,图南股份,3.0,395307250,2024-05-23
920422,润普食品,2.0,88482710,2024-05-24
300259,新天科技,0.7,1169801516,2024-05-23
002762,金发拉比,0.5,354025000,2024-05-23
300017,网宿科技,2.5,2440774490,2024-05-23
688698,伟创电气,2.8,210259274,2024-05-22
600096,云天化,10.0,1834328747,2024-05-22
002276,万马股份,0.55,1035489098,2024-05-23
920566,梓橦宫,3.5,146561080,2024-05-24
601579,会稽山,2.1,479463409,2024-05-23
002534,西子洁能,1.0,739205207,2024-05-23
002414,高德红外,0.14,4270736108,2024-05-24
920670,数字人,0.6,106182400,2024-05-24
301187,欧圣电气,8.3,182607661,2024-05-23
600872,中炬高新,4.0,785375950,2024-05-22
300041,回天新材,1.0,559422387,2024-05-23
688297,中无人机,1.77,675000000,2024-05-24
002322,理工能科,8.5,379147970,2024-05-23
002479,富春环保,1.5,865000000,2024-05-23
001217,华尔泰,1.0,331870000,2024-05-24
920273,一致魔芋,3.0,73754000,2024-05-23
688106,金宏气体,3.5,487569513,2024-05-23
301113,雅艺科技,0.3,70000000,2024-05-23
300893,松原安全,2.0,225600000,2024-05-23
688135,利扬芯片,1.0,200309140,2024-05-22
688551,科威尔,6.0,83804207,2024-05-23
601000,唐山港,2.0,5925928614,2024-05-23
603239,浙江仙通,3.2,270720000,2024-05-23
920304,迪尔化工,2.0,162288000,2024-05-24
300705,九典制药,3.21,345436043,2024-05-24
605580,恒盛能源,2.5,280000000,2024-05-23
688679,通源环境,0.73,131689675,2024-05-23
605189,富春染织,1.5,149765568,2024-05-23
603221,爱丽家居,1.0,244580000,2024-05-22
688657,浩辰软件,10.0,44872800,2024-05-23
000088,盐田港,1.82,4285724351,2024-05-22
300187,永清环保,0.3,645622165,2024-05-24
300727,润禾材料,2.0,127720867,2024-05-23
301301,川宁生物,2.245595,2227160000,2024-05-22
301345,涛涛车业,15.0,109333600,2024-05-24
002242,九阳股份,1.5,767017000,2024-05-23
300642,透景生命,1.5,164126241,2024-05-23
301331,恩威医药,8.0,70138359,2024-05-23
300703,创源股份,1.5,180391840,2024-05-23
000739,普洛药业,3.169086,1178523492,2024-05-23
301538,骏鼎达,7.0,40000000,2024-05-22
002553,南方精工,1.0,348000000,2024-05-24
600867,通化东宝,2.5,1981734074,2024-05-23
301089,拓新药业,2.5,126544500,2024-05-23
300556,丝路视觉,0.35,121473181,2024-05-24
300715,凯伦股份,1.3,384909628,2024-05-24
002093,国脉科技,0.5,1007500000,2024-05-23
002677,浙江美大,7.5,646051647,2024-05-24
300951,博硕科技,10.0,121046707,2024-05-23
301029,怡合达,4.0,577708128,2024-05-23
300026,红日药业,0.3,3004154837,2024-05-23
002012,凯恩股份,0.31,467625470,2024-05-24
301237,和顺科技,1.0,80000000,2024-05-22
300853,申昊科技,2.0,146941769,2024-05-23
301263,泰恩康,3.0,425497500,2024-05-23
300066,三川智慧,0.5,1040033262,2024-05-24
300258,精锻科技,1.5,481777170,2024-05-24
300667,必创科技,1.0,202764889,2024-05-23
603919,金徽酒,3.89,507259997,2024-05-22
301446,福事特,2.0,80000000,2024-05-22
301220,亚香股份,2.0,80800000,2024-05-24
000819,岳阳兴长,1.0,369697506,2024-05-24
002478,常宝股份,2.8,901358228,2024-05-24
301181,标榜股份,5.0,117000000,2024-05-24
300931,通用电梯,1.0,240146000,2024-05-24
002317,众生药业,2.0,853350477,2024-05-23
600971,恒源煤电,8.5,1200004884,2024-05-24
300866,安克创新,20.0,406525224,2024-05-24
688278,特宝生物,4.1,406800000,2024-05-23
600328,中盐化工,2.74,1472224789,2024-05-23
600633,浙数文化,1.3,1265730523,2024-05-24
300779,惠城环保,1.5,139527296,2024-05-27
000686,东北证券,1.0,2340452915,2024-05-22
301380,挖金客,5.7,69925816,2024-05-24
002597,金禾实业,2.0,569975078,2024-05-24
000913,钱江摩托,4.0,526778500,2024-05-23
920274,宏裕包材,5.0,81333334,2024-05-24
300735,光弘科技,2.5,767460689,2024-05-24
301418,协昌科技,2.39,73333334,2024-05-24
920675,秉扬科技,2.0,172174000,2024-05-27
001326,联域股份,8.0,73200000,2024-05-24
688276,百克生物,1.5,413657598,2024-05-24
300890,翔丰华,3.239617,109349097,2024-05-23
301111,粤万年青,1.0,160000000,2024-05-23
600513,联环药业,1.5,285456270,2024-05-24
600284,浦东建设,2.15,970256000,2024-05-23
002020,京新药业,3.0,861029140,2024-05-24
300012,华测检测,1.0,1682828214,2024-05-24
920427,华维设计,2.8,103095000,2024-05-24
688589,力合微,3.5,100571129,2024-05-23
002759,ST天际,1.0,504582605,2024-05-24
688295,中复神鹰,1.06,900000000,2024-05-23
300882,万胜智能,6.0,204429420,2024-05-27
600995,南网储能,0.9515,3196005805,2024-05-24
300508,维宏股份,0.814264,109094400,2024-05-24
301051,信濠光电,2.0,120000000,2024-05-24
002410,广联达,0.7,1664869506,2024-05-23
300917,特发服务,2.2,169000000,2024-05-24
300696,爱乐达,1.0,293152983,2024-05-24
301095,广立微,4.412847,200000000,2024-05-24
300566,激智科技,1.5,263741550,2024-05-24
920593,鼎智科技,4.0,96044078,2024-05-27
603309,维力医疗,5.0,293160218,2024-05-23
300213,佳讯飞鸿,0.5,593718564,2024-05-24
002860,星帅尔,1.0,306515422,2024-05-23
301079,邵阳液压,0.1,110364584,2024-05-27
300567,精测电子,2.0,278151648,2024-05-24
002148,北纬科技,0.15,558035830,2024-05-23
300870,欧陆通,3.4,101200000,2024-05-24
603889,新澳股份,3.0,730655943,2024-05-24
300553,集智股份,0.7,81120000,2024-05-24
301529,福赛科技,3.0,84837210,2024-05-27
301047,义翘神州,20.0,129200000,2024-05-23
920505,九菱科技,1.5,44819000,2024-05-24
300928,华安鑫创,1.5,80000000,2024-05-27
002847,盐津铺子,15.0,195992985,2024-05-24
003036,泰坦股份,4.199986,216000701,2024-05-23
301365,矩阵股份,1.7,180000000,2024-05-24
300859,西域旅游,3.0,155000000,2024-05-24
002653,海思科,2.0,1114117970,2024-05-24
002312,川发龙蟒,0.9,1891416394,2024-05-24
301211,亨迪药业,4.8,288000000,2024-05-27
688668,鼎通科技,5.0,99092604,2024-05-27
301166,优宁维,4.7,86666668,2024-05-27
603005,晶方科技,0.46,652615226,2024-05-24
688015,交控科技,2.0,188680742,2024-05-24
600598,北大荒,4.4,1777679909,2024-05-24
300404,博济医药,0.1,382207238,2024-05-27
000625,长安汽车,3.43,9917289033,2024-05-24
002492,恒基达鑫,1.2,405000000,2024-05-24
600183,生益科技,4.5,2364552490,2024-05-24
301318,维海德,2.0,104118000,2024-05-24
603773,沃格光电,0.6,171382564,2024-05-24
002837,英维克,2.0,568901593,2024-05-27
002582,好想你,6.0,453243369,2024-05-27
300062,中能电气,0.2,557577326,2024-05-24
301295,美硕科技,5.0,72000000,2024-05-24
603173,福斯达,3.7,160000000,2024-05-24
000818,航锦科技,0.5,679156000,2024-05-24
301106,骏成科技,4.0,72586668,2024-05-24
003008,开普检测,3.0,80000000,2024-05-27
603899,晨光股份,8.0,926596570,2024-05-24
300813,泰林生物,1.0,109127164,2024-05-27
689009,九号公司,2.835,714871031,2024-05-24
002107,沃华医药,2.5,577209600,2024-05-24
002815,崇达技术,2.0,1091752511,2024-05-24
603130,云中马,2.7,137514200,2024-05-24
601666,平煤股份,9.9,2476312521,2024-05-24
002195,岩山科技,0.1,5724847663,2024-05-24
002999,天禾股份,1.2,347592000,2024-05-28
920357,雅葆轩,4.0,80080000,2024-05-28
301325,曼恩斯特,5.0,120000000,2024-05-24
300898,熊猫乳品,5.0,124000000,2024-05-28
300746,汉嘉数智,2.2,225738328,2024-05-28
301061,匠心家居,5.0,128000000,2024-05-27
300891,惠云钛业,0.3,400007410,2024-05-27
301101,明月镜片,3.0,201512100,2024-05-28
300438,鹏辉能源,0.6,503437324,2024-05-28
300687,赛意信息,1.1,410124969,2024-05-28
301279,金道科技,3.0,100000000,2024-05-27
300902,国安达,3.0,130910176,2024-05-27
300652,雷迪克,5.0,102608133,2024-05-28
920808,曙光数创,1.05,200000001,2024-05-28
920580,科创新材,1.2,86000000,2024-05-27
300847,中船汉光,1.0,296010000,2024-05-28
300593,新雷能,1.0,542498469,2024-05-28
300731,科创新源,1.0,126431804,2024-05-27
920526,凯华材料,1.0,82700000,2024-05-28
300285,国瓷材料,1.0,997048299,2024-05-28
301276,嘉曼服饰,7.6,108000000,2024-05-28
920132,泰鹏智能,1.8,59160000,2024-05-28
920857,泓禧科技,3.0,74007152,2024-05-28
300629,新劲刚,1.0,249788349,2024-05-27
300541,先进数通,1.2,330803456,2024-05-28
300751,迈为股份,11.0,279197806,2024-05-27
300009,安科生物,2.5,1676346758,2024-05-27
000715,中兴商业,0.5,415718940,2024-05-24
002301,齐心集团,0.83,721307933,2024-05-28
301266,宇邦新材,2.7,104000621,2024-05-28
300894,火星人,6.0,409236698,2024-05-28
300969,恒帅股份,4.0,80000000,2024-05-28
301129,瑞纳智能,1.5,133902000,2024-05-28
300669,沪宁股份,1.20004,192705526,2024-05-28
603057,紫燕食品,8.0,412000000,2024-05-24
300611,美力科技,0.5,211074680,2024-05-27
600821,金开新能,0.75,1997263453,2024-05-28
001308,康冠科技,6.0,686572613,2024-05-27
300979,华利集团,12.0,1167000000,2024-05-27
300678,中科信息,0.5,296386293,2024-05-28
688357,建龙微纳,6.0,83381988,2024-05-24
688689,银河微电,2.027,128902980,2024-05-27
301023,奕帆传动,7.0,56000250,2024-05-28
301357,北方长龙,0.5,68000000,2024-05-28
002593,日上集团,0.5,803858029,2024-05-28
300763,锦浪科技,2.0,400686945,2024-05-29
300488,恒锋工具,2.0,165679281,2024-05-28
300787,海能实业,2.8,220020418,2024-05-28
605258,协和电子,3.5,88000000,2024-05-27
300452,山河药辅,2.5,234440559,2024-05-29
300953,震裕科技,0.439996,102783765,2024-05-28
300440,运达科技,0.45,444713000,2024-05-28
000951,中国重汽,4.62,1174869360,2024-05-28
002969,嘉美包装,0.3,959039178,2024-05-28
003020,立方制药,5.0,159643136,2024-05-28
300691,联合光电,1.5,269196966,2024-05-29
002275,桂林三金,3.0,587568600,2024-05-29
002108,沧州明珠,1.0,1672697766,2024-05-27
300223,北京君正,2.0,481569911,2024-05-28
603213,镇洋发展,2.82,434800000,2024-05-28
920735,德源药业,3.6,78245040,2024-05-28
688350,富淼科技,2.48,122150099,2024-05-27
301141,中科磁业,3.0,88594718,2024-05-28
000963,华东医药,5.8,1754327548,2024-05-28
688548,广钢气体,0.76,1319398521,2024-05-27
603938,三孚股份,0.52,382624497,2024-05-28
300373,扬杰科技,6.0,543014987,2024-05-28
002631,德尔未来,0.3,658655034,2024-05-28
002270,华明装备,5.5,896225431,2024-05-27
600095,湘财股份,0.35,2859187743,2024-05-27
002346,柘中股份,2.0,441575416,2024-05-28
301015,百洋医药,7.62,525613491,2024-05-29
688419,耐科装备,3.0,82000000,2024-05-28
301053,远信工业,0.8,81752500,2024-05-28
001339,智微智能,0.4,249744000,2024-05-27
920685,新芝生物,4.0,91515941,2024-05-29
301227,森鹰窗业,5.0,94800000,2024-05-28
300226,上海钢联,0.8,321821516,2024-05-29
920061,西磁科技,1.9,70790000,2024-05-29
300910,瑞丰新材,13.0,291789935,2024-05-28
300531,优博讯,0.5,327895925,2024-05-29
301338,凯格精机,1.6,106400000,2024-05-28
000989,九芝堂,4.0,855942012,2024-05-28
301042,安联锐视,12.0,69738577,2024-05-27
002718,友邦吊顶,2.0,131447829,2024-05-28
002378,章源钨业,0.6,1201417666,2024-05-28
603618,杭电股份,0.6,691375616,2024-05-27
301171,易点天下,1.1,471885905,2024-05-29
002757,南兴股份,2.0,295455913,2024-05-28
300616,尚品宅配,9.0,224515980,2024-05-28
002878,元隆雅图,0.5,260998227,2024-05-28
300067,安诺其,0.4,1154374574,2024-05-28
002996,顺博合金,1.0,514950681,2024-05-28
688281,华秦科技,3.4,139066671,2024-05-28
300793,佳禾智能,1.5,338388800,2024-05-29
300869,康泰医学,3.0,401802765,2024-05-29
300938,信测标准,3.3,113535480,2024-05-27
300501,海顺新材,1.5,193537806,2024-05-28
603062,麦加芯彩,13.0,108000000,2024-05-27
600551,时代出版,5.0,484325171,2024-05-27
301388,欣灵电气,3.5,102447600,2024-05-29
002972,科安达,3.0,246008800,2024-05-28
300625,三雄极光,6.0,279331000,2024-05-28
300760,迈瑞医疗,15.0,1212441394,2024-05-28
920640,富士达,3.0,187728000,2024-05-29
300218,安利股份,1.3,216987000,2024-05-28
603611,诺力股份,6.22,257600791,2024-05-27
301256,华融化学,2.0,480000000,2024-05-27
000958,电投产融,0.63,5383418520,2024-05-27
300409,道氏技术,2.001123,581672671,2024-05-28
688722,同益中,0.9,224666700,2024-05-27
603320,迪贝电气,1.0,130031376,2024-05-27
920087,秋乐种业,2.0,165200000,2024-05-29
300709,精研科技,1.6,186076681,2024-05-28
300231,银信科技,2.0,419015055,2024-05-28
002881,美格智能,1.0,261702144,2024-05-27
603759,海天股份,2.7,461760000,2024-05-27
003013,地铁设计,4.9,400010000,2024-05-29
301328,维峰电子,3.0,109893594,2024-05-29
603183,建研院,0.45,501047151,2024-05-29
001378,德冠新材,4.5,133333600,2024-05-29
301195,北路智控,6.802002,131521740,2024-05-29
603171,税友股份,1.5,407187500,2024-05-28
301126,达嘉维康,0.4,206505700,2024-05-29
300403,汉宇集团,2.5,603000000,2024-05-28
600346,恒力石化,5.5,7039099786,2024-05-27
300272,开能健康,1.0,577203238,2024-05-28
001260,坤泰股份,1.25,115000000,2024-05-29
301203,国泰环保,15.0,80000000,2024-05-28
688198,佰仁医疗,8.0,136579240,2024-05-28
301030,*ST仕净,3.0,143646622,2024-05-28
301097,天益医疗,5.015983,58947368,2024-05-28
603093,南华期货,0.66,610065893,2024-05-28
002458,益生股份,2.0,1106412915,2024-05-27
300726,宏达电子,3.0,411839845,2024-05-28
002041,登海种业,0.36,880000000,2024-05-29
002669,康达新材,0.7,305402973,2024-05-29
002032,苏泊尔,27.3,801558657,2024-05-28
600527,江南高纤,0.5,1731760902,2024-05-27
300899,上海凯鑫,3.6,63783466,2024-05-28
301386,未来电器,8.0,140000000,2024-05-27
605077,华康股份,7.0,234607600,2024-05-28
002768,国恩股份,1.8,271250000,2024-05-29
300515,三德科技,1.45,205754500,2024-05-30
301330,熵基科技,4.5,194679508,2024-05-29
300263,隆华科技,0.3,904333567,2024-05-29
920299,灿能电力,2.219528,90109276,2024-05-30
002773,康弘药业,3.8,919463954,2024-05-28
300407,凯发电气,1.27,318200493,2024-05-30
002384,东山精密,2.5,1709867327,2024-05-30
920454,同心传动,1.0,105100000,2024-05-30
603788,宁波高发,6.0,223065068,2024-05-30
300545,联得装备,1.5,177748320,2024-05-29
003002,壶化股份,2.5,200000000,2024-05-29
603496,恒为科技,0.55,320209243,2024-05-28
002674,兴业科技,6.0,291862944,2024-05-29
301387,光大同创,5.0,76065000,2024-05-29
301050,雷电微力,4.08,174967506,2024-05-29
300919,中伟新材,11.6,669824103,2024-05-29
301322,绿通科技,10.0,104900698,2024-05-29
300920,润阳科技,2.0,100000000,2024-05-30
300796,贝斯美,0.4,361142872,2024-05-30
603071,物产环能,7.0,557954442,2024-05-29
002296,辉煌科技,1.0,389580420,2024-05-30
301132,满坤科技,4.06,147470000,2024-05-28
920363,莱赛激光,2.5,79541667,2024-05-29
300519,新光药业,4.0,160000000,2024-05-29
301062,上海艾录,0.499996,400394456,2024-05-30
301007,德迈仕,1.5,153340000,2024-05-30
002811,郑中设计,2.0,272044308,2024-05-29
301319,唯特偶,14.0,58640000,2024-05-28
002835,同为股份,2.1,219493931,2024-05-30
301157,华塑科技,1.5,60000000,2024-05-30
300533,冰川网络,5.0,231329610,2024-05-28
301198,喜悦智行,1.2,169000000,2024-05-28
002876,三利谱,0.25,173884932,2024-05-29
300133,华策影视,0.41,1901073701,2024-05-29
000563,陕国投A,0.7,5113970358,2024-05-28
605305,中际联合,2.8,151800000,2024-05-29
301456,盘古智能,2.0,148584205,2024-05-29
600298,安琪酵母,5.0,868669779,2024-05-28
301371,敷尔佳,10.0,400080000,2024-05-30
002882,金龙羽,2.0,432900000,2024-05-30
002749,国光股份,2.5,443024890,2024-05-29
000589,贵州轮胎,2.0,1555255604,2024-05-29
605098,行动教育,10.0,118078600,2024-05-28
300848,美瑞新材,1.0,318606772,2024-05-29
301577,美信科技,8.0,44260000,2024-05-29
002508,老板电器,5.0,949024050,2024-05-29
002892,科力尔,0.9,444149505,2024-05-29
300930,屹通新材,1.0,100000000,2024-05-28
301248,杰创智能,1.0,153705000,2024-05-28
301314,科瑞思,3.6,55250000,2024-05-29
301399,英特科技,5.0,88000000,2024-05-29
002128,电投能源,6.8,2241573493,2024-05-29
300448,浩云科技,0.18,676517079,2024-05-29
300248,新开普,0.8,476348393,2024-05-29
300943,春晖智控,1.2,203820000,2024-05-30
000683,博源化工,3.0,3730812560,2024-05-30
002965,祥鑫科技,6.0,204241638,2024-05-29
002932,*ST明德,1.2,232520957,2024-05-28
002130,沃尔核材,1.7,1259898562,2024-05-29
003012,东鹏控股,3.0,1173000000,2024-05-29
688314,康拓医疗,3.2,81239172,2024-05-29
300660,江苏雷利,5.6,317018474,2024-05-30
920077,吉林碳谷,1.0,587681817,2024-05-31
301206,三元生物,2.5,202325700,2024-05-29
605007,五洲特纸,2.2,403897522,2024-05-30
600020,中原高速,1.49,2247371832,2024-05-28
301219,腾远钴业,15.0,294717182,2024-05-30
300828,锐新科技,1.50758,166594800,2024-05-29
300808,久量股份,1.875,160000000,2024-05-29
300871,回盛生物,2.7,165887230,2024-05-29
300684,中石科技,2.4,299509223,2024-05-28
300956,英力股份,0.5,132000960,2024-05-28
600173,卧龙新能,0.6,700506244,2024-05-29
688522,纳睿雷达,1.5,154666800,2024-05-29
603713,密尔克卫,5.3,164293855,2024-05-29
300124,汇川技术,4.5,2678142081,2024-05-30
300633,开立医疗,3.2,432712405,2024-05-29
301022,海泰科,2.569475,84188400,2024-05-29
001299,美能能源,3.0,187579697,2024-05-28
301120,新特电气,0.55,371441055,2024-05-28
301367,瑞迈特,10.0,64000000,2024-05-29
000411,英特集团,3.045,522145920,2024-05-29
600352,浙江龙盛,2.5,3253331860,2024-05-30
301270,汉仪股份,3.5,100000000,2024-05-29
002489,浙江永强,0.1,2169016313,2024-05-29
300251,光线传媒,0.7,2933608432,2024-05-29
001258,立新能源,0.8,933333334,2024-05-30
688475,萤石网络,5.0,562500000,2024-05-28
300007,汉威科技,1.0,327445619,2024-05-29
002758,浙农股份,3.0,521547799,2024-05-28
688372,伟测科技,3.2,113373910,2024-05-29
600176,中国巨石,2.75,4003136728,2024-05-29
603685,晨丰科技,1.5,169005919,2024-05-29
601128,常熟银行,2.5,2740889922,2024-05-29
300538,同益股份,0.4,181918573,2024-05-30
002393,力生制药,6.0,184244992,2024-05-28
300351,永贵电器,1.0,386773757,2024-05-28
300694,蠡湖股份,0.5,215316977,2024-05-29
002623,亚玛顿,5.0,199062500,2024-05-28
920058,华洋赛车,8.93,56000000,2024-05-29
002550,千红制药,1.2,1279800000,2024-05-29
301020,密封科技,2.0,146400000,2024-05-29
300230,永利股份,1.25,816206041,2024-05-30
600988,赤峰黄金,0.5,1663911378,2024-05-29
301539,宏鑫科技,2.0,148000000,2024-05-29
300884,狄耐克,3.0,252000000,2024-05-29
002967,广电计量,1.5,575225846,2024-05-28
001259,利仁科技,4.0,73588888,2024-05-28
301043,绿岛风,8.8,68000000,2024-05-29
920021,流金科技,0.2,308999983,2024-05-29
300586,美联新材,0.5,711216645,2024-05-30
002655,共达电声,0.3,365704000,2024-05-29
300774,倍杰特,1.5,408763660,2024-05-30
300878,维康药业,2.5,144790322,2024-05-29
000877,天山股份,1.14,8663422814,2024-05-29
300522,世名科技,0.5,322451507,2024-05-29
000823,超声电子,1.0,536989716,2024-05-30
300668,杰恩股份,3.0,120381273,2024-05-30
002066,瑞泰科技,1.0,231000000,2024-05-29
003011,海象新材,6.0,102676000,2024-05-31
002738,中矿资源,10.0,729811694,2024-05-30
300451,创业慧康,0.1,1549124692,2024-05-31
920371,欧福蛋业,1.0,205445536,2024-05-31
300196,长海股份,1.5,408716549,2024-05-29
301215,中汽股份,0.76,1322400000,2024-05-31
002135,东南网架,1.0,1149598194,2024-05-30
301589,诺瓦星云,97.0,51360000,2024-05-30
002889,东方嘉盛,0.85,192960200,2024-05-29
688518,联赢激光,1.5,339041895,2024-05-29
001216,华瓷股份,2.6,251866700,2024-05-30
920943,优机股份,2.0,101521378,2024-05-31
300142,沃森生物,0.1,1605348484,2024-05-30
000062,深圳华强,2.0,1045909322,2024-05-30
300690,双一科技,2.1,165348919,2024-05-30
300881,盛德鑫泰,5.528356,110000000,2024-05-30
002730,电光科技,1.3,362079880,2024-05-29
001267,汇绿生态,0.4,779571428,2024-05-30
300640,德艺文创,0.7,312452427,2024-05-29
603383,顶点软件,11.0,171197016,2024-05-30
301131,聚赛龙,3.7,47780000,2024-05-30
002756,永兴材料,20.0,539101540,2024-05-30
301459,丰茂股份,4.0,80000000,2024-05-30
920706,铁拓机械,2.5,92405245,2024-05-31
300217,东方电热,0.68,1477976940,2024-05-31
920807,奔朗新材,1.8,181880000,2024-05-31
301389,隆扬电子,3.0,283500000,2024-05-31
603167,渤海轮渡,5.3,469144503,2024-05-31
301192,泰祥股份,2.0,99900000,2024-05-31
002223,鱼跃医疗,8.0,1002476929,2024-05-29
301026,浩通科技,3.0,113333334,2024-05-29
920212,智新电子,0.45,106100000,2024-05-30
920726,朱老六,0.5,101910000,2024-05-31
000990,诚志股份,0.5,1215237535,2024-05-29
301287,康力源,2.5,66670000,2024-05-31
301018,申菱环境,1.6,266052564,2024-05-31
002522,浙江众成,0.35,905779387,2024-05-30
002916,深南电路,9.0,512877535,2024-05-30
300650,太龙股份,0.4,218296126,2024-05-29
300845,捷安高科,2.5,111749607,2024-05-30
001298,好上好,2.0,141288000,2024-05-29
003038,鑫铂股份,4.0,178430061,2024-05-29
300800,力合科技,1.82,238400000,2024-05-29
300598,诚迈科技,1.2,166932109,2024-05-29
301419,阿莱德,5.0,100000000,2024-05-30
300820,英杰电气,4.0,220362708,2024-05-30
688393,安必平,1.5,93567699,2024-05-29
000906,浙商中拓,3.5,699491979,2024-05-29
300363,博腾股份,4.87,546037820,2024-05-29
603926,铁流股份,3.8,229532531,2024-05-29
301381,赛维时代,2.5,400100000,2024-05-30
300118,东方日升,2.008705,1140013863,2024-05-30
002600,领益智造,0.3,7008177819,2024-05-30
002043,兔宝宝,5.5,839146372,2024-05-30
301235,华康洁净,1.0,105600000,2024-05-30
920046,亿能电力,1.0,72250000,2024-05-31
300236,上海新阳,1.988656,313381402,2024-05-30
605389,长龄液压,4.0,144087070,2024-05-29
300151,昌红科技,0.5,532508631,2024-05-29
603193,润本股份,1.7,404593314,2024-05-29
920230,欧康医药,2.0,75631404,2024-05-31
002614,奥佳华,3.0,623475150,2024-05-29
688386,泛亚微透,5.0,70000000,2024-05-30
001255,博菲电气,0.86,80000000,2024-05-29
002841,视源股份,8.5,701239045,2024-05-29
002001,新和成,4.5,3090907356,2024-05-29
000543,皖能电力,2.21,2266863331,2024-05-30
002422,科伦药业,8.0,1601592173,2024-05-29
300631,久吾高科,1.8,125043424,2024-05-30
003033,征和工业,5.0,81750000,2024-05-30
000828,东莞控股,3.25,1039516992,2024-05-29
300776,帝尔激光,3.5,273082516,2024-05-30
002540,亚太科技,3.249994,1250185911,2024-05-30
600535,天士力,3.3,1493950005,2024-05-29
002831,裕同科技,6.202018,930513553,2024-05-29
301421,波长光电,3.0,115718000,2024-05-30
300681,英搏尔,0.3,252322708,2024-05-30
600982,宁波能源,1.5,1117627485,2024-05-29
002389,航天彩虹,0.6,996463000,2024-05-31
300602,飞荣达,0.328886,580006431,2024-05-29
002318,久立特材,4.8,977170720,2024-05-30
002913,奥士康,3.15,317360504,2024-05-30
300378,鼎捷数智,1.14915,269506430,2024-05-30
688786,悦安新材,6.0,85595240,2024-05-30
300936,中英科技,7.0,75200000,2024-05-31
300643,万通智控,1.6,230000000,2024-05-30
002556,辉隆股份,2.0,946518080,2024-05-29
605117,德业股份,21.0,430080841,2024-05-29
601022,宁波远洋,1.16,1308633334,2024-05-29
688379,华光新材,1.5,89442120,2024-05-30
002746,仙坛股份,1.5,860538727,2024-05-30
001296,长江材料,4.0,106859233,2024-05-30
000507,珠海港,0.12,919734895,2024-05-29
301439,泓淋电力,3.0,389101809,2024-05-30
002277,友阿股份,0.11,1394172800,2024-05-30
603088,宁波精达,2.9,437897040,2024-05-31
300877,金春股份,0.9,120000000,2024-05-30
000728,国元证券,1.5,4363777891,2024-05-30
300395,菲利华,2.1,519822973,2024-05-31
300390,天华新能,10.0,837537178,2024-05-31
300485,赛升药业,0.22,481666400,2024-05-29
300632,光莆股份,2.031651,305181620,2024-05-30
002899,英派斯,0.71,147796976,2024-05-29
002959,小熊电器,12.0,156855099,2024-05-30
301226,祥明智能,2.3,108800000,2024-05-31
301312,智立方,5.0,62827143,2024-05-30
002053,云南能投,1.6,920729464,2024-05-31
002152,广电运通,2.0,2483382898,2024-05-30
920221,易实精密,1.0,96700000,2024-06-04
002886,沃特股份,0.07,263203565,2024-05-30
002416,爱施德,4.0,1239281806,2024-05-30
001256,炜冈科技,2.0,142612558,2024-05-29
002274,华昌化工,3.0,952364646,2024-05-31
300394,天孚通信,10.0,395651201,2024-05-30
300991,创益通,0.3,144000000,2024-05-30
301528,多浦乐,1.26,61900000,2024-05-31
002970,锐明技术,5.0,173039000,2024-05-30
688360,德马科技,2.5,134564116,2024-05-29
301391,卡莱特,8.0,68000000,2024-05-30
300507,苏奥传感,0.6,791528907,2024-05-31
300959,线上线下,2.7,81180800,2024-05-31
688559,海目星,1.0,203962000,2024-05-31
002727,一心堂,4.0,596005425,2024-05-30
300504,天邑股份,2.0,272432480,2024-05-31
301269,华大九天,1.5,542941768,2024-05-30
603043,广州酒家,4.8,568770805,2024-05-30
301096,百诚医药,3.0,108919903,2024-06-03
300239,东宝生物,0.22,593604086,2024-05-31
920870,恒进感应,1.5,134000000,2024-06-03
000848,承德露露,4.0,1052554074,2024-05-30
002481,双塔食品,0.3,1233696500,2024-06-03
000919,金陵药业,1.0,629060528,2024-05-31
300677,英科医疗,0.8,647895741,2024-05-31
920662,方盛股份,2.29,87550002,2024-06-03
301136,招标股份,0.2,275204820,2024-05-31
300830,金现代,0.232491,430125000,2024-05-31
300525,博思软件,1.5,752294788,2024-05-31
002459,晶澳科技,5.63,3309669203,2024-05-30
300907,康平科技,5.0,96000000,2024-05-31
002688,金河生物,1.0,780422398,2024-05-31
003007,直真科技,2.0,104000000,2024-06-03
300529,健帆生物,4.0,807555312,2024-05-31
300656,民德电子,0.3,171125072,2024-05-31
301167,建研设计,2.16,112000000,2024-05-31
688395,正弦电气,2.0,86000000,2024-05-31
605268,王力安防,3.0,439577500,2024-05-30
600830,香溢融通,0.15,454322747,2024-05-31
300834,星辉环材,2.0,193712353,2024-05-31
002392,北京利尔,0.63,1190490839,2024-05-30
603885,吉祥航空,0.69,2214005268,2024-05-30
301591,肯特股份,3.13,84120000,2024-05-31
688777,中控技术,7.0,789915088,2024-05-30
920564,天润科技,0.5,74529018,2024-05-31
605358,立昂微,0.8537,671364120,2024-05-31
002587,奥拓电子,0.6,651544156,2024-05-31
000987,越秀资本,1.7,5017132462,2024-05-30
300685,艾德生物,1.5,398540309,2024-05-30
920242,建邦科技,5.0,64519250,2024-06-03
300387,富邦科技,0.6,289057018,2024-05-31
002127,南极电商,0.8,2454870403,2024-05-30
301272,英华特,5.1,58515700,2024-05-31
300275,梅安森,0.23,302265848,2024-05-31
300480,光力科技,0.5,352770891,2024-06-03
601168,西部矿业,5.0,2383000000,2024-05-31
600388,龙净环保,2.0,1081106442,2024-05-30
001366,播恩集团,1.2,160680000,2024-05-30
300977,深圳瑞捷,2.2,152766542,2024-05-30
300420,五洋自控,0.150147,1116383561,2024-05-31
600596,新安股份,1.0,1349597049,2024-05-30
002908,德生科技,0.5,431432088,2024-05-31
301486,致尚科技,4.0,128680995,2024-06-03
300679,电连技术,3.58,422384900,2024-05-30
603298,杭叉集团,5.0,935580035,2024-05-31
300739,明阳电路,2.0,298794242,2024-05-30
605158,华达新材,2.0,511420000,2024-05-30
688003,天准科技,6.0,192445000,2024-05-30
300723,一品红,2.1,454143281,2024-06-03
002952,亚世光电,0.8,164340000,2024-05-31
603678,火炬电子,1.5,458339858,2024-05-31
301313,凡拓数创,1.500626,104693400,2024-05-31
000789,万年青,0.9,797402954,2024-05-30
002436,兴森科技,0.5,1689596542,2024-05-31
600351,亚宝药业,1.5,720000094,2024-05-30
002241,歌尔股份,1.0,3417134589,2024-05-31
301396,宏景科技,1.5,109655391,2024-05-31
002206,海利得,1.5,1164502220,2024-05-31
301035,润丰股份,10.0,278662094,2024-05-30
002836,新宏泽,1.0,230400000,2024-05-31
301059,金三江,1.0,231154000,2024-05-31
603012,创力集团,1.5,650760000,2024-05-30
603225,新凤鸣,2.55,1524762883,2024-05-30
603739,蔚蓝生物,1.0,253028866,2024-05-30
920547,无锡晶海,3.0,64740000,2024-06-04
300675,建科院,0.4,146666700,2024-05-31
002080,中材科技,5.6,1678123584,2024-05-31
300561,汇金科技,0.35,328107975,2024-05-31
300075,数字政通,0.5,621130158,2024-05-30
002632,道明光学,3.0,624599090,2024-05-30
300365,恒华科技,0.15,599855469,2024-05-31
002409,雅克科技,3.6,475927678,2024-05-31
002599,盛通股份,0.2,537586717,2024-05-31
002151,北斗星通,1.5,543532558,2024-05-31
920892,广咨国际,6.0,129054056,2024-05-31
002465,海格通信,1.5,2481833948,2024-05-31
603886,元祖股份,10.0,240000000,2024-05-30
920717,瑞星股份,0.9,114680000,2024-06-03
603305,旭升集团,2.3,933214933,2024-05-30
603238,诺邦股份,3.0,177509000,2024-05-30
920765,美之高,3.0,69613044,2024-05-31
301075,多瑞医药,1.25,80000000,2024-05-31
601177,杭齿前进,0.5,400060000,2024-05-30
002861,瀛通通讯,1.5,155552744,2024-05-30
301185,鸥玛软件,2.0,153417600,2024-05-31
002724,海洋王,0.4,771497994,2024-05-30
920541,铁大科技,1.422858,136700000,2024-05-31
920478,峆一药业,4.0,40157500,2024-06-03
605055,迎丰股份,0.6,440000000,2024-05-30
002925,盈趣科技,4.6,780403040,2024-05-31
301369,联动科技,1.8,69766268,2024-05-31
688558,国盛智科,5.0,132000000,2024-05-30
301172,君逸数码,2.0,123200000,2024-06-03
000657,中钨高新,1.3,1397378114,2024-05-31
301336,趣睡科技,1.0,40000000,2024-05-30
301358,湖南裕能,4.18,757253070,2024-05-31
301086,鸿富瀚,9.0,90000000,2024-05-31
688093,世华科技,3.6,262631312,2024-05-30
603170,宝立食品,3.75,400010000,2024-05-31
688486,龙迅股份,14.0255,69264862,2024-06-03
002335,科华数据,1.2,461568950,2024-05-31
301488,豪恩汽电,5.0,92000000,2024-06-03
603458,勘设股份,0.55,311319847,2024-05-31
688315,诺禾致源,0.475,416200000,2024-05-31
603360,百傲化学,6.0,360318191,2024-05-31
002396,星网锐捷,2.5,592727478,2024-06-03
300170,汉得信息,0.1,984845711,2024-05-31
301251,威尔高,1.34,134621760,2024-05-31
002826,易明医药,0.3,190677750,2024-05-31
603533,掌阅科技,0.3,438896835,2024-06-03
300976,达瑞电子,2.3,95468600,2024-06-03
603197,保隆科技,6.4,212053370,2024-05-31
600557,康缘药业,3.7203,581797452,2024-05-31
300277,汽轮科技,0.2,335000000,2024-05-31
603860,中公高科,1.547,66680000,2024-05-31
300720,海川智能,1.8,194877256,2024-05-31
002166,莱茵生物,2.0,741986825,2024-06-03
001322,箭牌家居,1.318916,970122000,2024-05-31
600888,新疆众和,1.2,1376665488,2024-05-31
301413,安培龙,3.0,75693835,2024-05-31
002401,中远海科,1.8,371904560,2024-05-31
603160,汇顶科技,1.8,458001914,2024-05-31
603080,新疆火炬,4.7,141500000,2024-05-31
301221,光庭信息,1.0,92622300,2024-05-31
688307,中润光学,3.0,88000000,2024-05-31
002085,万丰奥威,1.5,2123297520,2024-06-03
688370,丛麟科技,3.6,138320000,2024-06-03
605122,四方新材,0.23,172354000,2024-05-31
688578,艾力斯,4.0,450000000,2024-05-31
603076,乐惠国际,1.5,120701344,2024-05-31
688716,中研股份,2.0,121680000,2024-05-31
300753,爱朋医疗,0.65,126048000,2024-06-03
300572,安车检测,0.2,228988812,2024-05-31
603569,长久物流,0.7,603467986,2024-05-31
603136,天目湖,5.36,186294283,2024-05-31
603719,良品铺子,2.25,401000000,2024-05-31
688535,华海诚科,3.0,80696453,2024-05-31
002919,名臣健康,1.5,222170055,2024-05-31
301533,威马农机,4.0,98306700,2024-05-31
002612,朗姿股份,4.5,442445375,2024-05-31
002232,启明信息,0.1,408548455,2024-05-31
002376,新北洋,1.5,648471734,2024-05-31
920924,广脉科技,0.5,83000000,2024-06-03
688205,德科立,3.0,100744021,2024-05-31
300978,东箭科技,2.0,422702739,2024-06-03
920523,德瑞锂电,2.0,77924130,2024-06-04
002887,绿茵生态,2.5,312000000,2024-05-31
600059,古越龙山,1.4,911542413,2024-05-31
301165,锐捷网络,5.6,568181818,2024-06-04
301231,荣信文化,0.5,84400000,2024-06-03
920855,浙江大农,2.8,74733333,2024-06-07
300645,正元智慧,0.4,142083053,2024-06-03
688334,西高院,2.57,316579466,2024-05-31
603983,丸美生物,5.2,401000000,2024-05-31
600756,浪潮软件,0.35,324098753,2024-05-31
603303,得邦照明,3.33,476944575,2024-05-31
920001,纬达光电,1.0,153656204,2024-06-04
601619,嘉泽新能,1.1,2434349342,2024-05-31
300888,稳健医疗,5.0,588292708,2024-06-04
920252,天宏锂电,0.4,102650665,2024-06-04
002923,润都股份,2.0,334893286,2024-05-31
301382,蜂助手,1.6,169584000,2024-05-31
688686,奥普特,5.3,122235455,2024-05-31
600572,康恩贝,2.0,2570037319,2024-05-31
603787,新日股份,1.5,230143790,2024-05-31
688012,中微公司,3.0,620073253,2024-05-31
688119,中钢洛耐,0.32,1125000000,2024-05-31
688570,天玛智控,4.0,433000000,2024-06-04
300443,金雷股份,2.63415,325453898,2024-06-04
300932,三友联众,2.2,175881318,2024-06-04
300948,冠中生态,0.6,140017096,2024-05-31
301429,森泰股份,2.548407,118220000,2024-05-31
301083,百胜智能,1.2,177866667,2024-06-03
300194,福安药业,0.5,1189712382,2024-06-04
301238,瑞泰新材,2.0,733333300,2024-06-04
605123,派克新材,12.8,121170892,2024-06-03
002511,中顺洁柔,0.6,1336050300,2024-06-03
300447,全信股份,0.66,312310375,2024-06-05
688305,科德数控,2.5,101702906,2024-06-03
920425,乐创技术,4.0,36192117,2024-06-06
688611,杭州柯林,2.5,78260000,2024-06-03
301362,民爆光电,19.263897,104670000,2024-06-04
002609,捷顺科技,1.25,647148281,2024-06-05
301028,鼎熔岩,1.0,378912000,2024-06-05
002214,*ST大立,0.500613,599237935,2024-06-03
603341,龙旗科技,5.0,465096544,2024-06-03
001387,雪祺电气,3.5,136760000,2024-06-03
603269,海鸥股份,3.0,157526412,2024-06-03
000100,TCL科技,0.8,18779080767,2024-06-04
002004,华邦健康,2.2,1979919191,2024-06-03
600663,陆家嘴,1.14,4812931457,2024-06-03
300777,中简科技,1.19,439707537,2024-06-04
603039,泛微网络,1.5,260603073,2024-06-04
688080,映翰通,1.7,73601522,2024-06-03
920699,海达尔,6.57,45625300,2024-06-05
601388,怡球资源,0.13,2201222616,2024-06-03
603289,泰瑞机器,1.5,295567442,2024-06-03
000922,佳电股份,2.02,595858553,2024-06-04
001306,夏厦精密,6.45,62000000,2024-06-03
603786,科博达,6.0,403900100,2024-06-04
603058,永吉股份,0.8,419984284,2024-06-03
001323,慕思股份,10.0,400010000,2024-06-03
002864,盘龙药业,2.2,106280960,2024-06-03
603006,联明股份,2.8,254254250,2024-06-04
603392,万泰生物,3.2,1268206999,2024-06-03
000750,国海证券,0.4,6386174477,2024-06-03
002472,双环传动,1.2,845495032,2024-06-05
688667,菱电电控,2.85,51812140,2024-06-03
300970,华绿生物,2.0,117888600,2024-06-04
301317,鑫磊股份,3.0,157190000,2024-06-03
000923,河钢资源,6.0,652728961,2024-06-03
603223,恒通股份,0.5,714187046,2024-06-03
300952,恒辉安防,2.5,145574507,2024-06-04
600160,巨化股份,1.1,2699746081,2024-06-05
688612,威迈斯,6.0,420957142,2024-06-03
688218,江苏北人,3.5,118191325,2024-06-04
688533,上声电子,3.1,160000040,2024-06-03
920751,惠同新材,3.0,86780000,2024-06-06
301161,唯万密封,0.6,120000000,2024-06-04
002907,华森制药,0.5,417596314,2024-06-04
300823,建科智能,5.88,93559091,2024-06-05
688006,杭可科技,3.4,603672152,2024-06-03
603903,中持股份,1.92,255319480,2024-06-03
603730,岱美股份,4.0,1271350342,2024-06-03
603102,百合股份,7.5,64000000,2024-06-03
301316,慧博云通,0.8,400010000,2024-06-04
688308,欧科亿,3.5,158781708,2024-06-03
603052,可川科技,5.0,96320000,2024-06-03
003004,声迅股份,2.0,81851763,2024-06-04
001205,盛航股份,1.2,170977333,2024-06-04
002812,恩捷股份,15.426097,977756063,2024-06-03
603192,汇得科技,1.8,138666667,2024-06-03
605337,李子园,5.0,394432143,2024-06-03
301320,豪江智能,1.0,181200000,2024-06-03
603118,共进股份,1.27,791462246,2024-06-03
603586,金麒麟,4.5,196052780,2024-06-05
002624,完美世界,4.6,1939968404,2024-06-05
603373,安邦护卫,5.0,107526882,2024-06-04
300994,久祺股份,3.65,233088000,2024-06-05
301566,达利凯普,0.6,400010000,2024-06-04
002885,京泉华,0.14,272756438,2024-06-04
688163,赛伦生物,2.0,108220000,2024-06-03
300577,开润股份,0.94,239792531,2024-06-05
301188,力诺药包,1.0,232450244,2024-06-04
300628,亿联网络,9.0,1263815202,2024-06-04
603933,睿能科技,1.0,210229575,2024-06-04
601121,宝地矿业,1.17,800000000,2024-06-03
300253,卫宁健康,0.2,2160077896,2024-06-04
688103,国力电子,2.3,95935004,2024-06-03
002589,瑞康医药,0.13,1504710471,2024-06-04
603701,德宏股份,0.25,261361901,2024-06-04
300399,天利科技,0.4,197600000,2024-06-04
601609,金田股份,1.2,1478892636,2024-06-06
605169,洪通燃气,2.0,282880000,2024-06-04
300512,中亚股份,1.0,410956625,2024-06-05
600916,中国黄金,4.5,1680000000,2024-06-04
603658,安图生物,10.5208,586272256,2024-06-05
003041,真爱美家,4.0,144000000,2024-06-05
300534,陇神戎发,0.2,303345000,2024-06-06
301032,新柴股份,0.3,241133400,2024-06-06
688630,芯碁微装,8.0,131419086,2024-06-05
603551,奥普科技,8.0,401337000,2024-06-04
603065,宿迁联盛,1.0,418967572,2024-06-04
301223,中荣股份,3.0,193127560,2024-06-06
301110,青木科技,6.0,66666667,2024-06-04
002626,金达威,2.0,609934771,2024-06-06
300921,南凌科技,2.0,131864605,2024-06-04
920834,三维装备,2.5,120000005,2024-06-05
600835,上海机电,4.4,1022739308,2024-06-04
605388,均瑶健康,1.0,430000000,2024-06-05
600523,贵航股份,1.22,404311320,2024-06-04
300863,卡倍亿,5.0,88880649,2024-06-06
603015,弘讯科技,1.5,404219000,2024-06-05
301502,华阳智能,5.25,57083500,2024-06-05
301503,智迪科技,5.6,80000000,2024-06-04
300474,景嘉微,1.2,458632254,2024-06-05
002870,香山股份,1.0,132075636,2024-06-06
300819,聚杰微纤,3.0,149205000,2024-06-06
002226,江南化工,0.6,2648922855,2024-06-06
603516,淳中科技,1.0,201841779,2024-06-04
920489,佳先股份,2.0,136459200,2024-06-06
300183,东软载波,1.0,462609137,2024-06-06
301148,嘉戎技术,3.9,116497080,2024-06-05
920946,森萱医药,1.6,426918340,2024-06-05
688312,燕麦科技,4.0,144848536,2024-06-04
002966,苏州银行,3.9,3666743645,2024-06-06
603280,南方路机,3.4,108406667,2024-06-04
300837,浙矿股份,3.0,100001128,2024-06-06
002081,金螳螂,1.0,2655323689,2024-06-06
920122,中纺标,1.799611,92242108,2024-06-06
920799,艾融软件,1.5,210369300,2024-06-05
688113,联测科技,3.54,64026190,2024-06-04
688571,杭华股份,1.5,416000000,2024-06-05
300649,杭州园林,0.6,132416609,2024-06-05
301202,朗威股份,2.0,136400000,2024-06-05
603600,永艺股份,4.0,332907776,2024-06-05
002849,威星智能,0.4,220634016,2024-06-04
002615,哈尔斯,1.0,466379732,2024-06-04
300482,万孚生物,4.0,471771537,2024-06-05
688508,芯朋微,1.5,131310346,2024-06-04
600887,伊利股份,12.0,6366098705,2024-06-05
600206,有研新材,1.38,846553332,2024-06-06
002891,中宠股份,2.4,294114102,2024-06-05
920284,灵鸽科技,0.3,104785645,2024-06-05
603113,金能科技,0.94,847948937,2024-06-04
002517,恺英网络,1.0,2152517634,2024-06-05
605599,菜百股份,7.0,777777800,2024-06-05
300785,值得买,1.4,198855243,2024-06-06
300623,捷捷微电,0.58,734867044,2024-06-06
601566,九牧王,3.0,574637150,2024-06-06
301232,飞沃科技,2.0,53687391,2024-06-06
688253,英诺特,4.0,136060816,2024-06-06
301199,迈赫股份,0.7,133340000,2024-06-05
002345,潮宏基,2.5,888512707,2024-06-06
605006,山东玻纤,0.52,610956705,2024-06-05
603579,荣泰健康,10.0,138974496,2024-06-05
300812,易天股份,0.4,140257029,2024-06-06
603390,通达电气,0.5,351686984,2024-06-04
000935,四川双马,3.406027,763440333,2024-06-06
002900,哈三联,2.0,316390050,2024-06-05
603897,长城科技,15.0,206435681,2024-06-05
301082,久盛电气,1.8,161649410,2024-06-06
001287,中电港,0.85,759900097,2024-06-04
301373,凌玮科技,3.0,108472091,2024-06-04
002432,九安医疗,3.0,490149717,2024-06-04
001206,依依股份,4.0,184893808,2024-06-04
688661,和林微纳,0.8,89874453,2024-06-04
688112,鼎阳科技,8.8,159200019,2024-06-04
603212,赛伍技术,0.72,437490636,2024-06-05
002252,上海莱士,0.3,6645480758,2024-06-05
300446,航天智造,1.0,845410111,2024-06-05
002282,博深股份,1.548703,526838348,2024-06-05
002702,海欣食品,0.4,555760000,2024-06-06
920651,天罡股份,7.0,61000000,2024-06-07
301073,君亭酒店,1.5,194451046,2024-06-06
300829,金丹科技,1.0,186185353,2024-06-04
920000,安徽凤凰,1.1,91680000,2024-06-05
002578,闽发铝业,0.4,938630183,2024-06-06
605099,共创草坪,5.4,400090000,2024-06-04
300454,深信服,0.5,419848342,2024-06-05
301360,荣旗科技,3.0,53340000,2024-06-04
300925,法本信息,0.8,428708945,2024-06-06
605136,丽人丽妆,0.5,400458500,2024-06-06
300889,爱克股份,0.3,156000000,2024-06-05
002859,洁美科技,2.0,432822305,2024-06-05
920729,永顺生物,1.8,273350000,2024-06-06
920010,凯添燃气,0.5,234500000,2024-06-06
920976,视声智能,6.0,50681000,2024-06-06
600398,海澜之家,5.6,4802770296,2024-06-06
603215,比依股份,3.75,188658099,2024-06-04
600316,洪都航空,0.15,717114512,2024-06-04
603206,嘉环科技,1.9,305199988,2024-06-04
920926,鸿智科技,3.5,41739130,2024-06-05
001230,劲旅环境,3.5,111393348,2024-06-06
688552,航天南湖,0.92,337248000,2024-06-06
002515,金字火腿,0.2,1210614164,2024-06-06
603209,兴通股份,1.5,280000000,2024-06-06
301578,辰奕智能,6.25,48000000,2024-06-05
603070,万控智造,1.5,401000000,2024-06-06
301209,联合化学,1.2,80000000,2024-06-06
002558,巨人网络,0.8,1973542406,2024-06-06
300817,双飞集团,2.5,174638592,2024-06-06
300058,蓝色光标,0.1,2487538734,2024-06-07
605300,佳禾食品,2.8,400010000,2024-06-05
920663,明阳科技,3.883,103200000,2024-06-07
002337,赛象科技,0.33,588615750,2024-06-06
605116,奥锐特,2.2,406195000,2024-06-06
920227,美登科技,10.0,38941500,2024-06-07
920445,龙竹科技,1.5,149017825,2024-06-07
603809,豪能股份,2.0,393022520,2024-06-05
300558,贝达药业,1.7,418485885,2024-06-06
002643,万润股份,3.0,930106155,2024-06-06
002993,奥海科技,6.0,276040000,2024-06-06
300308,中际旭创,4.5,805537788,2024-06-06
688655,迅捷兴,0.75,133390000,2024-06-05
601231,环旭电子,2.7,2210611709,2024-06-05
600825,新华传媒,0.13,1044887850,2024-06-07
688175,高凌信息,2.0,92906379,2024-06-06
603050,科林电气,4.0,227094140,2024-06-07
301138,华研精机,5.0,120000000,2024-06-07
601811,新华文轩,4.0,1233841000,2024-06-06
000014,沙河股份,2.16,242046224,2024-06-06
605090,九丰能源,4.0,632951000,2024-06-05
603199,九华旅游,7.9,110680000,2024-06-06
688681,科汇股份,1.0,104670000,2024-06-05
600035,楚天高速,1.9,1610115901,2024-06-07
600983,惠而浦,0.783,766439000,2024-06-05
605138,盛泰集团,0.903,555561945,2024-06-05
002034,旺能环境,3.0,429496231,2024-06-06
603823,百合花,1.5,412160476,2024-06-06
301349,信德新材,3.0,102000000,2024-06-06
688155,先惠技术,3.0,89321603,2024-06-05
603156,养元饮品,16.0,1265493600,2024-06-05
300192,科德教育,2.7,329143329,2024-06-07
300617,安靠智电,1.8,167360156,2024-06-06
603055,台华新材,1.6,890467393,2024-06-06
002048,宁波华翔,6.32,814095508,2024-06-07
301300,远翔新材,4.0,64150000,2024-06-05
603198,迎驾贡酒,13.0,800000000,2024-06-06
002973,侨银股份,1.0,408664953,2024-06-05
300109,新开源,10.0,323501837,2024-06-07
603063,禾望电气,2.0,443227000,2024-06-06
300035,中科电气,1.5,723310765,2024-06-05
002937,兴瑞科技,3.0,297779814,2024-06-06
000153,丰原药业,1.5,332026230,2024-06-07
300674,宇信科技,2.0,704057060,2024-06-05
300789,唐源电气,2.92,110553905,2024-06-06
688200,华峰测控,5.6,135367189,2024-06-06
002408,齐翔腾达,0.7058,2842840861,2024-06-06
605555,德昌股份,3.5,372360800,2024-06-06
301285,鸿日达,0.930078,206670000,2024-06-06
601860,紫金银行,1.0,3660980239,2024-06-06
000582,北部湾港,1.952779,2277555761,2024-06-06
603650,彤程新材,5.9,599832439,2024-06-05
920414,欧普泰,0.458904,66673554,2024-06-07
300621,维业股份,0.1,208056700,2024-06-06
300415,伊之密,4.0,468562084,2024-06-05
300702,天宇股份,0.5,347977159,2024-06-06
920204,沪江材料,1.3,72529075,2024-06-07
002131,利欧股份,0.3,6770182456,2024-06-05
603067,振华股份,1.83,509016166,2024-06-06
600586,金晶科技,1.0,1428770000,2024-06-05
688678,福立旺,3.0,174260040,2024-06-06
301257,普蕊斯,1.66,61160000,2024-06-06
600787,中储股份,1.28,2180728668,2024-06-06
002493,荣盛石化,1.0,10125525000,2024-06-05
603898,好莱客,2.1,311283746,2024-06-06
603228,景旺电子,5.0,841874087,2024-06-06
920267,鑫汇科,2.0,49982941,2024-06-07
600103,青山纸业,0.1669,2305817807,2024-06-05
688303,大全能源,4.1804,2144937715,2024-06-06
300088,长信科技,0.7,2454922028,2024-06-07
000928,中钢国际,2.66,1434644621,2024-06-06
920496,许昌智能,2.0,165575000,2024-06-07
002061,浙江交科,1.25,2599137900,2024-06-05
600051,宁波联合,1.2,310880000,2024-06-07
603722,阿科力,2.0,87937500,2024-06-06
002254,泰和新材,3.0,863794983,2024-06-06
000830,鲁西化工,1.3,1916476161,2024-06-06
605001,威奥股份,2.0,392886000,2024-06-05
601288,农业银行,2.309,349983033873,2024-06-07
300971,博亚精工,2.5,84000000,2024-06-06
300624,万兴科技,1.105579,138254689,2024-06-05
601339,百隆东方,3.0,1500000000,2024-06-05
300018,中元股份,0.5,480831536,2024-06-07
301536,星宸科技,1.0,421060000,2024-06-07
300428,立中集团,1.187308,632683091,2024-06-05
600371,万向德农,2.0,292578000,2024-06-07
605255,天普股份,2.2,134080000,2024-06-05
003043,华亚智能,2.5,80001111,2024-06-06
688139,海尔生物,5.15,317952508,2024-06-06
300968,格林精密,0.5,413380000,2024-06-07
001332,锡装股份,5.0,108000000,2024-06-06
002839,张家港行,2.0,2169655073,2024-06-06
688580,伟思医疗,15.058,68623867,2024-06-05
000532,华金资本,0.65,344708340,2024-06-07
001218,丽臣实业,6.5,131660000,2024-06-07
603527,众源新材,1.5,316971200,2024-06-06
601369,陕鼓动力,3.9,1725599033,2024-06-06
600587,新华医疗,5.0,466681989,2024-06-06
603995,甬金股份,5.0,366680003,2024-06-05
002434,万里扬,3.0,1312600000,2024-06-07
601208,东材科技,1.5,917716578,2024-06-05
002421,达实智能,0.2,2120581639,2024-06-07
601799,星宇股份,12.0,285679419,2024-06-06
002461,珠江啤酒,1.25,2213328480,2024-06-07
301303,真兰仪表,3.5,292000000,2024-06-07
300756,金马游乐,1.0,157598176,2024-06-07
688569,铁科轨道,4.5,210666700,2024-06-06
300989,蕾奥规划,0.5,162891000,2024-06-06
600970,中材国际,4.0,2642021768,2024-06-05
688800,瑞可达,1.0,158419873,2024-06-07
301170,锡南科技,2.5,100000000,2024-06-07
002243,力合科创,0.9,1210604219,2024-06-07
688190,云路股份,8.5,120000000,2024-06-06
300707,威唐工业,0.198409,176975894,2024-06-07
003027,同兴科技,0.6,131620400,2024-06-06
605339,南侨食品,1.1,426034616,2024-06-07
688050,爱博医疗,4.9,105250992,2024-06-05
600436,片仔癀,23.2,603317210,2024-06-07
002332,仙琚制药,3.0,989204866,2024-06-05
300802,矩子科技,1.6,289295555,2024-06-07
300581,晨曦航空,0.13,550109546,2024-06-07
003025,思进智能,2.0,236627965,2024-06-07
603082,北自科技,5.8,162227543,2024-06-06
605378,野马电池,7.5,133340000,2024-06-06
688167,炬光科技,3.1,90363344,2024-06-06
605066,天正电气,2.5,406379000,2024-06-07
000705,浙江震元,0.6,334123286,2024-06-07
688378,奥来德,8.0,148677301,2024-06-07
603706,东方环宇,9.0,189382714,2024-06-07
603606,东方电缆,4.5,687715368,2024-06-07
920576,天力复合,7.0,108950000,2024-06-07
600727,鲁北化工,1.0,528583135,2024-06-07
600162,香江控股,1.6,3268438122,2024-06-06
601827,三峰环境,2.35,1678268000,2024-06-07
002588,史丹利,1.3,1156884000,2024-06-07
601360,三六零,1.0,7145363197,2024-06-06
300918,南山智尚,1.72,360001156,2024-06-07
300484,蓝海华腾,1.6,207681900,2024-06-07
688196,卓越新能,2.7,120000000,2024-06-07
000950,重药控股,0.5,1728184696,2024-06-06
600097,开创国际,1.9,240936559,2024-06-06
603939,益丰药房,5.0,1010579797,2024-06-07
600985,淮北矿业,10.0,2693258709,2024-06-07
300822,贝仕达克,1.0,240007500,2024-06-07
605011,杭州热电,1.6,400100000,2024-06-07
603112,华翔股份,3.15,437170317,2024-06-06
300827,上能电气,1.0,358038965,2024-06-07
605016,百龙创园,2.4,248528000,2024-06-06
001212,中旗新材,1.5,117876274,2024-06-07
688543,国科军工,8.0,146670000,2024-06-07
300923,研奥股份,4.5,78600000,2024-06-07
002228,合兴包装,1.2,1222834829,2024-06-06
000630,铜陵有色,0.792126,12792920401,2024-06-07
603297,永新光学,9.55,111170500,2024-06-06
688531,日联科技,8.0,79405467,2024-06-07
603583,捷昌驱动,1.7,384595355,2024-06-06
300782,卓胜微,2.237585,534391199,2024-06-07
688088,虹软科技,2.2,406000000,2024-06-06
002204,大连重工,0.35,1931370032,2024-06-07
002921,联诚精密,1.0,130882615,2024-06-07
301168,通灵股份,1.68,120000000,2024-06-07
002980,华盛昌,6.0,133333400,2024-06-07
000565,渝三峡A,0.15,433592220,2024-06-07
920690,捷众科技,2.5,66300000,2024-06-11
300371,汇中股份,1.6,201217296,2024-06-07
688403,汇成股份,1.0,834853281,2024-06-06
300095,华伍股份,1.0,420090164,2024-06-06
600903,贵州燃气,0.36,1150003959,2024-06-07
002747,埃斯顿,0.6,869531453,2024-06-07
002635,安洁科技,3.0,659686776,2024-06-11
603323,苏农银行,1.8,1804073701,2024-06-07
300107,建新股份,0.159264,559013768,2024-06-07
002245,蔚蓝锂芯,0.15,1152046537,2024-06-07
301222,浙江恒威,3.0,101333400,2024-06-07
301363,美好医疗,1.6,406660000,2024-06-07
601216,君正集团,3.2,8438017390,2024-06-06
600884,杉杉股份,2.0,2258223223,2024-06-06
603019,中科曙光,1.7,1463578974,2024-06-06
605167,利柏特,0.43,449070000,2024-06-07
688300,联瑞新材,5.0,185745531,2024-06-06
300073,当升科技,7.52,506500774,2024-06-07
600761,安徽合力,6.0,789231276,2024-06-07
600073,光明肉业,0.73,937729472,2024-06-06
920508,殷图网联,2.0,50000000,2024-06-11
301217,铜冠铜箔,0.6,829015544,2024-06-11
603819,神力股份,3.0,217730187,2024-06-06
601368,绿城水务,0.26,882973077,2024-06-07
688338,赛科希德,2.6,106142400,2024-06-06
603195,公牛集团,31.0,891540875,2024-06-06
600114,东睦股份,2.0,616383477,2024-06-06
600941,中国移动,21.849,21427608756,2024-06-06
300906,日月明,5.0,80000000,2024-06-07
000032,深桑达A,1.1,1137959234,2024-06-07
688629,华丰科技,0.5,460992831,2024-06-06
688008,澜起科技,3.0,1141461126,2024-06-06
300957,贝泰妮,6.004782,423600000,2024-06-11
920469,富恒新材,1.5,108420000,2024-06-11
002809,红墙股份,1.5,210228348,2024-06-07
300549,优德精密,1.0,133340000,2024-06-07
605033,美邦股份,1.5,135200000,2024-06-07
920261,一诺威,3.0,291132748,2024-06-07
002981,朝阳科技,3.7,96000000,2024-06-07
300666,江丰电子,2.0,265338583,2024-06-07
605100,华丰股份,4.0,169932000,2024-06-07
300543,朗科智能,0.5,268127372,2024-06-07
301518,长华化学,5.0,140178204,2024-06-07
600873,梅花生物,4.2,2852788750,2024-06-06
688170,德龙激光,3.0,103360000,2024-06-06
603129,春风动力,20.8,151431863,2024-06-07
300885,海昌新材,0.80467,250800000,2024-06-07
603966,法兰泰克,2.3,360111655,2024-06-07
301191,菲菱科思,10.0,69342000,2024-06-06
002962,五方光电,2.0,292871256,2024-06-07
300201,海伦哲,0.35,1040921518,2024-06-06
002060,广东建工,1.55,3754393242,2024-06-07
688768,容知日新,1.15,81626048,2024-06-06
301121,紫建电子,1.5,70803184,2024-06-07
300476,胜宏科技,1.9,862688641,2024-06-07
603016,新宏泰,3.72,148160000,2024-06-07
603008,ST喜临门,5.0,378991880,2024-06-06
300718,长盛轴承,2.35,298867830,2024-06-07
688517,金冠电气,5.0,136613184,2024-06-06
600008,首创环保,1.0,7340590677,2024-06-07
000301,东方盛虹,1.0,6611214450,2024-06-07
002125,湘潭电化,1.68,629481713,2024-06-07
688252,天德钰,0.56,409021341,2024-06-06
603299,苏盐井神,4.25,781968869,2024-06-07
603035,常熟汽饰,4.312,380030933,2024-06-06
301332,德尔玛,1.0,461562500,2024-06-07
605266,健之佳,12.85,128848882,2024-06-06
002820,桂发祥,2.0,200868295,2024-06-06
300015,爱尔眼科,1.500225,9327014495,2024-06-06
002120,韵达股份,1.7,2899194432,2024-06-07
002216,三全食品,5.0,879184048,2024-06-07
603912,佳力图,0.8,541775874,2024-06-07
300161,华中数控,0.2,198696906,2024-06-07
603038,华立股份,0.5,206674697,2024-06-06
301212,联盛化学,1.98,108000000,2024-06-07
603466,风语筑,2.0,594777927,2024-06-07
601108,财通证券,1.0,4643739554,2024-06-07
002015,协鑫能科,1.3,1623324614,2024-06-11
000833,粤桂股份,0.57,668401851,2024-06-07
600129,太极集团,3.0,556890744,2024-06-07
605168,三人行,17.0,147784311,2024-06-07
600699,均胜电子,2.6,1408701543,2024-06-07
002073,软控股份,1.0,1014309874,2024-06-07
688733,壹石通,1.0,199775190,2024-06-07
300833,浩洋股份,24.0,84327000,2024-06-11
300468,四方精创,0.6,530649275,2024-06-07
603725,天安新材,1.7,218352000,2024-06-07
002158,汉钟精机,5.8,534724139,2024-06-07
688223,晶科能源,2.24,10005199567,2024-06-07
603956,威派格,1.0,506699774,2024-06-07
603657,春光科技,1.0,137633750,2024-06-07
603286,日盈电子,0.3,114303931,2024-06-07
002165,红宝丽,0.7,735269837,2024-06-11
002830,名雕股份,2.4,133340000,2024-06-07
605118,力鼎光电,2.5,407128300,2024-06-07
601996,丰林集团,1.2,1145622800,2024-06-07
603189,*ST网达,1.0,269548349,2024-06-07
300986,志特新材,1.0,246371227,2024-06-07
600998,九州通,2.5,3908891654,2024-06-07
600469,风神股份,1.7,729450871,2024-06-07
603637,镇海股份,1.3,243678373,2024-06-07
003019,宸展光电,4.5,163785238,2024-06-11
001359,平安电工,2.7,185503165,2024-06-07
000672,上峰材料,4.0,969395450,2024-06-07
300773,拉卡拉,5.0,800020000,2024-06-07
688036,传音控股,30.0,806565200,2024-06-07
603607,京华激光,3.0,178516800,2024-06-07
688109,品茗科技,3.0,78842300,2024-06-07
601279,英利汽车,0.2,1585785985,2024-06-11
002664,信质集团,0.7,407141800,2024-06-11
600735,ST新华锦,0.38,428778219,2024-06-07
603917,合力科技,2.0,203840000,2024-06-07
600549,厦门钨业,4.0,1418285200,2024-06-07
601058,赛轮轮胎,1.7,3288100259,2024-06-07
603619,中曼石油,6.2,400000100,2024-06-07
603908,牧高笛,12.0,66690000,2024-06-07
300002,神州泰岳,0.6,1961091984,2024-06-07
605286,同力天启,3.8,176000000,2024-06-07
300651,金陵体育,1.5,128748930,2024-06-07
001311,多利科技,8.2,183733334,2024-06-11
300439,美康生物,1.34,383949815,2024-06-07
600594,益佰制药,0.66,791927400,2024-06-07
600854,春兰股份,1.4,519458538,2024-06-07
600369,西南证券,0.35,6645109124,2024-06-07
688347,华虹宏力,1.5,1716910178,2024-06-07
603036,如通股份,2.0,206006025,2024-06-07
688767,博拓生物,8.0,106666667,2024-06-11
603027,千禾味业,3.0,1027731086,2024-06-11
688633,星球石墨,4.5,104442931,2024-06-07
920123,芭薇股份,2.0,85800000,2024-06-11
688269,凯立新材,5.0,130704000,2024-06-07
688019,安集科技,3.5,99070448,2024-06-11
688683,莱尔科技,0.65,155177929,2024-06-07
301130,西点药业,2.6,80803943,2024-06-12
603816,顾家家居,13.9,821891519,2024-06-07
920656,海昇药业,5.0,80000000,2024-06-11
002466,天齐锂业,13.5,1641221583,2024-06-07
603096,新经典,9.0,162503585,2024-06-07
605179,一鸣食品,0.45,401000000,2024-06-07
002871,伟隆股份,3.0,219368887,2024-06-11
688503,聚和材料,11.3104,165627886,2024-06-11
603992,松霖科技,1.89,407988485,2024-06-07
300950,德固特,1.5,150480000,2024-06-11
920394,民士达,2.0,146250000,2024-06-11
920396,常辅股份,2.2,59774280,2024-06-13
301268,铭利达,2.5,400010183,2024-06-11
600235,民丰特纸,0.15,351300000,2024-06-07
300384,三联虹普,4.8,319007265,2024-06-12
002215,诺普信,1.5,1012500927,2024-06-07
920130,立方控股,2.0,92243236,2024-06-12
300609,汇纳科技,2.0,120114387,2024-06-13
688085,三友医疗,0.78,248453535,2024-06-11
300749,顶固集创,0.3,205832200,2024-06-12
003030,祖名股份,1.5,124780000,2024-06-11
603998,方盛制药,2.0,439586860,2024-06-11
300568,星源材质,2.2,1345059410,2024-06-13
920826,盖世食品,1.5,117401587,2024-06-13
301087,可孚医疗,12.0,209238250,2024-06-12
688310,迈得医疗,5.0,118049833,2024-06-12
688376,美埃科技,3.0,134400000,2024-06-11
002153,石基信息,0.1,2729193841,2024-06-13
600694,大商股份,10.0,293718653,2024-06-11
001317,三羊马,1.2,80040000,2024-06-11
301372,科净源,2.39,68571430,2024-06-13
003023,彩虹集团,4.0,105341600,2024-06-13
603811,诚意药业,2.0,327304320,2024-06-11
301258,富士莱,6.005202,91670000,2024-06-12
601997,贵阳银行,2.9,3656198076,2024-06-12
301135,瑞德智能,3.0,101995500,2024-06-13
600845,宝信软件,10.0,2403674671,2024-06-12
688072,拓荆科技,3.5,188188255,2024-06-11
603079,圣达生物,0.6,171188958,2024-06-12
601899,紫金矿业,2.0,26325988940,2024-06-11
600570,恒生电子,1.3,1894144775,2024-06-11
002476,新叶股份,0.1,612000000,2024-06-13
000026,飞亚达,4.0,405864207,2024-06-12
301255,通力科技,5.0,108800000,2024-06-12
600126,杭钢股份,0.5,3377189083,2024-06-11
603368,柳药集团,6.0,399035976,2024-06-11
300193,佳士科技,4.0,493198667,2024-06-13
920429,康比特,2.0,124500000,2024-06-14
920961,创远信科,0.5,142840508,2024-06-12
002187,广百股份,0.3,704038932,2024-06-12
002349,精华制药,0.92,814180908,2024-06-12
605499,东鹏饮料,25.0,400010000,2024-06-11
603801,志邦家居,7.0,436547813,2024-06-13
300838,浙江力诺,2.5,137169500,2024-06-12
601366,利群股份,0.3,849628100,2024-06-11
002237,恒邦股份,1.349978,1148048210,2024-06-12
600720,中交设计,2.57,2061708481,2024-06-13
301299,卓创资讯,16.5,60000000,2024-06-12
603025,大豪科技,3.0,1109174773,2024-06-13
300811,铂科新材,2.0,200173654,2024-06-12
601116,三江购物,2.0,547678400,2024-06-11
000505,京粮控股,0.71,726950251,2024-06-12
300937,药易购,2.2,95666682,2024-06-13
688618,三旺通信,5.2,75240070,2024-06-11
920089,禾昌聚合,1.2,107620000,2024-06-13
688720,艾森股份,1.5,88133334,2024-06-11
002361,神剑股份,1.0,951034969,2024-06-12
688677,海泰新光,5.5,121637381,2024-06-11
301210,金杨精密,1.5,82456356,2024-06-13
300815,玉禾田,2.0,398592000,2024-06-12
600477,杭萧钢构,0.5,2369111152,2024-06-11
003031,中瓷电子,3.9,322180614,2024-06-11
000423,东阿阿胶,17.841902,643976824,2024-06-12
688291,金橙子,1.0,102666700,2024-06-11
301005,超捷股份,1.0,104497025,2024-06-12
000900,现代投资,1.5,1517828334,2024-06-13
300229,拓尔思,0.3,795291951,2024-06-12
603960,克来机电,1.06,263058500,2024-06-12
300219,鸿利智汇,1.0,707943506,2024-06-13
605018,长华集团,2.0,471470353,2024-06-12
301233,盛帮股份,4.42,51470000,2024-06-12
688289,圣湘生物,2.0,588459803,2024-06-11
301505,苏州规划,4.0,88000000,2024-06-12
000988,华工科技,1.5,1005502707,2024-06-12
603379,三美股份,2.3,610479037,2024-06-11
603296,华勤技术,12.0,725801805,2024-06-11
300966,共同药业,0.16,115278902,2024-06-12
600495,晋西车轴,0.12,1208190886,2024-06-12
920679,前进科技,10.0,55850000,2024-06-13
300627,华测导航,3.5,545523833,2024-06-12
301163,宏德股份,2.5,81600000,2024-06-13
002801,微光股份,3.0,229632000,2024-06-13
000400,许继电气,2.96,1019009309,2024-06-13
000548,湖南投资,0.9,499215811,2024-06-13
002046,国机精工,2.0,528957865,2024-06-13
920837,华原股份,2.0,151712787,2024-06-17
300857,协创数据,1.12,243801046,2024-06-14
600703,三安光电,0.3,4989018727,2024-06-13
603659,璞泰来,1.4,2137973428,2024-06-13
002050,三花智控,2.5,3732615535,2024-06-13
002888,惠威科技,0.68,149611680,2024-06-12
000937,冀中能源,6.0,3533546850,2024-06-12
600481,双良节能,1.2,1870677483,2024-06-12
300607,拓斯达,0.43,424830224,2024-06-14
002155,湖南黄金,1.3,1202039474,2024-06-14
601238,广汽集团,1.0,10486911038,2024-06-13
301058,中粮科工,1.5,512274245,2024-06-13
002576,通达动力,0.55,165100000,2024-06-13
301290,东星医疗,6.0,100173334,2024-06-13
300987,川网传媒,1.7,173368000,2024-06-13
301508,中机认检,4.09,226085200,2024-06-14
300547,川环科技,2.77,216906174,2024-06-14
003010,若羽臣,3.0,122329340,2024-06-13
603351,威尔药业,3.0,135439132,2024-06-13
600728,佳都科技,0.1856,2144492465,2024-06-12
920174,五新智能,3.0,90008718,2024-06-13
300771,智莱科技,1.000012,240000000,2024-06-13
002927,泰永长征,1.35,223192180,2024-06-13
600511,国药股份,8.54,754502998,2024-06-13
920278,鹿得医疗,1.0,176000000,2024-06-14
002998,优彩资源,0.5,326402893,2024-06-13
002333,罗普斯金,0.35,674924800,2024-06-13
000567,海德股份,4.25,1347994590,2024-06-14
920527,夜光明,0.8,60042700,2024-06-14
000810,创维数字,1.5,1150216072,2024-06-13
688665,四方光电,8.6,70000000,2024-06-13
002985,北摩高科,0.7,331853600,2024-06-13
601808,中海油服,2.1,4771592000,2024-06-12
603369,今世缘,10.0,1254500000,2024-06-12
301309,万得凯,3.0,100000000,2024-06-13
000888,峨眉山A,2.0,526913102,2024-06-12
002400,省广集团,0.27,1743337128,2024-06-13
301236,软通动力,1.8,952941177,2024-06-13
300548,长芯博创,0.8,287013054,2024-06-13
300743,天地数码,3.5,153479142,2024-06-14
300274,阳光电源,9.65,1485150984,2024-06-13
300337,银邦股份,0.2,821920000,2024-06-12
300580,贝斯特,2.0,339560485,2024-06-14
603078,江化微,0.85,385637248,2024-06-13
601633,长城汽车,3.0,8541932942,2024-06-12
000521,长虹美菱,3.0,1029923715,2024-06-13
300138,晨光生物,1.3,532773991,2024-06-13
300672,国科微,3.0,217140672,2024-06-12
603002,宏昌电子,0.5,1134078509,2024-06-14
600251,冠农股份,4.6,776993583,2024-06-13
600449,宁夏建材,2.5,478181042,2024-06-13
002448,中原内配,1.3,588409646,2024-06-12
601083,锦江航运,2.87,1294120000,2024-06-14
688700,东威科技,2.5,229632000,2024-06-13
603970,中农立华,4.5,268800134,2024-06-12
301278,快可电子,3.0,83322800,2024-06-14
002025,航天电器,3.8,456870256,2024-06-14
300658,延江股份,0.35,332764105,2024-06-13
301112,信邦智能,1.2,110266600,2024-06-13
603915,国茂股份,2.0,661945620,2024-06-12
920245,威博液压,1.5,48750000,2024-06-13
002027,分众传媒,3.3,14442199726,2024-06-13
300757,罗博特科,1.8,110751616,2024-06-13
301310,鑫宏业,5.0,97098600,2024-06-14
301027,华蓝集团,0.13,148291400,2024-06-13
603041,美思德,2.0,183147692,2024-06-12
000045,深纺织A,0.65,506521849,2024-06-13
688293,奥浦迈,2.304,114772460,2024-06-13
002444,巨星科技,1.0,1202501992,2024-06-13
001373,翔腾新材,2.0,68686888,2024-06-13
603999,读者传媒,0.52,576000000,2024-06-13
002729,好利科技,0.28,182969920,2024-06-14
688385,复旦微电,1.0,819060400,2024-06-13
002737,葵花药业,15.0,584000000,2024-06-14
603987,康德莱,1.6,441001780,2024-06-14
688390,固德威,7.5,172887533,2024-06-12
688209,英集芯,0.28,424794660,2024-06-12
002733,雄韬股份,1.500395,384214913,2024-06-12
301261,恒工精密,2.0,87890196,2024-06-13
300985,致远新能,4.0,133333400,2024-06-12
301108,洁雅股份,3.6,81209818,2024-06-13
688577,浙海德曼,6.0,54206616,2024-06-12
601968,宝钢包装,0.98,1133039174,2024-06-13
002498,汉缆股份,0.36,3326796000,2024-06-12
002487,大金重工,1.82,637749349,2024-06-12
300618,寒锐钴业,1.0,312233839,2024-06-13
300995,奇德新材,1.2,84160000,2024-06-13
688146,中船特气,1.9,529411765,2024-06-12
603387,基蛋生物,1.0,507153517,2024-06-12
300031,宝通科技,0.6,412523242,2024-06-13
603073,彩蝶实业,3.0,116000000,2024-06-12
603506,南都物业,3.5057,187777779,2024-06-12
300960,通业科技,6.0,102385812,2024-06-13
920471,美邦科技,1.0,83200000,2024-06-14
002734,利民股份,2.0,366862314,2024-06-12
002039,黔源电力,1.9,427558126,2024-06-14
688318,财富趋势,8.0,130673200,2024-06-14
605086,龙高股份,3.62,128000000,2024-06-14
600750,华润江中,7.0,629334091,2024-06-13
600616,金枫酒业,0.5,669004950,2024-06-14
002449,国星光电,0.6,618477169,2024-06-14
000932,华菱钢铁,2.3,6908632499,2024-06-13
920925,锦好医疗,1.0,97686643,2024-06-17
601107,四川成渝,2.4,3058060000,2024-06-13
002320,海峡股份,1.16,2228933187,2024-06-14
603610,麒盛科技,10.0,358489251,2024-06-13
601089,福元医药,5.0,480000000,2024-06-14
920693,阿为特,0.36,72700000,2024-06-14
000422,湖北宜化,3.2,1057866712,2024-06-14
002007,华兰生物,3.0,1828780926,2024-06-14
600330,天通股份,0.8,1233434416,2024-06-14
603800,洪田股份,1.5,208000000,2024-06-13
601778,晶科科技,0.11,3570955762,2024-06-14
603168,莎普爱思,0.21,379161625,2024-06-13
002536,飞龙股份,3.0,574785888,2024-06-14
002030,达安基因,0.15,1403446032,2024-06-14
002660,茂硕电源,1.0,356626019,2024-06-14
000999,华润三九,15.0,988184000,2024-06-14
300244,迪安诊断,0.6,626898036,2024-06-13
688563,航材股份,3.45,450000000,2024-06-14
000722,湖南发展,0.5,464158282,2024-06-14
605289,罗曼股份,2.5,109777500,2024-06-13
601728,中国电信,0.9,91507138699,2024-06-13
688025,杰普特,3.5057,95049423,2024-06-13
002938,鹏鼎控股,5.0,2318560816,2024-06-13
000905,厦门港务,1.0,741809597,2024-06-17
000555,神州信息,0.320519,975774437,2024-06-14
688479,友车科技,5.0,144317400,2024-06-13
688077,大地熊,1.8,113860600,2024-06-13
600488,津药药业,0.87,1093932680,2024-06-14
601019,山东出版,5.6,2086900000,2024-06-14
300653,正海生物,8.01804,180000000,2024-06-14
600673,东阳光,3.36,3013874259,2024-06-13
920519,万德股份,3.0,89258104,2024-06-17
603270,金帝股份,2.0,219106667,2024-06-14
300514,友讯达,2.0,200000000,2024-06-14
603556,海兴电力,11.0,488684040,2024-06-14
603626,科森科技,1.3,554879690,2024-06-14
001208,华菱线缆,0.5,534424000,2024-06-13
002997,瑞鹄模具,3.0,209321325,2024-06-14
301428,世纪恒通,3.0,98666667,2024-06-13
603808,歌力思,2.4,369092878,2024-06-13
000001,平安银行,7.19,19405918198,2024-06-14
688017,绿的谐波,3.0,168672168,2024-06-13
300862,蓝盾光电,0.76,131869930,2024-06-14
600378,昊华科技,3.46,911473807,2024-06-14
300619,金银河,2.73,102958378,2024-06-14
601555,东吴证券,1.88,4968702837,2024-06-13
920810,春光智能,1.0,68500000,2024-06-18
300725,药石科技,3.1,199664658,2024-06-14
300701,森霸传感,0.5,282735119,2024-06-14
688083,中望软件,4.5,121303799,2024-06-14
688529,豪森智能,1.12,167287309,2024-06-14
688084,晶品特装,2.0,75659066,2024-06-13
605298,必得科技,1.0,144500000,2024-06-13
600177,雅戈尔,5.0,4628802973,2024-06-13
603766,隆鑫通用,1.0,2053541850,2024-06-14
603667,五洲新春,1.8,368581128,2024-06-13
600261,阳光照明,1.3,1335052966,2024-06-13
600233,圆通速递,3.5,3445264737,2024-06-13
000966,长源电力,0.39,2749327699,2024-06-13
603282,亚光股份,3.7,133820000,2024-06-14
300001,特锐德,1.0,1055897713,2024-06-14
002023,海特高新,0.5,740860235,2024-06-13
920263,中航泰达,1.42898,139960000,2024-06-14
002705,新宝股份,4.0,818145780,2024-06-14
300136,信维通信,1.0,967568638,2024-06-14
601187,厦门银行,3.1,2639127888,2024-06-14
301315,威士顿,3.5,88000000,2024-06-14
603312,西典新能,6.5,161600000,2024-06-13
300964,本川智能,3.0,77298284,2024-06-14
688468,科美诊断,1.25,401108000,2024-06-14
603178,圣龙股份,0.7,236411881,2024-06-14
605277,新亚电子,2.0,264491984,2024-06-13
300915,海融科技,4.0,90000000,2024-06-14
002136,安纳达,1.0,215020000,2024-06-14
002182,宝武镁业,1.3,708422538,2024-06-14
605377,华旺科技,11.0,332188890,2024-06-14
603291,联合水务,1.5,423220604,2024-06-14
300500,启迪设计,0.6,173974869,2024-06-14
920407,驰诚股份,2.0,65680000,2024-06-14
600019,宝钢股份,2.0,22119857984,2024-06-13
300601,康泰生物,2.0,1116916640,2024-06-14
002088,鲁阳节能,8.0,511877586,2024-06-14
688676,金盘科技,4.5,456951670,2024-06-14
601888,中国中免,16.5,2068859044,2024-06-14
600017,日照港,0.65,3075653888,2024-06-14
600336,澳柯玛,0.1,798014769,2024-06-17
300130,新国都,6.7,559527623,2024-06-17
001696,宗申动力,2.5,1145026920,2024-06-14
605111,新洁能,2.1864,296960313,2024-06-14
000970,中科三环,0.5,1215725773,2024-06-18
300298,三诺生物,2.0,564265375,2024-06-17
301207,华兰疫苗,6.0,601027500,2024-06-14
603196,璞源材料,0.22,238680652,2024-06-14
002438,江苏神通,1.6,507537461,2024-06-14
603163,圣晖集成,8.0,100000000,2024-06-14
300494,盛天网络,0.35,489758576,2024-06-18
600372,中航机载,1.26,4838896630,2024-06-14
603439,三力制药,2.0,409862216,2024-06-17
601038,一拖股份,3.194,1123645275,2024-06-14
603317,天味食品,4.0,1065083794,2024-06-14
002454,松芝股份,0.6,628581600,2024-06-14
600406,国电南瑞,5.4,8032824078,2024-06-14
600310,广西能源,0.3,1465710722,2024-06-17
688550,瑞联新材,4.5,134801744,2024-06-14
301282,金禄电子,1.0,151139968,2024-06-18
301408,华人健康,1.0,400010000,2024-06-17
688337,普源精电,5.0125,185123416,2024-06-14
001314,亿道信息,3.311644,141488860,2024-06-17
600866,星湖科技,3.8,1661472616,2024-06-17
601133,柏诚股份,1.6,522500000,2024-06-14
300424,航新科技,0.1,239906593,2024-06-17
301335,天元宠物,3.5,126000000,2024-06-18
300993,玉马科技,1.8,308131200,2024-06-18
603345,安井食品,17.75,293294232,2024-06-14
688092,爱科科技,5.1,59298731,2024-06-14
688157,松井股份,2.2,111736486,2024-06-14
601702,华峰铝业,2.0,998530600,2024-06-18
603629,利通电子,0.9,258830000,2024-06-14
688123,聚辰股份,2.0,158699212,2024-06-14
600925,苏能股份,2.1,6888888889,2024-06-18
603040,新坐标,4.0,135107896,2024-06-14
601966,玲珑轮胎,2.86,1473522713,2024-06-14
600503,华丽家族,0.04,1602290000,2024-06-14
300634,彩讯股份,1.68,447653250,2024-06-17
002293,罗莱生活,4.0,834479481,2024-06-17
000965,天保基建,0.2,1109830895,2024-06-14
601009,南京银行,5.367,10343746967,2024-06-14
688098,申联生物,0.35,410644000,2024-06-14
600367,红星发展,0.1,341130902,2024-06-18
688035,德邦科技,2.5,142240000,2024-06-14
301507,民生健康,1.0,356554330,2024-06-14
002484,江海股份,2.6,850274941,2024-06-17
688656,浩欧博,4.0,63058328,2024-06-14
000539,粤电力A,0.2,5250283986,2024-06-14
688172,燕东微,0.4,1199104111,2024-06-14
688150,莱特光电,0.6,402437585,2024-06-14
600927,永安期货,0.81,1455555556,2024-06-14
002637,赞宇科技,1.0,470401000,2024-06-18
688212,澳华内镜,3.0,134587250,2024-06-17
605507,国邦医药,3.0153,558823500,2024-06-14
002105,信隆健康,0.3,368160000,2024-06-18
600790,轻纺城,1.0,1465790928,2024-06-14
300240,飞力达,0.15,370770200,2024-06-18
002507,涪陵榨菜,3.0,1153919028,2024-06-18
920339,恒太照明,2.0,220203800,2024-06-17
000735,罗牛山,0.2,1151513578,2024-06-18
601956,东贝集团,2.0,621782040,2024-06-14
600438,通威股份,9.05,4501977571,2024-06-14
605089,味知香,7.0,138000000,2024-06-14
600120,浙江东方,0.58,3415381492,2024-06-14
688320,禾川科技,1.1038,151013668,2024-06-14
688778,厦钨新能,7.0,420771001,2024-06-14
002627,三峡旅游,1.0,738148117,2024-06-14
001333,光华股份,3.6,128000000,2024-06-18
600901,江苏金租,3.2,4369857191,2024-06-14
603182,嘉华股份,4.0,164550000,2024-06-17
603878,武进不锈,5.3,561067048,2024-06-17
600563,法拉电子,20.0,225000000,2024-06-14
603153,上海建科,2.4,409861106,2024-06-14
600765,中航重机,2.6903,1481545812,2024-06-14
688056,莱伯泰科,8.0,67236400,2024-06-14
605056,咸亨国际,1.5,411375520,2024-06-14
002510,天汽模,0.3,942062143,2024-06-14
000973,佛塑科技,0.67,967423171,2024-06-18
605288,凯迪股份,4.6,70198912,2024-06-14
300722,新余国科,1.6,230630400,2024-06-18
000731,四川美丰,1.701575,573737680,2024-06-17
603566,普莱柯,4.0,346062273,2024-06-14
601890,亚星锚链,1.05,959400000,2024-06-17
002557,洽洽食品,10.0,507002347,2024-06-14
605008,长鸿高科,3.1,645962414,2024-06-14
600919,江苏银行,4.7,18351324463,2024-06-14
002897,意华股份,1.0,194049696,2024-06-14
688697,纽威数控,6.0,326666700,2024-06-14
603181,皇马科技,1.5,588700000,2024-06-14
600857,宁波中百,0.85,224319919,2024-06-14
600894,广日股份,5.4,859946895,2024-06-14
002983,芯瑞达,3.493438,186157000,2024-06-18
600724,宁波富达,1.5,1445241071,2024-06-14
688377,迪威尔,2.3,194667000,2024-06-18
688117,圣诺生物,2.0,112000000,2024-06-14
603366,日出东方,0.78,813974001,2024-06-14
002940,昂利康,2.1,201728186,2024-06-17
300141,和顺电气,0.12,253884600,2024-06-17
000899,赣能股份,1.51,975677760,2024-06-14
301090,华润材料,0.39,1486358853,2024-06-17
605005,合兴股份,2.0,401000000,2024-06-17
688028,沃尔德,2.3,153413344,2024-06-14
688631,莱斯信息,4.1,163470000,2024-06-17
688299,长阳科技,0.5,290496916,2024-06-14
603689,皖天然气,3.5,478044330,2024-06-17
301378,通达海,5.0,69000000,2024-06-18
603306,华懋科技,2.0,326094122,2024-06-17
688690,纳微科技,0.5,403814765,2024-06-18
688620,安凯微,0.3,392000000,2024-06-18
002792,通宇通讯,2.0,402056966,2024-06-18
002373,千方科技,0.5,1580188215,2024-06-17
001210,金房能源,0.5,108897692,2024-06-18
603859,能科科技,1.0,166568333,2024-06-17
002543,万和电气,4.0,743600000,2024-06-18
300283,温州宏丰,0.2,437135879,2024-06-18
002846,英联股份,0.24,419993636,2024-06-18
002398,垒知集团,0.8,713629287,2024-06-17
603790,雅运股份,1.0,191360000,2024-06-17
002351,漫步者,2.0,889107000,2024-06-17
603630,拉芳家化,2.3,225204580,2024-06-17
002790,瑞尔特,2.5,417872300,2024-06-18
000011,深物业A,3.12,595979092,2024-06-17
000869,张裕A,5.042206,692249559,2024-06-17
688076,ST诺泰,4.0,213183800,2024-06-17
688600,皖仪科技,2.0,134708490,2024-06-17
000544,中原环保,1.8,974684488,2024-06-18
301107,瑜欣电子,4.0,73400000,2024-06-18
603799,华友钴业,10.0,1697212897,2024-06-17
002266,浙富控股,0.5,5219271402,2024-06-18
002538,ST司特,1.2,853555763,2024-06-17
300381,溢多利,0.6,490083367,2024-06-18
001269,欧晶科技,11.999385,192405731,2024-06-17
603266,天龙股份,1.7,198886750,2024-06-18
001367,海森药业,5.0,68000000,2024-06-18
300319,麦捷科技,0.937485,869130872,2024-06-18
002006,精工科技,1.5,455160000,2024-06-19
920957,汉维科技,1.0,107301334,2024-06-18
603087,甘李药业,2.0,601201750,2024-06-18
002977,*ST天箭,1.8,120120000,2024-06-18
688301,奕瑞科技,20.0,101998940,2024-06-17
600566,济川药业,13.0,921806660,2024-06-17
601065,江盐集团,3.5,642776079,2024-06-17
001283,豪鹏科技,4.8,82184344,2024-06-18
920665,科强股份,2.5,129990000,2024-06-18
300843,胜蓝股份,0.982848,152209516,2024-06-18
920175,东方碳素,1.0,119000000,2024-06-19
301001,凯淳股份,1.25,80000000,2024-06-18
688309,恒誉环保,0.92,80010733,2024-06-18
920275,驱动力,0.3,160277600,2024-06-19
300711,广哈通信,1.0,249170606,2024-06-18
603045,福达合金,0.61,135445155,2024-06-17
300402,宝色股份,1.0,243618497,2024-06-19
920964,润农节水,0.5,261208000,2024-06-19
688352,颀中科技,1.0,1189037288,2024-06-18
688607,康众医疗,0.54,88129027,2024-06-17
300414,中光防雷,0.15,326019466,2024-06-18
688244,永信至诚,2.26,69310328,2024-06-17
300314,戴维医疗,1.8,288000000,2024-06-19
920914,远航精密,1.0,100000000,2024-06-19
301515,港通医疗,2.58,100000000,2024-06-19
920169,七丰精工,1.0,82714690,2024-06-18
002353,杰瑞股份,4.9,1023855833,2024-06-19
000061,农产品,1.1,1696964131,2024-06-18
000786,北新建材,8.35,1689507842,2024-06-19
600681,百川能源,1.3,1340854810,2024-06-18
002468,申通快递,0.2,1530802166,2024-06-19
600885,宏发股份,4.39,1042675809,2024-06-20
600426,华鲁恒升,6.0,2123319999,2024-06-19
600132,重庆啤酒,28.0,483971198,2024-06-19
920786,骑士乳业,2.0,209053000,2024-06-21
002736,国信证券,2.7,9612429377,2024-06-19
603867,新化股份,4.5,185591474,2024-06-18
600760,中航沈飞,4.0,2755699513,2024-06-20
601139,深圳燃气,1.6,2876735785,2024-06-19
603601,再升科技,0.3,1021650141,2024-06-18
300689,澄天伟业,0.42,115600000,2024-06-19
000612,焦作万方,1.4,1192199394,2024-06-19
002698,博实股份,2.5,1022558592,2024-06-20
300962,中金辐照,2.9,264001897,2024-06-19
300941,创识科技,1.4,204750000,2024-06-20
688711,宏微科技,0.9,152116683,2024-06-19
301525,儒竞科技,4.5,94311768,2024-06-18
605088,冠盛股份,6.0,178622576,2024-06-18
001301,尚太科技,8.0,260716100,2024-06-19
601222,林洋能源,3.03,2060169156,2024-06-19
688663,新风光,5.0,139950000,2024-06-18
600420,国药现代,1.0,1341172692,2024-06-18
688396,华润微,1.118,1323517004,2024-06-18
300717,华信新材,2.0,102775000,2024-06-19
920237,力佳科技,3.0,51420000,2024-06-21
600519,贵州茅台,308.76,1256197800,2024-06-19
600025,华能水电,1.8,18000000000,2024-06-19
603119,浙江荣泰,1.4,280000000,2024-06-18
600583,海油工程,1.47,4421354800,2024-06-18
002906,华阳集团,3.5,524624785,2024-06-19
688381,帝奥微,1.5,252200000,2024-06-18
603683,晶华新材,0.26,258791289,2024-06-19
300740,水羊股份,1.0,388676998,2024-06-18
688398,赛特新材,4.0,116000507,2024-06-20
920839,万通液压,4.0,119305000,2024-06-19
300661,圣邦股份,1.0,470727093,2024-06-19
002185,华天科技,0.22,3204484648,2024-06-20
603871,嘉友国际,5.0,698840449,2024-06-18
300613,富瀚微,1.2,230782699,2024-06-20
000920,沃顿科技,1.23,472621118,2024-06-19
301125,腾亚精工,0.3,101360000,2024-06-19
300913,兆龙互连,1.2,258169548,2024-06-18
002950,奥美医疗,0.270508,633265407,2024-06-19
688095,福昕软件,4.0,91489524,2024-06-19
688255,凯尔达,1.5,109858870,2024-06-18
002327,富安娜,6.5,836774699,2024-06-19
301002,崧盛股份,1.0,122876391,2024-06-19
603339,四方科技,2.6,309441175,2024-06-18
301067,显盈科技,0.5,97236000,2024-06-19
300505,川金诺,1.1,274867523,2024-06-20
600814,杭州解百,1.43,735105598,2024-06-18
000025,特力A,0.31,431058320,2024-06-19
301390,经纬股份,4.0,60000000,2024-06-19
002636,金安国纪,0.6,728000000,2024-06-18
688041,海光信息,1.101,2324338091,2024-06-18
001222,源飞宠物,2.0,190890000,2024-06-19
688335,复洁科技,3.5,148034592,2024-06-18
603931,格林达,2.65,199558380,2024-06-20
605222,起帆电缆,1.6,418137014,2024-06-18
920770,艾能聚,0.5,130132175,2024-06-19
000726,鲁泰A,1.3,817364896,2024-06-19
603737,三棵树,1.6,527012481,2024-06-19
301205,联特科技,0.5,129744000,2024-06-18
600575,淮河能源,1.2,3886261065,2024-06-18
000573,粤宏远A,0.6,638280604,2024-06-19
688523,航天环宇,2.0,406880000,2024-06-18
300909,汇创达,1.5,172972979,2024-06-19
000559,万向钱潮,1.5,3303791344,2024-06-18
688709,成都华微,1.12,636847026,2024-06-18
688356,键凯科技,5.74,60614700,2024-06-18
920262,太湖雪,3.0,53164758,2024-06-19
000027,深圳能源,1.4,4757389916,2024-06-18
688400,凌云光,0.5,463500000,2024-06-19
920748,路桥信息,1.0,76740000,2024-06-19
300688,创业黑马,0.05,167379464,2024-06-19
000938,紫光股份,1.4,2860079874,2024-06-19
300039,上海凯宝,1.0,1046000000,2024-06-19
002171,楚江新材,1.5,1324246265,2024-06-18
000059,华锦股份,0.14,1599442537,2024-06-19
300809,华辰装备,1.0,252176000,2024-06-19
002119,康强电子,0.3,375284000,2024-06-19
600613,神奇制药,1.0,534071628,2024-06-18
688478,晶升股份,2.0,138366096,2024-06-18
688507,索辰科技,3.8,61173432,2024-06-19
605228,神通科技,0.4,425500477,2024-06-18
301366,一博科技,4.0,150000001,2024-06-19
603638,艾迪精密,1.2,838335003,2024-06-18
300692,中赋科技,0.400253,423754470,2024-06-19
603020,爱普股份,1.0,383237774,2024-06-18
002294,信立泰,5.0,1114816535,2024-06-19
000829,天音控股,0.25,1025100438,2024-06-19
300584,海辰药业,0.5,120000000,2024-06-18
601919,中远海控,2.3,15960543349,2024-06-20
301379,天山电子,4.0,101340000,2024-06-18
688292,浩瀚深度,1.2,158346667,2024-06-18
001338,永顺泰,1.05,501730834,2024-06-19
300112,万讯自控,2.0,291943278,2024-06-19
603137,恒尚节能,2.0,130666667,2024-06-18
600801,华新建材,5.3,2078995649,2024-06-18
688191,智洋创新,2.0,153512547,2024-06-18
600332,白云山,7.49,1625790949,2024-06-18
000596,古井贡酒,45.0,528600000,2024-06-20
603882,金域医学,8.8,468771275,2024-06-18
300569,天能重工,0.74,1022674808,2024-06-18
603896,寿仙谷,3.9,201828671,2024-06-20
301368,丰立智能,0.85,120100000,2024-06-20
300498,温氏股份,1.0,6652916116,2024-06-19
600917,重庆燃气,0.98,1571340000,2024-06-19
688232,新点软件,3.6,330000000,2024-06-18
002051,中工国际,1.25,1237408937,2024-06-21
688257,新锐股份,4.0,129920000,2024-06-19
688819,天能股份,6.5003,972100000,2024-06-19
600184,光电股份,0.57,508760826,2024-06-20
002150,正泰电源,0.7,362027053,2024-06-19
002238,天威视讯,1.0,802559160,2024-06-20
601918,新集能源,1.5,2590541800,2024-06-21
300680,隆盛科技,2.0,231024278,2024-06-20
603976,正川股份,2.0,151202039,2024-06-19
301395,仁信新材,10.0,144920000,2024-06-21
601002,晋亿实业,1.0,956739920,2024-06-20
601700,风范股份,0.5,1142246700,2024-06-19
603920,世运电路,5.0,658537345,2024-06-19
603517,ST绝味,5.0,619925248,2024-06-19
688392,骄成超声,2.0,114800000,2024-06-20
002429,兆驰股份,1.06,4526940607,2024-06-19
002224,三力士,0.3,902116324,2024-06-19
920374,云里物里,1.2,81518000,2024-06-21
301041,金百泽,0.6,106680000,2024-06-21
688237,超卓航科,3.4,89603310,2024-06-19
002828,贝肯能源,0.882856,200987600,2024-06-20
300185,通裕重工,0.25,3896931013,2024-06-20
301092,争光股份,2.6,133693484,2024-06-19
002978,安宁股份,5.0,401000000,2024-06-19
300087,ST荃银,1.0,947331751,2024-06-19
300927,江天化学,1.45,144360000,2024-06-21
600789,鲁抗医药,0.9,897157662,2024-06-21
603122,合富中国,0.6,398052633,2024-06-21
688539,高华科技,4.0,132800000,2024-06-20
688171,纬德信息,0.86,83773400,2024-06-21
605003,众望布艺,4.1,110000000,2024-06-19
301119,正强股份,1.0,104000000,2024-06-19
300682,朗新科技,2.8,1085553508,2024-06-19
920634,新威凌,1.0,62322000,2024-06-20
603728,鸣志电器,0.4,420066000,2024-06-19
002026,山东威达,1.2,445550168,2024-06-21
603022,新通联,0.78,200000000,2024-06-19
300606,金太阳,1.5,140117000,2024-06-20
688349,三一重能,5.9,1205521015,2024-06-19
600021,上海电力,2.0,2816743645,2024-06-21
002144,宏达高科,1.5,176762528,2024-06-20
000725,京东方A,0.3,37649981416,2024-06-19
600980,北矿科技,0.52,189263526,2024-06-20
000768,中航西飞,1.0,2781740071,2024-06-21
603656,泰禾智能,0.5,183375358,2024-06-20
002732,燕塘乳业,1.5,157350000,2024-06-20
600757,长江传媒,4.0,1213650273,2024-06-20
002091,江苏国泰,3.0,1627612078,2024-06-20
301516,中远通,1.84,280701755,2024-06-21
920455,汇隆活塞,1.4,177450000,2024-06-21
003037,三和管桩,0.5,599074678,2024-06-19
600106,重庆路桥,0.48,1329025062,2024-06-19
603686,福龙马,2.5,415655737,2024-06-21
688032,禾迈股份,36.0,83317500,2024-06-19
601567,三星电气,6.5,1411197171,2024-06-19
301160,翔楼新材,10.1,79183314,2024-06-21
600399,抚顺特钢,0.56,1972100000,2024-06-19
688685,迈信林,0.77,111866667,2024-06-20
002692,远程股份,0.2,718146000,2024-06-19
920195,三祥科技,1.5,98030000,2024-06-21
002935,天奥电子,0.8,357446752,2024-06-20
601137,博威合金,4.5,781865870,2024-06-19
603712,七一二,0.6,772000000,2024-06-20
002893,京能热力,0.8,263640000,2024-06-20
001266,宏英智能,2.0,103416000,2024-06-21
000528,柳工,1.98677,1964204506,2024-06-20
605009,豪悦护理,8.5,155226949,2024-06-19
000985,大庆华科,0.18,129639500,2024-06-20
301008,宏昌科技,6.0,80008802,2024-06-20
301323,新莱福,4.0,104922890,2024-06-21
600740,山西焦化,0.5,2562121154,2024-06-20
920790,联迪信息,1.0,78967020,2024-06-21
605319,无锡振华,3.8,250482183,2024-06-19
605488,福莱新材,2.0,191032232,2024-06-19
601016,节能风电,0.84,6474211108,2024-06-19
688001,华兴源创,1.7,441984741,2024-06-20
001313,粤海饲料,0.5,700000000,2024-06-19
603937,丽岛新材,0.97,208880076,2024-06-19
603288,海天味业,6.6,5560600544,2024-06-19
300113,顺网科技,0.803217,694287240,2024-06-20
603208,江山欧派,17.8,177172674,2024-06-19
603881,数据港,0.81,460498076,2024-06-21
301177,迪阿股份,5.0,400010000,2024-06-21
002106,莱宝高科,2.5,705816160,2024-06-20
000019,深粮控股,2.0,1152535254,2024-06-19
300998,宁波方正,1.0,137169230,2024-06-21
301487,盟固利,0.25,459616438,2024-06-21
301548,崇德科技,10.0,60000000,2024-06-21
301046,能辉科技,2.999995,149690727,2024-06-20
601699,潞安环能,15.89,2991409200,2024-06-19
920062,科润智控,1.0,186586277,2024-06-21
603107,上海汽配,3.0,337335000,2024-06-19
688020,方邦股份,1.8694,80669486,2024-06-20
003032,传智教育,0.16,402447500,2024-06-20
920163,方大新材,2.5,129008000,2024-06-24
300826,测绘股份,1.0,157877547,2024-06-21
001234,泰慕士,5.0,109056700,2024-06-21
002339,积成电子,0.2,504092274,2024-06-20
688798,艾为电子,0.5,232669339,2024-06-20
600409,三友化工,0.83,2064349448,2024-06-24
301151,冠龙节能,4.0,170374020,2024-06-21
002833,弘亚数控,6.0,424230243,2024-06-21
688599,天合光能,6.33,2179364604,2024-06-20
920405,海希通讯,1.0,140260000,2024-06-24
601086,国芳集团,1.8,666000000,2024-06-20
688592,司南导航,1.3,62160000,2024-06-21
600285,羚锐制药,8.0,567140242,2024-06-20
000886,海南高速,0.5,988828300,2024-06-21
603277,银都股份,10.0,420643500,2024-06-20
000581,威孚高科,10.0,996986293,2024-06-20
920149,旭杰科技,0.5,73758000,2024-06-21
002777,久远银海,1.2,408231038,2024-06-21
600383,金地集团,0.197,4514583572,2024-06-21
600475,华光环能,3.5,943663118,2024-06-20
002442,龙星科技,1.2,490820000,2024-06-20
600279,重庆港,0.45,1186866283,2024-06-20
002857,三晖电气,0.36,129170300,2024-06-20
688581,安杰思,14.5,57870971,2024-06-21
002901,大博医疗,2.5,414019506,2024-06-24
002095,生意宝,0.5,252720000,2024-06-21
000807,云铝股份,2.3,3467957405,2024-06-20
600111,北方稀土,0.7,3615065842,2024-06-21
002198,ST嘉应,0.5,507509848,2024-06-21
600168,武汉控股,0.62,709569692,2024-06-20
603628,清源股份,1.24,273800000,2024-06-24
688239,航宇科技,2.1,147559448,2024-06-20
603486,科沃斯,3.0,576462835,2024-06-21
002957,科瑞技术,1.72,411664370,2024-06-20
688366,昊海生科,10.0,168707203,2024-06-20
603333,福华尚纬,0.1,621527586,2024-06-21
301065,本立科技,1.0,106020000,2024-06-20
603738,泰晶科技,0.81,389322772,2024-06-24
600742,富维股份,2.5,743057880,2024-06-20
601678,滨化股份,0.5,2058036276,2024-06-20
688638,誉辰智能,1.4,40000000,2024-06-20
600161,天坛生物,1.5,1647809538,2024-06-20
300655,晶瑞电材,0.28,1059537737,2024-06-21
600368,五洲交通,1.07,1238195275,2024-06-20
688739,成大生物,8.0,416450000,2024-06-20
600031,三一重工,2.2,8485740237,2024-06-21
688128,中国电研,4.5,404500000,2024-06-20
688606,奥泰生物,15.0,79280855,2024-06-20
000801,四川九洲,1.0,1022806646,2024-06-21
600170,上海建工,0.6,8885939744,2024-06-21
603757,大元泵业,10.0,166703378,2024-06-20
603679,华体科技,1.8,163195293,2024-06-20
301186,超达装备,5.6,73257832,2024-06-21
301230,泓博医药,3.3,107622666,2024-06-21
688125,安达智能,1.5,81535780,2024-06-20
688549,中巨芯,0.1,1477276000,2024-06-20
002428,云南锗业,0.2,653120000,2024-06-21
000065,北方国际,0.919768,1002270219,2024-06-21
605166,聚合顺,2.85,315565537,2024-06-21
688596,正帆科技,2.865,286998654,2024-06-20
688623,双元科技,15.824,59142700,2024-06-20
000707,双环科技,1.4,464145765,2024-06-21
600141,兴发集团,6.0,1103254582,2024-06-20
002605,姚记科技,9.0,413870990,2024-06-20
300610,晨化股份,1.8,212858380,2024-06-20
601921,浙版传媒,3.9,2222222223,2024-06-21
600629,华建集团,1.4,970556038,2024-06-20
600171,上海贝岭,1.0,708923303,2024-06-20
603839,安正时尚,1.15,399212160,2024-06-20
600918,中泰证券,0.3,6968625756,2024-06-20
600850,电科数字,4.5,689664571,2024-06-21
000655,金岭矿业,1.2,595340230,2024-06-21
002192,融捷股份,3.0,259655203,2024-06-21
600717,天津港,1.02,2894001038,2024-06-20
600015,华夏银行,3.84,15914928468,2024-06-21
002391,长青股份,2.0,649592550,2024-06-21
601158,重庆水务,1.69,4800000000,2024-06-21
600979,广安爱众,0.54,1261656994,2024-06-20
600817,宇通重工,3.8,534318390,2024-06-20
002225,濮耐股份,0.7,1010378912,2024-06-20
002029,七匹狼,1.2,705023537,2024-06-21
603190,亚通精工,4.0,120000000,2024-06-20
002017,东信和平,1.5,580431909,2024-06-21
300641,正丹股份,0.2,532682322,2024-06-21
002827,高争民爆,1.5,276000000,2024-06-21
300590,移为通信,1.5,458811210,2024-06-21
002112,三变科技,0.3,262080000,2024-06-21
300636,同和药业,0.4,421527350,2024-06-21
603233,大参林,3.1,1138847704,2024-06-21
688222,成都先导,0.5,400680000,2024-06-21
600785,新华百货,2.0,225631280,2024-06-21
002190,成飞集成,0.12,358729343,2024-06-21
002580,圣阳股份,0.57,453868993,2024-06-21
003016,欣贺股份,2.3,429844698,2024-06-24
002074,国轩高科,1.0,1790557704,2024-06-21
600711,盛屯矿业,0.257,3131641380,2024-06-21
688063,派能科技,10.4,175626333,2024-06-21
603307,扬州金泉,10.0,67000000,2024-06-21
688133,泰坦科技,1.0,117454983,2024-06-21
600305,恒顺醋业,0.7,1112956032,2024-06-21
603708,家家悦,1.9,638336868,2024-06-24
600655,豫园股份,1.9,3896095653,2024-06-21
002028,思源电气,3.99916,774213282,2024-06-24
301520,万邦医药,5.0,66666667,2024-06-21
301383,天键股份,3.6,116310000,2024-06-21
603700,宁水集团,3.0,203242000,2024-06-21
300791,仙乐健康,11.0,181806354,2024-06-21
000797,中国武夷,0.1,1570754217,2024-06-21
000977,浪潮信息,1.3,1472135122,2024-06-21
300144,宋城演艺,1.0,2620474040,2024-06-21
603798,康普顿,0.6,256449650,2024-06-21
603928,兴业股份,1.15,201600000,2024-06-21
688776,国光电气,2.0,108383419,2024-06-21
600057,厦门象屿,3.0,2272414063,2024-06-21
600037,歌华有线,0.27,1391777884,2024-06-21
688182,灿勤科技,0.5875,400000000,2024-06-21
600798,宁波海运,0.3,1206534201,2024-06-21
603329,上海雅仕,1.0,158756195,2024-06-21
002675,东诚药业,1.25,824595705,2024-06-24
603232,格尔软件,0.6,233314695,2024-06-21
000800,一汽解放,1.5,4623863714,2024-06-24
603711,香飘飘,3.5,410745800,2024-06-21
002149,西部材料,1.5,488214274,2024-06-24
688603,天承科技,3.4,58136926,2024-06-21
301588,美新科技,1.9,118867754,2024-06-21
300470,中密控股,5.0,208171277,2024-06-21
600833,第一医药,1.25,223086347,2024-06-21
002342,巨力索具,0.03,960000000,2024-06-21
688226,威腾电气,2.3324,156506480,2024-06-21
600559,老白干酒,4.5,914747444,2024-06-21
002948,青岛银行,1.6,5820354724,2024-06-20
002010,传化智联,1.0,2787970508,2024-06-24
600373,中文传媒,7.8,1355063719,2024-06-24
002049,紫光国微,6.8,849620545,2024-06-24
600497,驰宏锌锗,1.4,5091291568,2024-06-21
688719,爱科赛博,5.1134,82480000,2024-06-21
600292,电投水电,0.28,780816890,2024-06-21
300719,安达维尔,2.0,254696450,2024-06-25
688285,高铁电气,0.22,376289913,2024-06-21
688058,宝兰德,2.6,56000000,2024-06-21
603236,移远通信,1.1,264574906,2024-06-24
301109,军信股份,9.0,410010000,2024-06-24
000957,中通客车,0.34,592903936,2024-06-25
300854,中兰环保,1.1,101088500,2024-06-21
688049,炬芯科技,2.0,122000000,2024-06-21
600968,海油发展,1.1,10165104199,2024-06-21
300992,泰福泵业,0.75,90800169,2024-06-24
300900,广联航空,1.0,212032247,2024-06-25
002585,双星新材,0.3,1152485496,2024-06-25
000552,甘肃能化,0.999999,5351795205,2024-06-21
000607,华媒控股,0.29,1017698410,2024-06-21
300980,祥源新材,3.102534,108143525,2024-06-24
600731,湖南海利,2.0,558742416,2024-06-25
603386,骏亚科技,0.86,326322560,2024-06-21
603172,万丰股份,1.0,133380000,2024-06-24
920821,则成电子,1.5,70592806,2024-06-26
603916,苏博特,1.5,432892904,2024-06-25
001286,陕西能源,3.6,3750000000,2024-06-26
688553,汇宇制药,2.13,423600000,2024-06-24
002783,凯龙股份,1.0,499795666,2024-06-25
301056,森赫股份,2.0,266786667,2024-06-25
300127,银河磁体,4.0,323146360,2024-06-26
605188,国光连锁,0.1,495580000,2024-06-24
603276,恒兴新材,2.0,160000000,2024-06-25
688646,ST逸飞,3.3,95162608,2024-06-24
600585,海螺水泥,9.6,5299302579,2024-06-24
000680,山推股份,1.5,1500327412,2024-06-25
600353,旭光电子,0.4,831141319,2024-06-24
603806,福斯特,2.6,1864165244,2024-06-24
601857,中国石油,2.3,183020977818,2024-06-26
688409,富创精密,5.0,209053334,2024-06-24
301286,侨源股份,0.5,400100000,2024-06-26
688029,南微医学,10.0,187847422,2024-06-24
688380,中微半导,2.5,400365000,2024-06-25
688693,锴威特,1.7,73684211,2024-06-24
600218,全柴动力,0.7,435599919,2024-06-24
002304,洋河股份,46.6,1506445074,2024-06-26
300748,金力永磁,2.6,1345236723,2024-06-25
688608,恒玄科技,1.6,120034708,2024-06-24
002644,佛慈制药,0.3,510657000,2024-06-25
600252,中恒集团,0.1,3451489454,2024-06-24
000811,冰轮环境,1.0,763657804,2024-06-26
000404,长虹华意,2.5,695995979,2024-06-26
000887,中鼎股份,2.0,1316489747,2024-06-25
301055,张小泉,1.5,156000000,2024-06-24
601330,绿色动力,1.5,1393451878,2024-06-26
603980,吉华集团,0.7,700000000,2024-06-25
000948,南天信息,1.2,393744987,2024-06-25
600079,ST人福,4.6,1632361067,2024-06-24
300945,曼卡龙,1.22,261951029,2024-06-25
600007,中国国贸,8.0,1007282534,2024-06-24
688658,悦康药业,2.0,450000000,2024-06-25
002278,神开股份,0.5,363909648,2024-06-24
002877,智能自控,0.45,353474094,2024-06-25
300550,和仁科技,0.3,262560141,2024-06-25
301469,恒达新材,5.59,89480000,2024-06-25
601101,昊华能源,3.5,1439997926,2024-06-26
301234,五洲医疗,4.0,68000000,2024-06-25
605151,西上海,2.9,135319111,2024-06-24
688230,芯导科技,6.0,117600000,2024-06-25
603696,安记食品,0.75,235200000,2024-06-24
603568,伟明环保,2.5,1704648119,2024-06-24
688573,信宇人,2.0,97754388,2024-06-25
301057,汇隆新材,3.005408,117390438,2024-06-25
002646,天佑德酒,1.3,482002974,2024-06-25
603836,海程邦达,2.0,205235237,2024-06-25
000554,泰山石油,0.23,480793318,2024-06-26
688439,振华风光,7.03,200000000,2024-06-24
301063,海锅股份,1.5,104360724,2024-06-26
002942,新农股份,2.0,156000000,2024-06-26
688602,康鹏科技,0.66,519375000,2024-06-25
600350,山东高速,4.2,4840397627,2024-06-25
002328,新朋股份,1.3,771770000,2024-06-26
920017,星昊医药,2.5,122577200,2024-06-26
300228,富瑞特装,0.4,575406349,2024-06-25
688279,峰岹科技,6.1,92363380,2024-06-24
688090,瑞松科技,2.2,67360588,2024-06-24
605060,联德股份,3.5,241184000,2024-06-25
920896,旺成科技,2.0,101224240,2024-06-27
000719,中原传媒,4.2,1023203749,2024-06-26
002873,新天药业,0.7,229409678,2024-06-25
002440,闰土股份,1.5,1150500000,2024-06-26
002945,华林证券,0.04,2700000000,2024-06-27
603115,海星股份,5.0,239200000,2024-06-26
301225,恒勃股份,4.0,103380000,2024-06-26
002441,众业达,3.0,544543609,2024-06-26
920906,舜宇精工,0.89,64970000,2024-06-26
603421,鼎信通讯,0.61,652190511,2024-06-27
000028,国药一致,6.8,556565077,2024-06-25
000600,建投能源,0.8,1809299376,2024-06-26
601698,中国卫通,0.248,4224385412,2024-06-27
603332,苏州龙杰,1.5,216347184,2024-06-26
920931,无锡鼎邦,1.0,93930000,2024-06-27
301307,美利信,1.2,210600000,2024-06-27
920985,海泰新能,2.2,309476200,2024-06-26
300003,乐普医疗,3.3141,1880610558,2024-06-27
301517,陕西华达,1.31,108026700,2024-06-26
001324,长青科技,1.0,138000000,2024-06-27
603817,海峡环保,0.55,534358007,2024-06-27
688273,麦澜德,6.0,100000000,2024-06-25
600502,安徽建工,2.6,1716533938,2024-06-25
002156,通富微电,0.12,1517596912,2024-06-25
600098,广州发展,2.5,3506870708,2024-06-27
603327,福蓉科技,3.0,677812973,2024-06-26
301033,迈普医学,4.0,66062951,2024-06-26
000831,中国稀土,0.8,1061220807,2024-06-25
688131,皓元医药,1.5,150387339,2024-06-27
300622,博士眼镜,6.0,174283571,2024-06-27
002324,普利特,0.5,1114038492,2024-06-25
000713,国投丰乐,0.2,614014980,2024-06-27
600256,广汇能源,7.0,6565755139,2024-06-27
603321,梅轮电梯,1.5,307000000,2024-06-26
600271,航天信息,0.33,1852884638,2024-06-25
300585,奥联电子,0.1,171111111,2024-06-26
002075,沙钢股份,0.5,2193825445,2024-06-26
603338,浙江鼎力,10.0,506347879,2024-06-26
002057,中钢天源,1.81,759047776,2024-06-26
600560,金自天正,0.71,223645500,2024-06-25
301289,国缆检测,4.0,78000000,2024-06-26
300433,蓝思科技,3.0,4983069781,2024-06-26
600584,长电科技,1.0,1789414570,2024-06-27
688498,源杰科技,1.0,85461670,2024-06-25
600230,沧州大化,1.38,416144936,2024-06-26
300996,普联软件,1.00947,202525749,2024-06-26
688089,嘉必优,2.0,168309120,2024-06-26
688073,毕得医药,9.0,90882948,2024-06-26
603230,内蒙新华,4.5,353523000,2024-06-26
002140,东华科技,1.1,708040122,2024-06-26
301398,星源卓镁,3.5,80000000,2024-06-27
601188,龙江交通,0.64,1315878571,2024-06-25
600056,中国医药,2.1019,1495879748,2024-06-27
603060,国检集团,1.12,803928549,2024-06-26
688319,欧林生物,0.38,406158300,2024-06-25
002673,西部证券,0.9,4469581705,2024-06-26
001202,炬申股份,3.0,128800000,2024-06-27
603605,珀莱雅,9.1,396757415,2024-06-25
301293,三博脑科,0.95,158451529,2024-06-27
300759,康龙化成,2.0,1787394297,2024-06-27
000030,富奥股份,2.5,1741643085,2024-06-26
301000,肇民科技,4.5,172971036,2024-06-28
002249,大洋电机,1.3,2406457173,2024-06-27
300755,华致酒行,1.16,416798400,2024-06-26
301066,万事利,0.6,188352192,2024-06-28
002035,华帝股份,3.0,847653618,2024-06-26
300981,中红医疗,5.0,390007800,2024-06-27
603519,立霸股份,10.0,266327839,2024-06-27
605588,冠石科技,0.72,73596361,2024-06-26
603328,依顿电子,1.94,998442611,2024-06-27
601010,ST文峰,0.4803,1848000000,2024-06-26
688127,蓝特光学,2.0,401580000,2024-06-27
920415,恒拓开源,0.7,140511487,2024-06-28
002753,永东股份,1.37,375689468,2024-06-26
603989,艾华集团,2.65,401130603,2024-06-28
920885,星辰科技,0.35,170615000,2024-06-28
600992,贵绳股份,0.42,245090000,2024-06-27
600602,云赛智联,0.43,1367673455,2024-06-28
300988,津荣天宇,1.67,140297357,2024-06-27
920378,泰德股份,1.0,155526000,2024-06-28
600054,黄山旅游,2.09,729379440,2024-06-27
600862,中航高科,2.23,1393049107,2024-06-28
603693,江苏新能,1.5,891475880,2024-06-27
000737,北方铜业,1.0,1772456167,2024-06-28
600642,申能股份,4.0,4894332526,2024-06-26
688267,中触媒,2.0,176200000,2024-06-26
000021,深科技,1.3,1560587588,2024-06-27
601825,沪农商行,3.79,9644444445,2024-06-26
601229,上海银行,4.6,14206672457,2024-06-27
600415,小商品城,2.0,5484334176,2024-06-26
002462,嘉事堂,2.6,291707120,2024-06-27
001319,铭科精技,3.8,141400000,2024-06-27
301216,万凯新材,1.5,515093100,2024-06-28
301137,哈焊华通,1.28,181813400,2024-06-27
300867,圣元环保,0.54,271741053,2024-06-28
600295,鄂尔多斯,8.0,2798776254,2024-06-26
301196,唯科科技,9.0,124800000,2024-06-27
300418,昆仑万维,0.493305,1231495054,2024-06-28
301273,瑞晨环保,2.0,71641792,2024-06-27
688459,哈铁科技,1.0,480000000,2024-06-27
002825,纳尔股份,1.2,342028676,2024-06-28
001238,浙江正特,0.7,110000000,2024-06-28
301100,风光股份,0.75,200000000,2024-06-28
002222,福晶科技,1.0,427500000,2024-06-28
002523,天桥起重,0.15,1416640800,2024-06-26
920641,格利尔,2.0,77315000,2024-06-28
301011,华立科技,2.0,146692000,2024-06-27
688116,天奈科技,3.0,344562666,2024-06-27
600738,丽尚国潮,0.4,761335236,2024-06-27
002084,海鸥住工,0.300824,650859649,2024-06-26
605399,晨光新材,1.0,313417780,2024-06-27
601717,中创智领,8.4,1785537930,2024-06-26
603259,药明康德,9.8974,2911927203,2024-06-26
603588,高能环境,1.0,1537051367,2024-06-26
688355,明志科技,4.0,123956072,2024-06-26
000598,兴蓉环境,1.7,2984996321,2024-06-26
603235,天新药业,5.0,437780000,2024-06-26
301133,金钟股份,1.5,106617586,2024-06-27
688186,广大特材,0.6,214240571,2024-06-28
301355,南王科技,1.0,195097928,2024-06-28
301078,孩子王,0.5,1114533733,2024-06-27
300564,筑博设计,5.0,162883200,2024-06-26
601568,北元化工,1.0,3972222224,2024-06-26
000969,安泰科技,0.8,1050788097,2024-06-27
600797,浙大网新,0.4,1027527102,2024-06-26
920057,百甲科技,0.200263,181263297,2024-06-28
605333,沪光股份,0.5,436776081,2024-06-26
301159,三维天地,1.0,77350000,2024-06-27
300973,立高食品,5.0,169340222,2024-06-28
002641,公元股份,1.0,1229093871,2024-06-28
688450,光格科技,2.2,66000000,2024-06-27
002686,亿利达,0.2,566239133,2024-06-28
300327,中颖电子,2.0,342028361,2024-06-28
920689,克莱特,5.0,73400000,2024-06-28
000703,恒逸石化,1.0,3666302381,2024-06-26
600755,厦门国贸,5.0,2204227857,2024-06-26
601077,渝农商行,2.885,11357000000,2024-06-28
002090,金智科技,0.5,400577071,2024-06-27
601916,浙商银行,1.64,27464635963,2024-06-26
603733,仙鹤股份,3.5,705975551,2024-06-27
000783,长江证券,1.2,5530072948,2024-06-26
301353,普莱得,3.0,76000000,2024-06-26
002953,日丰股份,1.0,351452961,2024-06-27
688336,三生国健,0.5,616785793,2024-06-26
603179,新泉股份,3.0,487302373,2024-06-27
301305,朗坤科技,1.0,243570700,2024-06-28
600796,钱江生化,0.31,866585766,2024-06-27
300781,因赛集团,0.5,109969792,2024-06-28
601500,通用股份,0.56,1589490735,2024-06-27
600597,光明乳业,2.2,1378473763,2024-06-28
603326,我乐家居,2.7,323081180,2024-06-27
600893,航发动力,1.6,2665594238,2024-06-27
001219,青岛食品,3.0,149987500,2024-06-27
601001,晋控煤业,7.9,1673700000,2024-06-27
301468,博盈特焊,5.0,132000000,2024-06-28
688115,思林杰,1.3,66670000,2024-06-27
600958,东方证券,1.5,8496645292,2024-06-28
603037,凯众股份,5.0,136242749,2024-06-28
301139,*ST元道,0.57,121580800,2024-06-28
300154,瑞凌股份,2.0,450521201,2024-06-28
601668,中国建筑,2.7145,41619952444,2024-06-27
601211,国泰海通,4.0,8903730620,2024-06-28
600335,国机汽车,0.05,1495788692,2024-06-28
603275,众辰科技,1.4,148771851,2024-06-28
600258,首旅酒店,2.2,1116603126,2024-06-28
002838,道恩股份,0.65,448031237,2024-06-28
688628,优利德,9.0,111324609,2024-06-27
601677,明泰铝业,1.3,1243704027,2024-06-27
600909,华安证券,1.0,4697666291,2024-06-28
601952,苏垦农发,3.0,1378000000,2024-06-27
601801,皖新传媒,3.05,1989204737,2024-07-01
002364,中恒电气,0.5,563564960,2024-06-28
920753,天纺标,3.08,81404368,2024-06-28
000089,深圳机场,1.0,2050769509,2024-06-28
300706,阿石创,0.3,152852499,2024-07-01
600033,福建高速,1.2,2744400000,2024-06-27
600118,中国卫星,0.4,1182489135,2024-06-28
600363,联创光电,0.7522,455225750,2024-06-28
003035,南网能源,0.091,3787878787,2024-06-27
000821,ST京机,0.87,622874778,2024-06-28
300434,金石亚药,1.1,401743872,2024-06-28
002890,弘宇股份,1.0,130673200,2024-06-28
600729,重百集团,13.561,446338271,2024-06-27
600268,国电南自,0.9,846896981,2024-06-28
000733,振华科技,11.14,554169431,2024-06-28
603367,辰欣药业,4.36,452775129,2024-06-27
001215,千味央厨,1.9,99266097,2024-06-28
001229,魅视科技,6.0,100000000,2024-06-28
600592,龙溪股份,1.27,399553571,2024-06-27
002386,天原股份,0.8,1301647073,2024-06-28
688193,仁度生物,2.0,40000000,2024-06-27
600479,千金药业,3.5,423997117,2024-06-27
002986,宇新股份,1.0,384210652,2024-06-28
688489,三未信安,2.0,114328916,2024-06-28
600573,惠泉啤酒,0.6,250000000,2024-06-27
000421,南京公用,1.0,578006934,2024-06-28
002863,今飞凯达,0.13,598652714,2024-06-28
000338,潍柴动力,2.93,8726556821,2024-06-28
688290,景业智能,1.06,102189714,2024-06-27
300341,麦克奥迪,0.7,517410336,2024-06-28
603826,坤彩科技,1.0,468000000,2024-06-27
002968,新大正,2.85,226277783,2024-06-28
600617,国新能源,1.45,1377994126,2024-06-27
600308,华泰股份,0.478,1516870176,2024-06-27
002767,先锋电子,0.16,150000000,2024-06-28
002116,中国海诚,2.6165,466364611,2024-06-28
603028,赛福天,0.3417,287040000,2024-06-27
603726,朗迪集团,4.0,185651200,2024-07-01
301093,华兰股份,6.0,129354042,2024-06-28
603883,老百姓,6.6,584793211,2024-06-27
300174,元力股份,1.0,365852860,2024-06-28
001213,中铁特货,0.58,4444444444,2024-06-27
002183,怡亚通,0.12,2597009091,2024-06-28
002817,黄山胶囊,0.85,299098170,2024-06-27
603578,三星新材,1.3,180357032,2024-06-28
688695,中创股份,2.4,85051378,2024-06-27
300770,新媒股份,10.6,231058146,2024-06-28
601877,正泰电器,5.5,2148968976,2024-06-27
603365,水星家纺,9.0,262733500,2024-06-27
002497,雅化集团,0.35,1152562520,2024-06-28
688458,美芯晟,1.0,80010000,2024-06-27
000738,航发控制,1.66,1315184001,2024-06-28
002363,隆基机械,0.8,419160301,2024-06-28
688626,翔宇医疗,5.3017,160000000,2024-06-28
300721,怡达股份,1.0,164846739,2024-06-28
002606,大连电瓷,0.13,439073220,2024-07-01
002500,山西证券,0.9,3589771547,2024-06-28
600826,兰生股份,2.8,528623958,2024-06-28
600435,北方导航,0.4,1502221472,2024-06-28
600327,大东方,0.6,884779518,2024-06-28
001318,阳光乳业,1.6,282660000,2024-06-28
601225,陕西煤业,13.15,9695000000,2024-06-28
000519,中兵红箭,0.55,1392558982,2024-06-28
000403,派林生物,1.999297,733043291,2024-06-28
605598,上海港湾,2.13,245760841,2024-06-28
600713,南京医药,1.6,1309326040,2024-06-28
605183,确成股份,3.5,417396900,2024-06-28
688401,路维光电,2.35,193333720,2024-06-28
603231,索宝蛋白,5.0,191459105,2024-06-28
300635,中达安,0.1,136322000,2024-06-28
605198,安德利,2.2,349000000,2024-06-28
688059,华锐精密,8.0,61849391,2024-06-28
688330,宏力达,3.49,140000000,2024-06-28
600085,同仁堂,5.0,1371470262,2024-06-28
688429,时创能源,0.45,400000800,2024-06-28
601199,江南水务,1.04,935210292,2024-06-28
002040,南京港,1.02,490694690,2024-07-01
002209,达意隆,0.24,199029050,2024-06-28
002443,金洲管道,0.6,520535520,2024-06-28
603281,江瀚新材,10.055,373333334,2024-06-28
600667,太极实业,1.05,2106190178,2024-06-28
002918,蒙娜丽莎,3.0,415179390,2024-07-01
600137,浪莎股份,1.8,97217588,2024-06-28
600063,皖维高新,0.5,2156908366,2024-06-28
002613,北玻股份,0.65,937170000,2024-06-28
688138,清溢光电,1.6,266800000,2024-06-28
688111,金山办公,8.7957,462057980,2024-06-28
600361,创新新材,0.7,4336192838,2024-06-28
603687,大胜达,0.4873,550031864,2024-06-28
300596,利安隆,3.44,229619667,2024-07-02
688219,会通股份,1.0,459284703,2024-06-28
603829,洛凯股份,1.0,160000000,2024-06-28
600792,云煤能源,0.69,1109923600,2024-06-28
601816,京沪高铁,1.116,49106484611,2024-06-28
600512,腾达建设,0.2,1598902832,2024-06-28
002821,凯莱英,18.0,369471533,2024-06-28
003039,顺控发展,1.73,617518730,2024-06-28
300332,天壕能源,0.559999,868979552,2024-07-01
688247,宣泰医药,0.41,453340000,2024-06-28
603126,中材节能,0.83,610500000,2024-06-28
603585,苏利股份,0.5,180002070,2024-07-01
688456,有研粉材,2.0,103660000,2024-06-28
601100,恒立液压,7.0,1340820992,2024-06-28
605050,福然德,4.3,492829181,2024-06-28
603848,好太太,3.0,404150000,2024-06-28
600392,盛和资源,0.5,1752826570,2024-07-03
002439,启明星辰,2.7,1218369376,2024-07-02
601958,金钼股份,4.0,3226604400,2024-07-02
603255,鼎际得,0.46,135526667,2024-07-02
301180,万祥科技,0.25,400010000,2024-07-02
002819,东方中科,0.3,300594037,2024-07-01
920579,机科股份,2.3,129480000,2024-07-02
688625,呈和科技,7.5,135327698,2024-07-01
300305,裕兴股份,0.141727,375399652,2024-07-03
603353,和顺石油,1.0,173394000,2024-07-01
603116,红蜻蜓,2.0,576200800,2024-07-02
920802,保丽洁,1.5,63083300,2024-07-02
688068,热景生物,2.0,92474692,2024-07-03
603977,国泰集团,1.5,621241828,2024-07-01
688420,美腾科技,3.0,88430000,2024-07-01
605133,嵘泰股份,1.5,186079816,2024-07-02
300699,光威复材,5.0,831352000,2024-07-03
688627,精智达,3.7345,94011754,2024-07-01
001389,广合科技,2.5,422300000,2024-07-01
601900,南方传媒,5.4,895876566,2024-07-01
688513,苑东生物,5.8,176532256,2024-07-01
688228,开普云,1.887,67518240,2024-07-01
603311,金海高科,0.8,235883907,2024-07-01
605208,永茂泰,0.2,329940000,2024-07-02
300738,奥飞数据,0.21,964838384,2024-07-02
600496,精工钢构,0.6,2012884418,2024-07-01
920570,坤博精工,4.6,32577807,2024-07-03
300450,先导智能,3.43,1566163034,2024-07-01
603026,石大胜华,0.4,202680000,2024-07-02
920978,开特股份,2.826432,176901468,2024-07-03
605259,绿田机械,5.0,172480000,2024-07-01
688231,隆达股份,1.2,246857143,2024-07-01
688251,井松智能,2.2,59428464,2024-07-01
603201,常润股份,6.5,157934935,2024-07-01
001328,登康口腔,6.5,172173800,2024-07-02
688026,洁特生物,0.723,140363220,2024-07-04
603191,望变电气,1.5,333167407,2024-07-02
003009,中天火箭,0.619999,155393534,2024-07-02
000529,广弘控股,1.5,583790330,2024-07-04
300281,金明精机,0.2,418923580,2024-07-04
603676,卫信康,2.85,435161500,2024-07-02
300463,迈克生物,1.54024,612469590,2024-07-03
601789,宁波建工,1.0,1086798590,2024-07-04
301296,新巨丰,0.534269,420000000,2024-07-04
688485,九州一轨,0.5,150292062,2024-07-04
688283,坤恒顺维,2.18,84000000,2024-07-02
600210,紫江企业,2.5,1516736158,2024-07-03
688120,华海清科,5.5,158933383,2024-07-02
688588,凌志软件,2.0,400010003,2024-07-04
000425,徐工机械,1.8,11816166093,2024-07-03
002311,海大集团,5.0,1663749970,2024-07-04
001336,楚环科技,1.001088,80373500,2024-07-03
301012,扬电科技,1.0,142490190,2024-07-04
688053,ST思科瑞,3.1,100000000,2024-07-02
300858,科拓生物,1.5,263495118,2024-07-03
688067,爱威科技,1.0,68000000,2024-07-04
920522,纳科诺尔,3.0,93370000,2024-07-03
600965,*ST福成,0.49,818700955,2024-07-03
002300,太阳电缆,1.6,722333700,2024-07-04
603325,博隆技术,13.0,66670000,2024-07-03
920270,天铭科技,5.0,87180000,2024-07-04
300265,通光线缆,0.8,458287705,2024-07-04
300005,探路者,0.24,883702186,2024-07-03
603396,金辰股份,2.0001,138584808,2024-07-02
001268,联合精密,2.5,107933334,2024-07-03
603587,地素时尚,8.0,477386282,2024-07-02
300457,赢合科技,1.75,649537963,2024-07-03
300354,东华测试,1.28,138320201,2024-07-03
603602,纵横通信,0.6,205736791,2024-07-02
688166,博瑞医药,0.96,422466561,2024-07-04
920346,威贸电子,3.3,80682603,2024-07-03
002044,美年健康,0.19,3914253923,2024-07-04
000551,创元科技,0.7,403984805,2024-07-04
603505,金石资源,3.0,604772233,2024-07-04
603901,永创智能,0.8,487902458,2024-07-03
688568,中科星图,1.92,364648275,2024-07-04
300775,三角防务,1.82,550235807,2024-07-03
605177,东亚药业,3.2662,114753335,2024-07-04
688002,睿创微纳,1.2,448438515,2024-07-04
920720,吉冈精密,1.58,190231400,2024-07-08
688102,斯瑞新材,0.8,560014000,2024-07-03
603511,爱慕股份,7.5,408121000,2024-07-04
600468,百利电气,0.33,1087735321,2024-07-03
920642,通易航天,0.6,103670278,2024-07-05
688616,西力科技,3.0,150000000,2024-07-03
600061,国投资本,1.1031,6425310802,2024-07-03
688329,艾隆科技,1.5,77200000,2024-07-05
603158,腾龙股份,1.6,490799306,2024-07-04
002098,浔兴股份,1.1,358000000,2024-07-05
300502,新易盛,1.55,708810852,2024-07-05
688348,昱能科技,10.0,112000000,2024-07-03
000936,华西股份,0.2,886012887,2024-07-04
600195,中牧股份,1.19,1021148260,2024-07-05
300357,我武生物,1.85,523584000,2024-07-04
300958,建工修复,1.18,156736579,2024-07-05
603861,白云电器,0.84,436056857,2024-07-04
688682,霍莱沃,1.2,72742068,2024-07-04
002344,海宁皮城,0.43,1282616960,2024-07-04
688325,赛微微电,2.0,84947740,2024-07-04
002340,格林美,0.8,5131291557,2024-07-04
301103,何氏眼科,6.050416,158026471,2024-07-05
601838,成都银行,8.968,3813949587,2024-07-05
002598,ST章鼓,1.0,312001926,2024-07-05
300810,中科海讯,0.2,118050000,2024-07-04
300676,华大基因,1.0,415821575,2024-07-04
688388,嘉元科技,0.15,426238066,2024-07-03
603456,九洲药业,5.0,899435228,2024-07-04
002779,中坚科技,1.5,132000000,2024-07-03
002287,奇正藏药,4.8,530173477,2024-07-04
300594,ST朗进,1.0,91877450,2024-07-04
920819,颖泰生物,1.0,1225800000,2024-07-05
600531,豫光金铅,1.6,1090242634,2024-07-05
002371,北方华创,7.8,531019664,2024-07-04
601311,骆驼股份,2.7,1173146118,2024-07-04
002722,物产金轮,1.9,206576581,2024-07-04
600966,博汇纸业,0.2941,1336844288,2024-07-03
002883,*ST中设,0.65,156157166,2024-07-05
600459,贵研铂业,1.9006,760726670,2024-07-04
920368,连城数控,3.0,233499640,2024-07-08
301339,通行宝,3.0,407000000,2024-07-04
300955,嘉亨家化,3.5,100800000,2024-07-05
920974,凯大催化,1.35,163800000,2024-07-05
920781,瑞奇智造,0.5,140515504,2024-07-05
002788,鹭燕医药,3.0,388516736,2024-07-04
603589,口子窖,15.0,600000000,2024-07-04
603301,振德医疗,5.0,266451202,2024-07-03
300079,数码视讯,0.100104,1427518462,2024-07-05
000776,广发证券,3.0,7621087664,2024-07-03
300605,恒锋信息,0.4,164483052,2024-07-03
601615,明阳智能,3.041,2271594206,2024-07-05
603776,永安行,3.0,229476223,2024-07-04
002955,鸿合科技,4.25,236248380,2024-07-05
600782,新钢股份,1.5,3145652149,2024-07-03
002971,和远气体,1.0,160000000,2024-07-05
301098,金埔园林,1.0,158405280,2024-07-05
002365,永安药业,1.0,294682500,2024-07-05
688248,南网科技,1.75,564700000,2024-07-04
688101,三达膜,2.3,333880000,2024-07-05
600795,国电电力,0.7,17835619082,2024-07-05
002565,顺灏股份,0.26,1059988922,2024-07-08
002038,双鹭药业,1.5,1027350000,2024-07-04
688261,东微半导,1.7875,94326914,2024-07-04
920719,宁新新材,1.0,93093400,2024-07-09
601518,吉林高速,0.9,1890553169,2024-07-04
300797,钢研纳克,1.0,383175000,2024-07-04
605376,博迁新材,1.8,261600000,2024-07-05
688610,埃科光电,2.0,68000000,2024-07-05
603324,盛剑科技,2.7,124703500,2024-07-04
301311,昆船智能,0.56,240000000,2024-07-08
603777,来伊份,0.5117,336559908,2024-07-04
600693,东百集团,0.4,869846246,2024-07-04
002869,金溢科技,1.0,179556341,2024-07-05
000650,仁和药业,2.0,1399938234,2024-07-08
688579,地纬智能,0.8,400010000,2024-07-05
920718,合肥高科,1.0,90666700,2024-07-08
688651,盛邦安全,0.6027,75399000,2024-07-04
002909,集泰股份,0.5,398845123,2024-07-04
600883,博闻科技,0.5,236088000,2024-07-04
920344,三元基因,0.75,121810000,2024-07-05
002230,科大讯飞,1.0,2311734185,2024-07-05
603081,大丰实业,0.5,409041500,2024-07-04
600089,特变电工,2.0,5052792541,2024-07-04
301190,善水科技,1.5,214636500,2024-07-05
603357,设计总院,3.5,560783805,2024-07-05
603359,*ST东珠,0.1,446096000,2024-07-04
002608,江苏国信,1.0,3778079704,2024-07-05
603681,永冠新材,1.5,191130785,2024-07-08
603636,南威软件,0.49,590793578,2024-07-04
603918,金桥信息,0.4,366844226,2024-07-04
920510,丰光精密,1.2,131581378,2024-07-05
301127,武汉天源,1.699997,420233048,2024-07-05
601665,齐鲁银行,2.2,4834974450,2024-07-05
920026,卓兆点胶,6.8,82077246,2024-07-05
688195,腾景科技,1.003,129350000,2024-07-04
003040,楚天龙,1.52,461135972,2024-07-04
600032,浙江新能,0.7,2404675324,2024-07-05
600809,山西汾酒,43.7,1219964222,2024-07-05
600461,洪城环境,4.4073,1229044002,2024-07-04
002101,广东鸿图,3.2,664649239,2024-07-04
920942,恒立钻具,1.5,61327100,2024-07-08
002064,华峰化学,1.5,4962543897,2024-07-05
000513,丽珠集团,13.5,926325484,2024-07-08
603590,康辰药业,3.0,160000000,2024-07-04
603876,鼎胜新材,1.9,890186810,2024-07-05
002239,奥特佳,0.085,3243258144,2024-07-05
603176,汇通集团,0.2,466668882,2024-07-04
600379,宝光股份,0.65,330201564,2024-07-05
603698,航天工程,1.05,535990000,2024-07-05
301333,诺思格,2.0,96000000,2024-07-05
002896,中大力德,0.8,151171285,2024-07-08
300589,江龙船艇,0.3,377667996,2024-07-05
600556,天下秀,0.155,1807747642,2024-07-05
688466,金科环境,4.1,123119025,2024-07-08
002133,广宇集团,0.5,774144175,2024-07-05
603053,成都燃气,3.0,888890000,2024-07-05
600908,无锡银行,2.0,2194681695,2024-07-05
600552,凯盛科技,0.5,944606894,2024-07-08
000636,风华高科,0.5,1157013211,2024-07-05
688696,极米科技,3.0,70000000,2024-07-04
600710,苏美达,3.3,1306749434,2024-07-05
600810,神马股份,1.37,1044179263,2024-07-08
605577,龙版传媒,0.8,444444445,2024-07-05
601512,中新集团,2.73,1498890000,2024-07-08
300861,美畅股份,1.5,480012000,2024-07-05
603159,上海亚虹,1.1,140000000,2024-07-05
603815,交建股份,0.85,618924235,2024-07-08
603151,邦基科技,2.0,168000000,2024-07-04
002395,双象股份,1.0,268209000,2024-07-05
600510,黑牡丹,1.25,1040559801,2024-07-05
688593,新相微,0.39,459529412,2024-07-05
600499,科达制造,3.3,1917856391,2024-07-05
000631,顺发恒能,1.0,2395279084,2024-07-05
600101,明星电力,1.0,421432670,2024-07-05
300455,航天智装,0.15,717767936,2024-07-05
605365,立达信,3.2,503186751,2024-07-05
000926,福星股份,0.1,1138475688,2024-07-08
603300,海南华铁,0.2189,1970606551,2024-07-05
688181,八亿时空,0.81,134481546,2024-07-05
600509,天富能源,1.58,1379032607,2024-07-05
300840,酷特智能,0.5,240000000,2024-07-08
600182,S佳通,2.7,340000000,2024-07-08
600529,山东药玻,4.0,663614113,2024-07-05
688369,致远互联,1.3,115158439,2024-07-05
600630,龙头股份,0.12,424861597,2024-07-05
688575,亚辉龙,2.73,569275900,2024-07-05
002303,美盈森,1.3,1531323685,2024-07-08
000591,太阳能,1.45839,3913541205,2024-07-05
600446,金证股份,0.6,946275005,2024-07-05
688268,华特气体,5.0,120385021,2024-07-05
301080,百普赛斯,9.0,120000000,2024-07-05
603703,盛洋科技,0.12,414982120,2024-07-05
600704,物产中大,2.1,5192561790,2024-07-05
300644,南京聚隆,2.5,107990008,2024-07-08
600874,创业环保,1.66,1570418085,2024-07-05
000753,漳州发展,0.25,991481071,2024-07-05
300929,华骐环保,0.2,132132956,2024-07-09
603018,华设集团,3.1,683790647,2024-07-05
688480,赛恩斯,5.0,95326179,2024-07-05
300215,电科院,0.35,749094187,2024-07-09
605500,森林包装,1.5,414400000,2024-07-08
601088,中国神华,22.6,19868519955,2024-07-08
688161,威高骨科,1.2048,400000000,2024-07-05
002810,山东赫达,2.0,341704139,2024-07-05
600188,兖矿能源,14.9,7722969540,2024-07-08
000541,佛山照明,1.2,1548778230,2024-07-08
003001,中岩大地,1.206046,126731886,2024-07-05
600419,天润乳业,1.36,320190246,2024-07-05
002526,山东矿机,0.23,1782793836,2024-07-08
600325,华发股份,3.7,2752152116,2024-07-05
688358,祥生医疗,8.0,112124537,2024-07-08
301555,惠柏新材,2.2,92266700,2024-07-09
920491,奥迪威,2.0,141148348,2024-07-08
603180,金牌家居,6.0,154257010,2024-07-05
301499,维科精密,1.4,138254866,2024-07-08
600763,通策医疗,4.3565,319356500,2024-07-05
603969,银龙股份,0.7,854764000,2024-07-05
002958,青农商行,1.0,5555616771,2024-07-09
688707,振华新材,0.5,508784205,2024-07-08
688433,华曙高科,0.962,414168800,2024-07-05
300393,中来股份,1.38,1089627358,2024-07-09
603237,五芳斋,10.0,142655772,2024-07-08
000623,吉林敖东,6.0,1195895387,2024-07-09
920475,三友科技,1.2,102930000,2024-07-09
600452,涪陵电力,1.45,1097529753,2024-07-10
688613,奥精医疗,0.6001,135551584,2024-07-09
000060,中金岭南,0.56,3737590653,2024-07-09
920608,丰安股份,1.5,62240000,2024-07-09
603507,振江股份,3.9,142030934,2024-07-08
002595,豪迈科技,6.25,800000000,2024-07-10
300570,太辰光,5.0,227126867,2024-07-09
300772,运达股份,0.5,701771155,2024-07-10
300805,电声股份,0.4,423230000,2024-07-08
603488,展鹏科技,2.0,291990440,2024-07-08
600697,欧亚集团,1.1,159088075,2024-07-08
688153,唯捷创芯,0.55,418316914,2024-07-09
000426,兴业银锡,0.65,1837192219,2024-07-09
603833,欧派家居,27.6,609152455,2024-07-09
603707,健友股份,1.0,1615634520,2024-07-08
688105,诺唯赞,1.0,400010000,2024-07-08
920092,汉鑫科技,1.5,47896000,2024-07-09
688621,阳光诺和,1.65,112000000,2024-07-09
603993,洛阳钼业,1.5425,21599240583,2024-07-08
600483,福能股份,3.1,2580763772,2024-07-08
002853,皮阿诺,2.0,186542748,2024-07-09
603217,元利科技,4.0,208185280,2024-07-08
600458,时代新材,1.85,824538152,2024-07-10
920392,佳合科技,1.0,58700000,2024-07-10
301010,晶雪节能,2.0,108000000,2024-07-09
301006,迈拓股份,3.02435,139280000,2024-07-09
002930,宏川智慧,2.5,460277852,2024-07-09
300430,*ST益通,0.550275,273047596,2024-07-09
002063,远光软件,0.26,1905096000,2024-07-10
603489,八方股份,10.0,167979295,2024-07-08
688557,兰剑智能,4.6,73005700,2024-07-10
301016,雷尔伟,3.3,120000000,2024-07-10
600023,浙能电力,2.5,13408732749,2024-07-09
300597,吉大通信,0.040112,272570030,2024-07-09
001282,三联锻造,3.33,113360000,2024-07-09
301519,舜禹股份,2.0,164160000,2024-07-09
920207,众诚科技,1.0,93995000,2024-07-11
601061,中信金属,1.5,4900000000,2024-07-08
300835,龙磁科技,2.0,119371904,2024-07-09
601096,宏盛华源,0.1393,2675155088,2024-07-08
601588,北辰实业,0.2,3367020000,2024-07-08
002330,得利斯,0.1,635375290,2024-07-09
600612,老凤祥,19.5,523117764,2024-07-09
301246,宏源药业,0.5,400006800,2024-07-09
603203,快克智能,6.0,250546967,2024-07-08
600078,澄星股份,0.31,662572861,2024-07-10
001316,润贝航科,6.45,82213000,2024-07-08
600339,中油工程,0.41,5583147471,2024-07-10
920806,云星宇,1.0,300736667,2024-07-09
002079,苏州固锝,0.38,808086116,2024-07-08
688201,ST信安,0.3,215005011,2024-07-09
002946,新乳业,1.5,860672801,2024-07-09
002406,远东传动,1.0,730225082,2024-07-09
002065,东华软件,0.5,3205482375,2024-07-09
603219,富佳股份,3.0,561400000,2024-07-08
301070,开勒股份,4.0,64555200,2024-07-10
688410,山外山,2.0,215648085,2024-07-09
600163,中闽能源,0.5,1902996143,2024-07-10
600180,*ST瑞茂,0.9,1086627464,2024-07-09
300257,开山股份,1.0,993635018,2024-07-10
600619,海立股份,0.1,1077769006,2024-07-10
601166,兴业银行,10.4,20774300296,2024-07-09
002956,西麦食品,3.1,223246885,2024-07-09
300110,华仁药业,0.21,1182212982,2024-07-10
601998,中信银行,3.261,53456539588,2024-07-10
002142,宁波银行,6.0,6603590792,2024-07-10
920701,豪声电子,5.0,98000000,2024-07-11
600216,浙江医药,1.5,961637750,2024-07-10
300034,钢研高纳,1.24,775137713,2024-07-11
301201,诚达药业,2.0,154713824,2024-07-10
603699,纽威股份,5.2,760388587,2024-07-10
002700,万憬能源,0.72,422426880,2024-07-10
301489,思泉新材,2.54,57681334,2024-07-11
688501,青达环保,2.2,123071000,2024-07-10
300873,海晨股份,4.0,230601779,2024-07-10
002752,昇兴股份,1.0,976918468,2024-07-10
002735,王子新材,0.48,390914641,2024-07-11
300413,芒果超媒,1.8,1870720815,2024-07-10
300535,达威股份,0.7,104801463,2024-07-11
300382,斯莱克,1.0,628490272,2024-07-11
603337,杰克科技,5.0,484419031,2024-07-09
002584,西陇科学,0.2,585216422,2024-07-10
605080,浙江自然,0.94,141573040,2024-07-10
601007,金陵饭店,1.2,390000000,2024-07-10
000880,潍柴重机,1.8,331320600,2024-07-09
601169,北京银行,3.2,21142984272,2024-07-10
000605,渤海股份,0.2,352658600,2024-07-09
300442,润泽科技,1.27,1720577649,2024-07-10
002129,TCL中环,2.6,4043115773,2024-07-09
920351,华光源海,1.0,88035439,2024-07-11
300665,飞鹿股份,0.5,189498316,2024-07-10
603979,金诚信,2.0,617727444,2024-07-11
600859,王府井,2.0,1135049451,2024-07-10
002574,明牌珠宝,1.0,528000000,2024-07-10
600783,鲁信创投,1.1,744359294,2024-07-10
300883,龙利得,0.098856,346000000,2024-07-10
603662,柯力传感,3.32,282504992,2024-07-10
000785,居然智家,0.62,6287288273,2024-07-10
603161,科华控股,2.85,136720700,2024-07-10
301297,富乐德,0.8,338390000,2024-07-11
002357,富临运业,0.5,313489036,2024-07-10
000812,陕西金叶,0.2,768692614,2024-07-09
002169,智光电气,1.0,787791994,2024-07-11
300475,香农芯创,1.66,457565767,2024-07-10
002423,中粮资本,1.33,2304105575,2024-07-11
002360,ST同德,1.86,401774248,2024-07-11
688075,安旭生物,4.0,127082805,2024-07-09
301291,明阳电气,6.4,312200000,2024-07-11
000968,蓝焰控股,1.7,967502660,2024-07-11
000537,绿发电力,1.8,2066602352,2024-07-09
002177,御银股份,0.14,761191294,2024-07-10
301099,雅创电子,0.7,80002863,2024-07-11
600548,深高速,5.5,2180770326,2024-07-10
300126,锐奇股份,0.1,303957600,2024-07-11
002302,西部建设,1.15,1262354304,2024-07-10
003816,中国广核,0.94,50498611100,2024-07-10
603518,锦泓集团,2.6,347081152,2024-07-10
002679,福建金森,0.255,235756000,2024-07-09
603922,ST金鸿顺,0.2,128000000,2024-07-09
600109,国金证券,1.4,3712559510,2024-07-09
300662,科锐国际,0.8,196806359,2024-07-11
300408,三环集团,2.8,1916497371,2024-07-09
002867,周大生,6.5,1095926265,2024-07-10
300377,赢时胜,0.4,751075080,2024-07-11
688210,统联精密,2.0,158532883,2024-07-09
002170,芭田股份,1.5,891165288,2024-07-10
688669,聚石化学,2.0,121333334,2024-07-10
603318,水发燃气,0.59,459070924,2024-07-11
600011,华能国际,2.0,15698093359,2024-07-11
002760,凤形股份,1.0,107988706,2024-07-09
000682,东方电子,0.8,1340727007,2024-07-09
688328,深科达,1.0,94456295,2024-07-09
688215,瑞晟智能,1.0,40040000,2024-07-10
920006,晟楠科技,4.21,90287200,2024-07-11
600648,外高桥,4.1,1135349124,2024-07-11
002218,拓日新能,0.2,1413020549,2024-07-09
605180,华生科技,0.8,169000000,2024-07-10
300055,万邦达,0.15,836749606,2024-07-10
301197,工大科雅,1.0,120540000,2024-07-11
002246,北化股份,0.5,549034794,2024-07-09
000417,合百集团,1.1,779884200,2024-07-11
605369,拱东医疗,3.0,112556011,2024-07-09
603308,应流股份,1.2,679036441,2024-07-10
000885,城发环境,2.52,642078255,2024-07-11
301510,固高科技,0.375,400010000,2024-07-11
300171,东富龙,2.391867,765762040,2024-07-12
001278,一彬科技,1.0,123733400,2024-07-11
600016,民生银行,2.16,43782418502,2024-07-12
601328,交通银行,3.75,74262726645,2024-07-10
003017,大洋生物,4.5,84000000,2024-07-11
002651,利君股份,0.4,1033460000,2024-07-10
301088,戎美股份,4.39,228000000,2024-07-12
002281,光迅科技,2.4,794201952,2024-07-12
300243,瑞丰高材,0.999985,250424136,2024-07-11
301072,中捷精工,0.603503,105054800,2024-07-10
002545,东方铁塔,3.0,1244062083,2024-07-12
600933,爱柯迪,2.9,977364253,2024-07-10
000777,中核科技,1.87,384471593,2024-07-11
002375,亚厦股份,0.2,1339996498,2024-07-12
688005,容百科技,3.03,483029659,2024-07-10
301071,力量钻石,5.0,260272313,2024-07-11
301498,乖宝宠物,1.7,400044500,2024-07-11
688718,唯赛勃,1.1514,173754389,2024-07-10
300288,朗玛信息,0.45,337941402,2024-07-12
600143,金发科技,1.0,2670649486,2024-07-10
601006,大秦铁路,3.8193,18141518394,2024-07-11
600938,中国海油,6.0036,47566763984,2024-07-12
300790,宇瞳光学,1.0,335548079,2024-07-11
600521,华海药业,2.0,1466755454,2024-07-10
603227,雪峰科技,2.5,1071692689,2024-07-10
688652,京仪装备,0.75,168000000,2024-07-10
601636,旗滨集团,3.3,2683514269,2024-07-11
603856,东宏股份,1.89,256414600,2024-07-11
002078,太阳纸业,3.0,2794573119,2024-07-12
002917,金奥博,1.0,347614197,2024-07-12
600400,红豆股份,0.1,2296571852,2024-07-10
300375,鹏翎股份,0.35,755378818,2024-07-12
600036,招商银行,19.72,25219845601,2024-07-11
601800,中国交建,2.9256,16278611425,2024-07-10
300040,九洲集团,0.7,587745697,2024-07-11
002554,惠博普,0.08,1346857772,2024-07-12
301178,天亿马,1.0,67236800,2024-07-12
000617,中油资本,1.17,12642079079,2024-07-11
300542,新晨科技,0.14,298559899,2024-07-12
605058,澳弘电子,3.0,142923950,2024-07-10
600236,桂冠电力,1.2,7882377802,2024-07-12
920375,派诺科技,1.89,79610000,2024-07-11
003018,金富科技,2.0,260000000,2024-07-12
603004,鼎龙科技,2.22,235520000,2024-07-12
603101,汇嘉时代,2.5633,470400000,2024-07-11
600012,皖通高速,6.01,1658610000,2024-07-12
300880,迦南智能,3.0,194187720,2024-07-12
002159,三特索道,2.2,177301325,2024-07-12
002250,联化科技,0.2,923246256,2024-07-12
600686,金龙汽车,0.35,717047417,2024-07-11
002082,ST万邦,0.8,616689055,2024-07-11
603344,星德胜,3.1,194530980,2024-07-12
002880,卫光生物,2.0,226800000,2024-07-12
000429,粤高速A,5.47,2090806126,2024-07-15
002544,普天科技,0.261,682615642,2024-07-11
600480,凌云股份,2.5,940498410,2024-07-12
688061,灿瑞科技,0.3,114889391,2024-07-12
688408,中信博,8.8,136295000,2024-07-11
601179,中国西电,0.66,5125882352,2024-07-11
001227,兰州银行,1.0,5695697168,2024-07-11
601628,中国人寿,4.3,28264705000,2024-07-11
601928,凤凰传媒,5.0,2544900000,2024-07-12
603499,翔港科技,0.3,216138850,2024-07-12
688151,华强科技,0.083,344500000,2024-07-11
601228,广州港,0.43,7544531351,2024-07-12
300347,泰格医药,5.68,864948570,2024-07-12
600784,鲁银投资,0.6,675652277,2024-07-12
688648,中邮科技,1.6,136000000,2024-07-11
601658,邮储银行,2.61,99161076038,2024-07-11
600639,浦东金桥,5.7,1122412893,2024-07-11
000983,山西焦煤,8.0,5677101059,2024-07-12
002111,威海广泰,1.0,531303876,2024-07-12
600926,杭州银行,5.2,5930286705,2024-07-11
600498,烽火通信,1.28,1185491812,2024-07-12
600052,东望时代,0.5,844194741,2024-07-11
600643,爱建集团,0.2,1621922452,2024-07-11
300355,蒙草生态,0.23,1604242081,2024-07-12
601098,中南传媒,5.5,1796000000,2024-07-12
603272,*ST联翔,1.531,103627000,2024-07-15
300814,中富电路,1.12999,175797523,2024-07-12
300798,锦鸡股份,0.2,468803089,2024-07-12
600382,广东明珠,1.828,769205771,2024-07-12
301397,溯联股份,10.0,100040000,2024-07-12
600861,北京人力,4.84,566112718,2024-07-12
300604,长川科技,1.0,626783502,2024-07-12
600562,国睿科技,1.45,1241857840,2024-07-11
920152,昆工科技,0.3,108591700,2024-07-15
920639,晨光电缆,1.0,201600000,2024-07-15
603567,珍宝岛,2.0,941826360,2024-07-12
300190,维尔利,0.100386,781593216,2024-07-12
688213,思特威,1.65,400010000,2024-07-11
000709,河钢股份,0.4,10337121092,2024-07-11
002368,太极股份,1.81,623231286,2024-07-11
002723,小崧股份,0.19,318006876,2024-07-12
603416,信捷电气,2.2,140560000,2024-07-11
601601,中国太保,10.2,9620341455,2024-07-12
000603,盛达资源,0.751395,689969346,2024-07-11
600329,达仁堂,12.8,770158276,2024-07-12
600967,内蒙一机,2.5,1702636737,2024-07-11
002475,立讯精密,2.989461,7203315644,2024-07-11
688258,卓易信息,1.9869,86956591,2024-07-11
603393,新天然气,9.0,423921327,2024-07-11
000530,冰山冷热,0.3,843212507,2024-07-12
603429,*ST集友,1.5,524485465,2024-07-12
000531,穗恒运A,1.0,1041401332,2024-07-12
000778,新兴铸管,0.6,3990058776,2024-07-12
600366,宁波韵升,0.5,1111758051,2024-07-12
600754,锦江酒店,5.0,1070044063,2024-07-12
600467,好当家,0.102,1460994304,2024-07-12
600215,派斯林,1.0,465032880,2024-07-12
603273,天元智能,1.0,214313400,2024-07-12
002933,新兴装备,0.25,117350000,2024-07-15
600429,三元股份,0.49,1509176043,2024-07-12
688156,路德科技,0.5,100714157,2024-07-12
600879,航天电子,0.48,3299299334,2024-07-12
601939,建设银行,4.0,250010977486,2024-07-12
600390,五矿资本,1.15,4498065459,2024-07-12
600505,西昌电力,0.12,364567500,2024-07-12
603617,君禾股份,0.4,391071337,2024-07-12
603229,奥翔药业,1.29,593069389,2024-07-12
603083,剑桥科技,1.33,268041841,2024-07-12
600736,苏州高新,0.27,1151292907,2024-07-12
603900,莱绅通灵,1.0,343203840,2024-07-15
600741,华域汽车,7.5,3152723984,2024-07-12
002488,金固股份,0.12,995439065,2024-07-15
603048,浙江黎明,3.5,146880000,2024-07-12
688505,复旦张江,0.7,1036572100,2024-07-12
603529,爱玛科技,5.34,861935348,2024-07-12
000858,五粮液,46.7,3881608005,2024-07-12
600272,开开实业,0.49,243000000,2024-07-15
688211,中科微至,0.7935,131608698,2024-07-12
603538,美诺华,0.2,218751133,2024-07-15
300712,永福股份,1.0,187546035,2024-07-15
600276,恒瑞医药,2.0,6379002274,2024-07-12
300887,谱尼测试,0.6,545758376,2024-07-15
600522,中天科技,2.2,3412949652,2024-07-15
920953,国子软件,1.8,91904900,2024-07-17
002824,和胜股份,1.905641,279114081,2024-07-16
000501,武商集团,0.5,768992731,2024-07-12
000652,泰达股份,0.4,1475573852,2024-07-12
000762,西藏矿业,1.0,521174140,2024-07-12
603319,美湖股份,4.0,208043062,2024-07-12
603968,醋化股份,2.8,207381000,2024-07-12
920208,青矩技术,16.0,68622656,2024-07-15
300068,ST南都,0.65,872755285,2024-07-15
600580,卧龙电驱,1.0,1308291126,2024-07-15
920260,中寰股份,3.0,103550000,2024-07-17
600600,青岛啤酒,20.0,1364196788,2024-07-16
301267,华厦眼科,1.1,840000000,2024-07-15
600674,川投能源,4.0,4874606828,2024-07-16
603059,倍加洁,2.0,100448700,2024-07-15
300129,泰胜风能,0.5,934899232,2024-07-17
301031,中熔电气,6.0,66277427,2024-07-17
601616,广电电气,0.7,853675319,2024-07-16
601858,中国科传,2.6,790500000,2024-07-15
600618,氯碱化工,2.0,1156399976,2024-07-16
000012,南玻A,2.5,3070692107,2024-07-16
000063,中兴通讯,6.83,4783251552,2024-07-15
601012,隆基绿能,1.7,7578044768,2024-07-15
600064,南京高科,2.8,1730339644,2024-07-17
600062,华润双鹤,2.57,1039656801,2024-07-15
600201,生物股份,0.8,1120369226,2024-07-15
301337,亚华电子,1.0,104200000,2024-07-16
002358,森源电气,0.2,929756977,2024-07-15
000498,山东路桥,1.799999,1560996539,2024-07-16
600547,山东黄金,1.4,4473429525,2024-07-17
300491,通合科技,1.2,174041249,2024-07-16
600999,招商证券,2.52,8696526806,2024-07-16
002929,润建股份,2.5,281831071,2024-07-17
601606,长城军工,0.08,724228400,2024-07-16
300933,中辰股份,0.4,458518908,2024-07-17
002649,博彦科技,0.26,585344532,2024-07-16
688129,东来技术,2.0053,120478800,2024-07-15
600006,东风股份,0.301,2000000000,2024-07-15
300205,*ST天喻,0.2,430056000,2024-07-17
605199,ST葫芦娃,1.25,400108752,2024-07-16
000967,盈峰环境,1.25,3166941538,2024-07-16
601226,华电科工,0.26,1166600000,2024-07-15
300326,ST凯利,0.6,717026333,2024-07-16
300260,新莱应材,0.602977,407806752,2024-07-16
603100,川仪股份,7.5,394942500,2024-07-15
601117,中国化学,1.78,6109070562,2024-07-15
600039,四川路桥,5.17,8712818205,2024-07-16
603185,弘元绿能,0.2,679022202,2024-07-15
605020,永和股份,1.5,380298783,2024-07-16
600929,雪天盐业,2.0,1659173900,2024-07-15
601985,中国核电,1.95,18883284867,2024-07-16
002531,天顺风能,0.75,1796878658,2024-07-15
601326,秦港股份,0.83,5587412000,2024-07-17
605566,福莱蒽特,1.2,133340000,2024-07-16
601398,工商银行,3.064,356406257089,2024-07-16
600028,中国石化,2.0,121699823893,2024-07-16
300509,新美星,1.2,296400000,2024-07-16
002941,新疆交建,1.6,645080852,2024-07-16
301017,漱玉平民,0.5,405340369,2024-07-16
002208,合肥城建,0.85,803291894,2024-07-16
600348,华阳股份,7.18,3607500000,2024-07-18
002272,川润股份,0.5,484877300,2024-07-16
601988,中国银行,2.364,294387791241,2024-07-17
920932,科达自控,2.0,77280000,2024-07-18
002851,麦格米特,2.18,503155931,2024-07-16
603135,中重科技,2.0,450000000,2024-07-17
601881,中国银河,2.2,10934402256,2024-07-16
600487,亨通光电,1.5,2466734657,2024-07-16
002203,海亮股份,1.7,1998319791,2024-07-17
603211,晋拓股份,0.6,271808000,2024-07-16
000788,北大医药,0.26,595987425,2024-07-16
301526,国际复材,0.3,3770878048,2024-07-17
600637,东方明珠,1.8,3361899817,2024-07-16
603216,梦天家居,3.0,222690000,2024-07-16
300214,日科化学,0.4,466042614,2024-07-17
605336,*ST帅电,6.2,183412450,2024-07-16
601577,长沙银行,3.8,4021553754,2024-07-16
600158,中体产业,0.23,959513067,2024-07-18
600026,中远海能,3.5,4770776395,2024-07-17
300963,中洲特材,0.77,234000000,2024-07-18
600229,城市传媒,2.7,671208000,2024-07-18
603066,音飞储存,1.45,300702900,2024-07-16
600439,瑞贝卡,0.1,1131985440,2024-07-18
688168,安博通,0.5,76513908,2024-07-16
300398,飞凯材料,0.8,528657987,2024-07-16
000998,隆平高科,0.5,1316970298,2024-07-16
603655,朗博科技,0.7,106000000,2024-07-16
603128,华贸物流,2.0,1309046494,2024-07-16
601965,中国汽研,3.3,1003285687,2024-07-18
601233,桐昆股份,0.43,2411119493,2024-07-17
001872,招商港口,5.8,2500481881,2024-07-17
600133,东湖高新,1.5,1066239875,2024-07-18
600508,上海能源,4.1,722718000,2024-07-18
002267,陕天然气,3.0,1112075445,2024-07-17
600668,尖峰集团,1.0,344083828,2024-07-16
001331,胜通能源,1.0,168000000,2024-07-17
688590,新致软件,0.8,260725272,2024-07-17
002097,山河智能,0.5,1074617264,2024-07-17
301115,联检科技,3.5,185248000,2024-07-16
300376,易事特,0.49,2328240476,2024-07-17
605196,华通线缆,0.71,511524781,2024-07-17
600269,赣粤高速,1.6,2335407014,2024-07-18
003003,天元股份,1.0,176960360,2024-07-17
688037,芯源微,2.0,138186711,2024-07-17
600360,华微电子,0.116,960295304,2024-07-17
600000,浦发银行,3.21,29352177375,2024-07-18
600517,国网英大,0.72,5718435744,2024-07-17
300358,楚天科技,1.0,590302374,2024-07-18
002067,景兴纸业,0.25,1193975620,2024-07-17
601908,京运通,0.13,2414602861,2024-07-18
603639,海利尔,5.0,340006096,2024-07-18
600935,华塑股份,0.03,3507401812,2024-07-17
600718,东软集团,1.3,1203703468,2024-07-17
300513,恒实科技,0.35,313691155,2024-07-19
001209,洪兴股份,1.0,131522720,2024-07-19
600897,厦门空港,2.6,416934000,2024-07-18
600819,耀皮玻璃,0.05,934916069,2024-07-17
300747,锐科激光,1.2,564821828,2024-07-18
000959,首钢股份,0.3,7794611605,2024-07-17
600682,南京新百,0.3,1346132221,2024-07-17
600248,陕建股份,1.5,3767582286,2024-07-19
688087,英科再生,1.5,187769250,2024-07-17
601880,辽港股份,0.191,23987065816,2024-07-17
601118,海南橡胶,0.209,4279427797,2024-07-17
600900,长江电力,8.2,24468217716,2024-07-19
300982,苏文电能,2.0,206965146,2024-07-17
688367,工大高科,1.0,87363120,2024-07-17
603111,康尼机电,2.0,915000975,2024-07-17
000035,中国天楹,0.21,2523777297,2024-07-19
002701,奥瑞金,1.2,2573260436,2024-07-19
601136,首创证券,1.0,2733333800,2024-07-22
002338,奥普光电,0.25,240000000,2024-07-19
601598,中国外运,1.45,7294216875,2024-07-22
002573,清新环境,1.00673,1424388579,2024-07-18
603663,三祥新材,0.75,423462140,2024-07-18
601689,拓普集团,5.56,1162775947,2024-07-19
603330,天洋新材,0.802,432673649,2024-07-19
600380,健康元,1.8,1874186420,2024-07-18
920832,齐鲁华信,0.8,138763865,2024-07-23
688007,光峰科技,0.6986,465133628,2024-07-18
600489,中金黄金,4.02,4847312564,2024-07-18
600125,铁龙物流,1.1,1305521874,2024-07-19
603613,国联股份,2.13,722333313,2024-07-18
301102,兆讯传媒,1.4,290000000,2024-07-19
600050,中国联通,0.524,31800581312,2024-07-19
601618,中国中冶,0.72,20723619170,2024-07-19
002731,*ST萃华,0.71,256156000,2024-07-19
920014,特瑞斯,1.8,125705240,2024-07-19
601901,方正证券,0.23,8232101395,2024-07-19
688147,微导纳米,0.85,457678129,2024-07-18
600834,申通地铁,0.52,477381905,2024-07-19
600493,凤竹纺织,1.0,272000000,2024-07-19
603680,今创集团,1.2,783718767,2024-07-19
603108,润达医疗,1.0,598862922,2024-07-19
002603,以岭药业,3.0,1670705376,2024-07-19
301009,可靠股份,0.75,271860000,2024-07-19
600649,城投控股,0.6,2529575634,2024-07-18
600105,永鼎股份,0.36,1392849369,2024-07-18
603718,*ST海利,0.287,657900000,2024-07-19
601865,福莱特,3.8,2351324281,2024-07-19
600108,亚盛集团,0.055,1946915121,2024-07-19
600812,华北制药,0.1,1715730370,2024-07-18
688271,联影医疗,2.5,824157988,2024-07-18
601669,中国电建,1.3649,17226159334,2024-07-19
688383,新益昌,2.0,102133600,2024-07-19
605366,宏柏新材,0.4,608896979,2024-07-19
002979,雷赛智能,1.2,306665583,2024-07-19
688789,宏华数科,5.0,120437136,2024-07-19
603000,人民网,1.69,1105691056,2024-07-19
002268,电科网安,0.6,845734843,2024-07-19
600773,西藏城投,0.1,951586865,2024-07-19
000550,江铃汽车,6.84,863214000,2024-07-19
000090,天健集团,2.5,1868545434,2024-07-19
603709,中源家居,1.8,96868000,2024-07-19
688082,盛美上海,6.2636,436153563,2024-07-19
600312,平高电气,2.12,1356921309,2024-07-19
601963,重庆银行,4.08,3474566017,2024-07-19
600418,江淮汽车,0.21,2184009791,2024-07-19
688432,有研硅,0.1,1247621058,2024-07-19
601186,中国铁建,3.5,13579541500,2024-07-23
600009,上海机场,1.2,2488481340,2024-07-19
920895,花溪科技,3.5,56524000,2024-07-22
603033,三维股份,0.5,1031163554,2024-07-19
603358,华达科技,3.5,439040000,2024-07-19
600116,三峡水利,1.5,1912142904,2024-07-19
603375,盛景微,4.0,100666667,2024-07-22
605108,同庆楼,4.1,260000000,2024-07-19
603378,*ST亚士,0.439,428596642,2024-07-19
688265,南模生物,1.304,77963513,2024-07-19
688584,上海合晶,2.9847,665458353,2024-07-22
600167,联美控股,2.0,2288119475,2024-07-23
688639,华恒生物,9.0,157810315,2024-07-22
300487,蓝晓科技,5.68,505011659,2024-07-24
601949,中国出版,1.53,1903968054,2024-07-24
605287,德才股份,1.2,140000000,2024-07-22
301239,普瑞眼科,4.0,149619048,2024-07-22
601607,上海医药,4.1,3703626953,2024-07-22
688097,博众精工,1.3,446647765,2024-07-23
600099,林海股份,0.22,219120000,2024-07-24
601818,光大银行,1.73,59085551061,2024-07-24
688118,普元信息,1.0,93970039,2024-07-22
601872,招商轮船,2.38,8143806353,2024-07-23
002802,洪汇新材,2.5,182301990,2024-07-22
600428,中远海特,2.48,2146650771,2024-07-22
600827,百联股份,1.2,1784168117,2024-07-22
600501,航天晨光,0.6004,431328600,2024-07-24
603380,易德龙,2.6,160441200,2024-07-23
600578,京能电力,1.05,6694621015,2024-07-23
000755,山西高速,0.45,1467310196,2024-07-24
603220,中贝通信,1.5,335240376,2024-07-24
000407,胜利股份,0.55,880084656,2024-07-25
688057,金达莱,5.0,276000000,2024-07-24
600444,国机通用,1.0,146421932,2024-07-24
001979,招商蛇口,3.2,9060836177,2024-07-23
000729,燕京啤酒,1.0,2818539341,2024-07-24
600989,宝丰能源,2.8,7333360000,2024-07-24
688597,煜邦电力,0.514,247063649,2024-07-25
600323,瀚蓝环境,4.8,815347146,2024-07-24
688591,泰凌微,0.7323,240000000,2024-07-24
600362,江西铜业,6.0,3462729405,2024-07-24
002460,赣锋锂业,8.0,2017167779,2024-07-24
603315,福鞍股份,0.68,320426264,2024-07-26
600829,人民同泰,1.44,579888597,2024-07-25
601788,光大证券,2.803,4610787639,2024-07-25
600262,北方股份,2.51,170000000,2024-07-26
600027,华电国际,1.5,10227561133,2024-07-25
600148,长春一东,0.3,141516450,2024-07-25
688009,中国通号,1.7,10589819000,2024-07-26
301048,金鹰重工,0.489899,533333400,2024-07-25
600640,国脉文化,0.02,795695940,2024-07-25
600266,城建发展,1.0,2154694195,2024-07-24
300425,中建环能,0.495619,681681586,2024-07-26
000157,中联重科,3.2,8677992236,2024-07-26
688065,凯赛生物,1.9001,583378039,2024-07-24
000685,中山公用,2.0,1475111351,2024-07-25
601878,浙商证券,1.4,3882194872,2024-07-25
603218,日月股份,2.8,1030692750,2024-07-25
600620,天宸股份,0.1,686677113,2024-07-24
300851,交大思诺,4.5,86933400,2024-07-26
002201,九鼎新材,0.05,651636241,2024-07-26
600128,苏豪弘业,1.0,246767500,2024-07-26
000850,华茂股份,1.0,943665009,2024-07-26
603888,新华网,2.11,519029360,2024-07-26
600875,东方电气,4.75,3117499457,2024-07-26
600853,龙建股份,0.35,1014777546,2024-07-25
601515,衢州东峰,0.25,1842964917,2024-07-26
000009,中国宝安,0.45,2579213965,2024-07-26
600377,宁沪高速,4.7,5037747500,2024-07-26
688671,碧兴物联,0.9,78518900,2024-07-26
600869,远东股份,0.7,2219352746,2024-07-26
600082,ST海泰,0.06,646115826,2024-07-25
601992,金隅集团,0.25,10677771134,2024-07-26
600088,中视传媒,0.22,397706400,2024-07-25
000779,甘咨询,0.8,464829452,2024-07-25
600780,通宝能源,1.8,1146502523,2024-07-25
600708,光明地产,0.05,2228636743,2024-07-25
603515,欧普照明,8.5,746426035,2024-07-25
600880,博瑞传播,0.1,1093332092,2024-07-26
000790,华神科技,0.1,623719364,2024-07-26
688033,*ST天宜,0.25,562198596,2024-07-26
603278,大业股份,0.35,341759392,2024-07-25
600685,中船防务,0.11,1413506378,2024-07-26
601318,中国平安,15.0,18210234607,2024-07-26
688472,阿特斯,1.1959,3688217324,2024-07-25
600863,华能蒙电,1.85,6526887811,2024-07-26
601600,中国铝业,0.8,17158381228,2024-07-26
603599,广信股份,6.0,910269345,2024-07-25
600906,财达证券,1.0,3245000000,2024-07-26
600571,信雅达,2.6,466318309,2024-07-29
601390,中国中铁,2.1,24750629817,2024-07-26
000688,国城矿业,0.18,1117698861,2024-07-26
002926,华西证券,0.5,2625000000,2024-07-26
688361,中科飞测,1.4,320000000,2024-07-26
002295,精艺股份,0.5,250616000,2024-07-26
603530,神马电力,2.6,432263327,2024-07-26
603061,金海通,1.7491,60000000,2024-07-26
601200,上海环境,1.0,1121858543,2024-07-26
600178,东安动力,0.026,475283888,2024-07-26
002594,比亚迪,30.977722,2909265855,2024-07-29
600993,马应龙,4.0,431053891,2024-07-26
600848,上海临港,2.0,2522487004,2024-07-29
300664,鹏鹞环保,0.8,759812332,2024-07-30
600486,扬农化工,8.8,406722009,2024-07-26
300831,ST派瑞,0.1203,320000000,2024-07-29
688617,惠泰医疗,20.0,67220020,2024-07-26
000799,酒鬼酒,10.0,324928980,2024-07-31
688772,珠海冠宇,2.7,1127286261,2024-07-29
001965,招商公路,5.31,6820337394,2024-07-30
300583,赛托生物,4.5,189702126,2024-07-30
600422,昆药集团,2.0,757113997,2024-07-31
000756,新华制药,2.5,682407635,2024-07-30
600956,新天绿能,2.14,4205693073,2024-07-29
002104,恒宝股份,1.3,703880154,2024-07-29
300493,润欣科技,0.35,504603447,2024-08-01
000997,新大陆,2.2,1032062937,2024-07-30
601866,中远海发,0.32,13575938612,2024-07-30
600843,上工申贝,0.5,713166480,2024-07-30
600048,保利发展,4.1,11970443418,2024-07-30
601298,青岛港,2.927,6491100000,2024-07-31
688126,沪硅产业,0.4,2747177186,2024-07-31
600320,振华重工,0.5,5268353501,2024-08-01
600060,海信视像,8.053,1305401055,2024-07-31
000917,电广传媒,0.2,1417556338,2024-07-30
600737,中粮糖业,6.3,2138848228,2024-07-30
002797,第一创业,0.32,4202400000,2024-07-31
688122,西部超导,7.0,649664497,2024-07-30
688137,近岸蛋白,5.0,70175439,2024-08-01
603127,昭衍新药,1.6,749477334,2024-07-31
601611,中国核建,0.87,3011535009,2024-08-01
002184,海得控制,1.0,351908370,2024-08-02
600928,西安银行,0.56,4444444445,2024-08-01
601595,上海电影,1.14,448200000,2024-07-31
600223,福瑞达,1.0,1016568775,2024-07-31
600779,水井坊,9.15,488361398,2024-08-01
600748,上实发展,0.21,1844562892,2024-07-31
301262,海看股份,1.92,417000000,2024-08-02
600851,海欣股份,0.65,1207056692,2024-07-31
600650,锦江在线,0.83,551610107,2024-08-02
600675,中华企业,0.28,6096135252,2024-07-31
002174,游族网络,0.5,915910551,2024-08-02
600803,新奥股份,6.6,3097615107,2024-08-01
600776,东方通信,0.61,1256000064,2024-08-05
000927,中国铁物,0.1,6050353641,2024-08-02
000681,视觉中国,0.21,700577436,2024-08-02
603580,艾艾精工,0.82,130673200,2024-08-02
601456,国联民生,1.42,2831773168,2024-08-05
300788,中信出版,3.1,190151515,2024-08-07
002939,长城证券,1.15,4034426956,2024-08-06
600567,山鹰国际,0.11,4470574443,2024-08-05
688236,春立医疗,3.62,383568500,2024-08-05
600196,复星医药,2.7,2672398711,2024-08-06
600745,*ST闻泰,1.25,1242809694,2024-08-05
601375,中原证券,0.14,4642884700,2024-08-06
001289,龙源电力,2.225,8359816164,2024-08-06
301036,双乐股份,3.0,100000000,2024-08-08
002016,世荣兆业,0.26,809095632,2024-08-06
600623,华谊集团,1.3,2131449598,2024-08-06
688425,铁建重工,0.9,5333497000,2024-08-08
000883,湖北能源,0.9,6500915424,2024-08-08
600197,伊力特,3.9,472006791,2024-08-08
600131,国网信通,2.0705,1201759044,2024-08-07
600482,中国动力,1.0641,2198942070,2024-08-08
600635,大众公用,0.35,2952434675,2024-08-08
600846,同济科技,2.0,624761516,2024-08-09
600895,张江高科,1.9,1548689550,2024-08-08
688169,石头科技,46.7067,131579270,2024-08-08
600886,国投电力,4.948,7454179797,2024-08-09
002991,甘源食品,21.8,93215831,2024-08-08
688187,时代电气,7.8,1411540112,2024-08-08
688562,航天软件,0.45,400000000,2024-08-07
603893,瑞芯微,2.0,418300800,2024-08-07
300122,智飞生物,8.0,2393789747,2024-08-08
688046,药康生物,1.6,410000000,2024-08-07
600558,大西洋,0.55,897604831,2024-08-09
600249,两面针,0.3,550000000,2024-08-08
600150,中国船舶,2.0,4472428758,2024-08-09
688728,格科微,0.0603,2600586667,2024-08-08
001236,弘业期货,0.04,1007777778,2024-08-09
601198,东兴证券,1.02,3232445520,2024-08-09
600939,重庆建工,0.1,1901792866,2024-08-09
688363,华熙生物,3.8,481678242,2024-08-08
301370,国科恒泰,1.18,470600000,2024-08-09
600739,辽宁成大,1.0,1529709816,2024-08-09
601319,中国人保,1.56,44223990583,2024-08-09
601336,新华保险,8.5,3119546600,2024-08-09
002743,富煌钢构,0.67,435268478,2024-08-09
000718,苏宁环球,0.2,3034636384,2024-08-09
002761,浙江建投,0.5,1081342111,2024-08-09
000419,通程控股,1.2,543582655,2024-08-09
600004,白云机场,0.747,2366718283,2024-08-09
601718,ST际华,0.3,4391629404,2024-08-09
600764,中国海防,1.31,710629386,2024-08-09
603648,畅联股份,3.5,362412800,2024-08-12
601021,春秋航空,7.0,978548805,2024-08-09
600621,华鑫股份,1.13,1060899292,2024-08-12
600299,安迪苏,0.6,2681901273,2024-08-13
600611,大众交通,0.5,2364122864,2024-08-12
688511,天微电子,3.75,80000000,2024-08-12
002191,劲嘉股份,3.0,1451778834,2024-08-13
600278,东方创业,0.9305,882451235,2024-08-14
688691,灿芯股份,4.28,120000000,2024-08-13
603501,豪威集团,1.4,1214427006,2024-08-13
601766,中国中车,2.0,28698864088,2024-08-14
688259,创耀科技,2.6,80000000,2024-08-13
605318,法狮龙,3.0,129171152,2024-08-13
600905,三峡能源,0.78,28621259200,2024-08-14
601138,工业富联,5.8,19867878504,2024-08-15
601868,中国能建,0.26,41691163636,2024-08-15
601869,长飞光纤,5.14,757905108,2024-08-16
600395,盘江股份,2.8,2146624894,2024-08-14
000921,海信家电,10.13,1386010405,2024-08-15
002703,浙江世宝,0.243122,822632384,2024-08-16
601333,广深铁路,0.7,7083537000,2024-08-16
600662,外服控股,1.3,2283509850,2024-08-15
601999,出版传媒,0.62,550914700,2024-08-16
601688,华泰证券,4.3,9029384840,2024-08-16
600820,隧道股份,2.3,3144096094,2024-08-16
600824,益民集团,0.17,1054027073,2024-08-16
002832,比音勒芬,10.0,570707084,2024-08-16
000039,中集集团,0.22,5392520385,2024-08-16
600345,长江通信,0.8,329612132,2024-08-16
600838,上海九百,0.47,400881981,2024-08-16
600283,钱江水利,2.0,352995758,2024-08-16
600104,上汽集团,3.7044,11575299445,2024-08-16
601696,中银证券,0.34,2778000000,2024-08-19
002244,滨江集团,0.9,3111443890,2024-08-16
600315,上海家化,2.3,676223860,2024-08-16
600690,海尔智家,8.0131,9438114893,2024-08-16
002799,环球印务,0.36,320040000,2024-08-16
002202,金风科技,1.0,4225067647,2024-08-16
600977,中国电影,0.71,1867000000,2024-08-16
600628,新世界,0.3,646875384,2024-08-16
605398,新炬网络,1.2,116616489,2024-08-16
603690,至纯科技,1.934,386248570,2024-08-19
000096,广聚能源,0.55,528000000,2024-08-19
601377,兴业证券,1.0,8635987294,2024-08-21
600386,北巴传媒,0.2,806400000,2024-08-21
000166,申万宏源,0.56,25039944560,2024-08-20
603858,步长制药,1.26,1106042645,2024-08-20
603068,博通集成,0.5,150424966,2024-08-19
601898,中煤能源,4.42,13258663400,2024-08-20
603260,合盛硅业,6.8,1182206941,2024-08-19
601212,白银有色,0.034,7404774511,2024-08-22
301348,蓝箭电子,2.8,200000000,2024-08-21
001914,招商积余,1.7,1060346060,2024-08-21
601020,华钰矿业,0.2784,819964698,2024-08-21
601066,中信建投,2.5,7756694797,2024-08-22
601990,南京证券,0.8,3686361034,2024-08-20
000716,黑芝麻,0.5,753489550,2024-08-22
601059,信达证券,0.46,3243000000,2024-08-21
600456,宝钛股份,3.5,477777539,2024-08-22
605589,圣泉集团,4.0,846508998,2024-08-21
600030,中信证券,4.75,14820546829,2024-08-26
002181,粤传媒,0.54,1161058174,2024-08-22
600072,中船科技,0.33,1506521728,2024-08-22
688576,西山科技,10.0,53001466,2024-08-22
000628,高新发展,1.52,352280000,2024-08-23
000514,渝开发,0.12,843770965,2024-08-26
600641,先导基电,0.5,930629920,2024-08-22
600528,中铁工业,1.013,2221551588,2024-08-23
601163,三角轮胎,6.7,800000000,2024-08-22
000568,泸州老窖,54.00078,1471966503,2024-08-23
601991,大唐发电,0.075,18506710504,2024-08-23
601995,中金公司,1.8,4827256868,2024-08-23
000156,华数传媒,2.2,1852932442,2024-08-26
002471,中超控股,0.31,1369000000,2024-08-23
603098,森特股份,0.5,539699978,2024-08-23
600081,东风科技,0.732,553026170,2024-08-23
603633,徕木股份,0.51,426810818,2024-08-23
600959,江苏有线,0.21,5000717686,2024-08-23
605186,健麾信息,1.0,136000000,2024-08-23
001231,农心科技,0.8,100000000,2024-08-26
600638,新黄浦,0.28,673396786,2024-08-27
300560,中富通,0.13,229743622,2024-08-28
000517,荣安地产,3.2,3183922485,2024-08-27
000534,万泽股份,1.2,510323996,2024-08-27
600288,大恒科技,0.12,436800000,2024-08-27
000651,格力电器,23.8,5631405741,2024-08-28
603535,嘉诚国际,1.0,233250840,2024-08-29
688799,华纳药厂,9.0,93800000,2024-10-25
600157,永泰能源,0.0556,22217764145,2024-11-15
