code,name,div_per_10,total_shares,ex_date
300617,安靠智电,5.0,129343605,2021-03-02
000690,宝新能源,3.0,2175887862,2021-03-04
920304,迪尔化工,1.8,112788000,2021-03-11
300314,戴维医疗,1.5,288000000,2021-03-16
300896,爱美客,35.0,120200000,2021-03-16
300443,金雷股份,6.0,261753484,2021-03-17
002130,沃尔核材,0.3,1258927062,2021-03-19
601218,吉鑫科技,2.0,977360000,2021-03-24
920039,国义招标,3.0,140020000,2021-03-31
300214,日科化学,0.85,425812614,2021-03-31
002846,英联股份,1.49971,198971177,2021-03-30
002402,和而泰,1.0,914016928,2021-03-31
300033,同花顺,12.0,537600000,2021-03-31
002138,顺络电子,2.0,806318354,2021-03-31
000708,中信特钢,7.0,5047143433,2021-04-01
688018,乐鑫科技,5.0,80030500,2021-04-01
920504,博迅生物,5.3,35000000,2021-04-06
300860,锋尚文化,10.0,72074057,2021-04-06
300146,汤臣倍健,7.0,1581020554,2021-04-08
002107,沃华医药,2.6,577209600,2021-04-09
300738,奥飞数据,0.75,212024808,2021-04-08
002054,德美化工,0.7,482115452,2021-04-09
002139,拓邦股份,0.5,1146149409,2021-04-09
002014,永新股份,5.0,514016724,2021-04-14
300697,电工合金,4.0,208000000,2021-04-14
300822,贝仕达克,5.0,106670000,2021-04-14
920523,德瑞锂电,1.0,59924330,2021-04-16
002887,绿茵生态,5.0,312000000,2021-04-13
002258,利尔化学,2.0,524643263,2021-04-13
300821,东岳硅材,1.25,1200000000,2021-04-14
605369,拱东医疗,18.0,80000000,2021-04-15
300363,博腾股份,1.210436,542552533,2021-04-15
002419,天虹股份,2.1,1200300000,2021-04-14
300801,泰和科技,2.5,216000000,2021-04-16
300556,丝路视觉,0.8,117976825,2021-04-16
603738,泰晶科技,0.7,173303798,2021-04-14
300563,神宇股份,1.5,94577259,2021-04-16
300285,国瓷材料,1.0,1003810338,2021-04-16
603516,淳中科技,4.0,133252839,2021-04-16
600681,百川能源,3.3,1442740310,2021-04-15
920230,欧康医药,1.5,57545423,2021-04-16
002245,蔚蓝锂芯,0.3,1035821526,2021-04-16
603976,正川股份,0.36,151200000,2021-04-16
300629,新劲刚,1.0,131526341,2021-04-16
300231,银信科技,2.0,442100220,2021-04-16
300848,美瑞新材,2.0,66670000,2021-04-20
300016,北陆药业,0.6,494494476,2021-04-19
300403,汉宇集团,1.1,603000000,2021-04-20
603536,惠发食品,0.9,171886000,2021-04-21
920394,民士达,3.0,100000000,2021-04-29
000989,九芝堂,4.0,869354236,2021-04-20
600885,宏发股份,3.4,744761552,2021-04-21
688208,道通科技,5.0,450000000,2021-04-19
603385,惠达卫浴,2.43,379762298,2021-04-20
300416,苏试试验,1.5,203376948,2021-04-21
300496,中科创达,2.2,423150107,2021-04-20
600211,西藏药业,5.1,247937843,2021-04-19
603677,奇精机械,1.0,192136910,2021-04-19
920699,海达尔,40.0,10000000,2021-04-21
300677,英科医疗,30.0,352228508,2021-04-20
002352,顺丰控股,3.3,4556440455,2021-04-20
300224,正海磁材,2.0,820216556,2021-04-21
002727,一心堂,3.0,596190525,2021-04-21
603335,迪生力,0.43,428144600,2021-04-21
600765,中航重机,0.495,939680840,2021-04-20
002988,豪美新材,1.3,232770000,2021-04-23
002925,盈趣科技,10.0,459733788,2021-04-21
601318,中国平安,14.0,18280241410,2021-04-22
300138,晨光生物,1.0,563080506,2021-04-22
300761,立华股份,1.5,403880000,2021-04-21
002649,博彦科技,2.18,532206170,2021-04-22
603396,金辰股份,2.4,105779334,2021-04-21
000612,焦作万方,0.5,1192199394,2021-04-21
300119,瑞普生物,4.0,404359363,2021-04-22
002911,佛燃能源,6.0,556000000,2021-04-22
603186,华正新材,2.8,142045312,2021-04-23
002876,三利谱,2.0,124800000,2021-04-23
300902,国安达,4.0,127980000,2021-04-23
300887,谱尼测试,5.0,76000000,2021-04-22
002315,焦点科技,5.0,305500000,2021-04-23
600903,贵州燃气,0.55,1138185027,2021-04-22
688057,金达莱,10.0,276000000,2021-04-23
000062,深圳华强,2.0,1045909322,2021-04-23
300741,华宝股份,16.0,615880000,2021-04-23
300725,药石科技,1.0,153615151,2021-04-26
603938,三孚股份,0.8,150166600,2021-04-23
920260,中寰股份,6.0,42000000,2021-04-26
603659,璞泰来,4.1,496028364,2021-04-26
300558,贝达药业,3.1,413162913,2021-04-26
000791,甘肃能源,1.3,1359576680,2021-04-27
688389,普门科技,1.78,422200000,2021-04-26
920765,美之高,3.25,55700000,2021-04-30
002522,浙江众成,0.8,905779387,2021-04-26
002709,天赐材料,2.0,546129449,2021-04-27
002825,纳尔股份,4.0,171221847,2021-04-27
600577,精达股份,0.2,1921453960,2021-04-26
603881,数据港,0.6,234947998,2021-04-26
300824,北鼎股份,2.5,217400000,2021-04-27
300690,双一科技,10.0,110878505,2021-04-26
300845,捷安高科,6.0,92356000,2021-04-27
600309,万华化学,13.0,3139746626,2021-04-26
600523,贵航股份,2.0,404311320,2021-04-28
300206,理邦仪器,4.330288,581721846,2021-04-28
300837,浙矿股份,3.0,100000000,2021-04-27
300727,润禾材料,1.25,126880000,2021-04-28
920407,驰诚股份,2.0,54180000,2021-04-29
300179,四方达,1.5,494328999,2021-04-28
002706,良信股份,3.0,784736895,2021-04-27
688106,金宏气体,2.5,484333400,2021-04-27
000910,大亚圣象,1.6,547397500,2021-04-28
002079,苏州固锝,0.4,768864673,2021-04-27
300790,宇瞳光学,3.0,210119144,2021-04-27
688037,芯源微,2.0,84000000,2021-04-28
300765,石药创新,1.0,420000000,2021-04-28
601882,海天精工,2.38,522000000,2021-04-27
920961,创远信科,1.0,84550276,2021-04-30
688676,金盘科技,2.0,425700000,2021-04-29
002653,海思科,3.72,1074479620,2021-04-28
920768,拾比佰,0.2,70970000,2021-04-29
603010,万盛股份,4.0,346623324,2021-04-27
300877,金春股份,7.0,120000000,2021-04-29
002850,科达利,2.0,232920451,2021-04-29
300623,捷捷微电,1.6,490998199,2021-04-29
300453,三鑫医疗,2.0,262685000,2021-04-29
300371,汇中股份,2.3,167757520,2021-04-29
603595,ST东尼,0.2247,212925243,2021-04-28
002225,濮耐股份,0.6,1010320936,2021-04-30
300481,濮阳惠成,2.0,257059500,2021-04-30
300816,艾可蓝,3.16,80000000,2021-04-28
002117,东港股份,4.0,545666421,2021-04-29
002993,奥海科技,3.0,180800000,2021-04-29
300286,安科瑞,2.0,214939625,2021-04-30
603327,福蓉科技,3.6,401000000,2021-04-28
002233,塔牌集团,4.3,1192275016,2021-04-28
300501,海顺新材,0.5,156529800,2021-04-29
002469,三维化学,1.5,648862630,2021-04-30
002404,嘉欣丝绸,2.0,577673641,2021-04-29
920694,中裕科技,5.0,76378500,2021-04-29
300852,四会富仕,4.0,56628200,2021-04-30
300682,朗新科技,1.2,1021130306,2021-04-29
601015,陕西黑猫,0.5,1629789473,2021-04-29
300999,金龙鱼,1.11,5421591536,2021-04-30
920357,雅葆轩,4.0,45000000,2021-04-30
002553,南方精工,1.0,348000000,2021-04-30
600828,茂业商业,1.0,1731982546,2021-04-30
688386,泛亚微透,5.0,70000000,2021-04-29
300019,硅宝科技,2.0,391160200,2021-04-29
000830,鲁西化工,5.0,1904319011,2021-04-30
603267,鸿远电子,3.7,231476000,2021-04-29
300726,宏达电子,1.6,400100000,2021-05-06
002937,兴瑞科技,1.8,297526500,2021-04-30
300715,凯伦股份,6.0,170752000,2021-04-30
002320,海峡股份,1.4,1485955458,2021-04-29
300488,恒锋工具,1.5,165679281,2021-04-30
688186,广大特材,5.0,164800000,2021-04-30
002961,瑞达期货,2.7,445006363,2021-04-30
002614,奥佳华,3.0,625252942,2021-04-30
000739,普洛药业,2.43,1178523492,2021-04-29
603212,赛伍技术,0.5,400010000,2021-04-29
688360,德马科技,3.5,85676599,2021-04-29
300782,卓胜微,10.0,185311544,2021-04-30
300211,*ST亿通,0.06,302675973,2021-04-30
300723,一品红,2.5,160848300,2021-04-29
002004,华邦健康,2.2,1979919191,2021-04-30
300823,建科智能,4.28,93559091,2021-04-30
000878,云南铜业,1.0,1699678560,2021-04-30
002812,恩捷股份,1.696948,888160636,2021-04-30
601126,四方股份,9.8,813172000,2021-04-29
920370,新安洁,0.68,306280000,2021-04-30
002135,东南网架,0.27,1034402200,2021-04-29
920870,恒进感应,4.6,50000000,
002546,新联电子,1.2,834049096,2021-04-29
000099,中信海直,0.75,606070420,2021-04-30
300866,安克创新,8.0,406427207,2021-04-29
000011,深物业A,4.1,595979092,2021-04-30
000034,神州数码,1.891577,659598277,2021-04-30
002688,金河生物,1.0,635289655,2021-04-30
300787,海能实业,3.5,127320000,2021-05-06
002726,ST龙大,1.819845,1000019378,2021-04-30
688188,柏楚电子,12.9,100000000,2021-04-30
603429,*ST集友,1.0,380238957,2021-04-30
600477,杭萧钢构,1.05,2153737411,2021-04-30
600983,惠而浦,0.5,766439000,
002968,新大正,5.5,107464000,2021-04-30
300542,新晨科技,0.9,300083479,2021-04-30
002616,长青集团,2.0,741895452,2021-04-30
600872,中炬高新,6.8,796637194,2021-04-30
300850,新强联,4.1,106000000,2021-05-07
300732,设研院,2.5,229615180,2021-04-30
000975,山金国际,2.5,2776722265,2021-04-30
002206,海利得,2.0,1223028645,2021-04-30
002798,帝欧水华,2.0,388905564,2021-04-30
000928,中钢国际,1.44,1256662942,2021-04-30
300509,新美星,1.2,296400000,2021-05-06
003000,劲仔食品,2.0,400010000,2021-05-06
002367,康力电梯,3.0,797652687,2021-05-07
688388,嘉元科技,2.5,230876000,2021-05-06
000958,电投产融,0.6,5383418520,
003022,联泓新科,2.0,1027360000,2021-05-07
300655,晶瑞电材,2.000373,188700668,2021-05-07
603500,祥和实业,2.0,176400000,2021-05-06
603899,晨光股份,5.0,927427600,2021-05-07
002945,华林证券,0.91,2700000000,2021-05-10
002818,富森美,6.0,751739260,2021-05-07
605009,豪悦护理,10.0,106670000,2021-05-10
920799,艾融软件,4.5,74495500,2021-05-10
603657,春光科技,5.0,134400000,2021-05-11
920682,球冠电缆,3.0,160000000,2021-05-17
000932,华菱钢铁,2.1,6129077211,2021-05-10
603906,龙蟠科技,1.77,344350966,2021-05-10
603042,华脉科技,0.53,136000000,2021-05-10
920275,驱动力,1.5,114484000,2021-05-12
002484,江海股份,1.2,823779799,2021-05-10
300871,回盛生物,4.1,110507018,2021-05-10
603530,神马电力,1.3,400044490,2021-05-07
600909,华安证券,1.2,3621047894,2021-05-10
600522,中天科技,1.0,3066154355,2021-05-10
688289,圣湘生物,3.75,400000000,2021-05-07
600980,北矿科技,0.35,154142830,2021-05-07
002410,广联达,2.5,1187012398,2021-05-10
601236,红塔证券,1.55,3633405396,2021-05-11
300485,赛升药业,0.65,481666400,2021-05-10
002454,松芝股份,0.8,628581600,2021-05-12
603477,巨星农牧,0.82,467911629,2021-05-10
002921,联诚精密,3.999997,81600450,2021-05-11
002918,蒙娜丽莎,4.7,409472300,2021-05-11
300886,华业香料,2.0,57350000,2021-05-12
300130,新国都,2.5,489197278,2021-05-11
920640,富士达,3.0,93864000,2021-05-12
000048,京基智农,15.0,402491731,2021-05-10
300692,中赋科技,0.8,223026547,2021-05-12
002982,湘佳股份,2.0,101880000,2021-05-12
300838,浙江力诺,1.5,136340000,2021-05-12
688166,博瑞医药,0.84,410000000,2021-05-11
688350,富淼科技,4.1,122150000,2021-05-11
003018,金富科技,3.8,260000000,2021-05-11
920885,星辰科技,2.5,63964200,2021-05-12
002886,沃特股份,1.0,133278547,2021-05-13
688551,科威尔,2.0,80000000,2021-05-12
000902,新洋丰,2.0,1304529290,2021-05-11
600433,冠豪高新,0.45,1271315443,2021-05-11
002947,恒铭达,3.0,126649510,2021-05-13
002236,大华股份,2.68,2995579590,2021-05-12
002381,双箭股份,5.0,411572264,2021-05-12
300584,海辰药业,1.25,120000000,2021-05-13
688677,海泰新光,4.0,86980000,2021-05-13
600901,江苏金租,3.0,2986649968,2021-05-11
002050,三花智控,2.5,3591601468,2021-05-12
920729,永顺生物,10.0,78100000,2021-05-13
603866,桃李面包,10.0,680152702,2021-05-11
000949,新乡化纤,0.1,1257656049,2021-05-12
000049,德赛电池,10.0,207197738,2021-05-11
003027,同兴科技,5.0,86670000,2021-05-13
603166,福达股份,2.0,592018710,2021-05-11
300532,今天国际,0.99998,273232424,2021-05-12
603228,景旺电子,3.0,853230044,2021-05-12
002782,可立克,1.5,476941227,2021-05-12
300529,健帆生物,6.6,804568968,2021-05-12
300748,金力永磁,2.0,431704647,2021-05-13
600143,金发科技,6.0,2573622343,2021-05-12
920509,同惠电子,2.0,106203114,2021-05-17
002008,大族激光,2.0,1067072124,2021-05-13
920547,无锡晶海,33.0,12000000,2021-05-14
603067,振华股份,0.92,499036166,2021-05-12
920599,同力股份,2.0,452525000,2021-05-13
603078,江化微,1.2,150747878,2021-05-12
603179,新泉股份,3.0,369473970,2021-05-12
002273,水晶光电,2.0,1217688332,2021-05-14
605111,新洁能,4.15,101200000,2021-05-12
300905,宝丽迪,10.0,72000000,2021-05-17
000001,平安银行,1.8,19405918198,2021-05-14
300946,恒而达,4.2,66670000,2021-05-13
603159,上海亚虹,1.0,140000000,2021-05-14
920992,中科美菱,0.6,72548200,2021-05-17
002019,亿帆医药,0.5,1234677077,2021-05-17
002108,沧州明珠,1.0,1417924199,2021-05-14
300951,博硕科技,12.5,80000000,2021-05-14
601677,明泰铝业,2.0,682215645,2021-05-14
300722,新余国科,2.2,145600000,2021-05-14
920396,常辅股份,2.5,40972224,2021-05-18
002697,红旗连锁,0.84,1360000000,2021-05-14
002977,*ST天箭,3.0,71500000,2021-05-14
600063,皖维高新,1.0,1925894692,2021-05-14
002567,唐人神,1.3,1206017542,2021-05-14
601700,风范股份,1.0,1133232000,2021-05-14
600724,宁波富达,2.2,1445241071,2021-05-13
300009,安科生物,2.0,1365387965,2021-05-14
605050,福然德,2.2,435000000,2021-05-14
600282,南钢股份,2.5,6154677711,2021-05-13
300194,福安药业,0.5,1189712382,2021-05-14
002807,江阴银行,1.8,2172005463,2021-05-13
300360,炬华科技,1.5,504387126,2021-05-14
002561,徐家汇,1.2,415763000,2021-05-13
603982,泉峰汽车,0.75,201415700,2021-05-13
688078,龙软科技,2.18,70750000,2021-05-14
300421,力星股份,1.0,247695404,2021-05-17
002092,中泰化学,0.1,2146449598,2021-05-14
300476,胜宏科技,1.9,777561455,2021-05-14
002985,北摩高科,3.0,150160000,2021-05-14
603722,阿科力,4.0,87937500,2021-05-14
600269,赣粤高速,2.0,2335407014,2021-05-14
688021,奥福科技,3.2,77283584,2021-05-14
002878,元隆雅图,3.6,221414107,2021-05-14
603889,新澳股份,2.0,511746388,2021-05-14
300504,天邑股份,2.0,267408000,2021-05-14
603919,金徽酒,2.4,507259997,2021-05-14
688699,明微电子,6.0,74368000,2021-05-14
002695,煌上煌,1.3,512785928,2021-05-14
002669,康达新材,2.0,252492921,2021-05-17
000838,*ST发展,0.21,1100462170,2021-05-14
002775,文科股份,5.0,512767053,2021-05-17
300538,同益股份,0.8,151598811,2021-05-14
002922,伊戈尔,2.0,174306150,2021-05-14
300751,迈为股份,15.0,57278725,2021-05-18
920184,国源科技,2.0,133790000,2021-05-18
300511,雪榕生物,1.2,442051024,2021-05-14
002593,日上集团,0.5,701110000,2021-05-18
920826,盖世食品,1.0,88554084,2021-05-17
300876,蒙泰高新,2.0,96000000,2021-05-17
003001,中岩大地,3.555725,98385312,2021-05-14
002658,雪迪龙,1.2,629983835,2021-05-17
920670,数字人,2.5,66364000,2021-05-18
300775,三角防务,0.83,495500000,2021-05-17
603336,宏辉果蔬,0.6505,337441575,2021-05-17
300037,新宙邦,4.0,410792913,2021-05-18
603214,爱婴室,3.0,142638216,2021-05-17
300928,华安鑫创,3.0,80000000,2021-05-19
603288,海天味业,10.3,3240443208,2021-05-17
920857,泓禧科技,2.0,58007152,2021-05-19
300047,天源迪科,0.25,637744672,2021-05-19
300869,康泰医学,2.5,401796800,2021-05-18
600605,汇通能源,1.02,147344592,2021-05-17
603916,苏博特,3.6,350257332,2021-05-18
000100,TCL科技,1.2,14030788362,2021-05-19
603392,万泰生物,2.5,433600000,2021-05-18
601000,唐山港,2.0,5925928614,2021-05-18
002903,宇环数控,1.0,152400000,2021-05-17
002075,沙钢股份,1.0,2206771772,2021-05-18
300508,维宏股份,0.34,90912000,2021-05-18
300036,超图软件,0.52,452435240,2021-05-18
300257,开山股份,0.3,993635018,2021-05-19
002965,祥鑫科技,3.23,150700000,2021-05-18
300259,新天科技,0.9,1175657958,2021-05-19
300659,中孚信息,2.5,226689141,2021-05-19
300773,拉卡拉,10.0,800020000,2021-05-17
600588,用友网络,2.0,3270531450,2021-05-17
603165,荣晟环保,7.0,256195965,2021-05-17
002979,雷赛智能,5.0,208000000,2021-05-18
003021,兆威机电,9.955509,107146700,2021-05-17
002398,垒知集团,0.8,720490406,2021-05-18
300092,科新机电,0.5,231599000,2021-05-18
300322,硕贝德,0.2,465746427,2021-05-18
002677,浙江美大,6.0,646051647,2021-05-18
300582,英飞特,1.19,197725450,2021-05-17
688513,苑东生物,3.0,120090000,2021-05-17
300468,四方精创,1.000028,283291058,2021-05-17
601008,连云港,0.2,1093826212,2021-05-18
300057,万顺新材,0.4,674565338,2021-05-17
002566,益盛药业,0.3,330951600,2021-05-18
300870,欧陆通,3.3,101200000,2021-05-18
300806,斯迪克,2.0,118754379,2021-05-20
002637,赞宇科技,1.5,470401000,2021-05-19
002223,鱼跃医疗,3.0,1002476929,2021-05-19
002439,启明星辰,0.51,933583742,2021-05-18
603298,杭叉集团,4.0,866395852,2021-05-20
002434,万里扬,4.5,1340000000,2021-05-19
688357,建龙微纳,7.0,57820000,2021-05-18
002001,新和成,7.0,2148662300,2021-05-19
300705,九典制药,0.43,234680000,2021-05-19
300922,天秦装备,3.5,112008000,2021-05-19
920445,龙竹科技,1.5,115065800,2021-05-20
002030,达安基因,5.5,877153770,2021-05-19
603967,中创物流,3.75,266666700,2021-05-19
003003,天元股份,1.5,176720000,2021-05-19
300910,瑞丰新材,8.0,150000000,2021-05-20
300636,同和药业,0.85,128637526,2021-05-18
002125,湘潭电化,0.2,629481713,2021-05-18
002416,爱施德,4.0,1239281806,2021-05-20
300820,英杰电气,4.0,95010000,2021-05-18
002479,富春环保,1.5,865000000,2021-05-19
300196,长海股份,1.0,408700379,2021-05-18
920261,一诺威,12.25,65300000,2021-05-21
002516,旷达科技,0.5,1470838682,2021-05-20
002126,银轮股份,0.8,792095104,2021-05-18
003007,直真科技,4.0,80000000,2021-05-18
300541,先进数通,0.9,235804033,2021-05-19
300452,山河药辅,2.5,180467070,2021-05-20
920839,万通液压,3.5,79100000,2021-05-20
002687,乔治白,2.0,350000000,2021-05-19
002237,恒邦股份,0.75,1148014400,2021-05-19
300873,海晨股份,1.5,133333334,2021-05-18
002539,云图控股,2.0,1010100000,2021-05-19
002777,久远银海,1.5,314023876,2021-05-20
300142,沃森生物,0.5,1566186984,2021-05-19
300926,博俊科技,0.5,142133400,2021-05-19
002136,安纳达,1.0,215020000,2021-05-19
920964,润农节水,0.2,261208000,2021-05-20
003009,中天火箭,0.68,155392313,2021-05-19
600989,宝丰能源,2.6472,7333360000,2021-05-20
000661,长春高新,8.0,404720290,2021-05-19
600502,安徽建工,2.0,1721160272,2021-05-18
002896,中大力德,4.0,80000000,2021-05-19
002033,丽江股份,2.0,549490711,2021-05-18
002891,中宠股份,0.7,196075132,2021-05-18
300218,安利股份,1.1,216987000,2021-05-20
003020,立方制药,5.0,92640000,2021-05-21
688015,交控科技,4.5,160000000,2021-05-20
603183,建研院,0.88,298280075,2021-05-19
002690,美亚光电,8.0,676000000,2021-05-20
300653,正海生物,2.5,120000000,2021-05-20
603115,海星股份,7.5,208000000,2021-05-20
000750,国海证券,1.2,5444525514,2021-05-20
002550,千红制药,1.2,1279800000,2021-05-21
300127,银河磁体,3.5,323146360,2021-05-19
000517,荣安地产,0.35,3183922485,2021-05-19
603877,太平鸟,8.0,476727790,2021-05-19
603290,斯达半导,3.39,160000000,2021-05-20
002772,众兴菌业,1.0,367719466,2021-05-20
002515,金字火腿,0.3,978313280,2021-05-21
920132,泰鹏智能,3.2,21600000,2021-05-21
920533,骏创科技,2.0,46600000,2021-05-20
603856,东宏股份,3.7066,258034600,2021-05-20
300855,图南股份,2.0,200000000,2021-05-20
920021,流金科技,1.0,210000000,2021-05-21
600116,三峡水利,1.0,1912142904,2021-05-19
300786,国林科技,1.9,85440000,2021-05-19
002996,顺博合金,1.0,439000000,2021-05-20
002667,*ST威领,0.03,231132000,2021-05-19
002890,弘宇股份,1.4,66670000,2021-05-20
920185,贝特瑞,3.0,485386150,2021-05-21
002216,三全食品,6.0,799258226,2021-05-19
688139,海尔生物,3.8,317071758,2021-05-20
605169,洪通燃气,6.0,160000000,2021-05-19
603801,志邦家居,8.0,223333360,2021-05-19
600173,卧龙新能,1.5,700989244,2021-05-19
920427,华维设计,5.0,82476000,2021-05-21
605299,舒华体育,3.0,411499000,2021-05-20
300596,利安隆,2.15,205010420,2021-05-21
920578,巨能股份,2.0,18260000,2021-05-21
603682,锦和商管,2.2,472500000,2021-05-21
688059,华锐精密,10.0,44008000,2021-05-19
688669,聚石化学,2.0,93333334,2021-05-19
603602,纵横通信,0.3,203848023,2021-05-19
300007,汉威科技,0.6,293022806,2021-05-21
000895,双汇发展,16.8,3464661213,2021-05-21
605077,华康股份,10.0,116560000,2021-05-19
002580,圣阳股份,0.25,453868993,2021-05-20
002768,国恩股份,3.1,271250000,2021-05-21
002254,泰和新材,7.0,684394502,2021-05-21
300703,创源股份,1.5,183821580,2021-05-20
300624,万兴科技,2.0,129947040,2021-05-21
605128,上海沿浦,6.25,80000000,2021-05-20
300386,飞天诚信,0.2,418044000,2021-05-24
300458,全志科技,4.0,331000757,2021-05-21
920123,芭薇股份,2.0,61200000,2021-05-24
603305,旭升集团,3.3,447038482,2021-05-20
002815,崇达技术,2.5,882549041,2021-05-20
300888,稳健医疗,18.0,426492308,2021-05-20
002563,森马服饰,2.5,2697592780,2021-05-21
920344,三元基因,2.18,121810000,2021-05-24
000600,建投能源,1.7,1791626376,2021-05-21
603050,科林电气,2.1,162210100,2021-05-20
600643,爱建集团,2.6,1621922452,2021-05-20
002920,德赛西威,3.0,550000000,2021-05-21
300456,赛微电子,0.35,639121537,2021-05-24
688356,键凯科技,4.29,60000000,2021-05-24
600965,*ST福成,1.0,818700955,2021-05-21
002056,横店东磁,2.18,1643600000,2021-05-21
300575,中旗股份,4.0,138010500,2021-05-21
688006,杭可科技,2.8,401000000,2021-05-20
300066,三川智慧,0.4,1040033262,2021-05-21
002521,齐峰新材,1.0,494685819,2021-05-20
601188,龙江交通,0.46,1315878571,2021-05-20
300595,欧普康视,2.05,607622856,2021-05-21
600597,光明乳业,1.6,1224487509,2021-05-21
603613,国联股份,1.32,237172608,2021-05-20
920950,迅安科技,11.0,35000000,2021-05-24
300739,明阳电路,3.0,279220000,2021-05-24
000728,国元证券,1.0,4363777891,2021-05-20
920089,禾昌聚合,1.1,84620000,2021-05-27
605258,协和电子,5.0,88000000,2021-05-20
300321,同大股份,2.0,88800000,2021-05-21
600794,保税科技,0.15,1212152157,2021-05-21
300012,华测检测,0.35,1671169214,2021-05-21
002868,绿康生化,1.4,155415837,2021-05-21
002346,柘中股份,2.0,441575416,2021-05-21
002124,天邦食品,6.0,1313709019,2021-05-20
002241,歌尔股份,1.5,3416321036,2021-05-20
002597,金禾实业,4.5,560906569,2021-05-21
300573,兴齐眼药,2.5,82365400,2021-05-21
688569,铁科轨道,1.2,210666700,2021-05-21
002534,西子洁能,4.0,739201050,2021-05-20
605008,长鸿高科,2.5,458843153,2021-05-20
605399,晨光新材,2.1,184000000,2021-05-20
600663,陆家嘴,4.98,4034197440,2021-05-20
300832,新产业,10.0,412350000,2021-05-21
002394,联发股份,3.0,332763600,2021-05-24
603087,甘李药业,4.0,561540000,2021-05-21
300627,华测导航,2.5,345813838,2021-05-21
603867,新化股份,4.5,140900000,2021-05-21
603138,海量数据,0.2,257550000,2021-05-21
603986,兆易创新,5.6,474396481,2021-05-21
300937,药易购,2.0,95666682,2021-05-21
002975,博杰股份,7.330186,139688000,2021-05-24
300947,德必集团,10.0,53895999,2021-05-21
605266,健之佳,23.0,53000000,2021-05-21
603880,南卫股份,1.5,225180000,2021-05-21
605168,三人行,30.0,69677800,2021-05-21
601956,东贝集团,1.0,511320000,2021-05-24
688060,云涌科技,3.71,60000000,2021-05-21
688819,天能股份,6.0,972100000,2021-05-21
002572,索菲亚,6.0,912370038,2021-05-24
600426,华鲁恒升,3.0,1626659750,2021-05-21
603180,金牌家居,9.0,103260031,2021-05-21
603058,永吉股份,1.2,419074400,2021-05-21
603565,中谷物流,9.0,666666667,2021-05-21
300190,维尔利,0.999997,781586540,2021-05-21
688312,燕麦科技,3.0,143478696,2021-05-21
688580,伟思医疗,10.51,68346667,2021-05-24
600985,淮北矿业,6.5,2286466487,2021-05-21
002465,海格通信,1.32,2304448671,2021-05-24
003008,开普检测,6.0,80000000,2021-05-24
920278,鹿得医疗,2.5,110000000,2021-05-24
603019,中科曙光,1.4,1450728974,2021-05-21
300342,天银机电,1.5,431778272,2021-05-25
600066,宇通客车,5.0,2262931223,2021-05-21
600438,通威股份,2.41,4501548184,2021-05-21
688586,江航装备,1.5,403744467,2021-05-24
600176,中国巨石,2.24,3502306849,2021-05-21
688183,生益电子,3.3,831821175,2021-05-25
603517,ST绝味,5.0,608630695,2021-05-21
600273,嘉化能源,2.0,1432730543,2021-05-21
920976,视声智能,5.0,33781000,2021-05-25
920061,西磁科技,0.6,51550000,2021-05-25
300296,利亚德,0.2,2542901478,2021-05-24
688686,奥普特,10.0,82475670,2021-05-21
600742,富维股份,3.0,669120968,2021-05-21
688377,迪威尔,1.6,194667000,2021-05-24
300638,广和通,3.0,241904234,2021-05-25
603660,苏州科达,0.4,499281004,2021-05-21
300965,恒宇信通,3.0,60000000,2021-05-24
002583,海能达,0.11,1839573991,2021-05-24
603105,芯能科技,0.5,500000000,2021-05-24
603008,ST喜临门,2.5,387417787,2021-05-25
603320,迪贝电气,1.0,130007315,2021-05-24
920491,奥迪威,0.69,109855000,2021-05-27
002481,双塔食品,1.0,1243390000,2021-05-25
002661,克明食品,3.0,337010083,2021-05-26
300580,贝斯特,2.5,200000743,2021-05-24
300354,东华测试,1.1,138320201,2021-05-24
300277,汽轮科技,0.4,335000000,2021-05-25
300490,华自科技,0.2,256171546,2021-05-24
300768,迪普科技,1.25,400010000,2021-05-26
605099,共创草坪,5.0,402252000,2021-05-25
002049,紫光国微,1.35,606817968,2021-05-24
920651,天罡股份,7.5,50350000,2021-05-26
300551,古鳌科技,0.2,202752000,2021-05-25
603326,我乐家居,3.0,322204550,2021-05-24
300826,测绘股份,7.5,80000000,2021-05-25
603039,泛微网络,1.5,217181494,2021-05-24
603815,交建股份,0.6,499000000,2021-05-24
300401,花园生物,1.03,551007557,2021-05-26
300014,亿纬锂能,0.250053,1888460679,2021-05-25
605268,王力安防,2.5,436000000,2021-05-25
300936,中英科技,5.0,75200000,2021-05-26
603806,福斯特,4.5,769552372,2021-05-24
002973,侨银股份,1.0,408660000,2021-05-24
688571,杭华股份,1.1,320000000,2021-05-24
688661,和林微纳,0.8,80000000,2021-05-25
600731,湖南海利,0.4,355222698,2021-05-25
603386,骏亚科技,2.2,224342608,2021-05-24
002032,苏泊尔,12.9,816872661,2021-05-25
603297,永新光学,5.3,110495000,2021-05-25
600488,津药药业,0.1,1100786680,2021-05-25
603823,百合花,2.5,317725200,2021-05-25
688696,极米科技,16.0,50000000,2021-05-26
603992,松霖科技,2.03,401009858,2021-05-25
002631,德尔未来,0.3,665581420,2021-05-24
300559,佳发教育,2.0,399514567,2021-05-25
300229,拓尔思,0.5,717016830,2021-05-26
603006,联明股份,3.2,191078186,2021-05-25
601996,丰林集团,1.0,1145622800,2021-05-24
603585,苏利股份,3.0,180000000,2021-05-25
920167,同享科技,1.0,57400000,2021-05-26
920271,邦德股份,3.0,98680000,2021-05-25
300412,迦南科技,1.6,257224900,2021-05-26
002003,伟星股份,4.0,775850428,2021-05-26
000045,深纺织A,0.3,506521849,2021-05-24
002302,西部建设,0.9,1262354304,2021-05-25
688050,爱博医疗,2.8,105139272,2021-05-26
300675,建科院,0.9,146666700,2021-05-25
003015,日久光电,1.5,281066667,2021-05-26
300899,上海凯鑫,3.0,63783466,2021-05-25
603317,天味食品,2.5,630444441,2021-05-24
600310,广西能源,0.75,1036425602,2021-05-24
603066,音飞储存,0.65,300702900,2021-05-24
002489,浙江永强,1.5,2175736503,2021-05-26
603038,华立股份,1.1,184131867,2021-05-25
002838,道恩股份,2.0,407990520,2021-05-26
300735,光弘科技,2.0,774621120,2021-05-25
002452,长高电气,0.7,534342000,2021-05-25
603897,长城科技,1.0,178404408,2021-05-26
300383,光环新网,0.25,1543139921,2021-05-25
688658,悦康药业,4.5,450000000,2021-05-26
000951,中国重汽,6.8,839192400,2021-05-27
300543,朗科智能,2.5,206279700,2021-05-26
600095,湘财股份,0.7457,2681990294,2021-05-26
002190,成飞集成,1.0,358729343,2021-05-26
600232,金鹰股份,2.0,364718544,2021-05-25
603351,威尔药业,3.0,130666732,2021-05-25
688278,特宝生物,0.5,406800000,2021-05-26
002865,钧达股份,0.5,132470209,2021-05-26
300939,秋田微,5.0,80000000,2021-05-26
603739,蔚蓝生物,2.0,180060600,2021-05-25
000544,中原环保,2.5,974684488,2021-05-25
920564,天润科技,0.6,55083763,2021-05-26
603339,四方科技,1.05,309441175,2021-05-27
003002,壶化股份,4.0,200000000,2021-05-26
003028,振邦智能,3.0,109600000,2021-05-27
002861,瀛通通讯,0.75,121805518,2021-05-25
300427,红相股份,1.299999,360223180,2021-05-26
920363,莱赛激光,2.0,57500000,2021-05-27
002360,ST同德,1.0,398337418,2021-05-25
002962,五方光电,2.0,244699000,2021-05-26
920475,三友科技,2.0,57200000,2021-05-27
600720,中交设计,6.8,776290282,2021-05-27
300294,博雅生物,0.65,433324863,2021-05-26
600284,浦东建设,1.6,970256000,2021-05-26
300778,新城市,4.0,100000000,2021-05-26
300884,狄耐克,2.0,120000000,2021-05-26
000565,渝三峡A,0.25,433592220,2021-05-25
300891,惠云钛业,0.75,400000000,2021-05-27
000877,天山股份,4.8,1048722959,2021-05-26
002533,金杯电工,2.5,734135917,2021-05-26
300320,海达股份,0.38,601234191,2021-05-25
002166,莱茵生物,0.5,565214740,2021-05-25
601886,江河集团,4.0,1154050000,2021-05-25
300448,浩云科技,0.18,692495699,2021-05-26
002991,甘源食品,7.5,93215831,2021-05-26
688310,迈得医疗,5.0,83600000,2021-05-25
002949,华阳国际,4.0,196034481,2021-05-25
601128,常熟银行,2.0,2740855925,2021-05-26
300622,博士眼镜,3.5,170931597,2021-05-25
300305,裕兴股份,1.63,288753000,2021-05-26
601568,北元化工,2.5,3611111112,2021-05-26
920527,夜光明,4.0,46550000,2021-05-26
002800,天顺股份,0.79,74680000,2021-05-26
920378,泰德股份,1.0,118206000,2021-05-26
300813,泰林生物,2.0,51970000,2021-05-26
920943,优机股份,1.5,65140000,2021-05-27
300390,天华新能,1.0,582880538,2021-05-27
000977,浪潮信息,1.1,1453721310,2021-05-26
002226,江南化工,0.55,1248981690,2021-05-25
300608,思特奇,0.8,157653651,2021-05-26
688318,财富趋势,10.0,66670000,2021-05-27
002970,锐明技术,5.0,173100000,2021-05-25
603663,三祥新材,1.0,192523112,2021-05-25
300482,万孚生物,5.0,342585162,2021-05-26
603161,科华控股,1.26,133400000,2021-05-25
600975,新五丰,0.5,652675584,2021-05-26
300284,苏交科,1.18,971405980,2021-05-26
002253,川大智胜,1.2,225626095,2021-05-26
300864,南大环境,10.0,48000000,2021-05-27
600598,北大荒,4.0,1777679909,2021-05-27
600604,市北高新,0.12,1873304804,2021-05-25
002884,凌霄泵业,13.0,253998388,2021-05-26
300829,金丹科技,2.0,112909092,2021-05-27
300920,润阳科技,4.0,100000000,2021-05-25
688668,鼎通科技,5.0,85140000,2021-05-26
603685,晨丰科技,2.0,169000000,2021-05-26
300639,凯普生物,2.514125,235381848,2021-05-28
000952,广济药业,0.6,346995039,2021-05-28
600327,大东方,2.5,884779518,2021-05-27
300346,南大光电,0.4,406890845,2021-05-27
002234,民和股份,3.0,348960212,2021-05-27
688368,晶丰明源,10.0,62030080,2021-05-26
300956,英力股份,3.0,132000000,2021-05-27
300513,恒实科技,0.7,313691155,2021-05-28
603260,合盛硅业,2.9,938000000,2021-05-26
300567,精测电子,3.0,278129715,2021-05-28
300251,光线传媒,0.1,2933608432,2021-05-28
300643,万通智控,0.9,200000000,2021-05-27
300669,沪宁股份,1.8,111051892,2021-05-28
003013,地铁设计,6.6,400010000,2021-05-26
002140,东华科技,1.0,545311440,2021-05-26
600021,上海电力,1.1,2617164197,2021-05-28
920058,华洋赛车,5.0,32000000,2021-05-28
601016,节能风电,0.44,5013052000,2021-05-26
000411,英特集团,0.65,248939935,2021-05-27
603713,密尔克卫,2.6,164484436,2021-05-26
300158,振东制药,0.7,1027494660,2021-05-26
300749,顶固集创,1.0,205169400,2021-05-28
002091,江苏国泰,2.5,1563536598,2021-05-27
300358,楚天科技,0.5,566234642,2021-05-27
688196,卓越新能,8.2,120000000,2021-05-27
603357,设计总院,2.5,454542698,2021-05-26
300059,东方财富,0.6,8613136491,2021-05-27
603606,东方电缆,2.3,654108229,2021-05-27
000722,湖南发展,1.0,464158282,2021-05-27
002145,钛能化学,0.4,2053673321,2021-05-27
600452,涪陵电力,2.2,439040000,2021-05-27
002624,完美世界,1.6,1939968104,2021-05-26
002837,英维克,1.8,322236160,2021-05-27
300213,佳讯飞鸿,0.5,596193648,2021-05-27
000922,佳电股份,1.6,599212053,2021-05-27
002990,盛视科技,5.0,126240000,2021-05-27
002062,宏润建设,1.2,1102500000,2021-05-27
300170,汉得信息,0.3,884016939,2021-05-27
300861,美畅股份,5.0,400010000,2021-05-26
002318,久立特材,3.8,977170720,2021-05-27
300304,云意电气,0.35,866036018,2021-05-28
002455,百川股份,1.0,521264295,2021-05-27
002088,鲁阳节能,8.5,361684133,2021-05-26
920242,建邦科技,2.5,41692000,2021-05-28
688215,瑞晟智能,1.5,40040000,2021-05-27
688198,佰仁医疗,2.0,96000000,2021-05-27
605136,丽人丽妆,1.8,401630000,2021-05-26
300898,熊猫乳品,1.5,124000000,2021-05-27
688698,伟创电气,1.22,180000000,2021-05-26
300021,大禹节水,0.999924,797399028,2021-05-27
920130,立方控股,2.8,75568236,2021-05-27
603035,常熟汽饰,3.164,350913726,2021-05-28
920418,苏轴股份,3.0,80600000,2021-05-28
002987,京北方,2.0,160662382,2021-05-26
002992,宝明科技,3.7,137960950,2021-05-28
600370,*ST三房,1.0,3657166407,2021-05-26
002344,海宁皮城,0.19,1282745046,2021-05-28
002041,登海种业,0.35,880000000,2021-05-28
601689,拓普集团,1.72,1102046572,2021-05-26
002457,青龙管业,1.8,334992000,2021-05-27
688029,南微医学,6.0,133340000,2021-05-27
300841,康华生物,15.0,60000000,2021-05-27
300400,劲拓股份,1.0,242625800,2021-05-28
002852,道道全,1.0,289000000,2021-05-26
300729,乐歌股份,1.8,138896417,2021-05-27
600566,济川药业,4.5,888257969,2021-05-26
300406,九强生物,0.993419,588997245,2021-05-27
605377,华旺科技,6.0,203866700,2021-05-27
300671,富满微,2.0,157655765,2021-05-27
300660,江苏雷利,4.600037,259342568,2021-05-28
688678,福立旺,3.0,173350000,2021-05-27
603309,维力医疗,2.0,260000000,2021-05-27
300329,海伦钢琴,0.14,253559880,2021-05-27
300576,容大感光,0.8,156753349,2021-05-28
000789,万年青,7.0,797398041,2021-05-27
300522,世名科技,2.0,180662742,2021-05-28
600389,江山股份,5.0,297000000,2021-05-27
688100,威胜信息,2.25,500000000,2021-05-28
002635,安洁科技,2.0,701385638,2021-05-31
600713,南京医药,1.1,1041611244,2021-05-27
002303,美盈森,1.2,1531323685,2021-05-31
603393,新天然气,6.0,313600000,2021-05-27
603055,台华新材,0.5,832045931,2021-05-28
300615,欣天科技,0.5,187200000,2021-05-28
300552,万集科技,6.09969,197926560,2021-05-28
300109,新开源,0.2,323068983,2021-05-31
002829,星网宇达,1.0,154685040,2021-05-27
688308,欧科亿,3.3,100000000,2021-05-27
600449,宁夏建材,6.7,478181042,2021-05-31
300087,ST荃银,1.0,430330071,2021-05-28
300760,迈瑞医疗,25.0,1215691266,2021-05-28
688508,芯朋微,3.0,112800000,2021-05-27
300373,扬杰科技,1.5,512400109,2021-05-28
300306,远方信息,1.66,268958778,2021-05-28
002733,雄韬股份,1.0,384214913,2021-05-27
002792,通宇通讯,3.0,337840200,2021-05-27
000088,盐田港,0.18,2249161747,2021-05-28
300462,ST华铭,1.5,188265025,2021-05-28
688011,新光光电,0.8,100000000,2021-05-28
300133,华策影视,0.21,1901073701,2021-05-28
920895,花溪科技,5.0,42524000,2021-05-28
300699,光威复材,5.0,518350000,2021-05-27
920263,中航泰达,1.5,139960000,2021-05-28
300811,铂科新材,2.8,57600000,2021-05-28
603688,石英股份,1.7,352967187,2021-05-28
300878,维康药业,10.0,80439068,2021-05-31
920198,微创光电,4.0,68958920,2021-05-31
002879,长缆科技,2.3,193107640,2021-05-28
300819,聚杰微纤,3.0,99470000,2021-05-27
920946,森萱医药,1.6,426918340,2021-05-28
002415,海康威视,8.0,9343417190,2021-05-28
600536,中国软件,0.42,494562782,2021-05-28
002609,捷顺科技,1.0,644276441,2021-05-28
002020,京新药业,3.5,705507776,2021-05-28
002328,新朋股份,1.3,770020000,2021-05-27
300553,集智股份,2.0,48000000,2021-05-28
300519,新光药业,6.0,160000000,2021-05-28
600829,人民同泰,1.2,579888597,2021-05-27
002483,润邦股份,0.5,942288735,2021-05-31
002948,青岛银行,1.8,4509690000,2021-05-28
002966,苏州银行,2.4,3333333334,2021-05-27
002855,捷荣技术,0.85,250612402,2021-05-27
920455,汇隆活塞,2.6,128000000,2021-05-28
002906,华阳集团,2.0,473100000,2021-05-28
000597,东北制药,0.08,1350702476,2021-05-27
688585,上纬新材,0.8,403200000,2021-05-27
000880,潍柴重机,0.5,276100500,2021-05-27
603733,仙鹤股份,3.1,705972266,2021-05-27
300590,移为通信,1.0,242217000,2021-05-31
300707,威唐工业,0.3,157062500,2021-05-28
300696,爱乐达,1.2,178770000,2021-05-27
300930,屹通新材,1.0,100000000,2021-05-28
600183,生益科技,4.0,2291390465,2021-05-28
600971,恒源煤电,3.3,1200004884,2021-05-28
605337,李子园,5.0,154800000,2021-05-27
688330,宏力达,10.0,100000000,2021-05-28
603303,得邦照明,2.51,487715366,2021-05-28
002324,普利特,0.5,845051931,2021-05-28
300656,民德电子,1.0,108900000,2021-05-28
300847,中船汉光,0.92,197340000,2021-05-28
300274,阳光电源,1.4,1456939350,2021-05-28
300073,当升科技,1.65,453620538,2021-05-28
002951,金时科技,1.5,405000000,2021-05-31
688687,凯因科技,1.5,169828422,2021-05-27
300895,铜牛信息,0.8,96970150,2021-05-27
603808,歌力思,3.9,332515611,2021-05-27
600979,广安爱众,0.5,1232259790,2021-05-27
002799,环球印务,0.8,180000000,2021-05-27
300172,中电环保,0.5,520710550,2021-05-27
688181,八亿时空,5.38,96473014,2021-05-28
300191,潜能恒信,0.2,320000000,2021-05-28
000759,中百集团,0.5,681021500,2021-05-28
688393,安必平,2.8,93340000,2021-05-28
002243,力合科创,0.8,1210604219,2021-05-28
300631,久吾高科,1.8,108625931,2021-05-28
601515,衢州东峰,3.0,1334409623,2021-05-27
688558,国盛智科,3.0,132000000,2021-05-27
603578,三星新材,2.8,91710554,2021-05-28
600963,岳阳林纸,0.71,1805053109,2021-05-28
300894,火星人,6.0,405000000,2021-05-27
002972,科安达,2.0,176320000,2021-05-28
601678,滨化股份,1.0,1928924037,2021-05-27
600982,宁波能源,1.35,1117768211,2021-05-28
603868,飞科电器,10.0,435600000,2021-05-27
300932,三友联众,3.5,125629513,2021-05-28
603379,三美股份,1.1,610479037,2021-05-28
300893,松原安全,5.0,100000000,2021-05-31
603658,安图生物,8.5,450978659,2021-05-27
300417,南华仪器,2.5,137008376,2021-05-28
000650,仁和药业,2.0,1399938234,2021-05-31
000610,*ST西旅,0.12,236747901,2021-05-31
002317,众生药业,2.0,814461076,2021-05-28
600252,中恒集团,0.86,3475107147,2021-05-28
300792,壹网壹创,5.502539,144239400,2021-05-28
002409,雅克科技,1.8,462853503,2021-05-28
003006,百亚股份,3.0,427777800,2021-05-28
002080,中材科技,4.0,1678123584,2021-05-28
688288,鸿泉技术,3.5,100000000,2021-05-28
003011,海象新材,3.0,73340000,2021-05-28
300686,智动力,0.4,265752240,2021-05-28
300666,江丰电子,1.359497,224491267,2021-05-31
603615,茶花股份,1.5,244550000,2021-05-28
688066,*ST航图,0.7,166318933,2021-05-28
002478,常宝股份,1.0,919830686,2021-05-28
002971,和远气体,2.0,160000000,2021-05-28
300440,运达科技,0.65,447900000,2021-05-28
300771,智莱科技,4.0,160000000,2021-05-28
000543,皖能电力,0.76,2266863331,2021-05-28
300525,博思软件,1.2,282375385,2021-05-31
300687,赛意信息,1.7,218278017,2021-05-28
002724,海洋王,1.5388,779829726,2021-05-28
002923,润都股份,4.0,185869600,2021-05-28
002385,大北农,0.5,4141281853,2021-05-28
600008,首创环保,0.7,7340590677,2021-05-28
603586,金麒麟,7.0,203458700,2021-05-28
603799,华友钴业,2.0,1212904383,2021-05-28
000630,铜陵有色,0.4,10526533308,2021-05-31
300863,卡倍亿,3.5,55230000,2021-05-28
300112,万讯自控,2.0,285747886,2021-05-28
002034,旺能环境,5.0,421365045,2021-05-31
688083,中望软件,7.0,61943857,2021-05-28
002271,东方雨虹,3.0,2523561412,2021-05-31
300263,隆华科技,0.3,914393304,2021-05-31
000985,大庆华科,0.46,129639500,2021-05-31
603533,掌阅科技,1.0,438896835,2021-05-28
300598,诚迈科技,0.649954,105566760,2021-05-31
002171,楚江新材,1.0,1333680069,2021-05-31
920368,连城数控,6.0,115330000,2021-06-01
300906,日月明,5.0,80000000,2021-05-31
300915,海融科技,6.0,60000000,2021-06-01
920433,大唐药业,4.0,145315601,2021-05-31
000513,丽珠集团,12.5,934818019,2021-06-01
603618,杭电股份,0.6,691041204,2021-05-28
300082,奥克股份,3.57,680098200,2021-05-31
920266,生物谷,3.0,128000000,2021-05-31
002474,榕基软件,0.15,622200000,2021-05-28
603886,元祖股份,10.0,240000000,2021-05-28
605066,天正电气,3.0,404115500,2021-06-01
002194,武汉凡谷,1.5,676339106,2021-05-31
300155,安居宝,0.37,543370602,2021-06-01
920249,利尔达,1.2,360490000,2021-06-03
300409,道氏技术,0.5,555244436,2021-05-31
688003,天准科技,3.0,193600000,2021-05-28
300779,惠城环保,1.0,100000000,2021-05-31
300395,菲利华,1.8,337948844,2021-06-01
300901,中胤时尚,0.5,240000000,2021-05-31
000029,深深房A,0.87,1011660000,2021-05-31
000686,东北证券,1.0,2340452915,2021-05-31
688229,博睿数据,2.0,44400000,2021-05-31
600740,山西焦化,2.0,1970862426,2021-05-28
300950,德固特,1.0,100000000,2021-06-01
300789,唐源电气,2.8,45982759,2021-05-31
003036,泰坦股份,0.59,216000000,2021-05-28
002871,伟隆股份,4.5,116680000,2021-05-28
605368,蓝天燃气,5.0,462702000,2021-05-28
603683,晶华新材,0.5,130515000,2021-05-31
000026,飞亚达,4.084341,435550522,2021-06-01
002757,南兴股份,3.0,295455913,2021-05-31
603353,和顺石油,5.0,133380000,2021-05-31
688788,科思科技,8.0,75534232,2021-05-31
603669,灵康药业,2.0,713440000,2021-05-31
300731,科创新源,1.0,125872867,2021-06-01
300753,爱朋医疗,3.0,105040000,2021-06-02
002493,荣盛石化,1.5,6750350000,2021-06-01
002702,海欣食品,0.5,480760000,2021-05-31
002251,步步高,1.0,863903951,2021-06-02
600549,厦门钨业,1.5,1418516200,2021-06-01
688039,当虹科技,5.0,80000000,2021-05-31
920208,青矩技术,15.0,59440358,2021-06-02
603860,中公高科,1.051,66680000,2021-06-01
920855,浙江大农,7.5,56050000,2021-06-03
002148,北纬科技,0.1,565773727,2021-05-31
300547,川环科技,2.77,216906174,2021-06-01
688390,固德威,12.0,88000000,2021-05-31
688081,兴图新科,2.0,73600000,2021-05-31
600126,杭钢股份,2.0,3377189083,2021-05-31
600729,重百集团,36.9,406528465,2021-06-01
300438,鹏辉能源,0.999987,419542740,2021-06-02
002082,ST万邦,2.0,618222829,2021-05-31
300770,新媒股份,8.0,231058146,2021-06-01
688156,路德科技,2.0,91840000,2021-06-01
920489,佳先股份,2.0,85287000,2021-06-03
002508,老板电器,5.0,949024050,2021-05-31
603596,伯特利,1.18,408561000,2021-05-31
605166,聚合顺,1.0,315547000,2021-06-01
603089,正裕工业,1.5,222497325,2021-05-31
300357,我武生物,1.6,523584000,2021-06-01
603113,金能科技,3.48,851706632,2021-05-31
603759,海天股份,1.69,312000000,2021-05-31
300897,山科智能,6.0,68000000,2021-06-01
300328,宜安科技,0.1,690423600,2021-06-02
600346,恒力石化,7.7,7039099786,2021-05-31
600867,通化东宝,2.1,2033988517,2021-05-31
605116,奥锐特,1.2,401000000,2021-06-01
603266,天龙股份,1.0,198910550,2021-05-31
002436,兴森科技,0.8,1487909973,2021-06-01
688028,沃尔德,2.5,80000000,2021-05-31
002582,好想你,10.0,515684160,2021-05-31
300181,佐力药业,1.0,608624848,2021-05-31
002864,盘龙药业,1.5,86670000,2021-05-31
605336,*ST帅电,4.15,140800000,2021-05-31
601010,ST文峰,1.45,1848000000,2021-06-02
300812,易天股份,1.5,77511683,2021-05-31
605388,均瑶健康,3.2,430000000,2021-05-31
000672,上峰材料,8.5,813619871,2021-05-31
603408,建霖家居,3.85,446680000,2021-05-31
601116,三江购物,2.0,547678400,2021-05-31
688004,博汇科技,2.5,56800000,2021-05-31
300709,精研科技,2.0,115540916,2021-06-01
300828,锐新科技,3.0,110280000,2021-06-01
688179,阿拉丁,5.0,100933400,2021-05-31
300144,宋城演艺,0.5,2614694040,2021-06-02
300234,开尔新材,0.16,511424086,2021-05-31
600929,雪天盐业,0.8,917762196,2021-05-31
000863,三湘印象,4.0,1225208160,2021-06-01
603590,康辰药业,3.5,160000000,2021-05-31
002414,高德红外,2.5,1676113073,2021-06-01
300413,芒果超媒,1.3,1780377511,2021-06-01
002232,启明信息,0.42,408548455,2021-06-02
600548,深高速,4.3,2180770326,2021-06-01
002823,凯中精密,1.044979,287086983,2021-05-31
002760,凤形股份,1.2,88000000,2021-05-31
002769,普路通,0.36,373318054,2021-06-01
605500,森林包装,3.5,200000000,2021-05-31
920718,合肥高科,2.0,68000000,2021-06-03
300785,值得买,4.5,88833256,2021-06-01
300398,飞凯材料,0.65,515858018,2021-05-31
300935,盈建科,8.0,56505000,2021-05-31
688109,品茗科技,8.0,54374000,2021-05-31
002538,ST司特,2.5,718154657,2021-05-31
000848,承德露露,2.6,1076419000,2021-05-31
300635,中达安,0.22,136322000,2021-06-02
300387,富邦科技,0.5,290683018,2021-06-01
300517,海波重科,0.5,106726000,2021-06-01
002866,传艺科技,1.0,286078766,2021-06-01
000915,华特达因,3.5,234331485,2021-06-01
300235,方直科技,0.55,167831090,2021-06-01
300415,伊之密,2.0,435600000,2021-05-31
300693,盛弘股份,1.6,136850329,2021-06-02
002722,物产金轮,1.0,175477028,2021-05-31
002916,深南电路,9.5,489315846,2021-06-01
300561,汇金科技,0.8,252450683,2021-05-31
002969,嘉美包装,0.1,960333535,2021-05-31
300149,睿智医药,0.702036,499776892,2021-06-01
603936,博敏电子,0.6,511012097,2021-05-31
603360,百傲化学,6.0,261346400,2021-06-01
300752,隆利科技,0.799998,120522509,2021-06-03
002495,佳隆股份,0.08,935625600,2021-06-02
920807,奔朗新材,3.0,129634000,2021-06-03
003032,传智教育,0.17,402447500,2021-06-01
000333,美的集团,16.005847,7045159320,2021-06-02
920556,雅达股份,2.0,125315200,2021-06-03
002801,微光股份,3.0,153088000,2021-06-03
300667,必创科技,1.0,198786299,2021-06-03
000813,德展健康,2.1,2241481800,2021-06-01
000970,中科三环,0.5,1065200000,2021-06-03
300628,亿联网络,6.5,902985540,2021-06-02
003029,吉大正元,1.67,180400000,2021-06-01
300463,迈克生物,4.308854,556828910,2021-06-01
002888,惠威科技,0.8,124676400,2021-06-03
000582,北部湾港,1.860864,1633434454,2021-06-01
300762,上海瀚讯,0.69,244968730,2021-06-03
000090,天健集团,3.8,1868545434,2021-06-02
603786,科博达,5.0,400100000,2021-06-02
002335,科华数据,3.0,461567391,2021-06-02
688599,天合光能,1.8,2068026375,2021-06-01
300610,晨化股份,4.0,150673000,2021-06-02
300261,雅本化学,0.5,963309471,2021-06-01
920570,坤博精工,7.5,20000000,2021-06-04
603043,广州酒家,4.0,403996184,2021-06-02
300654,世纪天鸿,0.85,182032500,2021-06-01
002728,特一药业,6.5,203517849,2021-06-03
600475,华光环能,3.5,559097211,2021-06-01
300407,凯发电气,0.655537,305093277,2021-06-03
300776,帝尔激光,7.5,105800240,2021-06-01
300075,数字政通,0.4,481497305,2021-06-02
603466,风语筑,5.0,291550400,2021-06-01
002627,三峡旅游,0.5,567806244,2021-06-03
002361,神剑股份,1.0,837574116,2021-06-01
300875,捷强装备,3.0,76795963,2021-06-02
300492,华图山鼎,0.3,141047370,2021-06-02
300865,大宏立,2.04,95680000,2021-06-01
002734,利民股份,2.5,372514441,2021-06-02
300856,科思股份,1.5,112880000,2021-06-02
603383,顶点软件,4.0,168250516,2021-06-02
300223,北京君正,1.3,468977393,2021-06-01
002129,TCL中环,0.6,3032926542,2021-06-02
000401,金隅冀东,5.0,1413648097,2021-06-02
002753,永东股份,0.85,375438464,2021-06-02
300602,飞荣达,0.5,506411377,2021-06-01
603156,养元饮品,12.0,1265493600,2021-06-01
603088,宁波精达,4.5,219520000,2021-06-02
002756,永兴材料,3.1,405950150,2021-06-01
300347,泰格医药,3.0,872483508,2021-06-01
300577,开润股份,1.049995,240165209,2021-06-01
002081,金螳螂,2.0,2683358689,2021-06-03
603232,格尔软件,1.2,193101694,2021-06-01
300491,通合科技,0.25,160761503,2021-06-03
605005,合兴股份,1.5,401000000,2021-06-02
920725,惠丰钻石,2.2,33500000,2021-06-02
300976,达瑞电子,10.0,52214667,2021-06-02
605118,力鼎光电,1.5,405500000,2021-06-01
603956,威派格,1.633,425960355,2021-06-01
300969,恒帅股份,2.5,80000000,2021-06-03
002286,保龄宝,0.6,369256000,2021-06-03
603787,新日股份,2.5,204000000,2021-06-02
603041,美思德,2.4,140899640,2021-06-01
300137,先河环保,1.0,551032550,2021-06-02
300800,力合科技,2.5,160000000,2021-06-02
605058,澳弘电子,1.0,142923950,2021-06-02
600371,万向德农,1.0,292578000,2021-06-01
002262,恩华药业,1.0,1007588092,2021-06-02
603063,禾望电气,0.62,434257000,2021-06-01
603551,奥普科技,4.0,405505000,2021-06-01
002275,桂林三金,4.0,590200000,2021-06-01
601231,环旭电子,5.0,2209609072,2021-06-03
300720,海川智能,3.0,108000000,2021-06-02
300688,创业黑马,1.0,109208976,2021-06-02
002518,科士达,2.0,582445394,2021-06-02
600235,民丰特纸,0.15,351300000,2021-06-01
603109,神驰机电,2.5,146670000,2021-06-02
920392,佳合科技,2.5,43700000,2021-06-03
300594,ST朗进,2.0,89981700,2021-06-03
600596,新安股份,2.5,818390386,2021-06-04
603079,圣达生物,3.5,171188958,2021-06-03
300290,ST荣科,0.26258,637167569,2021-06-02
002995,天地在线,5.0,64670000,2021-06-04
000016,*ST康佳A,1.0,2407945408,2021-06-04
300435,中泰股份,0.8,378190300,2021-06-03
300907,康平科技,2.5,96000000,2021-06-03
002953,日丰股份,1.2,173843128,2021-06-02
300684,中石科技,6.3,280951707,2021-06-02
603605,珀莱雅,7.2,201116925,2021-06-02
002467,二六三,1.5,1365862783,2021-06-04
300151,昌红科技,2.0,502500000,2021-06-02
002788,鹭燕医药,2.0,388516736,2021-06-03
605122,四方新材,6.0,123110000,2021-06-02
300450,先导智能,3.0,907322521,2021-06-03
603390,通达电气,1.0,351686984,2021-06-02
603726,朗迪集团,4.0,185651200,2021-06-03
600551,时代出版,1.67,505825296,2021-06-02
600100,同方股份,0.11,2963898951,2021-06-02
002472,双环传动,0.2,686524330,2021-06-04
002421,达实智能,0.4,1924629229,2021-06-02
003012,东鹏控股,3.0,1173000000,2021-06-04
003033,征和工业,4.0,81750000,2021-06-02
920926,鸿智科技,4.0,31304347,2021-06-03
002274,华昌化工,1.0,952364646,2021-06-04
920403,康农种业,5.0,39460000,2021-06-04
000552,甘肃能化,1.0,2286971050,2021-06-03
002282,博深股份,0.8,543944364,2021-06-02
002859,洁美科技,1.999996,410000619,2021-06-03
002376,新北洋,2.5,665721591,2021-06-04
300348,长亮科技,0.7,721479478,2021-06-04
300620,光库科技,2.0,108516677,2021-06-04
688058,宝兰德,14.25,40000000,2021-06-02
002345,潮宏基,2.0,905412707,2021-06-03
603519,立霸股份,2.0,221939866,2021-06-03
002432,九安医疗,0.6,478603022,2021-06-03
300193,佳士科技,5.0,506901310,2021-06-03
000655,金岭矿业,1.0,595340230,2021-06-04
688027,国盾量子,1.2,80000000,2021-06-02
603637,镇海股份,1.5,243702033,2021-06-02
300942,易瑞生物,0.45,400860000,2021-06-02
688079,美迪凯,1.09,401333334,2021-06-03
688378,奥来德,10.0,73136700,2021-06-03
603080,新疆火炬,2.1,141500000,2021-06-03
920871,派特尔,2.0,44437680,2021-06-04
688556,高测股份,1.1,161851400,2021-06-02
000825,太钢不锈,1.53,5696247796,2021-06-02
000801,四川九洲,0.26,1022806646,2021-06-04
688566,吉贝尔,2.4,186941600,2021-06-03
600435,北方导航,0.25,1489320000,2021-06-04
688689,银河微电,2.5,128400000,2021-06-02
688202,美迪西,6.3,62000000,2021-06-03
603012,创力集团,0.9,636560000,2021-06-02
300851,交大思诺,3.5,86933400,2021-06-04
002154,报喜鸟,0.6,1217611874,2021-06-03
300271,华宇软件,0.354432,829107173,2021-06-02
688516,奥特维,6.0,98670000,2021-06-02
002372,伟星新材,5.0,1592112988,2021-06-04
300258,精锻科技,1.0,481770753,2021-06-03
302132,中航成飞,0.504002,590760499,2021-06-04
300507,苏奥传感,1.0,306269712,2021-06-02
300503,昊志机电,0.46,306072836,2021-06-03
920735,德源药业,2.7,62458000,2021-06-04
300207,欣旺达,0.70052,1573809261,2021-06-04
603676,卫信康,0.95,423000000,2021-06-02
601615,明阳智能,1.0574,1950928712,2021-06-02
920974,凯大催化,3.3,152300000,2021-06-03
003004,声迅股份,3.0,81840000,2021-06-02
603898,好莱客,1.38,311276840,2021-06-02
300746,汉嘉数智,1.0,225738328,2021-06-03
300952,恒辉安防,2.2,144927653,2021-06-03
002749,国光股份,2.199997,436370591,2021-06-04
601827,三峰环境,1.5,1678268000,2021-06-02
603195,公牛集团,20.0,600575900,2021-06-03
600732,爱旭股份,0.7,2036329187,2021-06-04
002158,汉钟精机,3.3,534881805,2021-06-04
605068,明新旭腾,7.5,166000000,2021-06-04
600507,方大特钢,11.0,2155950223,2021-06-03
002927,泰永长征,1.2,223663700,2021-06-04
300115,长盈精密,1.0,1000856430,2021-06-04
300670,大烨智能,0.6,315890479,2021-06-04
688133,泰坦科技,4.1,76248960,2021-06-04
603617,君禾股份,3.0,199460381,2021-06-03
603016,新宏泰,5.4,148160000,2021-06-04
002719,ST麦趣,0.1732,174139457,2021-06-03
603811,诚意药业,3.5,166992000,2021-06-04
002833,弘亚数控,8.0,216442880,2021-06-03
603730,岱美股份,5.0,579532404,2021-06-03
603908,牧高笛,7.5,66690000,2021-06-03
002778,中晟高科,1.0,89109500,2021-06-04
000753,漳州发展,0.3,991481071,2021-06-04
688365,光云科技,0.25,401000000,2021-06-03
600233,圆通速递,1.5,3159830675,2021-06-04
000905,厦门港务,0.18,625191522,2021-06-04
002913,奥士康,12.5,158868152,2021-06-03
000725,京东方A,1.0,34798398763,2021-06-04
002391,长青股份,2.0,653904550,2021-06-03
300640,德艺文创,0.5,286850254,2021-06-04
002802,洪汇新材,5.0,108346500,2021-06-04
300755,华致酒行,1.8,416798400,2021-06-04
300183,东软载波,2.0,462609137,2021-06-04
300107,建新股份,1.0,551249622,2021-06-04
603610,麒盛科技,5.0,207459057,2021-06-07
920608,丰安股份,8.0,31120000,2021-06-07
300233,金城医药,2.018424,390289338,2021-06-04
603600,永艺股份,2.5,302512640,2021-06-03
002559,亚威股份,1.5,556723012,2021-06-03
300921,南凌科技,8.0,73159650,2021-06-03
300665,飞鹿股份,0.6,123984730,2021-06-03
300124,汇川技术,3.6,1719723440,2021-06-04
601500,通用股份,1.4,872290090,2021-06-04
002762,金发拉比,0.6,354025000,2021-06-04
603817,海峡环保,0.58,450167186,2021-06-04
600267,海正药业,0.496,1168843462,2021-06-04
002714,牧原股份,14.61,3759330297,2021-06-03
300464,星徽股份,0.6,353122175,2021-06-04
920014,特瑞斯,6.0,72000000,2021-06-04
603909,建发合诚,0.66,143227000,2021-06-07
002999,天禾股份,1.5,248280000,2021-06-04
003030,祖名股份,2.5,124780000,2021-06-02
603980,吉华集团,1.65,700000000,2021-06-04
300818,耐普矿机,0.706593,70000000,2021-06-03
000779,甘咨询,2.0,380330518,2021-06-04
600679,上海凤凰,0.4,465740244,2021-06-04
920685,新芝生物,3.1,66590000,2021-06-04
300110,华仁药业,0.15,1182212982,2021-06-04
002715,登云股份,0.5,138000000,2021-06-03
603931,格林达,3.0,101815500,2021-06-03
300484,蓝海华腾,0.75,208000000,2021-06-04
002648,卫星化学,1.7,1228605321,2021-06-03
300369,绿盟科技,0.78,798332273,2021-06-04
300177,中海达,0.16,744169066,2021-06-04
002952,亚世光电,3.0,164340000,2021-06-04
688618,三旺通信,4.0,50527495,2021-06-04
002675,东诚药业,2.5,802214326,2021-06-04
920478,峆一药业,2.0,30037500,2021-06-07
300281,金明精机,0.28,418923580,2021-06-04
000576,甘化科工,1.982053,442861324,2021-06-04
300579,数字认证,1.0,180000000,2021-06-07
002339,积成电子,0.3,511804800,2021-06-04
600727,鲁北化工,3.0,528583135,2021-06-04
002244,滨江集团,2.26,3111443890,2021-06-04
688195,腾景科技,1.7,129350000,2021-06-03
601988,中国银行,1.97,294387791241,2021-06-04
688093,世华科技,2.0,172000000,2021-06-03
603609,禾丰股份,2.2,921960196,2021-06-03
002841,视源股份,10.0,668030956,2021-06-03
300658,延江股份,6.5,151770000,2021-06-07
300977,深圳瑞捷,8.92,44800000,2021-06-04
002933,新兴装备,3.1,117350000,2021-06-04
300566,激智科技,1.0,155200500,2021-06-04
000938,紫光股份,1.0,2860079874,2021-06-04
603226,菲林格尔,1.0,210350160,2021-06-03
600017,日照港,0.35,3075653888,2021-06-04
300554,三超新材,0.4,93610650,2021-06-07
300872,天阳科技,2.0,224682030,2021-06-07
300272,开能健康,0.500081,576871469,2021-06-07
603112,华翔股份,1.7,436090490,2021-06-03
300578,会畅科技,1.0,173878395,2021-06-04
300226,上海钢联,1.3,190930620,2021-06-04
600075,新疆天业,1.0,1419727737,2021-06-04
000538,云南白药,39.0,1277403317,2021-06-07
600704,物产中大,2.0,5062182040,2021-06-04
002276,万马股份,0.35,1035489098,2021-06-04
600215,派斯林,0.95,465032880,2021-06-04
300724,捷佳伟创,1.8,347700245,2021-06-04
002960,青鸟智控,4.489534,246783929,2021-06-04
300948,冠中生态,0.8,93340000,2021-06-04
002017,东信和平,0.3,446486084,2021-06-04
601009,南京银行,3.93,10007016973,2021-06-04
605100,华丰股份,7.0,86700000,2021-06-04
002332,仙琚制药,1.5,989204866,2021-06-04
600351,亚宝药业,0.5,770000023,2021-06-04
600970,中材国际,2.3,1737646983,2021-06-04
300616,尚品宅配,1.5,198675000,2021-06-07
000887,中鼎股份,2.0,1220837389,2021-06-07
688233,神工股份,1.0,160000000,2021-06-04
600114,东睦股份,1.5,616389397,2021-06-04
000698,ST沈化,0.9,819514395,2021-06-07
002758,浙农股份,1.8,487989694,2021-06-07
600007,中国国贸,4.0,1007282534,2021-06-04
605378,野马电池,5.0,133340000,2021-06-04
600973,宝胜股份,0.48,1371366248,2021-06-07
920837,华原股份,1.5,128870000,2021-06-10
300791,仙乐健康,6.0,120000000,2021-06-08
603939,益丰药房,3.0,552896415,2021-06-07
000823,超声电子,1.3,536966000,2021-06-07
002573,清新环境,1.0,1403721079,2021-06-04
300967,晓鸣股份,1.0,187506000,2021-06-08
600854,春兰股份,0.38,519458538,2021-06-04
300802,矩子科技,1.23,162452482,2021-06-08
002012,凯恩股份,0.091,467625470,2021-06-08
300545,联得装备,1.0,177737894,2021-06-07
603728,鸣志电器,0.49,416000000,2021-06-08
300674,宇信科技,2.7,413365200,2021-06-08
688617,惠泰医疗,5.0,66670000,2021-06-04
300835,龙磁科技,2.0,70670000,2021-06-08
688070,纵横股份,2.2,87580000,2021-06-08
600987,航民股份,2.0,1080818841,2021-06-07
002047,宝鹰股份,0.1,1341296921,2021-06-04
300912,凯龙高科,1.78,111968000,2021-06-07
300975,商络电子,0.36,420000000,2021-06-08
300706,阿石创,0.1,141120000,2021-06-07
002327,富安娜,5.0,827059027,2021-06-08
688016,心脉医疗,9.0,71978147,2021-06-04
603444,吉比特,120.0,71864552,2021-06-08
603612,索通发展,2.0,434662799,2021-06-08
600735,ST新华锦,0.36,375992296,2021-06-07
002127,南极电商,1.666551,2454870403,2021-06-07
300651,金陵体育,1.0,128746780,2021-06-09
002060,广东建工,0.65,1202262058,2021-06-09
002929,润建股份,1.5,220746347,2021-06-07
300830,金现代,0.23,430125000,2021-06-08
920953,国子软件,1.0,65960700,2021-06-11
300232,洲明科技,0.2,1094089477,2021-06-08
002520,日发精机,0.57,755380872,2021-06-08
600619,海立股份,1.5,883300255,2021-06-07
002182,宝武镁业,1.0,646422538,2021-06-09
300833,浩洋股份,4.0,84327000,2021-06-08
603727,博迈科,2.5,234194352,2021-06-08
300917,特发服务,3.5,100000000,2021-06-08
002683,广东宏大,2.2,749412187,2021-06-08
002036,联创电子,0.157701,1063148891,2021-06-07
002590,万安科技,0.5,479646926,2021-06-08
603915,国茂股份,2.5,472547400,2021-06-08
603588,高能环境,0.7,812845343,2021-06-07
002819,东方中科,0.6,159463156,2021-06-07
600750,华润江中,2.7,630000000,2021-06-07
000828,东莞控股,2.5,1039516992,2021-06-08
603839,安正时尚,3.5,400102220,2021-06-07
603767,中马传动,1.5,306098000,2021-06-08
002543,万和电气,3.3,743600000,2021-06-08
920476,海能技术,1.5,71435280,2021-06-09
603439,三力制药,2.5,407322216,2021-06-07
600699,均胜电子,1.5,1368084624,2021-06-08
000573,粤宏远A,0.6,638280604,2021-06-08
920367,新赣江,4.0,51225000,2021-06-11
688379,华光新材,2.27,88000000,2021-06-08
002438,江苏神通,0.5,485756156,2021-06-08
601811,新华文轩,3.1,1233841000,2021-06-08
688529,豪森智能,1.93,128000000,2021-06-08
000596,古井贡酒,15.0,503600000,2021-06-09
600845,宝信软件,9.0,1155801821,2021-06-09
603638,艾迪精密,1.8,601113216,2021-06-08
603838,*ST四通,0.2,320016000,2021-06-08
603100,川仪股份,3.0,395000000,2021-06-07
603001,奥康国际,5.0,400980000,2021-06-07
688328,深科达,3.0,81040000,2021-06-08
600295,鄂尔多斯,8.0,1427947069,2021-06-07
002763,汇洁股份,10.0,410025000,2021-06-09
603833,欧派家居,12.0,604264918,2021-06-08
601801,皖新传媒,1.6,1989204737,2021-06-08
002643,万润股份,2.05,909133215,2021-06-09
605123,派克新材,5.2,108000000,2021-06-08
603323,苏农银行,1.5,1803069881,2021-06-08
002931,锋龙股份,1.5,142208000,2021-06-08
300308,中际旭创,1.21,713016281,2021-06-09
300070,碧水源,0.55,3164596594,2021-06-08
601108,财通证券,2.0,3589000000,2021-06-07
300664,鹏鹞环保,0.65,714244800,2021-06-09
603656,泰禾智能,1.0,153811600,2021-06-08
600633,浙数文化,0.8,1301923953,2021-06-08
002860,星帅尔,1.5,199622430,2021-06-08
300885,海昌新材,7.5,80000000,2021-06-09
300502,新易盛,2.717082,362204466,2021-06-08
603527,众源新材,1.2,243824000,2021-06-07
605151,西上海,2.9,133340000,2021-06-08
603885,吉祥航空,1.0,1966144157,2021-06-07
300564,筑博设计,5.0,100000000,2021-06-07
300815,玉禾田,11.2,138400000,2021-06-08
601567,三星电气,3.5,1386569053,2021-06-07
688626,翔宇医疗,3.7,160000000,2021-06-07
920662,方盛股份,5.3921,37082570,2021-06-08
600109,国金证券,0.7,3024359310,2021-06-07
000969,安泰科技,0.2,1026008097,2021-06-08
002363,隆基机械,2.0,416100301,2021-06-07
002293,罗莱生活,6.0,827665881,2021-06-08
300718,长盛轴承,5.0,198148000,2021-06-07
605338,巴比食品,1.6,248000000,2021-06-07
688636,智明达,1.63,50000000,2021-06-07
688218,江苏北人,0.8,117340000,2021-06-07
600330,天通股份,0.5,996565730,2021-06-09
300335,迪森股份,1.5,372940594,2021-06-08
601238,广汽集团,1.5,10351977332,2021-06-08
688019,安集科技,3.0,53108380,2021-06-07
603583,捷昌驱动,4.0,272797032,2021-06-07
605218,伟时电子,1.2,212833460,2021-06-09
300267,尔康制药,0.5,2062604870,2021-06-09
300302,同有科技,0.1,487971230,2021-06-08
603227,雪峰科技,0.5,724570000,2021-06-08
603187,海容冷链,6.0,172143447,2021-06-07
002585,双星新材,2.0,1156278085,2021-06-08
603259,药明康德,3.63,2450633599,2021-06-08
920906,舜宇精工,0.54,55770000,2021-06-11
920299,灿能电力,1.431434,69860000,2021-06-11
002701,奥瑞金,0.4,2417607380,2021-06-09
688665,四方光电,4.3,70000000,2021-06-09
688662,富信科技,3.5,88240000,2021-06-08
300113,顺网科技,0.8,694287240,2021-06-10
300681,英搏尔,0.5,75600000,2021-06-09
603192,汇得科技,3.6,106666667,2021-06-08
300136,信维通信,1.0,967568638,2021-06-09
603086,先达股份,3.5,158490000,2021-06-09
688228,开普云,3.08,67133440,2021-06-10
300962,中金辐照,1.6,264001897,2021-06-10
000069,华侨城A,4.0,8201793915,2021-06-09
300645,正元智慧,0.299983,127314593,2021-06-09
002157,正邦科技,7.0,3147853847,2021-06-09
002541,鸿路钢构,2.29998,523723295,2021-06-09
000581,威孚高科,15.0,1008950570,2021-06-09
002830,名雕股份,1.2,133340000,2021-06-09
300849,锦盛新材,2.5,100000000,2021-06-09
002746,仙坛股份,3.0,573692485,2021-06-09
603106,恒银科技,0.6,400400000,2021-06-09
002131,利欧股份,0.1,6754804205,2021-06-08
601566,九牧王,5.0,574637150,2021-06-08
603960,克来机电,1.49,260944500,2021-06-08
688577,浙海德曼,5.0,53971720,2021-06-08
603198,迎驾贡酒,7.0,800000000,2021-06-09
002230,科大讯飞,2.0,2224132297,2021-06-08
920832,齐鲁华信,1.0,138763865,2021-06-09
603650,彤程新材,3.4,585987500,2021-06-08
002596,海南瑞泽,0.1,1147580518,2021-06-09
688408,中信博,4.3,135715480,2021-06-09
603358,华达科技,4.3,313600000,2021-06-09
920675,秉扬科技,1.0,142400000,2021-06-09
600120,浙江东方,0.4,2227940862,2021-06-09
002730,电光科技,0.8,322674000,2021-06-08
603639,海利尔,3.0,242862904,2021-06-08
603679,华体科技,0.8,142886887,2021-06-08
300678,中科信息,0.5,180000000,2021-06-10
600743,华远控股,0.6,2346100874,2021-06-09
300781,因赛集团,0.6,84541420,2021-06-09
003025,思进智能,5.4,80390000,2021-06-10
300945,曼卡龙,0.95,204000000,2021-06-09
002568,百润股份,5.0,535852426,2021-06-08
002214,*ST大立,0.8,499925704,2021-06-09
600683,京投发展,2.5,740777597,2021-06-09
600300,维维股份,1.0,1672000000,2021-06-08
688317,之江生物,16.0,194704350,2021-06-08
300701,森霸传感,5.0,120000000,2021-06-08
603319,美湖股份,4.5,115120404,2021-06-08
300817,双飞集团,2.5,101064000,2021-06-09
603988,中电电机,8.8,235200000,2021-06-08
002270,华明装备,0.27,759239130,2021-06-09
002606,大连电瓷,0.25,438634220,2021-06-08
300649,杭州园林,0.8,128000000,2021-06-08
603318,水发燃气,0.2,378011155,2021-06-10
300378,鼎捷数智,0.999971,266267353,2021-06-08
003031,中瓷电子,2.6,106666667,2021-06-10
600560,金自天正,0.52,223645500,2021-06-09
300892,品渥食品,2.7,100000000,2021-06-10
688369,致远互联,4.5,76989583,2021-06-08
300017,网宿科技,0.100068,2451332654,2021-06-10
300685,艾德生物,2.5,221722500,2021-06-09
601702,华峰铝业,0.38,998530600,2021-06-08
000966,长源电力,0.5,2549660478,2021-06-08
688313,仕佳光子,0.25,458802328,2021-06-08
600097,开创国际,1.8,240936559,2021-06-10
600379,宝光股份,0.42,330201564,2021-06-09
600594,益佰制药,1.3,791927400,2021-06-08
688656,浩欧博,3.0,63058328,2021-06-10
300889,爱克股份,1.0,156000000,2021-06-09
603121,华培动力,1.6,263653000,2021-06-08
603363,傲农生物,1.5,685472273,2021-06-08
688329,艾隆科技,3.0,77200000,2021-06-09
603033,三维股份,1.5,426185404,2021-06-08
002169,智光电气,1.0,787791994,2021-06-09
000963,华东医药,2.3,1749809548,2021-06-09
688001,华兴源创,1.85,438536773,2021-06-08
002558,巨人网络,1.6,2024379932,2021-06-09
600956,新天绿能,1.36,3849910396,2021-06-09
300429,强力新材,0.399998,515256187,2021-06-10
002492,恒基达鑫,0.2,405000000,2021-06-10
603611,诺力股份,3.0,267184734,2021-06-09
603081,大丰实业,1.5,401813337,2021-06-10
002820,桂发祥,1.5,204800000,2021-06-09
002935,天奥电子,2.5,208006500,2021-06-11
300903,科翔股份,0.65,172337694,2021-06-10
000717,中南股份,2.0,2419524410,2021-06-09
600446,金证股份,0.76,941517905,2021-06-09
600710,苏美达,2.51,1306749434,2021-06-10
603556,海兴电力,5.0,488684040,2021-06-10
603890,春秋电子,2.0,390306562,2021-06-10
601966,玲珑轮胎,4.9,1373512412,2021-06-10
300523,辰安科技,0.78,232637638,2021-06-11
000906,浙商中拓,3.0,674436311,2021-06-09
300039,上海凯宝,0.3,1046000000,2021-06-09
600268,国电南自,0.5,695265184,2021-06-10
601158,重庆水务,2.55,4800000000,2021-06-10
300963,中洲特材,1.5,120000000,2021-06-11
603236,移远通信,5.1,111823714,2021-06-11
000548,湖南投资,0.2,499215811,2021-06-09
002817,黄山胶囊,0.6,147339000,2021-06-09
002100,天康生物,4.6,1075619348,2021-06-09
603233,大参林,8.0,658621804,2021-06-10
603757,大元泵业,10.0,167583000,2021-06-10
300961,深水海纳,0.53,177280000,2021-06-11
603389,亚振家居,0.4,262752000,2021-06-09
300132,青松股份,1.8,516580886,2021-06-11
688025,杰普特,1.44,92368576,2021-06-09
002773,康弘药业,1.0,919463954,2021-06-11
300625,三雄极光,7.0,280000000,2021-06-10
688077,大地熊,3.75,80000000,2021-06-09
603979,金诚信,0.8,583408432,2021-06-09
605179,一鸣食品,2.3,401000000,2021-06-10
300840,酷特智能,0.18,240000000,2021-06-10
600035,楚天高速,0.7,1610115901,2021-06-09
002048,宁波华翔,5.0,626227314,2021-06-11
920819,颖泰生物,1.5,1225800000,2021-06-11
603025,大豪科技,2.2,926101711,2021-06-10
920519,万德股份,1.5,69258104,2021-06-10
002889,东方嘉盛,1.43,138101429,2021-06-10
300026,红日药业,0.4,3004154837,2021-06-10
600373,中文传媒,5.5,1355063719,2021-06-10
002980,华盛昌,11.0,133333400,2021-06-09
300853,申昊科技,3.6,81628000,2021-06-10
603368,柳药集团,6.0,362441802,2021-06-10
601107,四川成渝,0.8,3058060000,2021-06-09
920284,灵鸽科技,1.0,63425120,2021-06-10
603096,新经典,7.5,135885000,2021-06-10
002097,山河智能,1.011717,1087497465,2021-06-11
002393,力生制药,1.0,182454992,2021-06-11
300798,锦鸡股份,0.2,417748945,2021-06-11
601118,海南橡胶,0.056,4279427797,2021-06-09
000935,四川双马,2.1,763440333,2021-06-11
601117,中国化学,2.23,4933000000,2021-06-10
002915,中欣氟材,2.5,207840455,2021-06-11
300030,阳普医疗,0.32,308795815,2021-06-11
300971,博亚精工,4.0,84000000,2021-06-11
002183,怡亚通,0.2,2122697819,2021-06-10
000810,创维数字,1.0,1063364134,2021-06-10
688268,华特气体,3.0,120000000,2021-06-10
002881,美格智能,0.2,184539000,2021-06-11
000818,航锦科技,1.3,682614000,2021-06-09
600757,长江传媒,3.5,1213650273,2021-06-10
688568,中科星图,2.02,220000000,2021-06-11
600887,伊利股份,8.2,6082624833,2021-06-11
300711,广哈通信,0.38,207642172,2021-06-10
688007,光峰科技,0.55,452756901,2021-06-09
002191,劲嘉股份,3.5,1464870450,2021-06-11
002350,北京科锐,0.71,542369011,2021-06-11
002908,德生科技,1.0,200906074,2021-06-11
000532,华金资本,0.6,344708340,2021-06-11
601619,嘉泽新能,0.55,2175600743,2021-06-11
688595,芯海科技,3.0,100000000,2021-06-10
600559,老白干酒,1.5,897287444,2021-06-10
601666,平煤股份,3.6,2348676469,2021-06-10
300767,震安科技,2.24,144000000,2021-06-11
300679,电连技术,4.0,280800000,2021-06-11
688085,三友医疗,1.74,205333500,2021-06-11
002811,郑中设计,4.0,270023142,2021-06-15
603569,长久物流,1.07,560277264,2021-06-11
600171,上海贝岭,1.3,712815314,2021-06-11
300298,三诺生物,2.0,565314734,2021-06-11
000619,海螺新材,0.5,360000000,2021-06-11
600790,轻纺城,1.0,1465790928,2021-06-11
000589,贵州轮胎,1.5,956319462,2021-06-11
300694,蠡湖股份,0.33,215316977,2021-06-10
688299,长阳科技,1.0,282568577,2021-06-10
002843,泰嘉股份,1.0,210000000,2021-06-11
603737,三棵树,5.7,268883918,2021-06-10
300919,中伟新材,0.8,569650000,2021-06-10
601369,陕鼓动力,2.8,1677960233,2021-06-10
688606,奥泰生物,20.0,53904145,2021-06-10
920526,凯华材料,1.5,62000000,2021-06-11
002204,大连重工,0.35,1931370032,2021-06-11
601216,君正集团,3.0,8438017390,2021-06-11
002106,莱宝高科,1.5,705816160,2021-06-11
600798,宁波海运,0.6,1206534201,2021-06-11
300606,金太阳,2.8,93434000,2021-06-11
605286,同力天启,1.3,168000000,2021-06-11
002870,香山股份,1.8,110670000,2021-06-10
605366,宏柏新材,3.0,332000000,2021-06-11
600276,恒瑞医药,2.0,5331231328,2021-06-10
600773,西藏城投,0.1,819660744,2021-06-11
603712,七一二,1.0,772000000,2021-06-10
600884,杉杉股份,0.9,1628009229,2021-06-11
920471,美邦科技,1.0,70000000,2021-06-11
003010,若羽臣,0.8,121699840,2021-06-10
000021,深科技,1.6,1560587588,2021-06-10
000829,天音控股,0.55,1025100438,2021-06-11
603040,新坐标,5.0,103305779,2021-06-11
002978,安宁股份,5.0,401000000,2021-06-11
600261,阳光照明,3.0,1452102930,2021-06-10
002373,千方科技,0.701002,1580874765,2021-06-11
688550,瑞联新材,11.4,70181579,2021-06-15
600521,华海药业,2.0,1454609474,2021-06-11
300515,三德科技,1.5,205869500,2021-06-11
300879,大叶股份,1.0,160000000,2021-06-11
603196,璞源材料,1.2,240000000,2021-06-10
600603,广汇物流,3.0,1257026847,2021-06-11
300380,安硕信息,2.0,141009750,2021-06-11
000786,北新建材,5.5,1689507842,2021-06-11
688098,申联生物,1.0,409700000,2021-06-10
603528,多伦科技,0.4,626529147,2021-06-11
002461,珠江啤酒,1.15,2213328480,2021-06-15
002351,漫步者,2.0,889107000,2021-06-11
600400,红豆股份,1.2,2533256912,2021-06-10
002588,史丹利,0.7,1156884000,2021-06-11
603366,日出东方,1.25,800000000,2021-06-10
603798,康普顿,1.2,200000000,2021-06-10
002831,裕同科技,2.8,937203288,2021-06-11
603131,上海沪工,2.0,317980179,2021-06-10
002430,杭氧股份,2.5,964603777,2021-06-11
603018,华设集团,2.5,557184127,2021-06-10
300288,朗玛信息,0.15,337941402,2021-06-11
002222,福晶科技,1.0,427500000,2021-06-11
000014,沙河股份,0.08,201705187,2021-06-11
605003,众望布艺,5.0,88000000,2021-06-10
002938,鹏鼎控股,5.0,2311430816,2021-06-11
002557,洽洽食品,8.0,507000000,2021-06-11
600328,中盐化工,2.3,957664592,2021-06-10
002752,昇兴股份,0.1,976918468,2021-06-11
603029,天鹅股份,0.75,93340000,2021-06-10
002238,天威视讯,1.0,802559160,2021-06-11
600563,法拉电子,13.0,225000000,2021-06-11
600531,豫光金铅,0.86,1090242634,2021-06-11
002771,真视通,0.2,209764100,2021-06-11
300593,新雷能,0.65,165539400,2021-06-11
002899,英派斯,0.39,120000000,2021-06-15
300572,安车检测,0.845635,228988812,2021-06-15
000555,神州信息,0.499892,976518202,2021-06-15
000059,华锦股份,0.79,1599442537,2021-06-11
002099,海翔药业,0.2,1618715253,2021-06-11
300500,启迪设计,1.0,174139024,2021-06-15
601388,怡球资源,0.65,2201726086,2021-06-11
000521,长虹美菱,0.5,1044597881,2021-06-11
688663,新风光,3.0,139950000,2021-06-11
603928,兴业股份,1.5,201600000,2021-06-11
603160,汇顶科技,4.5,457897406,2021-06-11
603700,宁水集团,4.0,203242000,2021-06-11
002787,华源控股,0.5,315975140,2021-06-11
300396,ST迪瑞,4.9,276030000,2021-06-15
002732,燕塘乳业,1.5,157350000,2021-06-11
002885,京泉华,0.35,180000000,2021-06-11
688020,方邦股份,5.0,80000000,2021-06-11
688616,西力科技,2.2,150000000,2021-06-11
688036,传音控股,10.8,800000000,2021-06-11
300423,昇辉科技,1.05,498424190,2021-06-11
603332,苏州龙杰,1.5,118938000,2021-06-11
002039,黔源电力,3.6,305398662,2021-06-15
002536,飞龙股份,1.0,500711814,2021-06-16
600997,开滦股份,2.8,1587799851,2021-06-11
603998,方盛制药,0.6,429429720,2021-06-11
603776,永安行,6.334,192389259,2021-06-11
600419,天润乳业,1.65,268599337,2021-06-11
603687,大胜达,0.68,410858347,2021-06-11
300597,吉大通信,0.25,240000000,2021-06-15
920541,铁大科技,1.2,103700000,2021-06-15
601860,紫金银行,1.0,3660926078,2021-06-15
605255,天普股份,7.45,134080000,2021-06-11
688033,*ST天宜,0.4,448737188,2021-06-11
605108,同庆楼,1.0,200000000,2021-06-15
300880,迦南智能,2.0,133360000,2021-06-17
688101,三达膜,2.0,333880000,2021-06-16
300001,特锐德,0.5,1040710713,2021-06-16
600583,海油工程,0.7,4421354800,2021-06-15
002201,九鼎新材,0.11,332467470,2021-06-16
002068,黑猫股份,1.0,744793596,2021-06-15
300349,金卡智能,4.75,429054325,2021-06-17
600251,冠农股份,0.35,784303583,2021-06-15
600080,ST金花,0.9,373270285,2021-06-17
600137,浪莎股份,0.8,97217588,2021-06-17
603005,晶方科技,2.35,340064764,2021-06-15
920000,安徽凤凰,1.3,78074221,2021-06-17
002448,中原内配,1.0,603144105,2021-06-15
601698,中国卫通,0.25,4000000000,2021-06-15
601100,恒立液压,6.0,1305360000,2021-06-15
603217,元利科技,3.8,127456000,2021-06-15
688396,华润微,0.7373,1320091861,2021-06-17
300925,法本信息,1.0,129470098,2021-06-15
600998,九州通,5.0,1873816880,2021-06-17
688519,南亚新材,2.0,234400000,2021-06-15
920856,浩淼科技,1.0,77471549,2021-06-18
603681,永冠新材,2.0,166591604,2021-06-15
603506,南都物业,3.085,134126985,2021-06-15
603918,金桥信息,1.58,282227708,2021-06-15
300911,亿田智能,5.0,106666700,2021-06-15
603667,五洲新春,1.7,292333088,2021-06-15
300680,隆盛科技,1.0,144179563,2021-06-16
920225,利通科技,0.55,67798555,2021-06-21
600533,栖霞建设,1.0,1050000000,2021-06-15
002179,中航光电,4.0,1099945053,2021-06-17
600031,三一重工,6.0,8485221391,2021-06-16
600051,宁波联合,2.0,310880000,2021-06-16
603766,隆鑫通用,0.8,2053541850,2021-06-17
002679,福建金森,0.3,235756000,2021-06-11
688030,山石网科,1.01,180223454,2021-06-15
300953,震裕科技,1.4,93080000,2021-06-17
600022,山东钢铁,0.4,10946549616,2021-06-17
300217,东方电热,0.15,1273493706,2021-06-17
688069,德林海,6.0,59470000,2021-06-16
601968,宝钢包装,0.71,1132807440,2021-06-16
605088,冠盛股份,2.0,165935000,2021-06-17
000899,赣能股份,1.0,975677760,2021-06-15
603803,瑞斯康达,1.1,421055557,2021-06-16
300743,天地数码,2.997205,98980100,2021-06-16
000551,创元科技,1.0,400080405,2021-06-15
000417,合百集团,0.6,779884200,2021-06-16
300569,天能重工,2.6,399968115,2021-06-15
601799,星宇股份,13.0,276159946,2021-06-16
601288,农业银行,1.851,349983033873,2021-06-17
002579,中京电子,0.6,509585886,2021-06-15
688628,优利德,4.5,110000000,2021-06-16
300377,赢时胜,1.0,752077080,2021-06-17
603755,日辰股份,3.0,98613681,2021-06-16
002774,快意电梯,0.5,336687900,2021-06-16
002153,石基信息,0.4,1071112183,2021-06-16
300428,立中集团,0.84,599753858,2021-06-16
601199,江南水务,0.8,935210292,2021-06-16
002266,浙富控股,0.4,5369795962,2021-06-17
002847,盐津铺子,10.0,129360000,2021-06-16
603628,清源股份,0.5,273800000,2021-06-16
300857,协创数据,0.5,206557782,2021-06-16
603708,家家悦,4.5,608400970,2021-06-15
920006,晟楠科技,0.81,67287200,2021-06-17
603871,嘉友国际,10.0,219525070,2021-06-15
300550,和仁科技,0.35,189282458,2021-06-16
002836,新宏泽,3.0,160000000,2021-06-16
603882,金域医学,3.29,462611275,2021-06-15
603697,有友食品,3.2,308125000,2021-06-15
600160,巨化股份,1.0,2699746081,2021-06-16
002397,梦洁股份,0.6,758261443,2021-06-16
603289,泰瑞机器,2.0,296800000,2021-06-16
600285,羚锐制药,4.0,567808992,2021-06-16
603136,天目湖,3.0,128478816,2021-06-16
603920,世运电路,6.0,409410000,2021-06-17
002729,好利科技,0.4,66680000,2021-06-16
000400,许继电气,1.0,1008327309,2021-06-16
002285,世联行,0.55,2033579072,2021-06-17
300215,电科院,1.2,758322487,2021-06-17
300648,星云股份,0.4,147783896,2021-06-18
300940,南极光,0.79,118425692,2021-06-18
603566,普莱柯,5.0,321496000,2021-06-17
600028,中国石化,1.3,121071209646,2021-06-17
600302,ST标准,0.5,346009804,2021-06-16
603126,中材节能,0.8,610500000,2021-06-18
002487,大金重工,0.08,555718000,2021-06-18
688002,睿创微纳,1.4,445000000,2021-06-17
603002,宏昌电子,2.475,914471311,2021-06-16
605303,园林股份,1.0,161237408,2021-06-16
603809,豪能股份,3.0,216348200,2021-06-17
603599,广信股份,4.3,464679135,2021-06-16
600585,海螺水泥,21.2,5299302579,2021-06-17
300174,元力股份,1.0,309903168,2021-06-16
300088,长信科技,0.999981,2454851691,2021-06-17
002152,广电运通,1.5,2483382898,2021-06-17
603321,梅轮电梯,0.5,307000000,2021-06-16
688123,聚辰股份,4.1,120841867,2021-06-16
603377,ST东时,0.85,610634186,2021-06-16
600552,凯盛科技,0.5,763884003,2021-06-17
603036,如通股份,1.5,206673000,2021-06-16
300474,景嘉微,1.3,301248278,2021-06-16
300730,科创信息,0.6,159533198,2021-06-18
688679,通源环境,2.1,131689675,2021-06-16
920239,长虹能源,6.0,81283127,2021-06-18
300808,久量股份,0.3,160000000,2021-06-17
603855,华荣股份,5.0,337640000,2021-06-17
300719,安达维尔,2.0,254029250,2021-06-17
300923,研奥股份,1.8,78600000,2021-06-16
002976,瑞玛精密,1.0,100000000,2021-06-16
600499,科达制造,1.0,1888419929,2021-06-16
300171,东富龙,2.2,628337040,2021-06-16
300399,天利科技,0.25,197600000,2021-06-17
300486,东杰智能,0.4,271006254,2021-06-17
000501,武商集团,1.5,768992731,2021-06-17
603608,天创时尚,1.5,428907027,2021-06-16
002342,巨力索具,0.05,960000000,2021-06-16
003023,彩虹集团,4.0,81032000,2021-06-17
002184,海得控制,1.0,239393449,2021-06-16
002997,瑞鹄模具,2.0,183600000,2021-06-17
000012,南玻A,1.0,3070692107,2021-06-17
300243,瑞丰高材,1.2,232322851,2021-06-18
688056,莱伯泰科,3.0,67000000,2021-06-17
002705,新宝股份,6.0,826727780,2021-06-17
002026,山东威达,1.0,423226219,2021-06-17
001914,招商积余,1.3,1060346060,2021-06-17
002950,奥美医疗,8.8,633265407,2021-06-16
601890,亚星锚链,0.3,959400000,2021-06-18
601898,中煤能源,1.34,13258663400,2021-06-17
002440,闰土股份,3.5,1150500000,2021-06-17
002645,华宏科技,0.8,582691698,2021-06-16
300260,新莱应材,0.5,226559307,2021-06-18
002845,同兴达,1.2,234314304,2021-06-16
300034,钢研高纳,1.35,486068671,2021-06-18
603200,上海洗霸,1.1,100767578,2021-06-17
603116,红蜻蜓,2.7,576200800,2021-06-16
002880,卫光生物,2.5,162000000,2021-06-16
300105,龙源技术,0.982081,522580000,2021-06-18
688168,安博通,3.0,51180000,2021-06-17
605277,新亚电子,3.0,133440000,2021-06-17
600460,士兰微,0.16,1312061614,2021-06-18
300058,蓝色光标,0.608609,2491037834,2021-06-18
600919,江苏银行,3.16,14769612313,2021-06-18
002340,格林美,0.15,4783522257,2021-06-18
603800,洪田股份,0.07,208000000,2021-06-17
600776,东方通信,0.4,1256000064,2021-06-21
000528,柳工,2.8,1475240876,2021-06-18
000973,佛塑科技,0.3,967423171,2021-06-18
002605,姚记科技,5.0,402566087,2021-06-18
000096,广聚能源,0.2,528000000,2021-06-18
000030,富奥股份,3.0,1810552111,2021-06-17
603076,乐惠国际,1.5,86215246,2021-06-17
300414,中光防雷,0.149785,325197466,2021-06-21
002755,奥赛康,2.0,928160351,2021-06-18
601069,西部黄金,0.37,636000000,2021-06-18
603348,文灿股份,1.5,261351485,2021-06-18
600513,联环药业,1.08,287990370,2021-06-18
688777,中控技术,2.5853,494084000,2021-06-18
300943,春晖智控,1.0,135880000,2021-06-17
688088,虹软科技,2.6,406000000,2021-06-17
688600,皖仪科技,2.5,133340000,2021-06-18
000920,沃顿科技,0.88,422000000,2021-06-17
600616,金枫酒业,0.3,669004950,2021-06-18
601808,中海油服,1.7,4771592000,2021-06-17
300516,久之洋,1.03,180000000,2021-06-18
600133,东湖高新,1.1,795469152,2021-06-18
600101,明星电力,0.5,421432670,2021-06-18
603948,建业股份,2.0,160000000,2021-06-18
600184,光电股份,0.33,508760826,2021-06-18
000301,东方盛虹,1.0,4834863866,2021-06-18
300408,三环集团,2.5,1816905952,2021-06-17
688135,利扬芯片,3.67,136400000,2021-06-18
002736,国信证券,2.3,9612429377,2021-06-17
603926,铁流股份,5.0,160201600,2021-06-17
600299,安迪苏,1.76,2681901273,2021-06-17
000930,中粮科技,0.65,1865717988,2021-06-17
002185,华天科技,0.22,2740003774,2021-06-18
002462,嘉事堂,3.3,291707120,2021-06-18
002822,ST中装,0.5,721445836,2021-06-17
603155,新亚强,5.5,155560000,2021-06-21
300982,苏文电能,5.0,140318267,2021-06-18
600335,国机汽车,1.2,1456875351,2021-06-18
600850,电科数字,2.5,426852228,2021-06-18
920663,明阳科技,5.17,38700000,2021-06-25
600398,海澜之家,2.56,4319598496,2021-06-17
600409,三友化工,2.45,2064349448,2021-06-18
300062,中能电气,0.2,308000000,2021-06-18
300493,润欣科技,0.3,486568962,2021-06-18
600655,豫园股份,3.3,3883498464,2021-06-18
002745,木林森,1.26,1484166399,2021-06-18
300929,华骐环保,1.2,82583098,2021-06-18
002110,三钢闽光,4.5,2451576238,2021-06-18
002389,航天彩虹,0.4,946062685,2021-06-18
600057,厦门象屿,3.0,2157454085,2021-06-18
603929,亚翔集成,1.0,213360000,2021-06-18
002215,诺普信,1.0,913756384,2021-06-17
600159,大龙地产,0.5,830003232,2021-06-18
603486,科沃斯,5.0,572544025,2021-06-18
000790,华神科技,0.1,616360564,2021-06-18
002150,正泰电源,1.5,356517053,2021-06-17
600801,华新建材,10.8,2096599855,2021-06-17
688023,安恒信息,2.0,74074075,2021-06-18
603279,景津装备,7.0,411949500,2021-06-17
600415,小商品城,0.55,5489914176,2021-06-18
300882,万胜智能,3.0,157253400,2021-06-21
603225,新凤鸣,1.3,1401224082,2021-06-17
300613,富瀚微,1.098866,80083433,2021-06-17
000404,长虹华意,1.0,695995979,2021-06-18
002626,金达威,6.0,616481927,2021-06-18
300374,中铁装配,0.1,245912337,2021-06-18
600761,安徽合力,3.5,740180802,2021-06-18
600928,西安银行,1.9,4444444445,2021-06-18
000726,鲁泰A,0.5,882419808,2021-06-18
003026,中晶科技,10.0,99760000,2021-06-17
600976,健民集团,3.66,153398600,2021-06-18
600754,锦江酒店,0.58,1070044063,2021-06-18
000027,深圳能源,2.6,4757389916,2021-06-18
300927,江天化学,2.1,80200000,2021-06-21
605133,嵘泰股份,2.5,160000000,2021-06-18
002187,广百股份,0.5,342422568,2021-06-17
300702,天宇股份,5.0,193320644,2021-06-18
600784,鲁银投资,0.31,568177846,2021-06-18
920971,天马新材,5.0,43220000,2021-06-18
002209,达意隆,0.1,195244050,2021-06-17
920429,康比特,1.0,101610000,2021-06-21
300933,中辰股份,0.3,458500000,2021-06-18
600995,南网储能,0.7,478526400,2021-06-18
603696,安记食品,2.5,235200000,2021-06-21
603709,中源家居,1.1,80000000,2021-06-18
000860,顺鑫农业,1.0,741766989,2021-06-18
603810,丰山集团,5.0,116197200,2021-06-18
300188,国投智能,1.3,806726815,2021-06-18
300673,佩蒂股份,1.0,168940800,2021-06-21
000531,穗恒运A,2.5,685082820,2021-06-21
601888,中国中免,10.0,1952475544,2021-06-22
603768,常青股份,1.12,204000000,2021-06-18
603328,依顿电子,1.0,998442611,2021-06-18
000028,国药一致,8.0,428126983,2021-06-21
300908,仲景食品,5.0,100000000,2021-06-18
603819,神力股份,0.21,217730187,2021-06-18
688286,敏芯股份,2.4,53200000,2021-06-18
688116,天奈科技,0.7,231858116,2021-06-18
603698,航天工程,1.01,535990000,2021-06-18
002149,西部材料,1.5,488214274,2021-06-18
601003,柳钢股份,2.5,2562793200,2021-06-18
603007,顺景科技,0.1,335723242,2021-06-18
000019,深粮控股,2.0,1152535254,2021-06-21
603223,恒通股份,1.5,282240000,2021-06-18
300809,华辰装备,2.0,156920000,2021-06-21
601228,广州港,0.43,6193180000,2021-06-18
300766,每日互动,0.5,400100000,2021-06-21
601512,中新集团,2.62,1498890000,2021-06-21
600089,特变电工,2.1,3714312789,2021-06-18
605155,西大门,2.5,96000000,2021-06-18
300797,钢研纳克,0.32,248200000,2021-06-21
605060,联德股份,3.34,240000000,2021-06-18
920627,力王股份,1.5,68000000,2021-06-23
600511,国药股份,5.5,754502998,2021-06-22
600848,上海临港,3.0,2102072504,2021-06-22
600517,国网英大,0.62,5718435744,2021-06-18
920374,云里物里,1.0,56014400,2021-06-21
688200,华峰测控,9.9,61328754,2021-06-18
600061,国投资本,1.96,4227155486,2021-06-18
300783,三只松鼠,2.52,401000000,2021-06-21
600458,时代新材,1.25,802798152,2021-06-18
600177,雅戈尔,5.0,4629002973,2021-06-18
300637,扬帆新材,0.3,234750130,2021-06-22
603607,京华激光,2.5,178516800,2021-06-18
300245,ST天玑,0.25,313457493,2021-06-21
600019,宝钢股份,3.0,22268589450,2021-06-18
000933,神火股份,1.0,2231461809,2021-06-21
002511,中顺洁柔,1.0,1311487077,2021-06-21
920149,旭杰科技,2.0,38820000,2021-06-22
002959,小熊电器,12.0,156444000,2021-06-18
600025,华能水电,1.6,18000000000,2021-06-18
600621,华鑫股份,1.41,1060899292,2021-06-18
300661,圣邦股份,5.0,156493144,2021-06-18
000060,中金岭南,0.839939,3569943680,2021-06-18
603337,杰克科技,2.6,445868520,2021-06-21
601058,赛轮轮胎,1.5,3064174772,2021-06-18
002867,周大生,6.0,730815601,2021-06-18
603027,千禾味业,0.93,665675318,2021-06-18
688633,星球石墨,6.9,72733334,2021-06-18
600125,铁龙物流,1.0,1305521874,2021-06-18
601636,旗滨集团,3.5,2686216940,2021-06-18
300916,朗特智能,3.0,42580000,2021-06-21
603308,应流股份,1.24,487962086,2021-06-18
605018,长华集团,2.0,416680000,2021-06-18
600418,江淮汽车,0.23,1893312117,2021-06-18
605376,博迁新材,2.8,261600000,2021-06-18
002963,豪尔赛,0.3,150359930,2021-06-21
000681,视觉中国,0.21,700577436,2021-06-21
003017,大洋生物,6.0,60000000,2021-06-18
002057,中钢天源,1.0,746187776,2021-06-18
603719,良品铺子,2.57,401000000,2021-06-21
688013,天臣医疗,2.0,80000000,2021-06-18
300890,翔丰华,1.0,100000000,2021-06-21
300621,维业股份,0.35,208056700,2021-06-21
300341,麦克奥迪,0.6,510163336,2021-06-22
300562,乐心医疗,1.999749,214680169,2021-06-21
600378,昊华科技,2.47,919229657,2021-06-21
002035,华帝股份,1.5,869230324,2021-06-21
300248,新开普,0.6,481092495,2021-06-21
600746,江苏索普,1.7,1167842884,2021-06-21
002698,博实股份,2.0,1022550000,2021-06-22
300973,立高食品,5.0,169340000,2021-06-22
600933,爱柯迪,2.5,860953000,2021-06-21
688683,莱尔科技,1.7,148560000,2021-06-21
002425,凯撒文化,0.18,956665066,2021-06-22
603725,天安新材,1.0,209442000,2021-06-22
600459,贵研铂业,2.3,437708011,2021-06-21
003039,顺控发展,1.24,617518730,2021-06-23
605158,华达新材,2.5,393400000,2021-06-21
000563,陕国投A,0.3,3964012846,2021-06-22
603118,共进股份,1.35,775733332,2021-06-22
002177,御银股份,0.1,761191294,2021-06-22
600390,五矿资本,1.04,4498065459,2021-06-21
920985,海泰新能,2.0,247580960,2021-06-24
688129,东来技术,2.0,120000000,2021-06-21
605001,威奥股份,2.0,302220000,2021-06-22
600332,白云山,5.38,1625790949,2021-06-21
601179,中国西电,0.3,5125882352,2021-06-21
002449,国星光电,0.6,618477169,2021-06-22
688199,久日新材,3.5,111226800,2021-06-22
002203,海亮股份,0.75,1966837619,2021-06-23
603689,皖天然气,1.9,336000000,2021-06-23
002224,三力士,0.2,729570056,2021-06-22
002015,协鑫能科,1.5,1352461312,2021-06-22
300228,富瑞特装,0.15,575406349,2021-06-23
605358,立昂微,1.1,400580000,2021-06-22
001696,宗申动力,3.0,1145026920,2021-06-22
600201,生物股份,1.2,1126240241,2021-06-22
003040,楚天龙,0.8,461135972,2021-06-22
600969,郴电国际,0.276,370050484,2021-06-24
603985,恒润股份,4.0,203840000,2021-06-22
300154,瑞凌股份,1.5,455296000,2021-06-23
002116,中国海诚,0.838,417628938,2021-06-23
605389,长龄液压,3.0,97333400,2021-06-22
600894,广日股份,4.0,859946895,2021-06-23
601865,福莱特,1.5,2146193254,2021-06-23
688118,普元信息,3.0,95400000,2021-06-23
688127,蓝特光学,1.5,402845000,2021-06-23
688505,复旦张江,0.5,1043000000,2021-06-23
688399,硕世生物,55.0,58620000,2021-06-23
605228,神通科技,0.85,420000000,2021-06-23
600206,有研新材,1.19,846594132,2021-06-24
603968,醋化股份,5.0,204480000,2021-06-23
600874,创业环保,1.2,1427228430,2021-06-22
603893,瑞芯微,5.0,416807000,2021-06-22
300043,星辉娱乐,0.1,1244198401,2021-06-24
300420,五洋自控,0.3,858756586,2021-06-23
002946,新乳业,0.7,867270666,2021-06-23
600667,太极实业,1.7,2106190178,2021-06-22
688398,赛特新材,3.6,80000000,2021-06-24
600760,中航沈飞,2.4,1400389285,2021-06-24
002540,亚太科技,0.6,1270529500,2021-06-23
300035,中科电气,1.0,642365824,2021-06-23
300796,贝斯美,0.5,121150000,2021-06-24
002007,华兰生物,3.0,1824366726,2021-06-23
603283,赛腾股份,6.5,182006398,2021-06-22
603693,江苏新能,1.5,618000000,2021-06-23
920790,联迪信息,2.0,63307020,2021-06-24
600717,天津港,0.86,2411667532,2021-06-23
603324,盛剑科技,2.95,123920000,2021-06-23
300960,通业科技,4.0,102385812,2021-06-23
601997,贵阳银行,3.0,3656198076,2021-06-23
688526,科前生物,2.9,465000000,2021-06-23
605199,ST葫芦娃,1.5,400108752,2021-06-23
002028,思源电气,1.999798,763215782,2021-06-23
601456,国联民生,1.2,2378119000,2021-06-23
603788,宁波高发,6.0,223065068,2021-06-22
002498,汉缆股份,0.36,3326796000,2021-06-22
300470,中密控股,2.0,208186352,2021-06-23
603028,赛福天,0.75,220800000,2021-06-24
002587,奥拓电子,0.198949,652044158,2021-06-24
603822,ST嘉澳,1.52,73358642,2021-06-24
688157,松井股份,3.3,79600000,2021-06-23
688128,中国电研,3.0,404500000,2021-06-23
688111,金山办公,6.0,461000000,2021-06-22
603790,雅运股份,1.0,191360000,2021-06-22
603999,读者传媒,0.39,576000000,2021-06-23
002364,中恒电气,1.0,563564960,2021-06-24
600059,古越龙山,0.5,911542413,2021-06-23
600516,方大炭素,5.0,3805970368,2021-06-22
002277,友阿股份,0.1,1394172800,2021-06-22
603329,上海雅仕,1.5,158756195,2021-06-23
603158,腾龙股份,1.5,216971200,2021-06-22
002578,闽发铝业,0.3,988093296,2021-06-22
600883,博闻科技,0.3,236088000,2021-06-23
002613,北玻股份,0.35,937170000,2021-06-22
002986,宇新股份,1.2,113340000,2021-06-22
688136,科兴制药,0.8,198700650,2021-06-22
920163,方大新材,2.7,126000000,2021-06-23
002064,华峰化学,1.0,4633519221,2021-06-22
600508,上海能源,2.78,722718000,2021-06-25
002589,瑞康医药,0.18,1504710471,2021-06-23
300487,蓝晓科技,2.0,219777887,2021-06-24
600178,东安动力,0.3,462080000,2021-06-24
000898,鞍钢股份,0.84,9405250201,2021-06-23
002029,七匹狼,1.0,755670000,2021-06-24
603589,口子窖,12.0,600000000,2021-06-24
603933,睿能科技,0.5,201233200,2021-06-23
600863,华能蒙电,1.26,5808543768,2021-06-25
600218,全柴动力,1.0,368755000,2021-06-23
600406,国电南瑞,4.2,4621493787,2021-06-23
002664,信质集团,1.0,403860000,2021-06-25
600111,北方稀土,0.7,3633066000,2021-06-24
601872,招商轮船,1.24,6740120114,2021-06-24
300549,优德精密,1.0,133340000,2021-06-24
300514,友讯达,0.5,200000000,2021-06-24
603387,基蛋生物,3.6,260340871,2021-06-23
601086,国芳集团,1.2,666000000,2021-06-24
300275,梅安森,0.25,188220755,2021-06-25
688659,元琛科技,1.2,160000000,2021-06-24
603365,水星家纺,4.0,266670000,2021-06-25
603203,快克智能,8.0,156533787,2021-06-23
600329,达仁堂,3.0,773643076,2021-06-24
601137,博威合金,1.7,790044972,2021-06-23
603989,艾华集团,3.2,399293985,2021-06-24
002738,中矿资源,0.5,322513075,2021-06-23
601789,宁波建工,1.0,976089865,2021-06-24
688008,澜起科技,3.0,1131030341,2021-06-25
600422,昆药集团,2.3,758255769,2021-06-23
300454,深信服,2.0,413874278,2021-06-24
600168,武汉控股,1.08,709569692,2021-06-25
688258,卓易信息,2.02,86956591,2021-06-23
601012,隆基绿能,2.5,3866394792,2021-06-23
300394,天孚通信,6.0,216950663,2021-06-25
600123,兰花科创,1.0,1142400000,2021-06-25
603816,顾家家居,8.2,632289205,2021-06-23
603701,德宏股份,0.5,261361901,2021-06-23
601609,金田股份,1.06,1480471500,2021-06-23
603912,佳力图,2.5,216917199,2021-06-23
300054,鼎龙股份,0.3,938743711,2021-06-24
000006,深振业A,1.93,1349995046,2021-06-23
603848,好太太,2.5,401000000,2021-06-25
300165,天瑞仪器,0.09,496990870,2021-06-24
002156,通富微电,0.26,1329036928,2021-06-23
002025,航天电器,2.0,429000000,2021-06-25
603977,国泰集团,1.0,551581577,2021-06-23
600893,航发动力,1.3,2665594238,2021-06-23
603579,荣泰健康,5.0,140000360,2021-06-24
600479,千金药业,10.0,418507117,2021-06-25
002917,金奥博,1.0,271344000,2021-06-23
603311,金海高科,2.0,210000000,2021-06-23
000635,英力特,1.4,303087602,2021-06-23
000061,农产品,0.6,1696964131,2021-06-24
003019,宸展光电,4.3,128000000,2021-06-23
002283,天润工业,0.5,1135633878,2021-06-25
605208,永茂泰,1.5,188000000,2021-06-28
603316,诚邦股份,1.0,203280000,2021-06-24
603306,华懋科技,1.311,308740206,2021-06-25
603520,司太立,5.0,244904743,2021-06-24
603020,爱普股份,1.6,320000000,2021-06-24
688068,热景生物,15.0,62196341,2021-06-25
001201,东瑞股份,10.0,126670000,2021-06-25
603887,城地香江,1.0,375587343,2021-06-24
000819,岳阳兴长,0.1,299150255,2021-06-25
002278,神开股份,0.5,363909648,2021-06-25
003037,三和管桩,1.31,503836583,2021-06-25
300957,贝泰妮,4.5,423600000,2021-06-24
300978,东箭科技,5.0,422702739,2021-06-25
600016,民生银行,2.13,43782418502,2021-06-24
600308,华泰股份,1.79,1167561419,2021-06-25
600535,天士力,3.3,1512666229,2021-06-24
600917,重庆燃气,0.85,1571340000,2021-06-24
600380,健康元,1.5,1958593217,2021-06-25
002548,金新农,0.3,690719655,2021-06-25
603139,康惠股份,0.7,99880000,2021-06-24
600368,五洲交通,1.51,1125632068,2021-06-25
600420,国药现代,1.0,1026961901,2021-06-25
605178,时空科技,1.9,70894000,2021-06-25
000768,中航西飞,0.85,2768645071,2021-06-24
600223,福瑞达,2.0,1009152199,2021-06-24
000636,风华高科,0.5,895233111,2021-06-25
300619,金银河,0.2,74685604,2021-06-24
603030,全筑股份,0.3,538129334,2021-06-25
002851,麦格米特,1.7,501907534,2021-06-24
601098,中南传媒,6.3,1796000000,2021-06-25
001965,招商公路,1.77,6178229405,2021-06-25
600056,中国医药,3.68,1068485534,2021-06-25
920415,恒拓开源,0.16,137701987,2021-06-28
300843,胜蓝股份,1.5,148900000,2021-06-25
000025,特力A,0.2,431058320,2021-06-28
002549,凯美特气,0.5,623700000,2021-06-25
688488,艾迪药业,0.48,420000000,2021-06-24
000539,粤电力A,1.2,5250283986,2021-06-24
600367,红星发展,0.2,293325000,2021-06-28
300227,光韵达,0.4,496866493,2021-06-24
601019,山东出版,3.2,2086900000,2021-06-25
603917,合力科技,2.0,156800000,2021-06-24
300244,迪安诊断,1.3,620458296,2021-06-24
688300,联瑞新材,5.0,85973400,2021-06-24
603095,越剑智能,5.0,132000000,2021-06-25
603686,福龙马,3.8,415655737,2021-06-24
300015,爱尔眼科,1.482893,4169064135,2021-06-24
000599,青岛双星,0.100669,816792487,2021-06-24
600926,杭州银行,3.5,5930200432,2021-06-25
300938,信测标准,3.0,65100000,2021-06-25
601139,深圳燃气,2.1,2876767544,2021-06-24
600592,龙溪股份,1.13,399553571,2021-06-25
003035,南网能源,0.106,3787878787,2021-06-24
002673,西部证券,0.76,4469581705,2021-06-25
300246,宝莱特,4.0,146090632,2021-06-28
002957,科瑞技术,2.3,411819100,2021-06-25
600106,重庆路桥,0.52,1329025062,2021-06-25
000968,蓝焰控股,0.5,967502660,2021-06-24
601952,苏垦农发,2.1,1378000000,2021-06-28
002700,万憬能源,0.35,422426880,2021-06-25
603706,东方环宇,6.0,189382714,2021-06-24
600436,片仔癀,9.0,603317210,2021-06-25
600682,南京新百,0.2,1346132221,2021-06-28
000560,我爱我家,0.13,2355500851,2021-06-25
002827,高争民爆,1.5,276000000,2021-06-25
002907,华森制药,0.28,401701644,2021-06-24
300445,康斯特,0.506401,216380084,2021-06-25
000900,现代投资,1.6,1517828334,2021-06-25
002500,山西证券,1.1,3589771547,2021-06-25
002408,齐翔腾达,2.514069,1988788154,2021-06-25
600170,上海建工,1.45,8904397728,2021-06-25
688335,复洁科技,2.8,72521508,2021-06-25
002144,宏达高科,1.0,176762528,2021-06-25
600992,贵绳股份,0.37,245090000,2021-06-25
601163,三角轮胎,4.0,800000000,2021-06-25
300003,乐普医疗,2.28,1804581117,2021-06-25
605333,沪光股份,0.65,401000000,2021-06-25
300641,正丹股份,0.2,489600000,2021-06-25
603367,辰欣药业,2.56,453353000,2021-06-25
603369,今世缘,4.5,1254500000,2021-06-25
603489,八方股份,20.0,120314955,2021-06-25
600366,宁波韵升,1.0,989113721,2021-06-25
300451,创业慧康,0.3,1192144379,2021-06-28
688160,步科股份,3.0,84000000,2021-06-25
300717,华信新材,1.0,102400000,2021-06-25
002170,芭田股份,0.1,886862627,2021-06-28
601857,中国石油,0.8742,183020977818,2021-06-29
603278,大业股份,1.1,289955116,2021-06-25
300941,创识科技,3.0,136500000,2021-06-29
603577,汇金通,1.11,288268235,2021-06-25
600519,贵州茅台,192.93,1256197800,2021-06-25
920017,星昊医药,2.18,91977200,2021-06-30
002576,通达动力,1.0,165100000,2021-06-25
000065,北方国际,0.973733,774468490,2021-06-25
605117,德业股份,8.0,170667000,2021-06-28
601800,中国交建,1.8088,16165711425,2021-06-25
300955,嘉亨家化,4.1,100800000,2021-06-28
300121,阳谷华泰,1.5,375131706,2021-06-29
605177,东亚药业,3.5,113600000,2021-06-25
601339,百隆东方,2.0,1500000000,2021-06-28
600353,旭光电子,0.3,543720000,2021-06-28
600064,南京高科,5.0,1235956888,2021-06-28
300539,横河精密,0.799081,222248426,2021-06-28
000713,国投丰乐,0.2,438582129,2021-06-29
600356,恒丰纸业,1.33,298731378,2021-06-28
601077,渝农商行,2.22,11357000000,2021-06-29
601958,金钼股份,2.5,3226604400,2021-06-25
600527,江南高纤,1.0,1731760902,2021-06-30
300135,宝利国际,0.1,921600000,2021-06-29
920978,开特股份,1.281739,156038000,2021-06-29
600230,沧州大化,0.15,418596302,2021-06-28
300031,宝通科技,3.0,396771085,2021-06-28
002723,小崧股份,0.18,192404000,2021-06-28
688456,有研粉材,1.5,103660000,2021-06-29
600038,中直股份,3.88,589476716,2021-06-30
601002,晋亿实业,0.5,959282000,2021-06-30
603199,九华旅游,1.5,110680000,2021-06-29
000885,城发环境,0.96,642078255,2021-06-28
600737,中粮糖业,0.8,2138848228,2021-06-28
920010,凯添燃气,2.5,234500000,2021-07-01
300265,通光线缆,0.199999,364954942,2021-06-28
002063,远光软件,0.5,1102486112,2021-06-29
002840,华统股份,0.319988,447633233,2021-06-30
601699,潞安环能,1.94,2991409200,2021-06-29
601838,成都银行,4.6,3612251334,2021-06-28
600528,中铁工业,1.41,2221551588,2021-06-30
300253,卫宁健康,0.25,2141432895,2021-06-30
603505,金石资源,3.0,240000000,2021-06-28
300479,神思电子,0.2,169555237,2021-06-30
600916,中国黄金,1.6,1680000000,2021-06-29
600512,腾达建设,0.5,1598902832,2021-06-29
603879,永悦科技,0.079,279388800,2021-06-29
002349,精华制药,0.41,835724374,2021-06-30
603060,国检集团,1.61,431200000,2021-06-28
603277,银都股份,5.0,420220000,2021-06-29
600360,华微电子,0.15,960295304,2021-06-29
002010,传化智联,1.0,3306449678,2021-06-25
600637,东方明珠,2.7,3414500201,2021-06-28
000507,珠海港,0.605094,919734895,2021-06-29
300827,上能电气,2.0,73333600,2021-06-30
688095,福昕软件,8.0,48140000,2021-06-28
600033,福建高速,1.0,2744400000,2021-06-28
603995,甬金股份,7.0,233127400,2021-06-28
600782,新钢股份,3.0,3188722696,2021-06-28
601018,宁波港,0.82,15807417370,2021-06-30
601601,中国太保,12.0,9620341455,2021-06-30
600810,神马股份,2.0,919455100,2021-06-28
300368,汇金股份,0.17,531943475,2021-06-29
603970,中农立华,3.0,192000096,2021-06-28
002790,瑞尔特,1.5,418329000,2021-06-30
605188,国光连锁,0.75,495580000,2021-06-28
300691,联合光电,1.0,225202128,2021-06-29
300793,佳禾智能,1.0,266688000,2021-07-01
601168,西部矿业,1.2,2383000000,2021-06-29
603903,中持股份,0.7,202303752,2021-06-29
600050,中国联通,0.669,31011853287,2021-06-30
603185,弘元绿能,5.8,275253734,2021-06-29
300129,泰胜风能,1.0,719153256,2021-06-30
688017,绿的谐波,2.5,120416700,2021-06-29
300303,聚飞光电,1.0,1277713651,2021-06-30
600298,安琪酵母,4.9473,832860943,2021-06-29
603015,弘讯科技,1.0,404219000,2021-06-29
002608,江苏国信,2.0,3778079704,2021-06-30
002981,朝阳科技,0.5,96000000,2021-06-29
600497,驰宏锌锗,0.5,5091291568,2021-06-30
605298,必得科技,4.0,108000000,2021-06-30
300959,线上线下,3.0,80000000,2021-06-29
300382,斯莱克,0.25,564570157,2021-06-30
000407,胜利股份,0.2,880084656,2021-06-30
600195,中牧股份,1.25,1015610601,2021-07-01
002353,杰瑞股份,1.8,957853992,2021-06-30
603896,寿仙谷,3.12,150846702,2021-06-30
601177,杭齿前进,0.2,400060000,2021-06-30
002641,公元股份,1.25,1235383866,2021-06-30
600586,金晶科技,0.3,1428770000,2021-06-29
000738,航发控制,0.45,1145642349,2021-06-30
601166,兴业银行,8.02,20774190751,2021-06-29
601668,中国建筑,2.147,41948167844,2021-06-30
300810,中科海讯,0.5,78700000,2021-07-01
002919,名臣健康,2.55,122135745,2021-06-29
300568,星源材质,0.999182,448906436,2021-06-29
603017,中衡设计,6.25,276807728,2021-06-29
603331,百达精工,2.0,178157379,2021-06-30
003016,欣贺股份,4.0,431668700,2021-07-01
000988,华工科技,0.6,1005502707,2021-06-30
002497,雅化集团,0.15,1152562520,2021-06-29
002791,坚朗五金,5.5,321540000,2021-06-29
600826,兰生股份,1.3,535920895,2021-06-29
600966,博汇纸业,1.264,1336844288,2021-06-29
600708,光明地产,0.2,2228636743,2021-06-29
603026,石大胜华,6.0,202680000,2021-06-30
300759,康龙化成,3.0,794387462,2021-06-30
688122,西部超导,4.0,441272000,2021-06-29
603883,老百姓,3.5,408673661,2021-06-30
300533,冰川网络,2.5,150833400,2021-06-30
600363,联创光电,0.58,455476750,2021-06-30
300422,博世科,0.5,405716414,2021-07-01
000736,中交发展,0.5,695433689,2021-06-30
605183,确成股份,5.0,414018000,2021-07-01
000859,国风新材,0.3,895976271,2021-07-01
688639,华恒生物,3.37,108000000,2021-06-30
000881,中广核技,0.33,945425815,2021-07-01
000688,国城矿业,0.14,1137306074,2021-06-30
300326,ST凯利,0.5,722976333,2021-07-02
920152,昆工科技,0.5,78500000,2021-07-01
688395,正弦电气,2.0,86000000,2021-07-01
002767,先锋电子,0.28,150000000,2021-07-01
002892,科力尔,4.5,142120000,2021-07-01
002046,国机精工,0.45,524349078,2021-06-30
002213,大为股份,0.1,206000000,2021-06-30
688080,映翰通,1.6,52428786,2021-07-01
603718,*ST海利,0.042,644000000,2021-07-01
600161,天坛生物,1.0,1373174615,2021-06-30
000778,新兴铸管,1.5,3990880176,2021-06-30
002901,大博医疗,8.0,405139820,2021-07-01
600361,创新新材,0.8,665807918,2021-06-30
920087,秋乐种业,0.6,130860000,2021-07-06
603269,海鸥股份,2.0,112518866,2021-06-30
600468,百利电气,0.31,1121895038,2021-06-30
605007,五洲特纸,3.0,400010000,2021-06-30
603501,豪威集团,3.15,868580764,2021-06-30
000719,中原传媒,3.1,1023203749,2021-07-01
300780,德恩精工,1.2,146670000,2021-07-01
603129,春风动力,8.3,134377300,2021-06-30
601858,中国科传,2.54,790500000,2021-06-30
300668,杰恩股份,3.010584,105400000,2021-07-02
600073,光明肉业,1.3,937729472,2021-07-01
000625,长安汽车,3.06,5439591574,2021-07-01
000042,中洲控股,0.5,664831139,2021-07-05
603900,莱绅通灵,3.0,340473840,2021-07-01
600660,福耀玻璃,7.5,2609743532,2021-07-01
600180,*ST瑞茂,0.466,1016477464,2021-07-02
603398,*ST沐邦,0.58,342634507,2021-07-02
002678,珠江钢琴,0.37,1358320323,2021-07-02
600018,上港集团,1.28,23173674650,2021-07-02
300737,科顺股份,1.5,1145867580,2021-07-01
002869,金溢科技,10.6,180636097,2021-07-05
300652,雷迪克,4.999926,94080115,2021-07-01
603359,*ST东珠,2.0,318640000,2021-07-05
002532,天山铝业,2.0,4651885415,2021-07-01
300858,科拓生物,10.0,82517692,2021-07-02
603662,柯力传感,4.0,167160636,2021-07-05
920879,基康技术,3.0,130000000,2021-07-02
601900,南方传媒,3.1,895876566,2021-07-01
603416,信捷电气,2.8,140560000,2021-07-01
300237,ST美晨,0.06,1453072510,2021-07-02
603990,麦迪科技,0.66,165463488,2021-07-01
601588,北辰实业,0.3,3367020000,2021-07-02
600658,电子城,1.4,1118585045,2021-07-05
688518,联赢激光,1.2,299200000,2021-07-01
603258,电魂网络,1.6,247434900,2021-07-01
600505,西昌电力,0.3,364567500,2021-07-01
002877,智能自控,0.38,332523682,2021-07-02
002252,上海莱士,0.25,6740787907,2021-07-02
603922,ST金鸿顺,0.2,128000000,2021-07-01
601101,昊华能源,0.3,1199998272,2021-07-01
600463,空港股份,0.1,300000000,2021-07-02
000498,山东路桥,1.0,1557016203,2021-07-02
688201,ST信安,3.75,93127756,2021-07-05
603711,香飘飘,3.0,416450600,2021-07-02
002009,天奇股份,0.49,370549434,2021-07-05
688596,正帆科技,1.0,256500000,2021-07-05
601717,中创智领,2.099,1774771370,2021-07-02
603238,诺邦股份,4.5,123500000,2021-07-02
600755,厦门国贸,4.6,1952135084,2021-07-05
600694,大商股份,6.0,293718653,2021-07-02
300439,美康生物,1.567232,382999815,2021-07-05
688607,康众医疗,3.4,88129027,2021-07-02
603345,安井食品,7.42,244424360,2021-07-02
002531,天顺风能,1.5,1802509062,2021-07-02
300750,宁德时代,2.40048,2329007802,2021-07-05
002314,南山控股,1.0,2707782513,2021-07-06
601330,绿色动力,2.0,1393440000,2021-07-02
300644,南京聚隆,3.0,64000000,2021-07-06
002828,贝肯能源,0.6,200987600,2021-07-06
002101,广东鸿图,1.5,530063366,2021-07-02
920834,三维装备,1.2,90000005,2021-07-06
300881,盛德鑫泰,1.3,100000000,2021-07-07
300430,*ST益通,0.16,272008896,2021-07-06
688138,清溢光电,0.9,266800000,2021-07-06
300384,三联虹普,1.5,316631767,2021-07-06
600158,中体产业,0.17,959513067,2021-07-06
603037,凯众股份,6.0,104901350,2021-07-07
002395,双象股份,1.5,268209000,2021-07-06
600868,梅雁吉祥,0.06,1898148679,2021-07-06
603167,渤海轮渡,1.1,472806603,2021-07-06
688608,恒玄科技,1.68,120000000,2021-07-06
600556,天下秀,0.164,1807747642,2021-07-06
002900,哈三联,0.8,316600050,2021-07-05
002038,双鹭药业,1.0,1027350000,2021-07-07
300095,华伍股份,0.5,378710854,2021-07-07
600352,浙江龙盛,2.5,3253331860,2021-07-07
920510,丰光精密,4.5,131581378,2021-07-09
920641,格利尔,1.0,63000000,2021-07-07
600703,三安光电,1.5,4479341308,2021-07-05
601579,会稽山,0.5,497360000,2021-07-05
002399,海普瑞,1.5,1467296204,2021-07-06
000703,恒逸石化,3.0,3681654014,2021-07-06
920508,殷图网联,2.0,50000000,2021-07-07
300605,恒锋信息,0.5,165258469,2021-07-06
002989,中天精装,4.0,151400000,2021-07-05
002940,昂利康,5.0,95946819,2021-07-06
300676,华大基因,3.5,413914325,2021-07-07
300283,温州宏丰,0.2,437085230,2021-07-07
600388,龙净环保,1.8,1069063398,2021-07-05
000598,兴蓉环境,1.0,2986218602,2021-07-06
601368,绿城水务,0.91,882973077,2021-07-06
603256,宏和科技,0.81,877800000,2021-07-05
600153,建发股份,5.0,2863552530,2021-07-07
300867,圣元环保,1.2,271741053,2021-07-07
002027,分众传媒,1.15,14677880280,2021-07-06
000529,广弘控股,1.1,583790330,2021-07-06
603380,易德龙,3.2,161289000,2021-07-06
002043,兔宝宝,2.0,774756002,2021-07-05
600248,陕建股份,0.62,3751290098,2021-07-05
300424,航新科技,0.1,239882802,2021-07-06
600325,华发股份,4.5,2117188116,2021-07-05
300185,通裕重工,0.5,3896783221,2021-07-06
300632,光莆股份,1.003451,306169356,2021-07-06
600809,山西汾酒,2.0,871510266,2021-07-05
002863,今飞凯达,0.13,498813060,2021-07-05
300042,朗科科技,0.5,200400000,2021-07-06
920237,力佳科技,2.5,41420000,2021-07-09
603229,奥翔药业,0.75,239206372,2021-07-06
688022,ST瀚川,1.65,108000000,2021-07-05
002930,宏川智慧,3.0,445367108,2021-07-07
603927,中科软,5.5,424000000,2021-07-05
603843,*ST正平,0.3,560004200,2021-07-05
300607,拓斯达,3.52,266168406,2021-07-06
601398,工商银行,2.66,356406257089,2021-07-06
601992,金隅集团,0.6,10677771134,2021-07-06
603239,浙江仙通,3.5,270720000,2021-07-06
603568,伟明环保,3.05,1256558346,2021-07-06
600567,山鹰国际,0.4,4615929240,2021-07-05
600908,无锡银行,1.8,1861670716,2021-07-06
688682,霍莱沃,8.0,37000000,2021-07-06
002475,立讯精密,1.099999,7035428828,2021-07-08
000776,广发证券,4.5,7621087664,2021-07-07
920942,恒立钻具,2.5,25400000,2021-07-08
002832,比音勒芬,3.0,549859523,2021-07-07
600697,欧亚集团,4.0,159088075,2021-07-06
000617,中油资本,1.87,12642079079,2021-07-06
600376,首开股份,4.0,2579565242,2021-07-07
300376,易事特,0.3,2313406476,2021-07-08
603878,武进不锈,2.7,400758848,2021-07-07
300200,高盟新材,3.0,425524433,2021-07-07
600023,浙能电力,2.25,13600689988,2021-07-06
600862,中航高科,0.93,1393049107,2021-07-08
920689,克莱特,2.0,63400000,2021-07-12
300120,经纬辉开,0.8,464478294,2021-07-06
002111,威海广泰,4.0,381827504,2021-07-08
002382,蓝帆医疗,4.0,1006705036,2021-07-07
600011,华能国际,1.8,15698093359,2021-07-07
601198,东兴证券,1.7,2757960657,2021-07-06
688619,罗普特,0.85,187288015,2021-07-07
300587,天铁科技,1.286277,342165352,2021-07-07
002301,齐心集团,0.7,734020099,2021-07-08
601669,中国电建,0.9264,15299035024,2021-07-07
002040,南京港,0.45,483966800,2021-07-07
300710,万隆光电,0.5,68614000,2021-07-07
000559,万向钱潮,2.0,3303791344,2021-07-08
000157,中联重科,3.2,8674082537,2021-07-07
601229,上海银行,4.0,14206528700,2021-07-06
002322,理工能科,6.5,396662205,2021-07-07
300316,晶盛机电,1.35,1285563394,2021-07-07
002958,青农商行,1.5,5555593191,2021-07-07
920576,天力复合,3.1,94000000,2021-07-12
603993,洛阳钼业,0.33,21599240583,2021-07-06
300497,富祥股份,2.0,550004834,2021-07-08
000628,高新发展,1.17,352280000,2021-07-08
603221,爱丽家居,1.0,240000000,2021-07-08
920751,惠同新材,1.5,65080000,2021-07-08
300805,电声股份,0.5,423230000,2021-07-08
002423,中粮资本,0.45,2304105575,2021-07-09
300535,达威股份,0.9,104383043,2021-07-08
603355,莱克电气,20.0,410732500,2021-07-08
002793,罗欣药业,0.5,1467222600,2021-07-08
600039,四川路桥,2.5,4775430289,2021-07-08
600491,ST龙元,0.5,1529757955,2021-07-08
601880,辽港股份,0.3,22623429453,2021-07-07
002090,金智科技,1.0,404264936,2021-07-07
600795,国电电力,0.4,19650397845,2021-07-07
002542,*ST中岩,0.3,1805602982,2021-07-07
920781,瑞奇智造,1.0,87816254,2021-07-08
600060,海信视像,2.75,1308481222,2021-07-07
002078,太阳纸业,1.0,2624703159,2021-07-08
002718,友邦吊顶,1.3,131447829,2021-07-07
600529,山东药玻,3.0,594967747,2021-07-08
300096,ST易联众,0.05,430000000,2021-07-08
600303,曙光股份,0.25,675604211,2021-07-08
688338,赛科希德,4.0,81648000,2021-07-07
300970,华绿生物,5.2,58350000,2021-07-09
300520,科大国创,1.023081,243885860,2021-07-08
002119,康强电子,0.26,375284000,2021-07-09
600510,黑牡丹,2.3,1047095025,2021-07-09
601006,大秦铁路,4.8,14866874380,2021-07-08
000058,深赛格,0.1,1235656249,2021-07-08
603895,天永智能,0.2,108080000,2021-07-07
003816,中国广核,0.8,50498611100,2021-07-08
300918,南山智尚,0.6,360000000,2021-07-08
300118,东方日升,2.0,901359941,2021-07-08
000811,冰轮环境,0.5,745837804,2021-07-08
600802,福建水泥,0.8,458248400,2021-07-08
000546,金圆股份,0.6,714644396,2021-07-09
002287,奇正藏药,3.4,530351075,2021-07-08
601233,桐昆股份,1.3,2287531037,2021-07-07
600623,华谊集团,0.6,2130381363,2021-07-08
601877,正泰电器,5.0,2149973551,2021-07-07
920634,新威凌,0.3,46880000,2021-07-09
688590,新致软件,1.4,182022280,2021-07-08
000909,*ST数源,0.35,453828600,2021-07-07
000948,南天信息,0.5,381165677,2021-07-08
600958,东方证券,2.5,6993655803,2021-07-08
603983,丸美生物,3.5,401819600,2021-07-07
300352,ST信源,0.04,1449824087,2021-07-08
688314,康拓医疗,5.2,58027980,2021-07-07
300570,太辰光,3.0,229996800,2021-07-08
000402,金融街,3.0,2988929907,2021-07-09
002523,天桥起重,0.2,1416640800,2021-07-09
002603,以岭药业,10.0,1193360983,2021-07-07
605198,安德利,0.5,367300000,2021-07-08
600990,四创电子,3.3,159179110,2021-07-07
600812,华北制药,0.2852,1715730370,2021-07-08
600182,S佳通,0.55,340000000,2021-07-08
600410,华胜天成,0.25,1098743383,2021-07-09
600820,隧道股份,2.2,3144096094,2021-07-08
002443,金洲管道,3.5,520535520,2021-07-08
000547,航天发展,0.35,1605421646,2021-07-08
002824,和胜股份,0.63002,183531030,2021-07-08
002300,太阳电缆,1.2,656667000,2021-07-07
002142,宁波银行,5.0,6008016286,2021-07-09
300327,中颖电子,4.8,282854168,2021-07-08
601788,光大证券,1.58,4610787639,2021-07-09
002644,佛慈制药,1.2,510657000,2021-07-09
000997,新大陆,3.519021,1032062937,2021-07-08
300611,美力科技,0.586475,178950550,2021-07-09
300531,优博讯,0.320698,331363129,2021-07-09
002983,芯瑞达,3.0,141680000,2021-07-09
002180,奔图科技,1.2,1076555137,2021-07-09
600648,外高桥,2.0,1135349124,2021-07-09
300425,中建环能,0.5,675708786,2021-07-09
002105,信隆健康,2.0,368500000,2021-07-09
600780,通宝能源,0.9,1146502523,2021-07-09
000799,酒鬼酒,7.0,324928980,2021-07-09
600229,城市传媒,1.5,702096010,2021-07-09
300498,温氏股份,2.0,6373463840,2021-07-08
603678,火炬电子,3.4,459855292,2021-07-09
000159,国际实业,0.2,480685993,2021-07-09
688191,智洋创新,2.0,153046047,2021-07-08
600797,浙大网新,0.3,1027527102,2021-07-08
002401,中远海科,1.0,310142300,2021-07-08
300085,银之杰,0.1,706640535,2021-07-09
002311,海大集团,3.2,1661161061,2021-07-09
002093,国脉科技,0.1,1007500000,2021-07-09
600789,鲁抗医药,0.55,880229735,2021-07-12
002246,北化股份,0.4,549034794,2021-07-09
300388,节能国祯,1.2,698960351,2021-07-09
603458,勘设股份,6.4,241437855,2021-07-08
002330,得利斯,0.099545,504293500,2021-07-08
000967,盈峰环境,1.2,3163086005,2021-07-08
600383,金地集团,7.0,4514583572,2021-07-09
600509,天富能源,0.13,1151415017,2021-07-09
002281,光迅科技,1.7,697548918,2021-07-09
600736,苏州高新,0.4,1151292907,2021-07-09
300418,昆仑万维,1.733181,1177904436,2021-07-09
300055,万邦达,0.15,865184815,2021-07-09
000623,吉林敖东,2.0,1163044863,2021-07-09
002347,泰尔股份,1.0,447019662,2021-07-09
002666,德联集团,1.07,754329268,2021-07-08
000421,南京公用,0.65,572646934,2021-07-09
600500,中化国际,0.4,2765916472,2021-07-12
002441,众业达,2.5,544543609,2021-07-09
601222,林洋能源,1.07,1748890085,2021-07-09
000709,河钢股份,1.0,10618607852,2021-07-08
002839,张家港行,1.6,1807957814,2021-07-08
920419,路斯股份,0.5,90633000,2021-07-09
300618,寒锐钴业,2.2,309617139,2021-07-12
000530,冰山冷热,0.1,843212507,2021-07-08
000921,海信家电,3.47,1362725370,2021-07-09
000936,华西股份,0.5,886012887,2021-07-09
600323,瀚蓝环境,2.2,815347146,2021-07-08
600981,苏豪汇鸿,0.35,2242433192,2021-07-09
600162,香江控股,0.3,3395781424,2021-07-08
002650,ST加加,0.1,1152000000,2021-07-09
002672,东江环保,1.1,879267102,2021-07-09
601038,一拖股份,0.75,1123645275,2021-07-09
002205,国统股份,0.1,185843228,2021-07-09
000652,泰达股份,0.1,1475573852,2021-07-08
600305,恒顺醋业,1.574,1002956032,2021-07-09
002189,中光学,1.960448,262465166,2021-07-08
601208,东材科技,1.0,693065471,2021-07-08
600348,华阳股份,2.5,2405000000,2021-07-09
603488,展鹏科技,2.0,292517400,2021-07-09
000858,五粮液,25.8,3881608005,2021-07-09
000553,安道麦A,0.16,2329811766,2021-07-09
002304,洋河股份,30.0,1506988000,2021-07-09
000656,金科股份,4.5,5339715816,2021-07-09
601225,陕西煤业,8.0,10000000000,2021-07-09
603053,成都燃气,2.475,888890000,2021-07-09
688588,凌志软件,2.0,400010003,2021-07-13
603508,思维列控,3.12,272473601,2021-07-09
601311,骆驼股份,2.0,1121721791,2021-07-12
603299,苏盐井神,0.58,774379748,2021-07-09
688298,东方生物,42.0,120000000,2021-07-09
601899,紫金矿业,1.2,26327602240,2021-07-09
002228,合兴包装,1.0,1238630038,2021-07-09
002897,意华股份,1.0,170672000,2021-07-12
603286,日盈电子,0.34,88076000,2021-07-09
688500,慧辰股份,1.0,74274510,2021-07-12
002365,永安药业,1.0,294682500,2021-07-09
603178,圣龙股份,0.85,200963000,2021-07-09
002368,太极股份,1.909992,579643596,2021-07-12
002371,北方华创,1.09,496522450,2021-07-09
300788,中信出版,4.8,190151515,2021-07-09
920375,派诺科技,1.18,68110000,2021-07-15
300332,天壕能源,0.129999,880201838,2021-07-12
002912,中新赛克,4.0,175071680,2021-07-09
600015,华夏银行,3.01,15387223983,2021-07-09
300536,农尚环境,0.0245,293288133,2021-07-13
601088,中国神华,18.1,19868519955,2021-07-12
600062,华润双鹤,2.9,1043237710,2021-07-13
002835,同为股份,1.0,219612708,2021-07-13
000999,华润三九,5.0,978900000,2021-07-09
300455,航天智装,0.5,717767936,2021-07-12
603937,丽岛新材,5.0,208880000,2021-07-09
603220,中贝通信,0.7,337760000,2021-07-09
600461,洪城环境,4.21,948107765,2021-07-09
002657,中科金财,0.032,337576686,2021-07-12
603636,南威软件,1.2,590793578,2021-07-09
600968,海油发展,0.45,10165104199,2021-07-09
002212,天融信,0.396851,1186040198,2021-07-09
601963,重庆银行,3.73,3474505339,2021-07-09
603338,浙江鼎力,2.6,485485571,2021-07-09
600148,长春一东,1.805,141516450,2021-07-13
600392,盛和资源,0.5,1755167067,2021-07-12
300900,广联航空,1.0,210240000,2021-07-12
600094,大名城,0.25,2475325057,2021-07-14
603869,ST智知,0.1,504500508,2021-07-14
000869,张裕A,4.0,685464000,2021-07-13
600629,华建集团,0.55,528523891,2021-07-13
605288,凯迪股份,10.26,50492400,2021-07-13
002380,科远智慧,3.0,239991649,2021-07-12
601577,长沙银行,3.2,4021553754,2021-07-12
600486,扬农化工,6.5,309898907,2021-07-13
300839,博汇股份,1.0,104000000,2021-07-13
002061,浙江交科,1.199956,1375697262,2021-07-13
002545,东方铁塔,1.0,1244062083,2021-07-14
002853,皮阿诺,2.5,186542748,2021-07-14
300571,平治信息,1.0,124581650,2021-07-12
600889,*ST京化,0.2,366346010,2021-07-13
603456,九洲药业,2.0,831386130,2021-07-12
603218,日月股份,3.2,967604009,2021-07-12
002544,普天科技,0.71,683319825,2021-07-13
600081,东风科技,0.95,313560000,2021-07-13
601611,中国核建,0.65,2649620540,2021-07-13
688301,奕瑞科技,10.0,72547826,2021-07-14
600562,国睿科技,1.13,1241857840,2021-07-12
002737,葵花药业,3.5,584000000,2021-07-12
603421,鼎信通讯,0.84,653192211,2021-07-12
300657,弘信电子,0.6,341738495,2021-07-13
601155,新城控股,20.5,2260597986,2021-07-13
600481,双良节能,0.2,1627255808,2021-07-12
600036,招商银行,12.53,25219845601,2021-07-13
002133,广宇集团,0.8,774144175,2021-07-14
603601,再升科技,1.5,722281628,2021-07-13
002406,远东传动,2.5,624148160,2021-07-13
002460,赣锋锂业,3.0,1437478880,2021-07-14
002803,吉宏股份,1.0,378409288,2021-07-12
002883,*ST中设,0.8,130257852,2021-07-14
688222,成都先导,0.5,400680000,2021-07-13
600055,万东医疗,1.3,540816199,2021-07-12
920808,曙光数创,5.8,35300000,2021-07-14
603949,雪龙集团,3.0,209806100,2021-07-13
002783,凯龙股份,1.0,381730334,2021-07-15
600993,马应龙,3.0,431053891,2021-07-15
300457,赢合科技,0.5,649537963,2021-07-13
002873,新天药业,1.2,117159502,2021-07-14
603655,朗博科技,1.0,106000000,2021-07-13
000729,燕京啤酒,0.22,2818539341,2021-07-14
603861,白云电器,0.66,441814564,2021-07-14
603969,银龙股份,0.7,841000000,2021-07-14
300512,中亚股份,0.400859,273540000,2021-07-15
002731,*ST萃华,0.15,256156000,2021-07-14
002826,易明医药,0.8,191190375,2021-07-14
002941,新疆交建,0.4,645022510,2021-07-14
688051,佳华科技,6.87,77334000,2021-07-15
920247,华密新材,3.225806,62000000,2021-07-14
600006,东风股份,0.831,2000000000,2021-07-14
002821,凯莱英,6.0,242626693,2021-07-13
600493,凤竹纺织,0.4,272000000,2021-07-14
000797,中国武夷,0.6,1570998213,2021-07-14
601939,建设银行,3.26,250010977486,2021-07-15
603580,艾艾精工,0.82,130673200,2021-07-15
600665,天地源,1.52,864122521,2021-07-14
600219,南山铝业,0.55,11950481520,2021-07-14
920579,机科股份,1.0,90000000,2021-07-15
000923,河钢资源,1.0,652728961,2021-07-13
002942,新农股份,3.0,120000000,2021-07-14
002375,亚厦股份,0.25,1339996498,2021-07-14
002249,大洋电机,0.9,2365530164,2021-07-14
002620,*ST瑞和,0.8,378292000,2021-07-14
000537,绿发电力,2.5,1862520720,2021-07-13
300505,川金诺,0.65,130697388,2021-07-14
601328,交通银行,3.17,74262726645,2021-07-13
002128,电投能源,4.0,1921573493,2021-07-13
000425,徐工机械,1.0,7833668430,2021-07-14
002096,易普力,0.2,371287000,2021-07-14
600503,华丽家族,0.05,1602290000,2021-07-14
300642,透景生命,4.0,91067855,2021-07-14
600641,先导基电,1.05,957930404,2021-07-13
002242,九阳股份,10.0,767033000,2021-07-13
600668,尖峰集团,4.0,344083828,2021-07-13
688169,石头科技,20.55,66666667,2021-07-13
603013,亚普股份,7.0,514224500,2021-07-15
603313,梦百合,3.5,374267953,2021-07-14
600787,中储股份,0.79,2199801033,2021-07-14
600638,新黄浦,1.2,673396786,2021-07-13
600674,川投能源,3.8,4406063276,2021-07-15
601918,新集能源,0.35,2590541800,2021-07-15
600711,盛屯矿业,0.1,2690111036,2021-07-14
600897,厦门空港,1.73,297810000,2021-07-16
300381,溢多利,0.7,490062472,2021-07-14
002422,科伦药业,3.188,1425422862,2021-07-15
300078,思创智联,0.13,869411466,2021-07-14
688536,思瑞浦,2.12,80000000,2021-07-16
300355,蒙草生态,0.22,1604242081,2021-07-15
688589,力合微,1.5,100000000,2021-07-15
002338,奥普光电,0.8,240000000,2021-07-16
600855,航天长峰,0.98,449113701,2021-07-15
000800,一汽解放,5.0,4650653869,2021-07-15
601995,中金公司,1.8,4827256868,2021-07-15
300777,中简科技,1.05,400010000,2021-07-16
002735,王子新材,1.3,152490290,2021-07-15
688090,瑞松科技,2.23,67360588,2021-07-15
601928,凤凰传媒,4.0,2544900000,2021-07-16
002463,沪电股份,2.0,1724381768,2021-07-16
688358,祥生医疗,8.0,80000000,2021-07-15
600266,城建发展,1.0,2256537600,2021-07-14
000429,粤高速A,2.91,2090806126,2021-07-15
601169,北京银行,3.0,21142984272,2021-07-16
600639,浦东金桥,3.0,1122412893,2021-07-14
688333,铂力特,1.085,80000000,2021-07-14
603059,倍加洁,2.4,100000000,2021-07-15
002743,富煌钢构,0.62,435268478,2021-07-14
600745,*ST闻泰,1.65,1245079062,2021-07-14
002384,东山精密,1.0,1709867327,2021-07-16
600584,长电科技,0.5,1779553000,2021-07-16
000733,振华科技,1.5,514805618,2021-07-14
600835,上海机电,3.9,1022739308,2021-07-14
000036,华联控股,2.3,1483934025,2021-07-14
600113,浙江东日,0.25,411431160,2021-07-14
600775,南京熊猫,0.26,913838529,2021-07-14
600197,伊力特,4.05,471937411,2021-07-15
688597,煜邦电力,2.26,176472980,2021-07-14
600222,太龙药业,0.16,573886283,2021-07-15
600642,申能股份,2.8,4912038316,2021-07-14
600369,西南证券,1.0,6645109124,2021-07-14
600377,宁沪高速,4.6,5037747500,2021-07-15
688009,中国通号,2.0,10589819000,2021-07-15
000700,模塑科技,2.179963,917067932,2021-07-15
300040,九洲集团,0.499865,380501617,2021-07-14
300236,上海新阳,2.0,313381402,2021-07-16
688680,海优新材,5.4,84020000,2021-07-14
601326,秦港股份,0.64,5587412000,2021-07-14
600469,风神股份,0.6,731137184,2021-07-15
300996,普联软件,3.0,88131662,2021-07-16
300913,兆龙互连,1.2,122500000,2021-07-16
300663,科蓝软件,0.3,310992278,2021-07-15
600037,歌华有线,0.4,1391777884,2021-07-15
300883,龙利得,0.1,346000000,2021-07-16
002928,华夏航空,0.61,1013567644,2021-07-15
002268,电科网安,0.2,846294603,2021-07-16
300091,*ST金灵,0.119,1489164214,2021-07-16
300831,ST派瑞,0.17,320000000,2021-07-15
300068,ST南都,0.359955,861277427,2021-07-15
300103,达刚控股,0.4,317601000,2021-07-16
000715,中兴商业,0.5,415718940,2021-07-16
601011,宝泰隆,0.5,1604807397,2021-07-15
300712,永福股份,1.0,182104000,2021-07-16
688466,金科环境,0.7,102760000,2021-07-15
600026,中远海能,2.0,4762691885,2021-07-16
600429,三元股份,0.05,1497557426,2021-07-15
000883,湖北能源,1.2,6507449486,2021-07-16
601606,长城军工,0.49,724228400,2021-07-16
601929,吉视传媒,0.021,3111116840,2021-07-16
002849,威星智能,0.5,132356050,2021-07-16
000066,中国长城,0.864862,2938394515,2021-07-16
600918,中泰证券,1.09,6968625756,2021-07-16
688418,震有科技,0.7,193610000,2021-07-16
300433,蓝思科技,3.5,4973479998,2021-07-16
603117,万林物流,0.23,633144502,2021-07-16
000550,江铃汽车,34.76,863214000,2021-07-16
601628,中国人寿,6.4,28264705000,2021-07-15
600231,凌钢股份,0.6,2852125238,2021-07-15
601616,广电电气,1.0059,935575000,2021-07-19
920207,众诚科技,2.0,73800000,2021-07-16
600262,北方股份,1.2,170000000,2021-07-16
603707,健友股份,1.5,936041846,2021-07-15
600020,中原高速,0.35,2247371832,2021-07-15
300868,杰美特,3.8,128000000,2021-07-16
601881,中国银河,2.2,10137258757,2021-07-15
002022,科华生物,2.0,514703740,2021-07-16
600141,兴发集团,2.5,1118892663,2021-07-15
600498,烽火通信,0.8,1131543790,2021-07-16
600150,中国船舶,0.35,4472428758,2021-07-15
600900,长江电力,7.0,22741859230,2021-07-16
603699,纽威股份,4.6,750000000,2021-07-15
688363,华熙生物,4.1,480000000,2021-07-16
600834,申通地铁,0.47,477381905,2021-07-16
002612,朗姿股份,3.0,442445375,2021-07-16
300604,长川科技,1.0,313790502,2021-07-15
603045,福达合金,0.8,137620000,2021-07-15
600489,中金黄金,1.604,4847312564,2021-07-15
002120,韵达股份,0.49,2902766028,2021-07-16
603123,翠微股份,0.32,798736665,2021-07-16
603108,润达医疗,1.14,579537720,2021-07-16
300672,国科微,3.2,180317642,2021-07-16
300203,聚光科技,0.200184,452517400,2021-07-16
601949,中国出版,1.22,1822500000,2021-07-15
002956,西麦食品,3.75,160000000,2021-07-16
688092,爱科科技,2.5,59158392,2021-07-16
600779,水井坊,12.0,488435598,2021-07-16
000882,华联股份,0.03,2737351947,2021-07-16
603666,亿嘉和,3.7,147663260,2021-07-16
601965,中国汽研,3.0,989699487,2021-07-16
000605,渤海股份,0.2,352658600,2021-07-16
600846,同济科技,3.2,624761516,2021-07-16
603330,天洋新材,1.22,169809124,2021-07-16
600730,*ST高科,0.096,586656002,2021-07-16
000761,本钢板材,0.09975,3885064373,2021-07-19
600316,洪都航空,0.57,717114512,2021-07-16
603378,*ST亚士,4.6,206173329,2021-07-16
002909,集泰股份,1.5,266518148,2021-07-19
600196,复星医药,4.3,2562898545,2021-07-19
002085,万丰奥威,1.0,2186879678,2021-07-16
603128,华贸物流,2.47,1309462971,2021-07-16
002059,云南旅游,0.16,1012434813,2021-07-19
603825,ST华扬,2.8,228615614,2021-07-16
002651,利君股份,1.0,1033460000,2021-07-16
600851,海欣股份,0.3,1207056692,2021-07-16
002065,东华软件,0.5,3115482375,2021-07-16
000685,中山公用,2.8,1475111351,2021-07-19
000983,山西焦煤,1.0,4096560000,2021-07-16
002221,东华能源,2.31,1649022824,2021-07-16
000831,中国稀土,0.5,980888981,2021-07-16
600467,好当家,0.13,1460994304,2021-07-16
603901,永创智能,1.2,488500811,2021-07-16
603630,拉芳家化,0.9,226681000,2021-07-16
600292,电投水电,0.11,780816890,2021-07-16
000785,居然智家,0.52,6529036899,2021-07-16
601985,中国核电,1.3,17456019161,2021-07-16
601618,中国中冶,0.75,20723619170,2021-07-16
920896,旺成科技,5.0,75914240,2021-07-20
300600,国瑞科技,0.5,296847720,2021-07-20
600571,信雅达,2.2,439277429,2021-07-16
600216,浙江医药,2.3,965128000,2021-07-16
301002,崧盛股份,12.5,94520000,2021-07-19
000541,佛山照明,1.0,1399346154,2021-07-16
920656,海昇药业,6.5,60000000,2021-07-20
600570,恒生电子,1.0,1044090754,2021-07-16
603680,今创集团,1.7,789964721,2021-07-19
002193,ST如意,0.1,261715550,2021-07-20
000156,华数传媒,1.7,1852932442,2021-07-19
688528,秦川物联,1.5,168000000,2021-07-20
600444,国机通用,1.5,146421932,2021-07-20
600606,绿地控股,2.5,12168154385,2021-07-20
603690,至纯科技,1.6363,318530474,2021-07-19
000886,海南高速,0.5,988828300,2021-07-19
600000,浦发银行,4.8,29352156163,2021-07-21
600686,金龙汽车,0.05,717047417,2021-07-19
002016,世荣兆业,1.0,809095632,2021-07-20
688560,明冠新材,2.0,164087736,2021-07-20
600271,航天信息,1.6799,1852884638,2021-07-19
601007,金陵饭店,0.5,300000000,2021-07-19
600814,杭州解百,1.13,715026758,2021-07-20
600362,江西铜业,1.0,3462729405,2021-07-20
601818,光大银行,2.1,54031914820,2021-07-21
000783,长江证券,1.5,5529941971,2021-07-20
600831,广电网络,0.3,710483746,2021-07-20
601607,上海医药,4.8,2842089322,2021-07-19
600688,上海石化,1.0,10823813500,2021-07-20
600783,鲁信创投,1.5,744359294,2021-07-19
002932,*ST明德,20.0,69005147,2021-07-20
000039,中集集团,2.8,3595013590,2021-07-20
600580,卧龙电驱,1.5,1315262586,2021-07-19
688010,福光股份,1.0153,153581943,2021-07-19
002037,保利联合,0.52,487625309,2021-07-22
002403,爱仕达,0.75,350320801,2021-07-20
000833,粤桂股份,0.15,668401851,2021-07-22
600428,中远海特,0.2,2146650771,2021-07-20
600719,大连热电,0.08,404599600,2021-07-21
600167,联美控股,4.0,2288119475,2021-07-20
600382,广东明珠,1.0,788933815,2021-07-20
601658,邮储银行,2.085,92383967605,2021-07-22
920701,豪声电子,1.5,73500000,2021-07-21
600012,皖通高速,2.3,1658610000,2021-07-21
000591,太阳能,1.24,3007098032,2021-07-21
300527,ST应急,0.242355,963186533,2021-07-21
300803,指南针,0.5,404999999,2021-07-21
688089,嘉必优,3.3,120000000,2021-07-20
000050,深天马A,0.7,2457747661,2021-07-21
002556,辉隆股份,1.0,944750560,2021-07-20
600739,辽宁成大,2.2,1529709816,2021-07-20
002527,新时达,0.4,622787221,2021-07-21
600685,中船防务,1.66,1413506378,2021-07-20
002298,中电鑫龙,0.186448,740110901,2021-07-20
600880,博瑞传播,0.3,1093332092,2021-07-22
600939,重庆建工,0.45,1814538256,2021-07-22
600188,兖矿能源,6.0,4874184060,2021-07-23
002208,合肥城建,1.0,803291894,2021-07-21
002146,荣盛发展,3.5,4348163851,2021-07-23
002388,新亚制程,1.0,510464100,2021-07-23
002785,万里石,0.07,200000000,2021-07-21
601933,永辉超市,0.204,9516285608,2021-07-21
001872,招商港口,3.8,1922365124,2021-07-21
600236,桂冠电力,1.9,7882377802,2021-07-23
600135,乐凯胶片,0.21,553307099,2021-07-23
003005,竞业达,3.5,106000000,2021-07-22
600480,凌云股份,1.31,763461517,2021-07-23
603301,振德医疗,23.0,227204736,2021-07-22
002882,金龙羽,3.0,432900000,2021-07-23
600582,天地科技,1.5,4138588892,2021-07-23
603000,人民网,1.61,1105691056,2021-07-23
600210,紫江企业,2.5,1516736158,2021-07-22
300045,华力创通,0.1,614217087,2021-07-22
600339,中油工程,0.46,5583147471,2021-07-23
600487,亨通光电,0.6,2362190244,2021-07-22
600118,中国卫星,1.0,1182489135,2021-07-23
600960,渤海汽车,0.1,950515518,2021-07-22
600859,王府井,1.5,776250350,2021-07-22
601187,厦门银行,1.8,2639127888,2021-07-22
002095,生意宝,0.5,252720000,2021-07-23
600027,华电国际,2.5,9862976653,2021-07-23
600546,山煤国际,0.66,1982456140,2021-07-23
601555,东吴证券,1.57,3880518908,2021-07-23
600279,重庆港,0.25,1186866283,2021-07-23
000166,申万宏源,1.0,25039944560,2021-07-23
600082,ST海泰,0.1,646115826,2021-07-23
000777,中核科技,0.82,386597593,2021-07-23
002459,晶澳科技,2.0,1598377390,2021-07-23
000926,福星股份,0.5,962462474,2021-07-23
002636,金安国纪,0.6,728000000,2021-07-23
603773,沃格光电,0.5262,94595556,2021-07-23
600287,苏豪时尚,1.2,443282774,2021-07-23
920425,乐创技术,2.5,26000000,2021-07-26
600728,佳都科技,0.16,1730004097,2021-07-23
600547,山东黄金,0.5,4473429525,2021-07-27
600079,ST人福,1.0,1633071908,2021-07-27
601866,中远海发,0.56,11608125000,2021-07-28
000554,泰山石油,0.1,480793318,2021-07-27
600336,澳柯玛,1.2,798263269,2021-07-26
600873,梅花生物,3.0,3098619928,2021-07-26
601138,工业富联,2.5,19867159541,2021-07-27
600602,云赛智联,0.55,1367673455,2021-07-28
600278,东方创业,0.93,868459428,2021-07-27
603587,地素时尚,8.0,481200000,2021-07-27
600578,京能电力,1.2,6677617856,2021-07-28
600841,动力新科,0.83,866689830,2021-07-27
002939,长城证券,1.0,3103405351,2021-07-28
600288,大恒科技,0.1,436800000,2021-07-28
688065,凯赛生物,8.0,416681976,2021-07-27
603315,福鞍股份,1.5,307026264,2021-07-27
603515,欧普照明,5.0,754695722,2021-07-28
600587,新华医疗,1.0,406428091,2021-07-28
600072,中船科技,0.6,736249883,2021-07-27
001979,招商蛇口,6.4,7923242592,2021-07-28
600967,内蒙一机,0.83,1704251817,2021-07-27
600131,国网信通,1.55,1195394544,2021-07-29
600395,盘江股份,4.0,1655051861,2021-07-27
600483,福能股份,2.7,1868904151,2021-07-28
601319,中国人保,1.2,44223990583,2021-07-29
600456,宝钛股份,10.5,477777539,2021-07-29
688366,昊海生科,5.0,175822100,2021-07-29
601598,中国外运,1.2,7400803875,2021-07-28
688219,会通股份,1.0,459283632,2021-07-29
603068,博通集成,2.0,150424966,2021-07-28
002250,联化科技,0.5,923246256,2021-07-29
688055,龙腾光电,0.1,3333333400,2021-07-30
000705,浙江震元,0.7,334123286,2021-07-28
600618,氯碱化工,0.55,1156399976,2021-07-29
600573,惠泉啤酒,0.35,250000000,2021-07-28
600808,马钢股份,1.3,7700681186,2021-07-29
000756,新华制药,1.5,627367447,2021-07-30
600495,晋西车轴,0.07,1208190886,2021-07-30
600839,四川长虹,0.1,4616244222,2021-07-28
601998,中信银行,2.54,48934840286,2021-07-29
688063,派能科技,5.5,154844533,2021-07-29
601990,南京证券,1.3,3686361034,2021-07-28
000903,ST云动,0.35,1970800857,2021-07-29
601200,上海环境,0.85,1121858543,2021-07-30
601390,中国中铁,1.8,24570929283,2021-07-29
600702,舍得酒业,2.5,335995700,2021-07-30
601226,华电科工,0.2573,1167010000,2021-07-30
600895,张江高科,3.6,1548689550,2021-07-30
600345,长江通信,0.5,198000000,2021-07-30
600104,上汽集团,6.2,11683461365,2021-07-30
600098,广州发展,1.7,2726196558,2021-07-30
601212,白银有色,0.03,7404774511,2021-07-30
600875,东方电气,1.8,3119626130,2021-07-30
600272,开开实业,0.17,243000000,2021-07-29
600999,招商证券,4.37,8696526806,2021-07-30
600748,上实发展,1.56,1844562892,2021-07-30
600675,中华企业,1.38,6096135252,2021-07-29
600741,华域汽车,7.5,3152723984,2021-07-30
600326,西藏天路,0.8,918537703,2021-07-30
600959,江苏有线,0.3,5000717686,2021-07-30
002267,陕天然气,2.0,1112075445,2021-07-30
300988,津荣天宇,4.0,73880000,2021-08-02
601916,浙商银行,1.61,21268696778,2021-07-30
688026,洁特生物,1.2,100000000,2021-07-30
600650,锦江在线,1.32,551610107,2021-08-02
603858,步长制药,5.26,1141580610,2021-08-02
601816,京沪高铁,0.329,49106484611,2021-07-30
600612,老凤祥,12.5,523117764,2021-07-30
688625,呈和科技,3.0,133333400,2021-08-02
601375,中原证券,0.17,4642884700,2021-08-02
601186,中国铁建,2.3,13579541500,2021-08-04
301000,肇民科技,12.0,53333500,2021-08-04
600283,钱江水利,1.5,352995758,2021-08-04
603966,法兰泰克,3.0,214918743,2021-08-03
603648,畅联股份,1.8,368666700,2021-08-04
600312,平高电气,0.28,1356921309,2021-08-04
002761,浙江建投,2.0,1081340098,2021-08-03
300402,宝色股份,5.0,202000000,2021-08-05
300958,建工修复,1.58,142656479,2021-08-05
601608,中信重工,0.142,4339419293,2021-08-05
600208,衢州发展,0.56,8599343536,2021-08-04
600558,大西洋,0.4,897604831,2021-08-05
600635,大众公用,0.55,2952434675,2021-08-06
600640,国脉文化,0.04,795695940,2021-08-05
000514,渝开发,0.25,843770965,2021-08-09
603127,昭衍新药,3.5,270998683,2021-08-05
002594,比亚迪,1.48,2861142855,2021-08-06
601727,上海电气,0.7178,15705971092,2021-08-09
601336,新华保险,13.9,3119546600,2021-08-06
300122,智飞生物,5.0,1600000000,2021-08-06
688309,恒誉环保,0.62,80010733,2021-08-05
688579,地纬智能,1.0,400010000,2021-08-05
600315,上海家化,1.9951,679634461,2021-08-05
601688,华泰证券,4.0,9076650000,2021-08-06
000782,恒申新材,0.2,528139623,2021-08-06
002797,第一创业,0.4,4202400000,2021-08-06
600600,青岛啤酒,7.5,1364476795,2021-08-10
000419,通程控股,1.5,543582655,2021-08-10
301006,迈拓股份,5.0,139280000,2021-08-10
605318,法狮龙,3.0,129171152,2021-08-09
600350,山东高速,3.8,4811165857,2021-08-10
600386,北巴传媒,0.8,806400000,2021-08-10
000919,金陵药业,1.0,504000000,2021-08-12
605398,新炬网络,4.0,59498208,2021-08-12
600819,耀皮玻璃,0.58,934916069,2021-08-11
603535,嘉诚国际,1.1,150400000,2021-08-12
600620,天宸股份,0.5,686677113,2021-08-13
600482,中国动力,0.76,2160681619,2021-08-11
000937,冀中能源,4.0,3533546850,2021-08-13
601869,长飞光纤,2.16,757905108,2021-08-13
300747,锐科激光,1.0,288000000,2021-08-13
000488,ST晨鸣,1.85,2984208200,2021-08-12
600716,凤凰股份,0.3,936060590,2021-08-13
600906,财达证券,0.8,3245000000,2021-08-13
600827,百联股份,1.5,1784168117,2021-08-12
600085,同仁堂,2.7,1371470262,2021-08-12
600864,哈投股份,0.3,2080570520,2021-08-13
603888,新华网,1.28,519029360,2021-08-13
300086,康芝药业,0.2,450000000,2021-08-13
601766,中国中车,1.8,28698864088,2021-08-13
600490,鹏欣资源,0.65,2212887079,2021-08-13
600004,白云机场,0.423,2366718283,2021-08-13
301017,漱玉平民,1.1,405340000,2021-08-16
600067,冠城新材,0.7,1492110725,2021-08-13
002396,星网锐捷,1.0,583280278,2021-08-13
600048,保利发展,7.3,11970107583,2021-08-16
601066,中信建投,3.75,7756694797,2021-08-19
688189,ST南新,2.91,140000000,2021-08-17
600881,亚泰集团,0.2,3248913588,2021-08-17
002181,粤传媒,0.6,1161058174,2021-08-19
000850,华茂股份,0.5,943665009,2021-08-19
002555,三七互娱,2.0,2217864281,2021-08-18
688557,兰剑智能,3.5,72670000,2021-08-17
600838,上海九百,0.4,400881981,2021-08-18
600886,国投电力,2.8,6965873347,2021-08-18
002202,金风科技,2.5,4225067647,2021-08-17
300126,锐奇股份,0.1,303957600,2021-08-20
603829,洛凯股份,1.0,160000000,2021-08-19
600824,益民集团,0.5,1054027073,2021-08-19
601696,中银证券,0.96,2778000000,2021-08-19
601211,国泰海通,5.6,8908448891,2021-08-20
600030,中信证券,4.0,12926776029,2021-08-20
600833,第一医药,0.95,223086347,2021-08-19
600569,安阳钢铁,0.5,2872421386,2021-08-20
600649,城投控股,0.92,2529575634,2021-08-19
600764,中国海防,3.16,710629386,2021-08-19
603098,森特股份,1.1,538799978,2021-08-20
000423,东阿阿胶,3.046793,654021537,2021-08-20
000568,泸州老窖,20.51,1464752476,2021-08-20
000651,格力电器,30.0,6015730878,2021-08-23
000063,中兴通讯,2.0,4637709675,2021-08-20
600628,新世界,0.55,646875384,2021-08-20
600333,长春燃气,0.5,609030684,2021-08-23
601665,齐鲁银行,1.8,4580833334,2021-08-20
600496,精工钢构,0.3,2012874349,2021-08-20
300225,金力泰,0.2,489205300,2021-08-25
600690,海尔智家,3.66,9393860615,2021-08-23
600803,新奥股份,1.9,2845853619,2021-08-23
600372,中航机载,1.0,1928214265,2021-08-23
601999,出版传媒,0.85,550914700,2021-08-25
000002,万科A,12.5,11617732201,2021-08-25
601377,兴业证券,1.8,6696671674,2021-08-25
600128,苏豪弘业,0.8,246767500,2021-08-25
688005,容百科技,0.9,447383383,2021-08-25
002926,华西证券,1.11,2625000000,2021-08-24
002910,庄园牧场,0.201118,232381032,2021-08-26
603828,*ST利达,0.1,610460158,2021-08-25
601298,青岛港,2.622,6491100000,2021-08-26
000987,越秀资本,2.5,2752884754,2021-08-25
605186,健麾信息,2.15,136000000,2021-08-25
601901,方正证券,0.1,8232101395,2021-08-27
000009,中国宝安,0.3,2579213965,2021-08-26
603633,徕木股份,0.97,263501200,2021-08-27
000601,韶能股份,0.5,1080551669,2021-08-27
000534,万泽股份,0.6,494963096,2021-08-27
000338,潍柴动力,2.33,8726556821,2021-08-27
601991,大唐发电,0.91,18506710504,2021-08-27
300560,中富通,1.77,226269812,2021-08-27
301028,鼎熔岩,1.6,378912000,
688216,气派科技,1.6,106270000,2021-09-27
605488,福莱新材,5.0,120000000,2021-09-30
001212,中旗新材,3.0,90670000,2021-11-02
000959,首钢股份,1.0,6685423610,2021-12-08
002218,拓日新能,0.35,1413020549,2021-12-17
688601,力芯微,3.5,64000000,2021-12-20
688509,正元地信,0.1595,770000000,2021-12-30
