code,name,div_per_10,total_shares,ex_date
002107,沃华医药,1.46,577209600,2026-03-05
300803,指南针,0.8,609791915,2026-03-06
688230,芯导科技,4.3,117600000,2026-03-19
002462,嘉事堂,1.15,291707120,
000429,粤高速A,6.04,2090806126,
688584,上海合晶,0.9944,665458353,
000156,华数传媒,1.6,1852932442,
688425,铁建重工,0.84,5333497000,
001309,德明利,4.0,226845658,2026-04-01
601117,中国化学,1.11,6106666162,
600675,中华企业,0.059,6046135331,
002138,顺络电子,8.0,806318354,2026-04-01
300956,英力股份,1.0,215427660,2026-04-03
688285,高铁电气,0.13,376289913,
600956,新天绿能,2.0,4512693073,
600838,上海九百,0.34,400881981,
601788,光大证券,1.74,4610787639,
600249,两面针,0.3,550000000,
000338,潍柴动力,3.74,8712397096,
600690,海尔智家,8.867,9377629650,
000880,潍柴重机,1.16,463848840,
601066,中信建投,1.75,7756694797,
000039,中集集团,1.79,5392520385,
601766,中国中车,1.2,28698864088,
601375,中原证券,0.22,4642884700,
601336,新华保险,20.6,3119546600,
601898,中煤能源,2.17,13258663400,
601868,中国能建,0.312,41691163636,
300457,赢合科技,0.85,645179428,
688187,时代电气,6.8,1357948412,
601298,青岛港,1.988,6491100000,
601991,大唐发电,0.93,18506710504,
601869,长飞光纤,2.95,827905108,
002202,金风科技,2.0,4223788647,
601918,新集能源,1.2,2590541800,
603093,南华期货,0.69,717724893,
601600,中国铝业,1.47,17154971327,
000166,申万宏源,0.75,25039944560,
600528,中铁工业,0.903,2221551588,
001207,联科科技,5.0,216526960,2026-04-08
600635,大众公用,0.5,2952434675,
689009,九号公司,12.3852,722657051,
603682,锦和商管,2.2,472500000,2026-04-08
000776,广发证券,5.0,7824845511,
002703,浙江世宝,0.6,822632384,
601688,华泰证券,4.0,9026863786,
601901,方正证券,0.74,8232101395,
601995,中金公司,2.3,4827256868,
600060,海信视像,9.403,1304972254,
000921,海信家电,12.65,1384861171,
000681,视觉中国,0.04,700577436,
688511,天微电子,3.0,102829142,2026-04-07
002920,德赛西威,12.5,596809294,2026-04-07
001236,弘业期货,0.04,1007777778,
600104,上汽集团,2.66,11495277504,
002181,粤传媒,0.63,1161058174,
300033,同花顺,51.0,537600000,2026-04-10
301087,可孚医疗,12.0,208897000,2026-04-10
002029,七匹狼,1.0,705023537,
300402,宝色股份,0.7,246790497,
601958,金钼股份,4.0,3226604400,
600558,大西洋,1.2,897604831,
688100,威胜信息,3.0,491685175,2026-04-13
920060,万源通,5.0,152044663,2026-04-15
002487,大金重工,0.87,637749349,2026-04-15
688252,天德钰,1.147,409021341,
300476,胜宏科技,19.949377,872557313,2026-04-15
600959,江苏有线,0.16,5000717686,
601999,出版传媒,0.6,550914700,
603061,金海通,3.8,60000000,2026-04-16
601021,春秋航空,5.3,978333423,
600113,浙江东日,1.3,421176660,2026-04-17
600628,新世界,0.4,646875384,
603659,璞泰来,2.3,2136399076,2026-04-17
000408,藏格矿业,15.0,1570225745,2026-04-17
001298,好上好,0.7,298285536,2026-04-17
920476,海能技术,1.0,85179800,2026-04-21
003033,征和工业,5.0,81750000,2026-04-21
300995,奇德新材,1.2,84146860,2026-04-20
300146,汤臣倍健,4.5,1691677031,2026-04-21
300708,聚灿光电,0.3,938915144,2026-04-21
002985,北摩高科,1.3,331853600,2026-04-21
920779,武汉蓝电,7.0,80074720,2026-04-22
002852,道道全,1.2,343968305,2026-04-21
300857,协创数据,3.4,346120769,2026-04-22
300859,西域旅游,3.0,155000000,2026-04-21
603893,瑞芯微,12.0,420994600,
600081,东风科技,0.11,553026170,
920670,数字人,0.6,106182400,2026-04-23
300059,东方财富,1.0,15804037675,2026-04-21
300222,科大智能,0.4,778281234,2026-04-21
002879,长缆科技,5.0,193107640,2026-04-21
688630,芯碁微装,7.0,131740716,2026-04-22
300750,宁德时代,69.57,4564080128,2026-04-22
301082,久盛电气,0.8,226309174,2026-04-23
688678,福立旺,1.0,287933215,2026-04-22
603102,百合股份,7.5,64000000,
002315,焦点科技,7.0,317235869,2026-04-23
300491,通合科技,0.8,175673149,2026-04-24
920394,民士达,2.0,146250000,2026-04-28
002546,新联电子,1.2,834049096,2026-04-24
603130,云中马,2.3,137514200,2026-04-23
002911,佛燃能源,2.7,1298175830,2026-04-24
000975,山金国际,4.804021,2776722265,2026-04-24
002379,宏桥控股,2.5,13031118202,2026-04-24
300100,双林股份,1.0,571982940,2026-04-27
600729,重百集团,7.91,440453077,
688037,芯源微,0.36,201627296,
600746,江苏索普,0.4,1167842884,
605028,世茂能源,6.0,160000000,2026-04-24
600259,中稀有色,1.5,336435910,2026-04-24
000419,通程控股,1.3,543582655,
600266,城建发展,0.5,2075743507,
002393,力生制药,6.0,257586843,2026-04-28
000688,国城矿业,1.3,1185067706,2026-04-24
920735,德源药业,4.0,117315990,2026-04-29
300896,爱美客,8.0,302592061,2026-04-29
300447,全信股份,0.6,312310375,2026-04-28
601816,京沪高铁,0.954,48925679370,
603588,高能环境,1.0,1523234457,2026-04-27
300824,北鼎股份,1.15,326341682,2026-04-28
600976,健民集团,9.0,153398600,2026-04-28
920247,华密新材,1.12,157544166,2026-04-28
300850,新强联,2.95,414085835,2026-04-28
000895,双汇发展,8.0,3464661213,2026-04-29
300741,华宝股份,0.3,615880000,2026-04-28
300037,新宙邦,5.0,751791830,2026-04-28
300997,欢乐家,2.0,437473475,2026-04-27
688123,聚辰股份,7.0,158271044,2026-04-27
301377,鼎泰高科,5.0,410000000,2026-04-28
601928,凤凰传媒,4.0,2544900000,
600623,华谊集团,1.1,2122831280,
300456,赛微电子,3.7,732213134,2026-04-28
920068,天工股份,1.0,655600015,2026-04-29
920035,精创电气,5.0,57850000,2026-04-29
688615,合合信息,16.5,140000000,2026-04-27
603031,安孚科技,1.2,257824793,2026-04-29
605299,舒华体育,2.0,409226523,2026-04-29
002972,科安达,1.5,246008800,2026-04-29
000426,兴业银锡,1.1,1775635739,
003022,联泓新科,0.7,1335568000,2026-04-29
600989,宝丰能源,4.2,7333360000,2026-04-28
002683,广东宏大,4.5,759885063,2026-04-29
300522,世名科技,0.4,322451507,2026-04-29
000062,深圳华强,1.0,1045909322,2026-04-29
002970,锐明技术,6.0,182715062,2026-04-29
920553,凯腾精工,0.5,143690460,2026-04-30
920491,奥迪威,3.0,141143180,2026-04-30
301153,中科江南,1.587341,355664520,2026-04-29
002709,天赐材料,2.0,2038561744,2026-04-29
600288,大恒科技,0.24,436800000,
300019,硅宝科技,3.0,393116700,2026-04-30
603406,天富龙,2.5,400010000,
301052,果麦文化,0.18,98959339,2026-04-29
300308,中际旭创,10.0,1113600534,2026-04-30
920262,太湖雪,1.0,69114185,2026-04-30
301171,易点天下,0.35,471885905,2026-04-28
300795,米奥会展,2.0,298893870,2026-04-30
300501,海顺新材,6.0,193538184,2026-04-28
000563,陕国投A,0.6,5113970358,2026-04-28
000739,普洛药业,2.38,1158443576,2026-04-29
301301,川宁生物,1.73,2230085000,2026-04-29
920971,天马新材,2.0,105088002,2026-04-30
002054,德美化工,0.7,482115452,2026-04-30
920273,一致魔芋,5.0,103170886,2026-04-30
605123,派克新材,2.8,121170892,2026-04-29
002233,塔牌集团,4.8,1174150508,2026-04-30
002404,嘉欣丝绸,3.0,560051541,2026-04-30
002322,理工能科,3.3,365527970,2026-04-30
300458,全志科技,2.0,825427382,2026-04-30
002841,视源股份,7.2,696016545,2026-04-30
920879,基康技术,1.5,167390679,2026-04-30
300099,尤洛卡,1.4,737265255,2026-04-30
000960,锡业股份,2.5,1645431952,2026-04-30
600580,卧龙电驱,1.8,1562117511,2026-04-30
001299,美能能源,5.0,242638606,2026-04-29
601595,上海电影,0.53,448200000,
301016,雷尔伟,1.5,218400000,2026-04-30
600395,盘江股份,0.6,2146624894,
920694,中裕科技,3.0,132088476,2026-04-30
300206,理邦仪器,3.11,579663346,2026-04-30
300996,普联软件,1.0,282776048,2026-04-30
301280,珠城科技,2.0,136780140,2026-04-30
300852,四会富仕,1.4,160521165,2026-04-30
688636,智明达,1.0,173906404,2026-04-29
601886,江河集团,3.5,1133002060,2026-04-30
301345,涛涛车业,15.0,109049071,2026-04-30
002675,东诚药业,0.806195,824595705,2026-04-29
688501,青达环保,2.8,124226000,
002320,海峡股份,0.4,2235797987,2026-04-29
600630,龙头股份,0.388,424861597,
002947,恒铭达,5.0,256209336,2026-04-29
300012,华测检测,1.5,1682828214,2026-04-30
300540,蜀道装备,0.5,229559110,2026-05-06
688582,芯动联科,1.48,401739056,2026-04-30
300972,万辰集团,8.372088,194216034,2026-05-06
000554,泰山石油,0.85,480793318,
000538,云南白药,15.83,1784262603,2026-04-30
001358,兴欣新材,2.5,123200000,2026-04-30
000601,韶能股份,0.5,1064343324,
600662,外服控股,1.5,2283457375,
002270,华明装备,2.1,896225431,2026-04-30
688535,华海诚科,1.0,96014323,2026-04-30
603677,奇精机械,2.0,192600865,2026-04-30
601882,海天精工,3.0,522000000,2026-04-30
300532,今天国际,2.0,454028786,2026-05-06
603558,健盛集团,3.5,342638049,2026-04-30
301279,金道科技,2.5,129738973,2026-05-06
600605,汇通能源,0.4,206282429,2026-04-30
301277,新天地,2.0,392078400,2026-04-30
600506,统一股份,0.35,192018934,2026-05-06
300813,泰林生物,0.3,121199219,2026-05-06
600131,国网信通,1.15,1198355044,
600839,四川长虹,0.6,4616244222,
600846,同济科技,1.32,624761516,
300831,ST派瑞,0.4101,320000000,
600993,马应龙,7.0,431053891,
603132,金徽股份,2.3,978000000,2026-05-06
000009,中国宝安,0.3,2579213965,
600739,辽宁成大,1.5,1529709816,
688045,必易微,0.5442,70576989,2026-05-06
002866,传艺科技,0.6,289522256,2026-05-07
300990,同飞股份,3.0,170579150,2026-05-08
300792,壹网壹创,1.4,236942730,2026-05-07
300661,圣邦股份,2.0,620674702,2026-05-08
603648,畅联股份,3.2,362412800,
920037,广信科技,6.56,91462908,2026-05-08
002616,长青集团,2.5,859216368,2026-05-08
001231,农心科技,1.5,99940000,
301172,君逸数码,1.0,172480000,
920271,邦德股份,2.0,130823000,2026-05-12
300692,中赋科技,0.23,562276116,
301488,豪恩汽电,4.0,92000000,2026-05-07
920504,博迅生物,2.0,43333100,2026-05-07
300615,欣天科技,0.5,193229200,2026-05-08
300932,三友联众,1.9,320103998,2026-05-08
603727,博迈科,1.5,281719277,2026-05-08
603611,诺力股份,8.33,257600791,2026-05-08
002372,伟星新材,3.5,1592037988,2026-05-08
920837,华原股份,2.6,151712787,2026-05-12
688519,南亚新材,3.2,234771002,2026-05-11
000096,广聚能源,0.75,528000000,
688676,金盘科技,6.8,459784364,2026-05-08
600156,华升股份,0.1,402110702,2026-05-08
603221,爱丽家居,0.3,244540000,
601218,吉鑫科技,0.35,969033512,2026-05-08
002255,海陆重工,0.5,830881055,2026-05-08
301282,金禄电子,1.5,151139968,2026-05-08
002119,康强电子,0.4,375284000,2026-05-08
000722,湖南发展,0.5,464158282,2026-05-07
600278,东方创业,0.7,871915557,
300102,乾照光电,0.5,920333863,2026-05-08
600197,伊力特,4.3,473174717,
688153,唯捷创芯,0.77,430313008,
600824,益民集团,0.35,1054027073,
603858,步长制药,1.8,1054568442,
600282,南钢股份,1.372,6165091011,2026-05-11
002463,沪电股份,5.0,1924363537,2026-05-08
688345,博力威,2.0,101149500,2026-05-11
301391,卡莱特,1.0,95014811,
688256,寒武纪,15.0,421685170,2026-05-08
601008,连云港,0.6,1240638006,2026-05-11
002530,金财互联,0.26,779198175,2026-05-11
600489,中金黄金,4.58,4847312564,
002166,莱茵生物,1.0,741609425,2026-05-11
301297,富乐德,0.6,743187598,
002011,盾安环境,1.0,1074677139,
301552,科力装备,10.0,95200000,2026-05-11
605398,新炬网络,0.3,162716379,
688648,中邮科技,2.5,136000000,
002741,光华科技,1.0,465022310,2026-05-12
002906,华阳集团,5.0,524919041,2026-05-08
301559,中集环科,1.65,600000000,2026-05-08
688775,影石创新,2.35,401000000,
002960,青鸟智控,1.5,879808869,2026-05-11
301139,*ST元道,0.073,121580800,
000651,格力电器,20.0,5601405741,
601555,东吴证券,2.2,4968702837,
300307,慈星股份,0.2,800553776,2026-05-11
000035,中国天楹,0.36,2388032769,
301299,卓创资讯,8.0,60662620,2026-05-12
000568,泸州老窖,44.17,1471941963,
600721,百花医药,0.4,384547635,2026-05-08
002632,道明光学,1.7,624599090,2026-05-11
300373,扬杰科技,5.0,543347787,2026-05-08
300468,四方精创,0.6,530649275,2026-05-08
300224,正海磁材,2.0,930700417,2026-05-12
688586,江航装备,0.26,791339156,2026-05-11
300835,龙磁科技,2.0,119247540,2026-05-13
300363,博腾股份,0.9,543442176,2026-05-12
002422,科伦药业,4.68,1590781208,2026-05-11
300314,戴维医疗,0.8,288000000,2026-05-12
601528,瑞丰银行,2.1,1962161395,2026-05-12
920009,丹娜生物,5.0,55390000,2026-05-13
002563,森马服饰,1.5,2694090160,2026-05-11
603317,天味食品,5.5,1064714794,2026-05-11
002242,九阳股份,1.5,763017000,2026-05-12
601002,晋亿实业,0.8,954440720,2026-05-12
000823,超声电子,2.0,537001592,2026-05-12
601969,海南矿业,0.8,1991931751,2026-05-11
301109,军信股份,6.53,789100842,2026-05-11
300408,三环集团,4.5,1916497371,2026-05-11
002635,安洁科技,1.5,659686776,2026-05-12
001368,通达创智,1.5,113836944,2026-05-13
603580,艾艾精工,0.82,130673200,
688027,国盾量子,0.16,102861001,2026-05-12
002410,广联达,2.3,1651944342,2026-05-11
600779,水井坊,2.55,487503198,
603535,嘉诚国际,0.2,510918331,
600620,天宸股份,0.1,686677113,
601696,中银证券,0.173,2778000000,
600886,国投电力,5.081,8004494262,
600398,海澜之家,4.1,4802770296,2026-05-11
603596,伯特利,3.8,606513139,2026-05-11
600577,精达股份,0.6,2151095847,2026-05-11
601033,永兴股份,6.3,900000000,2026-05-11
300620,光库科技,2.0,249180545,2026-05-12
002283,天润工业,2.2,1139457178,2026-05-13
002595,豪迈科技,10.0,800000000,2026-05-11
603050,科林电气,1.9835,403319193,2026-05-12
300822,贝仕达克,0.3,311536200,2026-05-12
600660,福耀玻璃,12.0,2609743532,2026-05-13
688639,华恒生物,1.6,250115693,2026-05-12
300748,金力永磁,2.2,1375589297,2026-05-12
300274,阳光电源,6.9,2073211424,2026-05-12
300516,久之洋,0.54,180000000,2026-05-13
920036,觅睿科技,2.0,54421827,2026-05-14
001337,四川黄金,5.0,420000000,2026-05-12
688291,金橙子,1.0,102666700,2026-05-12
001367,海森药业,1.16,152351200,2026-05-13
002560,通达股份,1.0,525738570,2026-05-13
301173,毓恬冠佳,3.66,87834772,2026-05-14
688314,康拓医疗,3.2,81239172,2026-05-13
920675,秉扬科技,2.0,172164000,2026-05-15
920225,利通科技,1.0,126918894,2026-05-15
300092,科新机电,1.0,273923271,2026-05-14
300444,双杰电气,0.6,798625090,2026-05-15
300908,仲景食品,10.0,146000000,2026-05-15
600235,民丰特纸,0.15,351300000,2026-05-13
601288,农业银行,1.3,349983033873,2026-05-13
300119,瑞普生物,4.0,464754706,2026-05-13
603586,金麒麟,4.5,196052780,2026-05-14
603967,中创物流,6.5,346666710,2026-05-13
603697,有友食品,1.9,427692098,2026-05-15
601398,工商银行,1.689,356406257089,2026-05-13
002611,东方精工,0.42,1217286340,2026-05-14
688657,浩辰软件,6.0,65514288,2026-05-14
603166,福达股份,2.0,645650651,2026-05-13
301568,思泰克,6.0,103258400,2026-05-15
300172,中电环保,1.0,676710000,2026-05-15
002860,星帅尔,1.0,359712516,2026-05-14
300233,金城医药,1.5,383874587,2026-05-15
301148,嘉戎技术,3.9,116497080,2026-05-14
002153,石基信息,0.1,2729193841,2026-05-13
300443,金雷股份,1.0,320134598,2026-05-14
002690,美亚光电,7.0,882228900,2026-05-14
001267,汇绿生态,0.63,785164678,2026-05-15
301595,太力科技,2.5,108280000,2026-05-14
600096,云天化,12.0,1822990731,2026-05-14
600885,宏发股份,3.47,1547594313,2026-05-14
000989,九芝堂,3.0,855942012,2026-05-14
920663,明阳科技,3.743846,133552510,2026-05-15
301349,信德新材,3.0,102000000,2026-05-13
301076,新瀚新材,1.0,174881200,2026-05-18
002658,雪迪龙,2.0,635760924,2026-05-15
688208,道通科技,5.0,670183758,2026-05-15
002653,海思科,2.67,1119917970,2026-05-15
920033,康普化学,0.5,119135250,2026-05-18
601799,星宇股份,18.0,285679419,2026-05-18
300170,汉得信息,0.15,1023471711,2026-05-15
002782,可立克,2.0,495964013,2026-05-15
920183,海菲曼,10.0,48952000,2026-05-19
300151,昌红科技,0.8,532509462,2026-05-15
300259,新天科技,0.6,1169801516,2026-05-14
603063,禾望电气,1.3,459539190,2026-05-14
300562,乐心医疗,1.3,218613688,2026-05-14
920180,爱得科技,3.0,118123046,2026-05-20
920158,长江能科,3.5,142580000,2026-05-18
001288,运机集团,2.0,234881221,2026-05-18
301047,义翘神州,12.0,121636742,2026-05-15
002170,芭田股份,5.7,970351707,2026-05-15
688321,微芯生物,0.58,442941287,2026-05-14
688617,惠泰医疗,10.0,141041779,2026-05-14
301606,绿联科技,6.0,414909806,2026-05-15
603025,大豪科技,4.5,1116654773,2026-05-15
002139,拓邦股份,0.7,1246834988,2026-05-14
300196,长海股份,3.5,408718381,2026-05-15
002818,富森美,3.1,748458940,2026-05-15
920682,球冠电缆,2.0,324480000,2026-05-20
603186,华正新材,1.3,156790518,2026-05-15
600845,宝信软件,2.3,2870778802,2026-05-15
300014,亿纬锂能,2.338198,2173296935,2026-05-14
301175,中科环保,1.0,1471880000,2026-05-14
300286,安科瑞,3.5,250784655,2026-05-18
000910,大亚圣象,1.9,547397500,2026-05-15
002532,天山铝业,2.5,4628737415,2026-05-15
002763,汇洁股份,8.0,409924000,2026-05-15
688160,步科股份,3.0,90832206,2026-05-15
603119,浙江荣泰,2.3,363742150,2026-05-15
603062,麦加芯彩,10.3,108000000,2026-05-15
002516,旷达科技,0.8,1470838682,2026-05-15
003028,振邦智能,2.0,144711000,2026-05-14
300121,阳谷华泰,0.8,445236607,2026-05-18
002117,东港股份,3.0,523720955,2026-05-15
600066,宇通客车,20.0,2213939223,2026-05-15
300685,艾德生物,4.5,390105169,2026-05-18
001277,速达股份,3.42,76000000,2026-05-18
300386,飞天诚信,0.1,418044000,2026-05-19
301298,东利机械,3.0,146800000,2026-05-18
300321,同大股份,0.38,88800000,2026-05-19
300848,美瑞新材,0.5,427887627,2026-05-19
300296,利亚德,1.0,2711977222,2026-05-19
300346,南大光电,2.8,691156903,2026-05-18
301128,强瑞技术,8.0,103441270,2026-05-19
301077,星华新材,3.0,170078941,2026-05-18
002752,昇兴股份,1.0,976918468,2026-05-19
920455,汇隆活塞,1.4,177450000,2026-05-18
920106,林泰新材,6.0,56593500,2026-05-18
920022,世昌股份,6.0,60321000,2026-05-18
300306,远方信息,2.6,268958778,2026-05-19
300539,横河精密,1.9,268100662,2026-05-18
688686,奥普特,5.35,122235455,2026-05-15
002003,伟星股份,4.0,1188889653,2026-05-20
920505,九菱科技,1.0,64785465,2026-05-21
300223,北京君正,1.5,482540723,2026-05-20
002998,优彩资源,1.7,354813752,2026-05-20
300228,富瑞特装,1.2,597425549,2026-05-19
002443,金洲管道,0.3,520535520,2026-05-20
605499,东鹏饮料,25.0,578195410,2026-05-18
300403,汉宇集团,0.8,603000000,2026-05-19
688498,源杰科技,7.0,85947726,2026-05-18
002600,领益智造,0.2,7308198680,2026-05-19
301069,凯盛新材,0.5,453174229,2026-05-19
603929,亚翔集成,16.5,213360000,2026-05-18
603005,晶方科技,1.2,652171706,2026-05-18
600858,银座股份,0.2,520066589,2026-05-19
688307,中润光学,4.0,88774000,2026-05-19
002592,ST八菱,0.5,283331157,2026-05-19
603228,景旺电子,5.5,984857053,2026-05-18
301505,苏州规划,1.4,114399991,2026-05-18
300568,星源材质,0.1,1345710639,2026-05-19
920478,峆一药业,1.5,78708700,2026-05-20
002706,良信股份,2.0,1123125020,2026-05-18
920061,西磁科技,0.71,70790000,2026-05-20
301200,大族数控,6.0,489007741,2026-05-19
603160,汇顶科技,3.926,465886785,2026-05-18
001206,依依股份,3.0,184893808,2026-05-18
002956,西麦食品,5.384,223246885,2026-05-18
002380,科远智慧,2.0,239991649,2026-05-19
300627,华测导航,4.5,786892451,2026-05-19
002128,电投能源,10.0,2241573493,2026-05-20
002511,中顺洁柔,0.41,1286377813,2026-05-18
002352,顺丰控股,4.3,5039430409,2026-05-19
000034,神州数码,0.73,726242617,2026-05-19
300939,秋田微,2.0,120000000,2026-05-19
300818,耐普矿机,0.9,168772604,2026-05-19
920357,雅葆轩,1.0,80080000,2026-05-19
920119,美德乐,5.0,72123267,2026-05-20
002823,凯中精密,2.44276,328368949,2026-05-18
603799,华友钴业,5.0,1896727497,2026-05-19
920418,苏轴股份,3.5,162489600,2026-05-19
300342,天银机电,0.2,425035113,2026-05-19
300693,盛弘股份,5.0,312795823,2026-05-19
002282,博深股份,1.5,526838348,2026-05-19
300771,智莱科技,2.0,240000000,2026-05-19
002772,众兴菌业,3.0,374742533,2026-05-19
002884,凌霄泵业,10.0,357682509,2026-05-18
000559,万向钱潮,2.0,3315358444,2026-05-19
301162,国能日新,4.5,132583724,2026-05-19
688332,中科蓝讯,20.0,120598200,2026-05-18
920627,力王股份,0.5,94450000,2026-05-22
002597,金禾实业,2.0,568319878,2026-05-21
002419,天虹股份,0.7,1168847750,2026-05-20
300801,泰和科技,1.0,218430000,2026-05-20
301108,洁雅股份,1.5,112556252,2026-05-20
920599,同力股份,7.0,462525000,2026-05-20
000828,东莞控股,3.25,1039516992,2026-05-19
300440,运达科技,0.47,439516600,2026-05-20
000570,苏常柴A,0.22,705692507,2026-05-20
301628,强达电路,5.0,75375800,2026-05-20
605338,巴比食品,12.0,239566662,2026-05-19
603083,剑桥科技,2.8,352650373,2026-05-19
002801,微光股份,3.5,229632000,2026-05-20
300481,濮阳惠成,2.0,291855438,2026-05-21
600435,北方导航,0.25,1512357749,2026-05-20
001316,润贝航科,4.36,115115420,2026-05-20
600388,龙净环保,3.8,1270046293,2026-05-19
301359,东南电子,3.0,120176000,2026-05-21
002961,瑞达期货,2.3,476933433,2026-05-20
301310,鑫宏业,2.5,136554440,2026-05-19
920016,中草香料,0.7,76981929,2026-05-21
603090,宏盛股份,3.0,100000000,2026-05-19
920726,朱老六,0.4,101670000,2026-05-21
603391,力聚热能,15.0,91000000,2026-05-19
920237,力佳科技,1.0,86392800,2026-05-20
920190,雷神科技,1.25,100000001,2026-05-22
600219,南山铝业,1.36,11483701559,2026-05-20
002345,潮宏基,3.5,888512707,2026-05-21
301608,博实结,4.4949,88990000,2026-05-20
600529,山东药玻,1.8,663614113,2026-05-20
603112,华翔股份,2.06,539961401,2026-05-20
000735,罗牛山,0.35,1151513578,2026-05-21
000099,中信海直,0.97,775770137,2026-05-21
002572,索菲亚,8.0,963047164,2026-05-21
002206,海利得,2.0,1162207220,2026-05-21
300595,欧普康视,1.32,895289123,2026-05-20
002249,大洋电机,1.96,2465753714,2026-05-20
300294,博雅生物,0.73,504248738,2026-05-20
002987,京北方,2.1,867460152,2026-05-20
002533,金杯电工,4.5,733941062,2026-05-21
603267,鸿远电子,2.5,231080892,2026-05-19
688696,极米科技,11.844,70020000,2026-05-19
000977,浪潮信息,0.4,1468476655,2026-05-20
300821,东岳硅材,0.2,1200000000,2026-05-21
300674,宇信科技,3.0,704057060,2026-05-20
000922,佳电股份,1.1,694985154,2026-05-21
003006,百亚股份,4.0,429647790,2026-05-20
002373,千方科技,0.32,1580188215,2026-05-19
920160,北矿检测,2.5,113280000,2026-05-22
300666,江丰电子,3.86,265320683,2026-05-22
300138,晨光生物,3.0,483100093,2026-05-21
301283,聚胶股份,15.0,80417822,2026-05-21
920121,江天科技,5.0,66068183,2026-05-22
002886,沃特股份,0.75,263203565,2026-05-21
603075,热威股份,7.0,402483111,2026-05-20
688403,汇成股份,0.5,990938171,2026-05-20
300496,中科创达,1.85,460771144,2026-05-21
002664,信质集团,0.6,408200000,2026-05-21
300435,中泰股份,2.5,385713000,2026-05-21
300335,迪森股份,1.0,477012388,2026-05-21
301181,标榜股份,5.0,115540973,2026-05-21
002415,海康威视,7.5,9164871550,2026-05-20
300160,秀强股份,0.75,772946292,2026-05-21
920339,恒太照明,1.0,220203800,2026-05-22
603179,新泉股份,3.0,510141893,2026-05-20
603162,海通发展,0.5,927846308,2026-05-20
002351,漫步者,2.0,889107000,2026-05-21
002876,三利谱,1.09,173884932,2026-05-21
300573,兴齐眼药,10.0,246429527,2026-05-22
301393,昊帆生物,2.7,108000000,2026-05-21
603444,吉比特,70.0,72041101,2026-05-21
920992,中科美菱,0.9,96730934,2026-05-22
002407,多氟多,2.0,1190432569,2026-05-20
603214,爱婴室,2.53,138540036,2026-05-21
920634,新威凌,1.0,63908766,2026-05-21
603350,安乃达,3.0,116494000,2026-05-20
002245,蔚蓝锂芯,1.0,1153810537,2026-05-21
001378,德冠新材,4.5,133333600,2026-05-22
002465,海格通信,0.6,2481833948,2026-05-21
300926,博俊科技,2.199999,434320014,2026-05-20
920808,曙光数创,0.37,200000001,2026-05-22
002299,圣农发展,2.0,1243111721,2026-05-21
603199,九华旅游,7.7,110680000,2026-05-21
300977,深圳瑞捷,1.5,152226727,2026-05-22
300316,晶盛机电,1.5,1309533797,2026-05-21
605228,神通科技,1.17,479155319,2026-05-20
301399,英特科技,1.1,185020000,2026-05-21
300445,康斯特,1.0,212430013,2026-05-22
301598,博科测试,10.0,58897223,2026-05-21
002990,盛视科技,1.0,261852138,2026-05-21
603899,晨光股份,10.0,920970377,2026-05-20
301319,唯特偶,5.0,124520951,2026-05-21
002389,航天彩虹,0.6,984916021,2026-05-22
603013,亚普股份,3.5,508219564,2026-05-22
000708,中信特钢,4.457954,5047158357,2026-05-21
600058,五矿发展,0.336,1071910711,2026-05-21
000905,厦门港务,0.4,1542307913,2026-05-22
002396,星网锐捷,2.5,585695098,2026-05-25
301129,瑞纳智能,2.4,135897400,2026-05-25
920116,星图测控,1.28,159775000,2026-05-22
002593,日上集团,0.5,803858029,2026-05-22
002390,信邦制药,0.6,1943851868,2026-05-21
600765,中航重机,0.0843,1552494153,2026-05-22
600997,开滦股份,0.2,1587799851,2026-05-21
603039,泛微网络,0.75,256365955,2026-05-21
301392,汇成真空,1.0,100000000,2026-05-22
920000,安徽凤凰,0.8,91680000,2026-05-25
688213,思特威,8.8,402306775,2026-05-21
600284,浦东建设,0.7,970256000,2026-05-22
600754,锦江酒店,5.1,1066298444,2026-05-21
300136,信维通信,0.5,967568638,2026-05-22
300770,新媒股份,7.0,227838591,2026-05-22
600830,香溢融通,0.18,454322747,2026-05-22
002738,中矿资源,5.0,721491877,2026-05-22
688036,传音控股,9.0,1151184545,2026-05-22
603508,思维列控,5.245,381274377,2026-05-21
920395,朗鸿科技,2.0,152585704,2026-05-22
605289,罗曼股份,2.5,109007500,2026-05-21
002555,三七互娱,4.0,2212237681,2026-05-22
300979,华利集团,11.0,1167000000,2026-05-22
601689,拓普集团,4.9,1737835580,2026-05-22
002839,张家港行,1.2,2444344974,2026-05-21
301371,敷尔佳,8.0,520104000,2026-05-25
300508,维宏股份,1.61,108846330,2026-05-22
002925,盈趣科技,2.3,771669053,2026-05-22
600211,西藏药业,8.76,322319196,2026-05-22
603949,雪龙集团,2.2,210736706,2026-05-21
600063,皖维高新,0.2,2069106449,2026-05-21
688328,深科达,1.6,94456295,2026-05-21
002559,亚威股份,0.75,549765024,2026-05-21
300717,华信新材,1.0,102775000,2026-05-22
300349,金卡智能,2.5,417213313,2026-05-22
002008,大族激光,2.0,1029603408,2026-05-21
688297,中无人机,2.0,675000000,2026-05-21
688798,艾为电子,4.3,233128636,2026-05-22
002469,三维化学,2.0,648862630,2026-05-22
301165,锐捷网络,5.25,795454545,2026-05-25
688543,国科军工,9.0,208842028,2026-05-22
300534,陇神戎发,0.2,303345000,2026-05-22
603026,石大胜华,0.4,232701014,2026-05-22
605298,必得科技,2.0,187850000,2026-05-21
002479,富春环保,1.0,865000000,2026-05-22
003015,日久光电,2.0,281066667,2026-05-21
002895,川恒股份,15.0,605906383,2026-05-21
688295,中复神鹰,0.33,900000000,2026-05-21
920976,视声智能,3.0,70953400,2026-05-25
920689,克莱特,5.0,73400000,2026-05-25
002870,香山股份,1.28,132075636,2026-05-22
002454,松芝股份,2.0,628581600,2026-05-22
605286,同力天启,0.6,168000000,2026-05-22
000878,云南铜业,2.3,2425184040,2026-05-22
002033,丽江股份,3.5,549490711,2026-05-21
301266,宇邦新材,1.99999,109980485,2026-05-22
000501,武商集团,1.0,768992731,2026-05-22
688077,大地熊,2.2,114478504,2026-05-22
300351,永贵电器,0.41,388910028,2026-05-22
002060,广东建工,1.4,3754393242,2026-05-22
002749,国光股份,2.0,466358550,2026-05-22
603227,雪峰科技,1.5,1071692689,2026-05-22
002668,TCL智家,2.0379,1084111428,2026-05-22
002367,康力电梯,1.5,797745456,2026-05-25
603577,汇金通,0.608,339139100,2026-05-22
000690,宝新能源,2.0,2175887862,2026-05-22
603886,元祖股份,6.0,240000000,2026-05-22
002774,快意电梯,3.0,336687900,2026-05-22
603213,镇洋发展,2.5,441972355,2026-05-25
603129,春风动力,42.0,153482763,2026-05-22
002014,永新股份,2.7,612491866,2026-05-25
300304,云意电气,0.5,878143718,2026-05-22
002293,罗莱生活,4.2,833842481,2026-05-22
603326,我乐家居,2.5,319176930,2026-05-22
002254,泰和新材,0.2,857057183,2026-05-22
002734,利民股份,4.5,475839624,2026-05-22
000661,长春高新,1.6,407937529,2026-05-25
688099,晶晨股份,2.0,421165613,2026-05-22
002126,银轮股份,1.2,846806088,2026-05-22
000555,神州信息,0.1,975774437,2026-05-22
000791,甘肃能源,2.3,3243839742,2026-05-22
688377,迪威尔,2.0,194642722,2026-05-22
603909,建发合诚,1.5,260673140,2026-05-22
600987,航民股份,2.5,1020818873,2026-05-22
920005,鼎佳精密,4.3,83000000,2026-05-26
301369,联动科技,2.8,70575398,2026-05-25
300448,浩云科技,0.18,676517079,2026-05-25
301221,光庭信息,3.0,92622300,2026-05-26
300703,创源股份,0.8,180391840,2026-05-26
300784,利安科技,2.0,56237600,2026-05-26
920580,科创新材,0.7,86000000,2026-05-27
300867,圣元环保,0.92,271741053,2026-05-26
301303,真兰仪表,2.8,408800000,2026-05-26
920055,隆源股份,5.5,68000000,2026-05-27
605117,德业股份,18.0,909359054,2026-05-22
920187,通领科技,5.0,62400000,2026-05-27
688106,金宏气体,2.5,535384888,2026-05-22
300951,博硕科技,6.0,169400597,2026-05-25
300590,移为通信,1.2,462236538,2026-05-25
300888,稳健医疗,3.0,582329808,2026-05-25
301045,天禄科技,1.0,110318358,2026-05-25
300549,优德精密,0.5,133340000,2026-05-26
300758,七彩化学,0.75,399115632,2026-05-26
920050,爱伦医疗,10.0,67679334,2026-05-26
300105,龙源技术,1.5,515814420,2026-05-25
300787,海能实业,2.0,313433020,2026-05-25
920768,拾比佰,1.5,110970000,2026-05-26
002334,英威腾,0.6,822740600,2026-05-26
301446,福事特,1.0,104000000,2026-05-25
300533,冰川网络,10.0,234461970,2026-05-26
301622,英思特,1.5,115931880,2026-05-25
920950,迅安科技,3.6,73320000,2026-05-25
920871,派特尔,2.0,85015641,2026-05-25
002394,联发股份,5.0,323700000,2026-05-25
688155,先惠技术,7.0,126436008,2026-05-25
920046,亿能电力,0.8,101150000,2026-05-28
600382,广东明珠,2.13,694408089,2026-05-25
300847,中船汉光,1.16,296010000,2026-05-26
001217,华尔泰,1.0,331870000,2026-05-26
002179,中航光电,5.5,2117427561,2026-05-26
300827,上能电气,1.2,556691579,2026-05-27
301328,维峰电子,3.0,109893594,2026-05-26
920363,莱赛激光,1.5,95450000,2026-05-29
300800,力合科技,1.0,236759000,2026-05-26
301222,浙江恒威,5.0,100241600,2026-05-27
301163,宏德股份,1.25,81600000,2026-05-26
301061,匠心家居,5.0,218767401,2026-05-26
301020,密封科技,1.8,146400000,2026-05-27
301314,科瑞思,2.4,55250000,2026-05-27
301120,新特电气,0.54,371441055,2026-05-26
000423,东阿阿胶,14.354904,643976824,2026-05-25
300811,铂科新材,2.0,289888200,2026-05-27
920422,润普食品,1.2,88482710,2026-05-26
001260,坤泰股份,2.15,115000000,2026-05-27
920002,万达轴承,1.0,45502968,2026-05-27
920946,森萱医药,1.6,426918340,2026-05-27
300761,立华股份,2.5,837269641,2026-05-26
300654,世纪天鸿,0.5,366124852,2026-05-27
300737,科顺股份,0.6,1109971693,2026-05-26
300642,透景生命,1.0,162544041,2026-05-26
300845,捷安高科,2.0,205641100,2026-05-26
920523,德瑞锂电,3.0,101301369,2026-05-27
300993,玉马科技,2.0,308131200,2026-05-27
301360,荣旗科技,3.5,53340000,2026-05-25
600114,东睦股份,3.0,631383477,2026-05-25
600598,北大荒,5.5,1777679909,2026-05-26
300832,新产业,12.0,785718785,2026-05-27
600711,盛屯矿业,0.5,3090611551,2026-05-26
300999,金龙鱼,2.3,5421591536,2026-05-26
002262,恩华药业,4.0,1015786583,2026-05-26
301529,福赛科技,1.0,84837210,2026-05-27
603721,中广天择,0.8,130000000,2026-05-26
300860,锋尚文化,2.1,188450723,2026-05-26
601975,招商南油,0.27,4680344678,2026-05-27
300236,上海新阳,4.779598,313382153,2026-05-26
600273,嘉化能源,2.5,1311309122,2026-05-25
300864,南大环境,8.5,157910683,2026-05-27
688668,鼎通科技,4.0,139270606,2026-05-26
002612,朗姿股份,12.0,442445375,2026-05-26
002236,大华股份,3.7,3269262074,2026-05-26
600760,中航沈飞,2.65,2835094714,2026-05-27
688510,航亚科技,2.0,259522608,2026-05-25
300001,特锐德,2.0,1055537713,2026-05-27
000612,焦作万方,3.25,1192199394,2026-05-26
001205,盛航股份,1.5,188003534,2026-05-26
601018,宁波港,0.9,19454388399,2026-05-25
603610,麒盛科技,1.4,352991621,2026-05-26
603100,川仪股份,2.1,513173176,2026-05-25
001283,豪鹏科技,3.8,99943067,2026-05-26
603889,新澳股份,3.5,730157443,2026-05-25
300967,晓鸣股份,2.5,187571271,2026-05-26
920454,同心传动,1.6,105100000,2026-05-26
688569,铁科轨道,2.7,210666700,2026-05-26
603606,东方电缆,5.6,687715368,2026-05-26
002137,实益达,0.5,577504854,2026-05-26
688433,华曙高科,0.51,415577547,2026-05-25
920706,铁拓机械,1.5,92405245,2026-05-26
600103,青山纸业,0.086,2240826747,2026-05-25
603997,继峰股份,1.07,1272264864,2026-05-26
300239,东宝生物,0.12,593623165,2026-05-27
688334,西高院,2.05,316579466,2026-05-26
301617,博苑新材,2.0,133640000,2026-05-26
002981,朝阳科技,1.67,137486115,2026-05-25
002294,信立泰,5.5,1114816535,2026-05-26
688692,达梦数据,10.0,113240000,2026-05-26
600497,驰宏锌锗,0.7,5040380483,2026-05-26
301479,弘景光电,5.0,88965333,2026-05-26
688380,中微半导,3.0,400365000,2026-05-25
300953,震裕科技,3.0,173477731,2026-05-28
301113,雅艺科技,1.1,91000000,2026-05-26
002725,跃岭股份,0.18,256000000,2026-05-27
300866,安克创新,17.0,536276360,2026-05-26
300231,银信科技,1.5,444296866,2026-05-27
002587,奥拓电子,0.5,654504156,2026-05-27
603713,密尔克卫,10.0,158127620,2026-05-27
603036,如通股份,2.2,206006025,2026-05-27
603985,恒润股份,0.6,440858003,2026-05-26
301548,崇德科技,4.0,87000000,2026-05-27
920522,纳科诺尔,1.0,156750720,2026-05-28
300981,中红医疗,3.5,428864959,2026-05-27
301358,湖南裕能,3.56,843340214,2026-05-28
600609,金杯汽车,0.23,1304558558,2026-05-28
300042,朗科科技,0.7,200400000,2026-05-28
002859,洁美科技,1.2,431226568,2026-05-28
688127,蓝特光学,3.0,405897700,2026-05-28
300969,恒帅股份,3.5,117228469,2026-05-28
002053,云南能投,1.3,920729464,2026-05-28
300383,光环新网,0.2,1797592847,2026-05-28
002223,鱼跃医疗,6.0,1002476929,2026-05-26
920100,三协电机,2.8,73809300,2026-05-27
300701,森霸传感,1.7,282735119,2026-05-27
001382,新亚电缆,0.75,412000000,2026-05-27
688570,天玛智控,1.0,433000000,2026-05-28
300760,迈瑞医疗,3.1,1212441394,2026-05-28
300275,梅安森,0.35,308005068,2026-05-28
603986,兆易创新,7.5,701102451,2026-05-26
301591,肯特股份,0.6,84120000,2026-05-27
000631,顺发恒能,0.15,2300000085,2026-05-27
600825,新华传媒,0.13,1044887850,2026-05-28
301536,星宸科技,3.0,421715232,2026-05-26
300485,赛升药业,0.3,481666400,2026-05-27
600702,舍得酒业,3.1,332758879,2026-05-27
002817,黄山胶囊,0.53,299098170,2026-05-26
601236,红塔证券,1.6,4716787742,2026-05-28
301511,德福科技,1.0,630322000,2026-05-26
300943,春晖智控,1.3,203820000,2026-05-28
603993,洛阳钼业,2.86,21394310176,2026-05-27
301408,华人健康,1.0,400010000,2026-05-27
002937,兴瑞科技,2.0,297780746,2026-05-26
601000,唐山港,2.0,5925928614,2026-05-27
688526,科前生物,6.4,466128056,2026-05-26
000582,北部湾港,0.8,2517084480,2026-05-27
300998,宁波方正,2.0,137169230,2026-05-28
920556,雅达股份,0.8,161315200,2026-05-28
300057,万顺新材,0.1,1003571463,2026-05-26
920978,开特股份,2.25,180028468,2026-05-29
920690,捷众科技,5.0,66300000,2026-05-28
002757,南兴股份,2.0,295455913,2026-05-26
688063,派能科技,1.24,245359249,2026-05-27
600419,天润乳业,0.2,315512244,2026-05-26
300925,法本信息,0.5,428708945,2026-05-26
688661,和林微纳,0.8,151887826,2026-05-27
301388,欣灵电气,2.0,102447600,2026-05-28
300653,正海生物,2.8,180000000,2026-05-27
688766,普冉股份,1.2,148049102,2026-05-26
002873,新天药业,0.3,244103806,2026-05-27
300897,山科智能,0.5,140219804,2026-05-27
300073,当升科技,2.83,544293668,2026-05-27
300785,值得买,1.88,198855243,2026-05-28
002891,中宠股份,1.6,321897746,2026-05-26
002695,煌上煌,1.0,559585801,2026-05-27
300711,广哈通信,2.0,280433632,2026-05-28
920651,天罡股份,7.0,61000000,2026-05-28
688273,麦澜德,5.0,100000000,2026-05-26
300181,佐力药业,3.5,701387335,2026-05-28
300303,聚飞光电,1.2,1416805527,2026-05-27
301458,钧崴电子,3.5,266666700,2026-05-27
688596,正帆科技,1.0,294131919,2026-05-27
002457,青龙管业,1.2,333486800,2026-05-26
605155,西大门,2.0,191298100,2026-05-26
002833,弘亚数控,6.0,424232258,2026-05-27
300401,花园生物,1.13,543685085,2026-05-27
688198,佰仁医疗,8.0,137748133,2026-05-26
002549,凯美特气,0.5,695347901,2026-05-27
605168,三人行,7.2,210816986,2026-05-26
920075,柏星龙,3.14,64815000,2026-05-28
001270,铖昌科技,2.0,206114901,2026-05-27
301125,腾亚精工,0.2,141757920,2026-05-28
300952,恒辉安防,1.25,172586789,2026-05-26
603568,伟明环保,6.0,1710131761,2026-05-26
300602,飞荣达,0.6,581863431,2026-05-27
300664,鹏鹞环保,0.5,756256332,2026-05-28
002012,凯恩股份,0.21,467625470,2026-05-26
000913,钱江摩托,6.0,526411000,2026-05-27
002274,华昌化工,1.0,952364646,2026-05-28
920082,方正阀门,1.3,145355000,2026-05-27
300235,方直科技,0.25,251746635,2026-05-27
300599,雄塑科技,1.0,358131567,2026-05-27
603071,物产环能,3.7,557954442,2026-05-28
600982,宁波能源,1.7,1117627485,2026-05-26
920541,铁大科技,2.0,136700000,2026-05-27
600371,万向德农,1.0,292578000,2026-05-26
002836,新宏泽,2.0,230400000,2026-05-27
300194,福安药业,0.5,1189712382,2026-05-28
002518,科士达,4.5,582225094,2026-05-27
601126,四方股份,7.2,833105500,2026-05-27
300503,昊志机电,1.0,308226785,2026-05-27
301101,明月镜片,5.0,201512100,2026-05-27
300957,贝泰妮,3.5,423600000,2026-05-28
000058,深赛格,0.24,1231200672,2026-05-27
605066,天正电气,1.0,504750125,2026-05-28
300191,潜能恒信,0.5,320000000,2026-05-28
600523,贵航股份,1.44,404311320,2026-05-29
301413,安培龙,3.0,98401985,2026-05-29
002614,奥佳华,1.0,623739204,2026-05-29
002338,奥普光电,0.7,240000000,2026-05-28
301026,浩通科技,4.0,158273987,2026-05-29
600595,中孚实业,1.75,4007905114,2026-05-28
920058,华洋赛车,3.56,56056110,2026-05-29
300251,光线传媒,1.5,2933588432,2026-05-29
002152,广电运通,2.0,2483382898,2026-05-28
301618,长联科技,1.0,90215860,2026-05-28
300705,九典制药,4.0,500291126,2026-05-28
002714,牧原股份,4.269999,5772995317,2026-05-27
002982,湘佳股份,1.0,203194085,2026-05-29
002154,报喜鸟,1.7,1459333729,2026-05-29
301156,美农生物,2.0,140784675,2026-05-29
300563,神宇股份,2.0,182136526,2026-05-29
301468,博盈特焊,2.0,130113877,2026-05-29
301557,常友科技,9.0,44307871,2026-05-29
300880,迦南智能,1.5,195137280,2026-05-29
300756,金马游乐,1.2,157598176,2026-05-28
002507,涪陵榨菜,2.2,1153919028,2026-05-28
300517,海波重科,1.0,200413727,2026-05-29
300863,卡倍亿,2.0,188175836,2026-05-29
300232,洲明科技,0.2,1087447151,2026-05-27
300669,沪宁股份,0.8,192705526,2026-05-28
000686,东北证券,1.5,2340452915,2026-05-28
603698,航天工程,0.75,535990000,2026-05-29
002641,公元股份,0.2,1229093871,2026-05-28
600309,万华化学,12.5,3130471626,2026-05-27
920163,方大新材,1.0,128715160,2026-06-01
301396,宏景科技,2.0,153517547,2026-05-29
003005,竞业达,0.7,231388691,2026-05-28
920029,开发科技,16.0,138886667,2026-05-29
000833,粤桂股份,1.8,802082221,2026-05-29
300039,上海凯宝,1.0,1046000000,2026-05-29
603966,法兰泰克,2.8,400313216,2026-05-27
301238,瑞泰新材,2.0,733333300,2026-05-29
920212,智新电子,0.36,106100000,2026-05-29
300877,金春股份,2.55,120000000,2026-05-28
002243,力合科创,0.5,1210604219,2026-05-28
301003,江苏博云,3.0,97133323,2026-05-29
920260,中寰股份,2.0,103550000,2026-06-03
301678,新恒汇,5.0,239555467,2026-05-27
300441,鲍斯股份,0.65,644415868,2026-05-29
600176,中国巨石,1.9,4003136728,2026-05-27
300616,尚品宅配,2.0,224515980,2026-05-28
600988,赤峰黄金,3.2,1900411178,2026-05-27
300729,乐歌股份,3.0,341613405,2026-05-28
002880,卫光生物,2.0,226800000,2026-05-27
603689,皖天然气,3.0,525813345,2026-05-29
002949,华阳国际,2.0,196047685,2026-05-27
688475,萤石网络,4.0,787500000,2026-05-28
300416,苏试试验,1.5,508547806,2026-05-28
920087,秋乐种业,0.7,165200000,2026-05-28
300183,东软载波,0.05,462609137,2026-05-29
000902,新洋丰,2.0,1254734026,2026-05-28
002001,新和成,8.0,3073421680,2026-05-28
002912,中新赛克,4.0,170752000,2026-05-28
002318,久立特材,10.0,977170720,2026-05-28
603383,顶点软件,6.0,205379059,2026-05-28
002953,日丰股份,1.0,491579648,2026-05-28
920123,芭薇股份,2.0,111540000,2026-05-29
002416,爱施德,5.0,1239281806,2026-05-28
920076,国亮新材,3.0,83634491,2026-05-29
301331,恩威医药,6.8,102891887,2026-05-28
300851,交大思诺,6.8,86933400,2026-05-29
300885,海昌新材,0.806,248151800,2026-05-29
300263,隆华科技,0.6,1035006302,2026-05-29
002349,精华制药,0.9,831128308,2026-05-29
300406,九强生物,7.0,586308628,2026-05-29
301208,中亦科技,1.3,120000060,2026-05-29
002436,兴森科技,0.3,1699673563,2026-05-28
001285,瑞立科密,5.56,180178184,2026-05-27
688006,杭可科技,1.66,603672152,2026-05-29
301059,金三江,2.0,231154000,2026-05-28
301103,何氏眼科,1.5,158026471,2026-05-29
301373,凌玮科技,3.0,108472091,2026-05-28
002746,仙坛股份,2.0,860538727,2026-05-28
000999,华润三九,5.9,1664217858,2026-05-29
002156,通富微电,0.81,1517596912,2026-05-28
300843,胜蓝股份,1.0,163707464,2026-05-29
000900,现代投资,1.6,1517828334,2026-05-28
300921,南凌科技,1.0,183797487,2026-05-29
002032,苏泊尔,26.3,799848156,2026-05-28
300884,狄耐克,1.0,253862820,2026-05-28
300453,三鑫医疗,2.0,522084275,2026-05-28
301071,力量钻石,4.0,260272313,2026-05-28
300870,欧陆通,3.09,109030819,2026-05-28
605389,长龄液压,4.5,144087070,2026-05-27
300545,联得装备,1.0,185461376,2026-05-29
301367,瑞迈特,6.6,89600000,2026-05-28
002402,和而泰,2.0,924638285,2026-05-27
002959,小熊电器,13.0,155833544,2026-05-28
000049,德赛电池,2.3,384638534,2026-05-28
600742,富维股份,1.0,743057880,2026-05-29
920091,大鹏工业,3.2,61465200,2026-06-01
002131,利欧股份,0.3,6771778703,2026-05-28
920111,聚星科技,1.0,155154500,2026-05-29
301295,美硕科技,2.1,100800000,2026-05-28
300553,集智股份,0.5,111022943,2026-05-28
603806,福斯特,1.5,2608745019,2026-05-27
600276,恒瑞医药,2.0,6637199874,2026-05-27
301419,阿莱德,4.0,120000000,2026-05-28
002811,郑中设计,1.0,307970005,2026-05-28
002484,江海股份,2.6,850523941,2026-05-28
301322,绿通科技,0.5,142655878,2026-05-28
301078,孩子王,0.55,1264644576,2026-05-28
002590,万安科技,0.85,519052477,2026-05-28
300898,熊猫乳品,6.0,124000000,2026-05-29
000933,神火股份,8.0,2249004399,2026-05-29
301235,华康洁净,2.0,107776866,2026-05-29
301589,诺瓦星云,9.0,92448000,2026-05-29
603976,正川股份,2.9,151203848,2026-05-28
002802,洪汇新材,1.0,181245890,2026-05-29
301258,富士莱,2.2,91670000,2026-05-29
601388,怡球资源,0.25,2201222616,2026-05-28
920304,迪尔化工,1.5,169538000,2026-05-29
603183,建研院,0.05,497153251,2026-05-29
688093,世华科技,3.0,280382791,2026-05-28
603766,隆鑫通用,5.0,2053541850,2026-05-28
688816,易思维,2.4,100000000,2026-05-28
300694,蠡湖股份,0.85,217070376,2026-05-29
603320,迪贝电气,1.7,149146203,2026-05-28
301158,德石股份,2.0,150370510,2026-05-28
002689,ST远智,0.5,1043310725,2026-05-29
003027,同兴科技,3.0,130723200,2026-05-29
301563,云汉芯城,5.0,65116099,2026-05-29
301086,鸿富瀚,6.0,90000000,2026-05-29
603701,德宏股份,0.4,261361901,2026-05-29
603125,常青科技,0.4,404836375,2026-05-28
600300,维维股份,1.04,1617142180,2026-05-28
688232,新点软件,1.0,321981975,2026-05-28
002534,西子洁能,1.0,835935177,2026-05-29
688605,先锋精科,1.0,202379856,2026-05-28
002697,红旗连锁,1.07,1360000000,2026-05-29
002039,黔源电力,3.9,427558126,2026-05-29
688350,富淼科技,0.75,143244628,2026-05-28
301508,中机认检,2.42,226085200,2026-05-28
300009,安科生物,2.5,1670700708,2026-05-29
688772,珠海冠宇,3.0,1132185704,2026-05-28
002850,科达利,25.0,277958806,2026-05-29
600995,南网储能,1.1707,3196005805,2026-05-28
605507,国邦医药,6.0,558823500,2026-05-29
600971,恒源煤电,2.5,1200004884,2026-05-29
600097,开创国际,1.0,240936559,2026-05-28
001308,康冠科技,6.0,704091291,2026-05-29
301270,汉仪股份,1.02,100000000,2026-05-29
300841,康华生物,5.0,129946899,2026-05-29
300519,新光药业,3.0,160000000,2026-05-29
301107,瑜欣电子,3.0,101563420,2026-05-29
688092,爱科科技,1.7,82663740,2026-05-28
002376,新北洋,2.0,810562541,2026-05-29
002019,亿帆医药,1.0,1216390085,2026-05-29
002241,歌尔股份,2.0,3550383776,2026-05-29
002225,濮耐股份,0.5,1159239147,2026-05-29
688550,瑞联新材,9.0,173844438,2026-05-28
002062,宏润建设,1.0,1237270889,2026-05-29
300727,润禾材料,3.0,180136352,2026-06-01
300153,科泰电源,0.7,320000000,2026-05-29
002550,千红制药,1.5,1279800000,2026-05-29
300133,华策影视,0.11,1888270981,2026-05-29
603529,爱玛科技,5.44,867892982,2026-05-28
603565,中谷物流,2.4,2100063103,2026-05-28
603009,北特科技,1.39,346389815,2026-05-29
002606,大连电瓷,0.38,439073220,2026-05-29
688389,普门科技,2.82,428485730,2026-05-28
603658,安图生物,13.1,571424768,2026-06-01
603309,维力医疗,3.0,291871418,2026-05-28
920086,科马材料,5.0,83680000,2026-06-01
301380,挖金客,2.0,101392433,2026-05-28
002332,仙琚制药,2.0,989204866,2026-05-28
301234,五洲医疗,2.0,68000000,2026-06-01
300747,锐科激光,0.38,561600000,2026-05-29
300339,润和软件,0.7,796410841,2026-05-29
603298,杭叉集团,4.0,1309812049,2026-05-29
301629,矽电股份,2.54,41727274,2026-05-29
000401,金隅冀东,1.0,2658217235,2026-05-29
301550,斯菱智驱,3.0,231275000,2026-05-29
002993,奥海科技,6.0,276040000,2026-05-28
300989,蕾奥规划,0.1,210959534,2026-05-29
002401,中远海科,0.28,371668440,2026-05-29
002328,新朋股份,1.16,771770000,2026-05-29
300643,万通智控,2.2,231253546,2026-06-01
002636,金安国纪,1.25,728000000,2026-05-28
301300,远翔新材,4.0,64921000,2026-05-29
300606,金太阳,2.0,138347826,2026-05-29
300629,新劲刚,1.0,251423424,2026-05-29
301336,趣睡科技,2.51,40000000,2026-05-29
301043,绿岛风,3.0,68000000,2026-05-29
301029,怡合达,4.96,634202712,2026-05-29
002335,科华数据,5.0,515414041,2026-05-29
301269,华大九天,1.5,545437608,2026-06-01
301157,华塑科技,1.5,60000000,2026-05-29
301110,青木科技,4.0,92535333,2026-05-29
301135,瑞德智能,3.0,100444700,2026-05-29
300684,中石科技,7.4,299509223,2026-05-29
300171,东富龙,0.8,765828040,2026-06-01
301626,苏州天脉,2.0,115680000,2026-05-29
301381,赛维时代,2.5,403458200,2026-05-29
300622,博士眼镜,2.7,227854160,2026-05-29
920080,奥美森,5.0,83000000,2026-06-02
301033,迈普医学,7.0,67049620,2026-06-01
300005,探路者,0.1,883702186,2026-05-29
300718,长盛轴承,2.6,298779030,2026-05-29
000672,上峰材料,4.8,969395450,2026-05-29
301151,冠龙节能,2.0,169004100,2026-05-29
920926,鸿智科技,2.5,88361737,2026-05-29
301141,中科磁业,2.0,124032605,2026-05-29
301276,嘉曼服饰,5.0,129600000,2026-05-29
001322,箭牌家居,0.4,967162960,2026-05-29
300950,德固特,2.0,153644000,2026-05-29
300538,同益股份,0.2,181918573,2026-06-01
002916,深南电路,24.0,681166595,2026-05-29
600535,天士力,1.0,1493950005,2026-05-29
002815,崇达技术,1.3,1234151324,2026-05-29
002452,长高电气,0.9,620332085,2026-05-29
301272,英华特,3.4,58502300,2026-05-29
300763,锦浪科技,2.0,398061330,2026-05-28
300751,迈为股份,5.0,278901752,2026-05-29
301202,朗威股份,2.0,136400000,2026-05-29
301439,泓淋电力,2.0,389101809,2026-05-29
002602,世纪华通,0.6,7370682322,2026-05-29
301015,百洋医药,5.71,525624077,2026-06-01
002756,永兴材料,4.0,539101540,2026-05-29
300505,川金诺,4.0,274867523,2026-05-29
301362,民爆光电,14.5,104670000,2026-05-28
000848,承德露露,5.0,1020000074,2026-05-29
301592,六九一二,0.77,70000000,2026-05-29
001400,江顺科技,4.0,60000000,2026-05-29
001387,雪祺电气,2.0,183030400,2026-05-28
600353,旭光电子,0.7,828811159,2026-05-29
301275,汉朔科技,1.0,422400000,2026-05-29
300910,瑞丰新材,15.0,295935278,2026-05-29
603259,药明康德,15.7927,2983757155,2026-05-29
688012,中微公司,3.5,628840931,2026-05-29
002048,宁波华翔,2.6,813833122,2026-05-29
002846,英联股份,0.25,419993636,2026-05-29
002807,江阴银行,1.2,2461392789,2026-05-29
688558,国盛智科,7.5,132000000,2026-05-29
003019,宸展光电,5.0,176952359,2026-06-01
688278,特宝生物,6.2,408189480,2026-05-29
002727,一心堂,2.0,585604125,2026-05-29
002566,益盛药业,0.8,330951600,2026-05-29
688163,赛伦生物,2.6,108220000,2026-05-29
600292,电投水电,0.61,4380206201,2026-05-29
001369,双欣材料,1.5,1147000000,2026-05-29
300976,达瑞电子,7.0,134104216,2026-06-01
002317,众生药业,2.0,849930477,2026-05-29
001324,长青科技,0.726351,138000000,2026-05-29
300412,迦南科技,0.58,497756637,2026-06-01
002837,英维克,1.7,980268994,2026-06-01
002669,康达新材,1.0,303400000,2026-05-29
603080,新疆火炬,5.2,141500000,2026-05-29
002451,摩恩电气,0.1,440670000,2026-06-01
301167,建研设计,0.9,112000000,2026-06-01
600857,宁波中百,0.45,224319919,2026-06-01
603988,中电电机,0.45,235200000,2026-05-29
002080,中材科技,4.34,1678123584,2026-05-29
688035,德邦科技,1.5,142240000,2026-05-29
003012,东鹏控股,2.5,1156981158,2026-06-01
301365,矩阵股份,3.3,180000000,2026-06-01
688656,浩欧博,2.0,63479740,2026-05-29
000751,锌业股份,0.1,1615630595,2026-06-01
301680,固德电材,4.5,82800000,2026-06-01
002150,正泰电源,1.0,360868803,2026-05-29
300569,天能重工,0.18,1022726168,2026-05-29
688195,腾景科技,1.64,129350000,2026-05-29
002493,荣盛石化,1.0,9989442254,2026-06-01
600694,大商股份,10.0,344357828,2026-05-29
603860,中公高科,2.052,66680000,2026-05-29
603043,广州酒家,4.0,568770805,2026-05-29
603739,蔚蓝生物,1.0,253028866,2026-05-29
300988,津荣天宇,1.96,140297357,2026-05-29
002688,金河生物,1.0,769504398,2026-06-01
002409,雅克科技,3.1,475927678,2026-06-01
003020,立方制药,3.0,190182182,2026-05-29
002061,浙江交科,1.1,2674299530,2026-05-29
605188,国光连锁,0.15,502358500,2026-05-29
002655,共达电声,0.3,364504000,2026-05-29
002892,科力尔,0.22,744643040,2026-06-01
605011,杭州热电,1.0,400100000,2026-05-29
002232,启明信息,0.24,408548455,2026-06-01
001332,锡装股份,5.0,110490000,2026-05-29
605020,永和股份,4.5,510818723,2026-05-29
920419,路斯股份,1.5,103306400,2026-06-02
300752,隆利科技,0.990798,230621056,2026-06-01
920252,天宏锂电,0.4,102650665,2026-06-02
603193,润本股份,2.6,404593314,2026-05-29
600507,方大特钢,2.0,2313187890,2026-05-29
301166,优宁维,6.0,86168468,2026-06-01
301376,致欧科技,2.0,402468975,2026-06-02
002952,亚世光电,0.5,164340000,2026-06-01
920010,凯添燃气,0.3,234500000,2026-06-02
920679,前进科技,2.8,55850000,2026-06-03
003036,泰坦股份,0.66,216291338,2026-05-29
300607,拓斯达,0.32,476972412,2026-06-02
300577,开润股份,2.6,239836247,2026-05-29
300975,商络电子,0.66,687005604,2026-06-01
301106,骏成科技,3.5,102114835,2026-06-01
301088,戎美股份,5.27,227900000,2026-06-01
300731,科创新源,0.4,126631804,2026-06-01
301183,东田微,1.8,80076350,2026-06-02
300567,精测电子,2.0,279746002,2026-05-29
301566,达利凯普,0.3,400010000,2026-06-01
300482,万孚生物,2.2,468088698,2026-06-02
603279,景津装备,3.0,576373000,2026-06-01
300529,健帆生物,5.2,798605275,2026-06-01
301631,壹连科技,10.0,91414580,2026-06-01
603998,方盛制药,1.5,439081360,2026-05-29
301251,威尔高,0.5,134688633,2026-05-29
301353,普莱得,5.0,98181249,2026-06-02
001314,亿道信息,1.8,142634000,2026-06-02
920961,创远信科,0.3,142840508,2026-06-01
002585,双星新材,0.2,1141322612,2026-05-29
301263,泰恩康,0.5,425497500,2026-06-01
301489,思泉新材,1.5,80753867,2026-06-01
300438,鹏辉能源,0.6,503343360,2026-06-02
920870,恒进感应,1.0,134000000,2026-06-02
300679,电连技术,2.383781,424820000,2026-06-01
301053,远信工业,1.0,94203798,2026-06-01
300417,南华仪器,0.7,134563200,2026-06-02
300387,富邦科技,0.6,289057018,2026-06-01
301057,汇隆新材,2.0,116969438,2026-06-01
920509,同惠电子,3.0,160305696,2026-06-04
301509,金凯生科,9.0,120446669,2026-06-02
920526,凯华材料,1.0,82700000,2026-06-03
605580,恒盛能源,3.0,280000000,2026-06-02
603992,松霖科技,2.65,443041820,2026-05-29
301357,北方长龙,0.6,95200000,2026-06-02
301584,建发致新,2.0,421288509,2026-06-01
300735,光弘科技,2.5,809115481,2026-06-01
603087,甘李药业,10.0,597304969,2026-05-29
300628,亿联网络,13.0,1266887621,2026-05-29
300917,特发服务,3.0,169000000,2026-06-02
301187,欧圣电气,2.0,254933525,2026-06-01
603737,三棵树,0.68,737817473,2026-06-01
601678,滨化股份,0.4,2056836276,2026-06-01
920375,派诺科技,0.5,108653850,2026-06-03
688281,华秦科技,1.6,272570675,2026-06-02
688105,诺唯赞,5.0,397734544,2026-06-03
002215,诺普信,3.0,1004633810,2026-06-01
688392,骄成超声,2.0,115733360,2026-06-01
002515,金字火腿,0.1,1210614164,2026-06-02
002195,岩山科技,0.02,5670554696,2026-06-02
603238,诺邦股份,3.0,177509000,2026-06-01
300942,易瑞生物,0.246794,405077895,2026-06-03
002521,齐峰新材,1.7,560061050,2026-06-01
002558,巨人网络,1.9,1900561971,2026-06-01
300673,佩蒂股份,2.5,247305855,2026-06-02
002508,老板电器,5.0,944938916,2026-06-03
301130,西点药业,1.45,76494685,2026-06-01
603353,和顺石油,1.0,171906000,2026-06-02
301633,港迪技术,5.0,55680000,2026-06-03
300774,倍杰特,0.25,408763660,2026-06-02
000949,新乡化纤,0.2,1656899922,2026-06-03
603239,浙江仙通,3.0,270720000,2026-06-01
920856,浩淼科技,1.5,95126628,2026-06-05
001223,欧克科技,2.15,93352000,2026-06-02
300613,富瀚微,0.8,232806304,2026-06-02
920765,美之高,1.2,86920077,2026-06-04
300660,江苏雷利,2.0,447136548,2026-06-03
920892,广咨国际,6.0,170351353,2026-06-04
002562,兄弟科技,1.0,1142821917,2026-06-03
300636,同和药业,0.4,419951495,2026-06-03
600237,铜峰电子,0.8,630489755,2026-06-02
300645,正元智慧,0.2,142106515,2026-06-02
688578,艾力斯,6.0,450000000,2026-06-01
300915,海融科技,4.0,125839268,2026-06-02
603006,联明股份,3.2,254254250,2026-06-02
000887,中鼎股份,1.5,1316489747,2026-06-03
603786,科博达,6.2,403856700,2026-06-01
301018,申菱环境,2.5,267343814,2026-06-02
301316,慧博云通,1.0,404000000,2026-06-02
688028,沃尔德,1.3,150949000,2026-06-01
301035,润丰股份,12.0,280770974,2026-06-01
301312,智立方,3.0,121180612,2026-06-03
920015,锦华新材,4.3,135566667,2026-06-04
301498,乖宝宠物,2.5,400472840,2026-06-02
003008,开普检测,5.0,104000000,2026-06-03
003002,壶化股份,2.0,200000000,2026-06-03
301032,新柴股份,1.3,241133400,2026-06-01
002043,兔宝宝,1.32,829754480,2026-06-01
688109,品茗科技,2.5,78842300,2026-06-01
300631,久吾高科,2.5,125031424,2026-06-03
002582,好想你,6.0,447707891,2026-06-01
301097,天益医疗,5.004425,58947368,2026-06-08
605001,威奥股份,1.0,392886000,2026-06-01
301522,上大股份,0.73,371866667,2026-06-02
301005,超捷股份,0.5,134261011,2026-06-02
920007,酉立智能,2.2,44532450,2026-06-08
300923,研奥股份,4.5,78600000,2026-06-02
301215,中汽股份,0.61,1323900000,2026-06-01
300837,浙矿股份,3.0,100005589,2026-06-03
603236,移远通信,3.8,287823419,2026-06-01
920299,灿能电力,1.66,90109276,2026-06-05
300946,恒而达,1.2,156007800,2026-06-02
603019,中科曙光,3.8,1463115784,2026-06-01
688522,纳睿雷达,0.6,302995606,2026-06-01
002897,意华股份,5.0,193880696,2026-06-01
603650,彤程新材,5.0,616082970,2026-06-01
920020,泰凯英,2.4,224945000,2026-06-03
002885,京泉华,0.35,270916968,2026-06-01
001219,青岛食品,2.5,194983750,2026-06-02
603004,鼎龙科技,2.0,235520000,2026-06-01
603014,威高血净,3.608,417754066,2026-06-01
605305,中际联合,3.8,212520000,2026-06-02
920018,宏远股份,1.0,127329564,2026-06-02
600346,恒力石化,2.9,7039099786,2026-06-02
002489,浙江永强,0.6,2169016313,2026-06-03
603370,华新精科,2.85,174950000,2026-06-03
688708,佳驰科技,5.0,400010000,2026-06-01
603105,芯能科技,2.0,500011217,2026-06-01
603136,天目湖,2.0,270126710,2026-06-01
002609,捷顺科技,0.85,643438841,2026-06-03
600794,保税科技,0.2,1200152157,2026-06-03
002273,水晶光电,2.0,1390632221,2026-06-03
603788,宁波高发,8.0,223065068,2026-06-03
600420,国药现代,2.0,1341172692,2026-06-03
600761,安徽合力,5.0,890692761,2026-06-02
688767,博拓生物,7.0,149333334,2026-06-01
688606,奥泰生物,10.0,79280855,2026-06-01
603156,养元饮品,10.0,1260277566,2026-06-03
300285,国瓷材料,1.0,997048299,2026-06-02
300678,中科信息,0.6,296386293,2026-06-03
603283,赛腾股份,5.4,271174033,2026-06-01
301308,江波龙,3.467605,423061007,2026-06-02
300790,宇瞳光学,1.0,374118981,2026-06-02
300823,建科智能,2.46,130982727,2026-06-03
002045,国光电器,0.15,562483132,2026-06-03
300360,炬华科技,3.0,514187126,2026-06-03
002999,天禾股份,0.7,347592000,2026-06-02
003007,直真科技,0.298032,119574442,2026-06-03
920640,富士达,1.5,187728000,2026-06-03
920021,流金科技,0.15,308999983,2026-06-03
000795,英洛华,1.25,1133684103,2026-06-03
300611,美力科技,1.5,211074680,2026-06-04
600367,红星发展,0.1,341130902,2026-06-04
920834,三维装备,1.66,120000005,2026-06-05
002907,华森制药,0.4,417596314,2026-06-04
001238,浙江正特,1.0,110820000,2026-06-03
603219,富佳股份,0.5,561400000,2026-06-02
605598,上海港湾,0.81,243016809,2026-06-02
002733,雄韬股份,1.0,384214913,2026-06-03
605128,上海沿浦,2.8,211138706,2026-06-02
000528,柳工,3.249808,2036962700,2026-06-04
601137,博威合金,0.41,918542476,2026-06-02
601369,陕鼓动力,1.5,1723474492,2026-06-03
920275,驱动力,0.25,159377600,2026-06-05
301017,漱玉平民,0.45,405607125,2026-06-03
300707,威唐工业,0.599999,176541184,2026-06-04
688768,容知日新,3.0,87988713,2026-06-02
603600,永艺股份,3.0,330433170,2026-06-03
920185,贝特瑞,3.0,1138190398,2026-06-04
920027,交大铁发,1.5,79203500,2026-06-04
688518,联赢激光,1.5,341325095,2026-06-03
301656,联合动力,0.43,2404790910,2026-06-04
002967,广电计量,2.0,637279952,2026-06-02
920564,天润科技,0.4,89103621,2026-06-04
300140,节能环境,0.6,3099067016,2026-06-04
301036,双乐股份,3.0,100000000,2026-06-03
301256,华融化学,1.0,480000000,2026-06-04
300354,东华测试,2.0,138320201,2026-06-03
001221,悍高集团,1.7,400010000,2026-06-03
002888,惠威科技,1.35,147643412,2026-06-02
605258,协和电子,5.0,88000000,2026-06-02
300143,盈康生命,0.25,749451604,2026-06-03
605016,百龙创园,1.65,420012320,2026-06-02
003040,楚天龙,0.1,461135972,2026-06-02
603390,通达电气,0.6,351651984,2026-06-02
605056,咸亨国际,3.1,409393200,2026-06-02
600456,宝钛股份,3.0,477777539,2026-06-03
001396,誉帆科技,1.88,106902416,2026-06-04
600469,风神股份,1.0,890034812,2026-06-04
301609,山大电力,4.0,162880000,2026-06-04
688687,凯因科技,2.5,170944422,2026-06-03
000600,建投能源,2.2,1803234376,2026-06-03
603170,宝立食品,3.0,400010000,2026-06-02
002780,三夫户外,0.5,165361713,2026-06-03
601566,九牧王,5.0,574637150,2026-06-04
001259,利仁科技,1.2,73588888,2026-06-02
603916,苏博特,1.2,426297791,2026-06-03
603787,新日股份,1.0,230143790,2026-06-02
002432,九安医疗,16.5,465893881,2026-06-03
300088,长信科技,0.5,2497733579,2026-06-03
002623,亚玛顿,4.0,199062500,2026-06-04
300432,富临精工,1.0,1709760242,2026-06-04
300380,安硕信息,1.0,138439050,2026-06-03
300702,天宇股份,0.5,347977159,2026-06-02
301613,新铝时代,7.0,143841247,2026-06-03
301611,珂玛科技,1.0,436000000,2026-06-03
002429,兆驰股份,0.87,4526940607,2026-06-03
300720,海川智能,0.55,194877256,2026-06-02
603048,浙江黎明,2.8,146880000,2026-06-02
600699,均胜电子,1.8,1550770563,2026-06-02
300930,屹通新材,1.0,100000000,2026-06-03
605377,华旺科技,2.1,556670268,2026-06-02
000032,深桑达A,0.25,1215179311,2026-06-03
603665,康隆达,1.6,160167707,2026-06-02
300348,长亮科技,0.07,813964530,2026-06-03
603897,长城科技,12.0,206435681,2026-06-03
601089,福元医药,5.0,480000000,2026-06-02
688312,燕麦科技,5.5,146714976,2026-06-03
301058,中粮科工,1.5,512274245,2026-06-04
603960,克来机电,0.1,262197900,2026-06-02
605218,伟时电子,0.2,242814721,2026-06-02
600449,宁夏建材,1.6,478181042,2026-06-04
603950,长源东谷,1.3,324130800,2026-06-03
301499,维科精密,0.7,138254866,2026-06-04
688513,苑东生物,4.9,176532256,2026-06-02
688015,交控科技,4.2,188680742,2026-06-02
301079,邵阳液压,0.2,108932234,2026-06-03
301421,波长光电,1.0,115718000,2026-06-03
688681,科汇股份,1.93,104670000,2026-06-02
300124,汇川技术,5.0,2707603944,2026-06-04
300618,寒锐钴业,1.7,309697091,2026-06-04
003030,祖名股份,1.5,124780000,2026-06-04
301696,三瑞智能,5.0,400010000,2026-06-03
300768,迪普科技,0.8,643829039,2026-06-05
603719,良品铺子,2.49,401000000,2026-06-04
603206,嘉环科技,0.6,305199988,2026-06-03
300154,瑞凌股份,2.0,449555201,2026-06-05
300218,安利股份,2.6,216987000,2026-06-05
603096,新经典,6.0,154234624,2026-06-05
920188,悦龙科技,5.0,82993198,2026-06-05
920159,农大科技,8.0,76000000,2026-06-08
001266,宏英智能,2.998308,103651662,2026-06-04
605007,五洲特纸,1.6,475730003,2026-06-03
002339,积成电子,0.2,504092274,2026-06-05
603367,辰欣药业,1.6,452754129,2026-06-03
603619,中曼石油,1.4,462338461,2026-06-03
300034,钢研高纳,0.36,796961563,2026-06-05
603070,万控智造,0.8,401000000,2026-06-04
300388,节能国祯,0.31,681042231,2026-06-05
920261,一诺威,4.0,291132748,2026-06-05
001279,强邦新材,1.25,160000000,2026-06-04
002624,完美世界,3.3,1939968404,2026-06-04
002991,甘源食品,10.13,93215831,2026-06-04
603408,建霖家居,4.5,447573000,2026-06-03
688739,成大生物,1.0,416450000,2026-06-03
300812,易天股份,0.5,140077029,2026-06-04
688083,中望软件,3.5,169646246,2026-06-04
603987,康德莱,1.7,436790880,2026-06-03
002135,东南网架,0.1,1115522494,2026-06-04
001210,金房能源,2.5,156812676,2026-06-05
603289,泰瑞机器,1.5,293397499,2026-06-04
688393,安必平,1.0,93567699,2026-06-03
300284,苏交科,0.75,1262827774,2026-06-04
688690,纳微科技,1.02,403814765,2026-06-04
300515,三德科技,4.0,205754500,2026-06-04
603379,三美股份,12.0,610479037,2026-06-04
002342,巨力索具,0.06,960000000,2026-06-03
603418,友升股份,8.3,193068444,2026-06-04
600480,凌云股份,3.0,1222227331,2026-06-04
300892,品渥食品,1.0,100000000,2026-06-04
920110,雷特科技,5.0,39000000,2026-06-05
603089,正裕工业,1.0,275719231,2026-06-03
301578,辰奕智能,2.5,81485391,2026-06-04
301379,天山电子,2.0,198243944,2026-06-05
301210,金杨精密,1.5,114614334,2026-06-03
301219,腾远钴业,10.0,294717182,2026-06-04
603809,豪能股份,1.5,920288807,2026-06-03
603055,台华新材,1.8,890293742,2026-06-04
601368,绿城水务,0.35,882973077,2026-06-05
300633,开立医疗,1.8,424837505,2026-06-05
002661,克明食品,1.5,333137742,2026-06-04
688411,海博思创,15.9,182454836,2026-06-03
920527,夜光明,2.5,60042700,2026-06-08
301332,德尔玛,1.5,461562500,2026-06-05
603351,威尔药业,6.0,135439132,2026-06-05
603291,联合水务,2.0,423220604,2026-06-04
688479,友车科技,2.6,144317400,2026-06-03
002996,顺博合金,1.1,669436836,2026-06-04
002216,三全食品,5.8,879184048,2026-06-05
000893,亚钾国际,1.1,924051187,2026-06-03
603194,中力股份,4.0,401000000,2026-06-04
688305,科德数控,2.1,132906678,2026-06-03
605208,永茂泰,0.6,329940000,2026-06-04
300820,英杰电气,4.0,222253008,2026-06-04
003026,中晶科技,2.0,129619000,2026-06-05
003037,三和管桩,0.5,599074678,2026-06-05
001379,腾达科技,1.0,200000000,2026-06-04
603124,江南新材,4.6,145745199,2026-06-03
300207,欣旺达,0.9,1847462446,2026-06-04
301386,未来电器,5.0,140000000,2026-06-05
920799,艾融软件,1.5,209145400,2026-06-04
301220,亚香股份,1.5,112770840,2026-06-04
002701,奥瑞金,1.2,2559760469,2026-06-05
688288,鸿泉技术,1.0,99813704,2026-06-03
300783,三只松鼠,1.17,401686400,2026-06-04
603010,万盛股份,0.1,585030293,2026-06-03
603948,建业股份,10.0,162489167,2026-06-04
002824,和胜股份,1.7,311178838,2026-06-04
600038,中直股份,2.39,819893213,2026-06-04
300320,海达股份,0.3,601234191,2026-06-04
301662,宏工科技,6.0,80000000,2026-06-03
002568,百润股份,3.0,1041623701,2026-06-05
300525,博思软件,0.6,758453478,2026-06-05
301023,奕帆传动,2.0,77767200,2026-06-05
920168,通宝光电,5.0,75173400,2026-06-08
603312,西典新能,4.0,159999500,2026-06-04
603919,金徽酒,3.0,507259997,2026-06-04
603866,桃李面包,2.0,1599719155,2026-06-03
301031,中熔电气,4.5,98837785,2026-06-04
301168,通灵股份,0.22,120000000,2026-06-04
601127,赛力斯,8.0,1741985086,2026-06-03
301607,富特科技,1.55,167234807,2026-06-04
688360,德马科技,1.1,263745667,2026-06-04
300378,鼎捷数智,1.25,271551830,2026-06-04
301028,鼎熔岩,1.0,384049688,2026-06-05
300421,力星股份,1.5,294030484,2026-06-05
300791,仙乐健康,1.3,308691663,2026-06-05
002381,双箭股份,1.0,411577920,2026-06-04
002922,伊戈尔,2.0,422582924,2026-06-05
301160,翔楼新材,7.0,113555818,2026-06-05
605098,行动教育,10.0,119251100,2026-06-04
603501,豪威集团,1.0,1261329399,2026-06-04
301683,慧谷新材,11.0,63116400,2026-06-08
300655,晶瑞电材,0.125,1072975407,2026-06-05
301687,新广益,3.0,146864000,2026-06-08
003000,劲仔食品,3.0,450894159,2026-06-04
300499,高澜股份,0.66,305248564,2026-06-04
603341,龙旗科技,5.0,522590644,2026-06-04
002724,海洋王,1.0,771497994,2026-06-04
688318,财富趋势,3.8,256119472,2026-06-05
688551,科威尔,2.0,84070709,2026-06-05
601702,华峰铝业,3.0,998530600,2026-06-08
002830,名雕股份,2.0,133340000,2026-06-04
002887,绿茵生态,3.0,305987814,2026-06-04
002997,瑞鹄模具,3.0,209321325,2026-06-05
301195,北路智控,6.0,132069840,2026-06-05
301259,艾布鲁,0.6,156000000,2026-06-05
000928,中钢国际,2.1,1434644621,2026-06-05
603270,金帝股份,1.2,219106667,2026-06-04
300409,道氏技术,2.5,782248953,2026-06-04
301007,德迈仕,0.7,153340000,2026-06-08
601609,金田股份,1.4,1728638193,2026-06-08
603032,德新科技,0.43,233227400,2026-06-04
300035,中科电气,2.5,685426671,2026-06-05
002871,伟隆股份,3.5,251853845,2026-06-05
300543,朗科智能,0.3,306371334,2026-06-05
301213,观想科技,1.0,79999999,2026-06-05
002483,润邦股份,1.5,886468413,2026-06-04
603583,捷昌驱动,3.1,385770955,2026-06-05
605088,冠盛股份,6.0,202726053,2026-06-04
603012,创力集团,1.0,646500000,2026-06-04
301513,尚水智能,4.7,100000000,2026-06-08
002908,德生科技,0.5,431432088,2026-06-05
002962,五方光电,1.0,291665352,2026-06-05
603868,飞科电器,5.0,435600000,2026-06-04
600681,百川能源,0.6,1340854810,2026-06-04
002264,新华都,1.0,719811300,2026-06-04
600941,中国移动,22.012,21679414843,2026-06-05
688533,上声电子,3.5,164987041,2026-06-08
688386,泛亚微透,3.5,99608958,2026-06-05
688786,悦安新材,2.0,143800003,2026-06-08
688517,金冠电气,4.9,136613184,2026-06-05
301060,兰卫医学,1.8,400517000,2026-06-08
301209,联合化学,2.1,112000000,2026-06-08
920685,新芝生物,1.3,91515941,2026-06-09
002275,桂林三金,3.0,587568600,2026-06-04
002237,恒邦股份,1.34,1429970408,2026-06-04
301095,广立微,2.0,200281088,2026-06-08
603195,公牛集团,19.0,1807909538,2026-06-04
600955,维远股份,0.5,550000000,2026-06-05
600526,菲达环保,0.5,888702840,2026-06-08
301223,中荣股份,3.5,193127560,2026-06-08
600389,江山股份,1.0,430650000,2026-06-05
688352,颀中科技,0.5,1189043605,2026-06-05
000630,铜陵有色,0.5,13409471510,2026-06-08
603369,今世缘,12.0,1246800037,2026-06-04
688325,赛微微电,13.0,86139015,2026-06-05
600867,通化东宝,3.0,1958542829,2026-06-05
600183,生益科技,8.0,2429119230,2026-06-05
301533,威马农机,3.0,98306700,2026-06-05
603520,司太立,2.5,438409881,2026-06-04
600887,伊利股份,9.0,6325360667,2026-06-05
300941,创识科技,0.75,204750000,2026-06-05
920519,万德股份,1.5,89258104,2026-06-08
301600,慧翰股份,5.0,104523500,2026-06-04
301330,熵基科技,4.8,235351550,2026-06-05
920089,禾昌聚合,1.2,150668000,2026-06-09
301177,迪阿股份,5.0,400274550,2026-06-05
920906,舜宇精工,0.89,64970000,2026-06-08
688279,峰岹科技,7.8,115114080,2026-06-05
300604,长川科技,1.0,634418614,2026-06-04
002495,佳隆股份,0.1,935625600,2026-06-05
603511,爱慕股份,3.7,404050612,2026-06-05
300399,天利科技,0.5,197600000,2026-06-05
601579,会稽山,3.0,479463409,2026-06-04
688072,拓荆科技,3.3,282693012,2026-06-04
300557,理工光科,2.0,120867878,2026-06-05
688338,赛科希德,2.6,106142400,2026-06-04
688181,八亿时空,1.9,134481546,2026-06-05
603466,风语筑,0.2,594819681,2026-06-04
301501,恒鑫生活,3.5,147900000,2026-06-05
301502,华阳智能,2.6,57083500,2026-06-05
002831,裕同科技,8.038127,920513500,2026-06-04
001328,登康口腔,8.5,172173800,2026-06-05
300415,伊之密,6.0,468562084,2026-06-05
603617,君禾股份,0.5,389811337,2026-06-05
002673,西部证券,0.9,4469581705,2026-06-05
603277,银都股份,3.5,613699305,2026-06-05
603678,火炬电子,0.8,475566631,2026-06-05
002127,南极电商,0.6,2454870403,2026-06-08
688016,心脉医疗,10.0,123262117,2026-06-05
688183,生益电子,6.0,831821175,2026-06-05
600177,雅戈尔,2.0,4623441902,2026-06-05
002769,普路通,0.16,373318054,2026-06-05
002171,楚江新材,0.8,1622937872,2026-06-05
603696,安记食品,0.7,235200000,2026-06-05
601003,柳钢股份,1.0,2634221771,2026-06-05
603823,百合花,1.3,416367704,2026-06-05
001323,慕思股份,10.0,435080764,2026-06-08
000906,浙商中拓,1.3,709663179,2026-06-05
003021,兆威机电,3.85,267564250,2026-06-08
688484,南芯科技,2.5,427663170,2026-06-05
300906,日月明,1.5,80000000,2026-06-05
600067,冠城新材,0.3,1391668739,2026-06-05
601877,正泰电器,6.0,2148968976,2026-06-05
002753,永东股份,0.46,428679404,2026-06-08
688003,天准科技,5.0,194320500,2026-06-05
600782,新钢股份,1.35,3184022149,2026-06-05
002353,杰瑞股份,7.0,1023855833,2026-06-08
002081,金螳螂,1.3,2655323689,2026-06-05
603927,中科软,2.5,831040000,2026-06-05
603181,皇马科技,2.25,588700000,2026-06-05
603382,海阳科技,1.0,181251368,2026-06-05
603790,雅运股份,1.3,191360000,2026-06-05
002645,华宏科技,1.0,627600360,2026-06-05
600120,浙江东方,0.49,3415381492,2026-06-05
002091,江苏国泰,2.999987,1627722565,2026-06-08
605255,天普股份,0.25,134080000,2026-06-05
603107,上海汽配,3.0,337335000,2026-06-08
920807,奔朗新材,1.0,181880000,2026-06-11
301046,能辉科技,4.0,168917530,2026-06-08
002696,百洋股份,0.5,345754232,2026-06-09
300319,麦捷科技,1.07,887588324,2026-06-09
300625,三雄极光,2.5,279331000,2026-06-09
603877,太平鸟,3.0,471075735,2026-06-05
601058,赛轮轮胎,1.8,3288100259,2026-06-05
300484,蓝海华腾,1.6,207163900,2026-06-09
920367,新赣江,0.3,70861250,2026-06-09
002158,汉钟精机,4.5,534724139,2026-06-05
002333,罗普斯金,0.1,674924800,2026-06-08
603035,常熟汽饰,1.6378,366347080,2026-06-09
002942,新农股份,4.0,155480720,2026-06-05
300371,汇中股份,1.0,201217296,2026-06-09
601360,三六零,1.0,6999557879,2026-06-05
920227,美登科技,10.0,38941500,2026-06-10
688805,健信超导,3.0,167680000,2026-06-05
920662,方盛股份,1.2,87550002,2026-06-09
920026,卓兆点胶,3.0,82077246,2026-06-10
301191,菲菱科思,2.0,69342000,2026-06-08
920792,东和新材,1.0,165540000,2026-06-11
301115,联检科技,1.2,183524850,2026-06-08
300833,浩洋股份,7.0,126490500,2026-06-09
301179,泽宇智能,1.9,404407569,2026-06-09
300017,网宿科技,2.5,2495684777,2026-06-09
301081,严牌股份,0.5,233685831,2026-06-08
002773,康弘药业,7.0,921326354,2026-06-09
301665,泰禾股份,4.0,450000000,2026-06-09
300739,明阳电路,0.7,373455157,2026-06-08
002363,隆基机械,0.8,416895301,2026-06-05
300558,贝达药业,1.5,420733843,2026-06-09
300652,雷迪克,1.0,133390572,2026-06-09
300180,华峰超纤,0.05,1761060155,2026-06-09
920239,长虹能源,4.0,182074204,2026-06-11
688118,普元信息,3.0,93316713,2026-06-08
920066,科拜尔,1.0,62853326,2026-06-10
300815,玉禾田,3.46,398592000,2026-06-09
688018,乐鑫科技,5.0,167422268,2026-06-05
603995,甬金股份,5.0,365618230,2026-06-05
688807,优迅股份,3.6,80000000,2026-06-09
301389,隆扬电子,0.97,283500000,2026-06-08
688117,圣诺生物,3.2,157385978,2026-06-05
002522,浙江众成,0.2,905779387,2026-06-09
001225,和泰机电,3.12,65570800,2026-06-08
002826,易明医药,1.5,190677750,2026-06-09
600969,郴电国际,1.26,370050484,2026-06-09
003001,中岩大地,0.75918,174550394,2026-06-08
300829,金丹科技,1.0,227275107,2026-06-08
300626,华瑞股份,0.17,180000000,2026-06-09
301556,托普云农,2.35,85280000,2026-06-09
301309,万得凯,3.0,100534400,2026-06-09
601318,中国平安,17.5,18107641995,2026-06-10
300283,温州宏丰,0.15,496978222,2026-06-10
002827,高争民爆,1.4,277046000,2026-06-09
300724,捷佳伟创,12.0,348292006,2026-06-10
605055,迎丰股份,0.6,440000000,2026-06-08
000973,佛塑科技,0.12,2458236766,2026-06-10
920062,科润智控,0.3,188706277,2026-06-10
600360,华微电子,0.21,960295304,2026-06-08
300638,广和通,2.34,899265844,2026-06-09
301122,采纳股份,0.4,122245658,2026-06-09
301580,爱迪特,4.6,106564537,2026-06-10
603334,丰倍生物,3.5,143500000,2026-06-08
603203,快克智能,5.0,253865118,2026-06-08
301449,天溯计量,6.0,65217392,2026-06-08
920195,三祥科技,2.0,98030000,2026-06-10
920693,阿为特,0.36,72700000,2026-06-11
688419,耐科装备,4.0,114551669,2026-06-09
688755,汉邦科技,1.2,88000000,2026-06-09
603656,泰禾智能,0.5,182945358,2026-06-09
301252,同星科技,1.2,169225440,2026-06-09
688612,威迈斯,6.6,419188098,2026-06-08
300918,南山智尚,0.37,506134427,2026-06-09
603086,先达股份,1.0,434813143,2026-06-08
920118,太湖远大,3.0,51711000,2026-06-09
603551,奥普科技,5.5,384742650,2026-06-09
920270,天铭科技,0.7,104616000,2026-06-10
300970,华绿生物,5.0,122609100,2026-06-09
300938,信测标准,3.0,243472881,2026-06-08
601860,紫金银行,0.5,3661009763,2026-06-09
000603,盛达资源,1.2,689969346,2026-06-09
603757,大元泵业,2.0,186547259,2026-06-08
003043,华亚智能,2.49999,133831900,2026-06-09
920753,天纺标,3.08,81404368,2026-06-10
920017,星昊医药,6.0,124832280,2026-06-11
605319,无锡振华,2.5,350097653,2026-06-10
688777,中控技术,2.8,791189527,2026-06-08
002169,智光电气,0.8,782704094,2026-06-09
688698,伟创电气,3.5,214022774,2026-06-08
603373,安邦护卫,3.5,107526882,2026-06-08
920378,泰德股份,1.0,155526000,2026-06-10
600310,广西能源,0.3,1465710722,2026-06-09
300546,雄帝科技,0.45,187649691,2026-06-09
603327,福蓉科技,1.1,1045459360,2026-06-09
603901,永创智能,0.8,576755597,2026-06-08
301021,英诺激光,1.0,152869941,2026-06-10
301008,宏昌科技,0.28,130963234,2026-06-09
600575,淮河能源,1.9,7166792170,2026-06-09
002946,新乳业,3.8,860677252,2026-06-09
300696,爱乐达,0.677467,294248983,2026-06-10
301507,民生健康,1.5,356554330,2026-06-09
600298,安琪酵母,5.5,867848671,2026-06-08
002337,赛象科技,0.26,588615750,2026-06-09
300899,上海凯鑫,2.0,63783466,2026-06-09
301188,力诺药包,1.0,267536615,2026-06-09
301000,肇民科技,2.2,243220636,2026-06-10
301185,鸥玛软件,2.0,153417600,2026-06-10
301581,黄山谷捷,3.5,80000000,2026-06-10
002965,祥鑫科技,2.0,265380359,2026-06-10
300689,澄天伟业,0.45,115600000,2026-06-09
920056,能之光,1.47,81691700,2026-06-11
300258,精锻科技,0.45,585047243,2026-06-10
300817,双飞集团,1.28,218298240,2026-06-09
300127,银河磁体,4.0,323146360,2026-06-09
300452,山河药辅,3.0,234456278,2026-06-10
603192,汇得科技,2.5,167193381,2026-06-08
001229,魅视科技,3.0,102451500,2026-06-09
301456,盘古智能,2.0,152089325,2026-06-09
301335,天元宠物,1.0,126902800,2026-06-10
000825,太钢不锈,0.09,5696247796,2026-06-09
920914,远航精密,1.5,99683000,2026-06-15
002430,杭氧股份,3.0,978358769,2026-06-09
601096,宏盛华源,0.222,2675155088,2026-06-09
605179,一鸣食品,0.38,401000000,2026-06-08
603615,茶花股份,0.2,241820000,2026-06-10
600261,阳光照明,1.3,1335052966,2026-06-10
601229,上海银行,2.2,14209032651,2026-06-08
605288,凯迪股份,7.4,70673012,2026-06-10
003031,中瓷电子,4.4,451052859,2026-06-10
603601,再升科技,0.1,1142340971,2026-06-09
600998,九州通,2.0,5042470234,2026-06-08
300697,电工合金,1.6,432640000,2026-06-10
603730,岱美股份,2.5,2148585958,2026-06-08
002073,软控股份,0.2,1024383353,2026-06-08
300819,聚杰微纤,1.35,149205000,2026-06-11
688019,安集科技,5.0,174994396,2026-06-10
002064,华峰化学,1.0,4962543897,2026-06-10
603165,荣晟环保,11.0,312728378,2026-06-09
300865,大宏立,0.3,95680000,2026-06-10
000158,常山北明,0.27,1598616721,2026-06-09
600160,巨化股份,3.8,2699746081,2026-06-11
600111,北方稀土,1.3,3615065842,2026-06-11
688046,药康生物,1.9,410000000,2026-06-09
603237,五芳斋,5.0,197072537,2026-06-09
601086,国芳集团,1.0,666000000,2026-06-10
688577,浙海德曼,4.0,111279729,2026-06-09
600206,有研新材,0.96,846553332,2026-06-09
300640,德艺文创,0.25,310993427,2026-06-10
688175,高凌信息,1.0,129317000,2026-06-10
603856,东宏股份,2.31,282056060,2026-06-10
000026,飞亚达,1.2,405764007,2026-06-10
600301,华锡有色,3.9,632567479,2026-06-09
688368,晶丰明源,10.0,145714693,2026-06-09
603072,天和磁材,2.5,264280000,2026-06-10
301050,雷电微力,0.498353,247579192,2026-06-10
300826,测绘股份,0.3,176334698,2026-06-10
601998,中信银行,1.93,55645162264,2026-06-10
603938,三孚股份,0.22,382624497,2026-06-09
688190,云路股份,6.0,120000000,2026-06-11
000100,TCL科技,0.9,20800862447,2026-06-11
002832,比音勒芬,7.0,570707084,2026-06-09
301339,通行宝,1.0,580333320,2026-06-10
688215,瑞晟智能,1.8,62423269,2026-06-10
301361,众智科技,1.1,116336000,2026-06-09
688150,莱特光电,1.2,402437585,2026-06-09
603276,恒兴新材,1.5,207649497,2026-06-10
603579,荣泰健康,5.0,201052364,2026-06-10
603707,健友股份,1.0,1615651020,2026-06-09
688508,芯朋微,4.5,132420346,2026-06-09
002486,嘉麟杰,0.12,824283100,2026-06-10
002246,北化股份,0.35,549034794,2026-06-10
300200,高盟新材,1.5,430973206,2026-06-10
600570,恒生电子,2.0,1893647942,2026-06-09
688166,博瑞医药,0.16,435794991,2026-06-09
688571,杭华股份,1.5,424170700,2026-06-09
301290,东星医疗,3.0,100173334,2026-06-10
002398,垒知集团,0.8,698038274,2026-06-10
603319,美湖股份,0.6,339149678,2026-06-09
300945,曼卡龙,1.1,262071629,2026-06-09
920656,海昇药业,4.0,100000000,2026-06-10
300919,中伟新材,3.8,1042253858,2026-06-10
002350,北京科锐,0.32,542331351,2026-06-10
600985,淮北矿业,2.5,2693258709,2026-06-10
300576,容大感光,0.7,366367572,2026-06-10
000680,山推股份,1.0,1500142612,2026-06-09
300066,三川智慧,0.5,1040033262,2026-06-11
605500,森林包装,0.7,414400000,2026-06-09
601116,三江购物,1.0,547678400,2026-06-09
601567,三星电气,1.45,1405209400,2026-06-10
301131,聚赛龙,1.8,54662433,2026-06-10
301601,惠通科技,1.1,140480000,2026-06-11
920099,瑞华技术,2.0,78399998,2026-06-11
600138,中青旅,0.36,723840000,2026-06-10
688565,力源科技,0.3,149730000,2026-06-10
000875,电投绿能,0.16,3627270626,2026-06-09
300681,英搏尔,0.62,306055340,2026-06-10
301315,威士顿,3.0,88000000,2026-06-10
300920,润阳科技,1.0,100000000,2026-06-10
300994,久祺股份,5.6,233088000,2026-06-11
601728,中国电信,0.908,91507138699,2026-06-10
920471,美邦科技,1.0,83200000,2026-06-12
603076,乐惠国际,2.0,120701344,2026-06-10
603210,泰鸿万立,1.175,340400000,2026-06-10
003025,思进智能,2.0,283953558,2026-06-11
601827,三峰环境,2.66,1671933300,2026-06-09
688112,鼎阳科技,6.6,159596883,2026-06-10
601168,西部矿业,0.6,2383000000,2026-06-10
688315,诺禾致源,0.45,416200000,2026-06-10
301161,唯万密封,1.67,120000000,2026-06-10
600233,圆通速递,2.5,3422940138,2026-06-09
601636,旗滨集团,1.1,2958653728,2026-06-10
002100,天康生物,0.78,1365251515,2026-06-10
301042,安联锐视,4.0,69723577,2026-06-10
688292,浩瀚深度,0.6,158350951,2026-06-09
000421,南京公用,0.6,574415734,2026-06-10
603380,易德龙,6.0,160441200,2026-06-09
603116,红蜻蜓,2.2,576200800,2026-06-11
920924,广脉科技,0.2,107296500,2026-06-12
601128,常熟银行,1.2,3316526413,2026-06-09
301459,丰茂股份,2.0,104121820,2026-06-11
002517,恺英网络,1.0,2136443234,2026-06-09
603395,红四方,0.64,260000000,2026-06-10
002919,名臣健康,0.5,266136066,2026-06-09
300580,贝斯特,1.4,502322762,2026-06-10
301560,众捷汽车,0.8,121600000,2026-06-11
603848,好太太,2.0,402406511,2026-06-10
603859,能科科技,0.9,244697701,2026-06-09
688233,神工股份,1.85,170305736,2026-06-09
300905,宝丽迪,3.0,179015696,2026-06-10
300662,科锐国际,2.3,196806359,2026-06-10
003010,若羽臣,3.0,311059476,2026-06-11
920790,联迪信息,1.0,78967020,2026-06-12
002576,通达动力,0.8,165100000,2026-06-10
603109,神驰机电,2.5,208848360,2026-06-11
002185,华天科技,0.22,3323423616,2026-06-10
603307,扬州金泉,10.0,68077000,2026-06-10
688255,凯尔达,1.5,109858870,2026-06-09
001386,马可波罗,3.0,1194920000,2026-06-10
300493,润欣科技,0.2,512521047,2026-06-11
002692,远程股份,0.2,718146000,2026-06-10
603489,八方股份,1.5,234617979,2026-06-09
603256,宏和科技,0.68,904586445,2026-06-09
000715,中兴商业,0.65,540434622,2026-06-10
301012,扬电科技,0.4,196960162,2026-06-09
000970,中科三环,0.25,1215725773,2026-06-11
600970,中材国际,4.8,2621812924,2026-06-11
002276,万马股份,0.55,1011075446,2026-06-12
300502,新易盛,10.0,995897632,2026-06-11
603223,恒通股份,0.7,705822193,2026-06-10
603931,格林达,1.85,199558380,2026-06-10
688449,联芸科技,0.5,460000000,2026-06-10
301211,亨迪药业,0.6,417600000,2026-06-12
002145,钛能化学,0.2,3806672183,2026-06-10
002687,乔治白,0.85,504779491,2026-06-11
688381,帝奥微,1.0,247500000,2026-06-10
002020,京新药业,3.5,861029140,2026-06-11
300965,恒宇信通,4.6,60000000,2026-06-11
002556,辉隆股份,1.0,946518080,2026-06-11
000856,冀东装备,0.4,227000000,2026-06-11
603810,丰山集团,1.17,165342179,2026-06-10
300226,上海钢联,0.5,318721422,2026-06-12
300007,汉威科技,0.5,327445619,2026-06-11
688665,四方光电,4.0,101192341,2026-06-10
300971,博亚精工,2.5,117600000,2026-06-11
688401,路维光电,4.0,193349487,2026-06-10
600549,厦门钨业,4.0,1587585826,2026-06-11
002938,鹏鼎控股,10.0,2317536658,2026-06-12
688677,海泰新光,6.0,119877000,2026-06-10
002159,三特索道,2.8,177301325,2026-06-10
000931,中关村,0.2,753126982,2026-06-12
301318,维海德,4.28,135298885,2026-06-11
002258,利尔化学,2.0,800437228,2026-06-12
688269,凯立新材,3.0,130704000,2026-06-11
002498,汉缆股份,0.4,3326796000,2026-06-12
688335,复洁科技,2.0,148034592,2026-06-11
002889,东方嘉盛,0.3,377667472,2026-06-11
600379,宝光股份,0.284,330201564,2026-06-12
688531,日联科技,6.0,165593939,2026-06-10
002648,卫星化学,5.0,3368645690,2026-06-12
603878,武进不锈,0.5,561149860,2026-06-11
301155,海力风电,1.6,217391478,2026-06-10
000807,云铝股份,3.79,3467957405,2026-06-10
002605,姚记科技,5.0,417553206,2026-06-10
002626,金达威,4.0,609935866,2026-06-10
920429,康比特,1.0,124476000,2026-06-12
603303,得邦照明,3.1,476944575,2026-06-12
002067,景兴纸业,0.1,1474853853,2026-06-11
600032,浙江新能,0.27,2404675324,2026-06-11
601158,重庆水务,1.01,4800029908,2026-06-12
688600,皖仪科技,2.0,134708490,2026-06-10
601997,贵阳银行,3.0,3656198076,2026-06-10
002468,申通快递,1.0,1530802166,2026-06-10
605599,菜百股份,7.8,777777800,2026-06-11
603106,恒银科技,0.2,520520000,2026-06-10
601968,宝钢包装,0.3,1275779460,2026-06-11
301080,百普赛斯,6.0,167177695,2026-06-11
603017,中衡设计,1.5,276190293,2026-06-11
688095,福昕软件,3.0,91359524,2026-06-11
920415,恒拓开源,0.35,140511487,2026-06-11
003023,彩虹集团,3.5,105341600,2026-06-12
600030,中信证券,4.1,14820546829,2026-06-10
300779,惠城环保,1.5,212692774,2026-06-12
688589,力合微,1.0,145328518,2026-06-10
688300,联瑞新材,5.0,241469190,2026-06-10
300243,瑞丰高材,0.898016,279562074,2026-06-11
301111,粤万年青,0.5,160000000,2026-06-11
605259,绿田机械,3.0,172480000,2026-06-10
000885,城发环境,3.86,642078255,2026-06-10
605167,利柏特,0.5,460340351,2026-06-10
300566,激智科技,2.0,262104623,2026-06-11
688193,仁度生物,10.0,40069870,2026-06-10
920593,鼎智科技,0.8,190245872,2026-06-12
002155,湖南黄金,3.0,1562651316,2026-06-11
300695,兆丰股份,1.5,102256924,2026-06-12
301170,锡南科技,2.5,100000000,2026-06-12
300144,宋城演艺,2.5,2624679810,2026-06-12
600372,中航机载,0.46,4838896630,2026-06-10
600596,新安股份,1.0,1349597049,2026-06-11
603822,ST嘉澳,1.232,76825886,2026-06-10
300281,金明精机,0.2,418923580,2026-06-12
002266,浙富控股,0.6,5219271402,2026-06-11
300040,九洲集团,0.200709,643410436,2026-06-12
603273,天元智能,0.1,214313400,2026-06-10
600191,华资实业,0.225,484932000,2026-06-10
300677,英科医疗,1.0,654753263,2026-06-11
920184,国源科技,1.0,131727418,2026-06-12
301596,瑞迪智驱,2.0,77165300,2026-06-11
002676,顺威股份,0.1,720000000,2026-06-10
301338,凯格精机,5.3,106400000,2026-06-11
000963,华东医药,5.8,1753736848,2026-06-10
601808,中海油服,2.825,4771592000,2026-06-11
300725,药石科技,2.8,233807341,2026-06-10
920245,威博液压,2.0,49338000,2026-06-12
688120,华海清科,4.0,353651991,2026-06-10
002783,凯龙股份,1.0,499317447,2026-06-11
600854,春兰股份,1.2,519458538,2026-06-10
002284,亚太股份,1.0,739100348,2026-06-12
000045,深纺织A,0.48,506521849,2026-06-10
300601,康泰生物,0.35,1116930261,2026-06-11
688073,毕得医药,11.6,90882948,2026-06-10
300217,东方电热,0.16,1477976940,2026-06-12
600425,青松建化,1.0,1604703707,2026-06-12
688667,菱电电控,8.0,52695457,2026-06-11
688716,中研股份,2.0,121680000,2026-06-11
603163,圣晖集成,6.5,100000000,2026-06-12
000001,平安银行,3.6,19405918198,2026-06-12
002580,圣阳股份,0.4,453868993,2026-06-12
603288,海天味业,8.0,5851824944,2026-06-15
601811,新华文轩,4.2,1233841000,2026-06-12
002093,国脉科技,0.6,1007500000,2026-06-12
920392,佳合科技,1.0,76674900,2026-06-16
688351,微电生理,0.21,470600000,2026-06-12
002777,久远银海,1.0,408231038,2026-06-15
600929,雪天盐业,0.15,1640113256,2026-06-11
300882,万胜智能,2.0,286201188,2026-06-12
688486,龙迅股份,10.4,133727285,2026-06-15
920069,普昂医疗,5.1,52914000,2026-06-15
600373,中文传媒,2.0,1347358719,2026-06-12
300893,松原安全,0.78,473001266,2026-06-12
603198,迎驾贡酒,15.0,800000000,2026-06-12
601101,昊华能源,2.5,1439997926,2026-06-11
688819,天能股份,5.5,972100000,2026-06-11
603706,东方环宇,9.0,189382714,2026-06-11
603456,九洲药业,1.0,889446028,2026-06-11
002845,同兴达,0.4,327551705,2026-06-15
600378,昊华科技,3.92,1289999620,2026-06-12
603002,宏昌电子,0.15,1134078509,2026-06-12
002324,普利特,0.55,1112336248,2026-06-12
603970,中农立华,3.2,268800134,2026-06-12
300726,宏达电子,10.0,411839845,2026-06-12
603015,弘讯科技,0.8,404219000,2026-06-12
600552,凯盛科技,0.5,944606894,2026-06-15
603980,吉华集团,1.47,676833360,2026-06-11
688395,正弦电气,1.8,86597720,2026-06-12
603402,陕西旅游,20.0,77333334,2026-06-12
000938,紫光股份,0.65,2860079874,2026-06-12
300179,四方达,3.0,485723930,2026-06-12
920876,慧为智能,0.5,64180659,2026-06-12
300439,美康生物,0.33,384318815,2026-06-11
688200,华峰测控,11.9,135559510,2026-06-11
920208,青矩技术,8.0,133030304,2026-06-15
603885,吉祥航空,2.0,2184005268,2026-06-11
002557,洽洽食品,10.0,505855256,2026-06-15
002095,生意宝,0.5,252720000,2026-06-12
300145,南方泵业,0.5,1920242036,2026-06-15
001208,华菱线缆,0.65,638350432,2026-06-12
300394,天孚通信,7.0,779160781,2026-06-12
300559,佳发教育,0.7,399514567,2026-06-12
300890,翔丰华,0.996375,119579948,2026-06-11
600582,天地科技,3.0,4138588892,2026-06-12
603187,海容冷链,2.5,386416107,2026-06-11
600633,浙数文化,1.7,1268074472,2026-06-12
002017,东信和平,1.45,580431909,2026-06-12
603337,杰克科技,4.5,476411691,2026-06-11
688257,新锐股份,2.5,253133423,2026-06-11
000988,华工科技,2.5,1005502707,2026-06-12
688085,三友医疗,0.192,333462498,2026-06-11
001287,中电港,1.18,759900097,2026-06-11
002461,珠江啤酒,1.9,2213328480,2026-06-12
603530,神马电力,3.5,431684575,2026-06-11
002125,湘潭电化,1.15,629511333,2026-06-11
605266,健之佳,12.7,154542928,2026-06-12
301525,儒竞科技,3.0,94311768,2026-06-11
603936,博敏电子,0.1,645348004,2026-06-15
605183,确成股份,4.0,415883145,2026-06-11
920826,盖世食品,1.0,140515814,2026-06-12
603045,福达合金,1.48,135445155,2026-06-11
301363,美好医疗,2.0,568871180,2026-06-12
600285,羚锐制药,11.0,567115486,2026-06-11
300637,扬帆新材,0.3,234750130,2026-06-15
688076,ST诺泰,3.5,316051897,2026-06-12
002588,史丹利,2.7,1151891980,2026-06-11
002543,万和电气,2.4,743600000,2026-06-12
600812,华北制药,0.35,1715730370,2026-06-11
300425,中建环能,0.04,682224853,2026-06-11
000021,深科技,2.2,1574369780,2026-06-11
601009,南京银行,2.2295,12363567245,2026-06-15
002365,永安药业,1.0,294682500,2026-06-11
603191,望变电气,0.5,329964639,2026-06-11
600563,法拉电子,23.0,225000000,2026-06-12
000998,隆平高科,0.42,1469448061,2026-06-12
000869,张裕A,2.5,657240128,2026-06-12
600125,铁龙物流,0.71,1305521874,2026-06-12
605099,共创草坪,8.3,402553694,2026-06-12
688301,奕瑞科技,10.0,211449605,2026-06-12
688313,仕佳光子,3.0,451986328,2026-06-11
920533,骏创科技,1.0,130757328,2026-06-15
603396,金辰股份,1.5,138527478,2026-06-12
002312,川发龙蟒,0.9,1887709244,2026-06-12
002042,华孚时尚,0.115,1700681355,2026-06-15
603065,宿迁联盛,2.0,418967572,2026-06-11
300722,新余国科,1.8,276756480,2026-06-12
688306,均普智能,0.08,1228282800,2026-06-12
002643,万润股份,1.25,915900025,2026-06-11
603113,金能科技,0.48,848490616,2026-06-15
688575,亚辉龙,0.21,571388300,2026-06-12
688545,兴福电子,3.0,360000000,2026-06-12
000789,万年青,1.5,797420215,2026-06-12
600017,日照港,0.395,3075653888,2026-06-12
001255,博菲电气,0.4,87008184,2026-06-15
002204,大连重工,0.95,1931370032,2026-06-12
688371,菲沃泰,0.5,335472356,2026-06-12
002899,英派斯,0.83,147796976,2026-06-12
600738,丽尚国潮,1.0,761335236,2026-06-12
603819,神力股份,0.4,217730187,2026-06-12
002662,峰璟股份,0.5,1500000000,2026-06-15
600724,宁波富达,0.5,1445241071,2026-06-12
688536,思瑞浦,1.55,138075483,2026-06-12
605589,圣泉集团,6.5,846388498,2026-06-12
688683,莱尔科技,0.8,161097800,2026-06-12
301520,万邦医药,3.0,66666667,2026-06-12
000786,北新建材,6.85,1702236042,2026-06-12
603915,国茂股份,1.0,667882480,2026-06-12
000783,长江证券,3.0,5530072948,2026-06-15
605365,立达信,2.1,502012876,2026-06-12
688552,航天南湖,0.29,337248000,2026-06-12
002278,神开股份,0.6,388617914,2026-06-12
688516,奥特维,8.0,315330141,2026-06-15
001696,宗申动力,2.0,1145026920,2026-06-12
601016,节能风电,0.0295,6544486074,2026-06-12
601107,四川成渝,2.97,3058060000,2026-06-15
301226,祥明智能,0.6,108800000,2026-06-16
601166,兴业银行,5.01,21162859317,2026-06-12
920943,优机股份,2.0,101521378,2026-06-16
301390,经纬股份,0.5,60000000,2026-06-16
300494,盛天网络,0.05,490510076,2026-06-16
300922,天秦装备,2.0,160852380,2026-06-16
301137,哈焊华通,0.85,181813400,2026-06-16
000703,恒逸石化,0.5,3821086872,2026-06-15
920802,保丽洁,1.2,82008290,2026-06-18
301585,蓝宇股份,2.1,104000000,2026-06-15
605116,奥锐特,3.4,406183234,2026-06-15
300550,和仁科技,0.3,262560141,2026-06-15
301632,广东建科,1.2,418560000,2026-06-15
601677,明泰铝业,2.15,1243523627,2026-06-12
920957,汉维科技,1.0,107301334,2026-06-17
002933,新兴装备,0.2,117350000,2026-06-15
603037,凯众股份,2.0,266537919,2026-06-12
600888,新疆众和,1.3,1553085949,2026-06-12
301025,读客文化,0.15,400309400,2026-06-15
603667,五洲新春,1.2,383151922,2026-06-12
300810,中科海讯,0.2,118050000,2026-06-15
301150,中一科技,2.8,233233467,2026-06-15
605488,福莱新材,1.5,301883610,2026-06-12
920665,科强股份,1.0,129990000,2026-06-18
603176,汇通集团,0.15,475237528,2026-06-15
688283,坤恒顺维,2.6,121800000,2026-06-12
688136,科兴制药,2.5,201257250,2026-06-15
300816,艾可蓝,0.952382,80000000,2026-06-15
301429,森泰股份,1.74,118220000,2026-06-16
300680,隆盛科技,2.0,226241453,2026-06-17
603202,天有为,15.0,160000000,2026-06-17
301236,软通动力,0.501458,1035189280,2026-06-16
002603,以岭药业,5.0,1670705376,2026-06-16
301658,首航新能,0.73,412371135,2026-06-17
002391,长青股份,2.0,649592550,2026-06-16
688733,壹石通,1.0,199775190,2026-06-16
920770,艾能聚,1.8,130132175,2026-06-16
300240,飞力达,0.2,371562950,2026-06-16
301281,科源制药,0.5,108290000,2026-06-16
002765,蓝黛科技,0.5,652128090,2026-06-15
000920,沃顿科技,1.64,472621118,2026-06-16
001318,阳光乳业,2.3,282660000,2026-06-16
600051,宁波联合,0.6,310880000,2026-06-16
002412,汉森制药,3.0,503200000,2026-06-16
301065,本立科技,3.0,106020000,2026-06-16
688720,艾森股份,1.1,88133334,2026-06-15
605118,力鼎光电,3.0,411265000,2026-06-17
000011,深物业A,0.2,595979092,2026-06-15
301207,华兰疫苗,8.0,601027500,2026-06-15
603290,斯达半导,5.08,239473466,2026-06-16
688507,索辰科技,1.43,89108784,2026-06-17
300470,中密控股,5.0,207961737,2026-06-15
000589,贵州轮胎,0.9,1554390104,2026-06-15
600933,爱柯迪,4.0,1030134043,2026-06-16
605077,华康股份,3.0,303050116,2026-06-17
301011,华立科技,1.5,154457126,2026-06-17
603172,万丰股份,0.7,133380000,2026-06-15
000513,丽珠集团,14.3,887907171,2026-06-16
688357,建龙微纳,3.0,100059875,2026-06-15
600318,新力金融,0.2,512727632,2026-06-15
601022,宁波远洋,0.63,1308633334,2026-06-16
000573,粤宏远A,0.5,638280604,2026-06-15
603638,艾迪精密,1.0,851686222,2026-06-15
300651,金陵体育,1.0,141209688,2026-06-16
920230,欧康医药,1.5,100474603,2026-06-18
300113,顺网科技,1.2,674163882,2026-06-17
688697,纽威数控,4.5,457333380,2026-06-15
688662,富信科技,4.0,88240000,2026-06-15
000923,河钢资源,6.0,652728961,2026-06-15
301418,协昌科技,1.0,73333334,2026-06-16
301265,华新科技,1.0,302973182,2026-06-16
002935,天奥电子,0.5,424102508,2026-06-16
600926,杭州银行,2.8,7249002548,2026-06-15
600267,海正药业,2.1,1198761196,2026-06-16
605138,盛泰集团,0.54,555571585,2026-06-15
920128,胜业电气,1.0,81190000,2026-06-18
300775,三角防务,1.0,547550965,2026-06-16
600351,亚宝药业,1.5,692000046,2026-06-15
301469,恒达新材,4.0,89480000,2026-06-16
603306,华懋科技,0.8,329495668,2026-06-16
605090,九丰能源,2.5,705916268,2026-06-17
001326,联域股份,1.4,73200000,2026-06-16
920508,殷图网联,0.5,60000000,2026-06-18
000422,湖北宜化,2.5,1087584712,2026-06-15
601121,宝地矿业,0.717,984242748,2026-06-15
603066,音飞储存,0.34,294180074,2026-06-15
920371,欧福蛋业,1.0,205445536,2026-06-17
603566,普莱柯,4.0,346062273,2026-06-16
300047,天源迪科,0.15,637744672,2026-06-16
600496,精工钢构,2.2,1990125381,2026-06-15
302132,中航成飞,3.86,2672091376,2026-06-16
300454,深信服,1.1,431559055,2026-06-17
000029,深深房A,0.35,1011660000,2026-06-15
300840,酷特智能,1.0,240000000,2026-06-16
605180,华生科技,0.7,169000000,2026-06-16
600236,桂冠电力,2.43,7882377802,2026-06-16
605339,南侨食品,0.3,424290616,2026-06-16
002004,华邦健康,2.5,1979919191,2026-06-16
600817,宇通重工,4.0,534464346,2026-06-15
688056,莱伯泰科,1.5,67452460,2026-06-15
688080,映翰通,1.1,73656132,2026-06-15
688069,德林海,5.0,113000000,2026-06-16
002730,电光科技,1.0,362079880,2026-06-16
300913,兆龙互连,1.6,342781120,2026-06-16
301538,骏鼎达,3.0,78400000,2026-06-15
002539,云图控股,2.0,1207723762,2026-06-17
601077,渝农商行,1.1755,11357000000,2026-06-16
601231,环旭电子,4.3,2389105078,2026-06-15
603933,睿能科技,0.6,207544575,2026-06-16
002007,华兰生物,5.0,1825690986,2026-06-15
920547,无锡晶海,2.0,77688000,2026-06-18
600903,贵州燃气,0.1428,1163984408,2026-06-15
300257,开山股份,1.0,993635018,2026-06-17
000810,创维数字,0.8,1150195579,2026-06-16
002792,通宇通讯,0.25,523836030,2026-06-16
600801,华新建材,2.1,2078995649,2026-06-16
600901,江苏金租,1.7,5791866431,2026-06-15
000899,赣能股份,5.67,975677760,2026-06-15
002882,金龙羽,1.0,432900000,2026-06-16
300777,中简科技,2.28,439707537,2026-06-17
002046,国机精工,1.96,536190854,2026-06-16
300404,博济医药,0.13,385748938,2026-06-17
600663,陆家嘴,0.6,5035153679,2026-06-16
301062,上海艾录,0.498828,433292145,2026-06-18
002296,辉煌科技,1.3,389580420,2026-06-17
688631,莱斯信息,1.7,163470000,2026-06-17
603890,春秋电子,2.0,446830558,2026-06-18
300649,杭州园林,0.5,132416609,2026-06-17
002444,巨星科技,4.0,1194478182,2026-06-18
605378,野马电池,1.5,261346400,2026-06-16
603301,振德医疗,3.0,263876225,2026-06-18
002224,三力士,0.15,902116324,2026-06-16
600477,杭萧钢构,0.16,2358968436,2026-06-16
002063,远光软件,0.32,1915472817,2026-06-16
688253,英诺特,4.5,136984316,2026-06-16
603173,福斯达,8.2,160000000,2026-06-17
605033,美邦股份,1.0,135200000,2026-06-17
600028,中国石化,1.12,120925514222,2026-06-17
301233,盛帮股份,6.06,51470000,2026-06-18
001220,世盟股份,4.53,92290000,2026-06-16
603506,南都物业,2.141,187777779,2026-06-16
600861,北京人力,10.333,566112718,2026-06-17
688525,佰维存储,2.141,471566656,2026-06-16
600057,厦门象屿,1.2,2839015539,2026-06-17
603297,永新光学,9.0,110936700,2026-06-17
301178,天亿马,0.5,66852800,2026-06-16
600757,长江传媒,4.1,1213650273,2026-06-17
603197,保隆科技,1.9,214025627,2026-06-17
002106,莱宝高科,1.0,705816160,2026-06-17
001395,亚联机械,10.0,87240000,2026-06-16
600508,上海能源,2.1,722718000,2026-06-17
688025,杰普特,8.9,95049423,2026-06-16
002399,海普瑞,1.45,1467296204,2026-06-18
605555,德昌股份,2.8,484069040,2026-06-18
300596,利安隆,4.5,229619667,2026-06-18
300434,金石亚药,0.82,401743872,2026-06-17
300054,鼎龙股份,1.0,952857355,2026-06-17
301510,固高科技,0.5,400010000,2026-06-18
920274,宏裕包材,1.5,81333334,2026-06-17
002599,盛通股份,0.1,532679787,2026-06-16
600862,中航高科,2.23,1393049107,2026-06-17
603688,石英股份,0.86,541678289,2026-06-16
002165,红宝丽,0.3,735269837,2026-06-17
600332,白云山,4.5,1625790949,2026-06-16
002287,奇正藏药,4.1,572118203,2026-06-17
688616,西力科技,3.0,179378265,2026-06-16
603368,柳药集团,6.8,397211355,2026-06-16
002290,禾盛新材,2.1,248112330,2026-06-17
601038,一拖股份,1.9746,1123645275,2026-06-17
603310,巍华新材,2.0,345340000,2026-06-18
920174,五新智能,3.0,216904891,2026-06-18
603016,新宏泰,3.4,148160000,2026-06-17
301119,正强股份,1.2,104000000,2026-06-18
301199,迈赫股份,1.0,186676000,2026-06-18
300561,汇金科技,0.3,328107975,2026-06-18
002842,翔鹭钨业,1.38,327172422,2026-06-16
301320,豪江智能,0.5,182010000,2026-06-18
000404,长虹华意,3.3,695995979,2026-06-18
605333,沪光股份,2.0,464040406,2026-06-16
300828,锐新科技,0.6,166422000,2026-06-17
001216,华瓷股份,3.882061,291958338,2026-06-18
300978,东箭科技,3.0,422702739,2026-06-17
603029,天鹅股份,1.85,121342000,2026-06-16
603920,世运电路,3.0,720592317,2026-06-18
301186,超达装备,5.0,81959646,2026-06-18
300446,航天智造,3.2,845410111,2026-06-17
300272,开能健康,0.5,611469472,2026-06-16
300682,朗新科技,1.9,1078235821,2026-06-17
600740,山西焦化,0.25,2562121154,2026-06-17
601619,嘉泽新能,0.2,2912823018,2026-06-16
601139,深圳燃气,1.6,2876744317,2026-06-18
002327,富安娜,3.85,833867839,2026-06-17
688626,翔宇医疗,1.8,160000000,2026-06-17
300187,永清环保,0.3,645622165,2026-06-17
605111,新洁能,1.908,415332567,2026-06-16
603655,朗博科技,2.5,106000000,2026-06-17
600105,永鼎股份,0.15,1461994802,2026-06-17
000153,丰原药业,1.0,464685522,2026-06-18
300658,延江股份,0.6,332764105,2026-06-18
601069,西部黄金,1.56,910999123,2026-06-17
300002,神州泰岳,0.6,1967173866,2026-06-17
688588,凌志软件,2.0,400010003,2026-06-17
603607,京华激光,5.0,178516800,2026-06-16
600613,神奇制药,0.7,534071628,2026-06-17
688388,嘉元科技,0.45,455673790,2026-06-17
000726,鲁泰A,1.5,817525607,2026-06-18
603185,弘元绿能,1.5,683076802,2026-06-17
603296,华勤技术,12.0,1109994904,2026-06-17
605277,新亚电子,2.1,323987849,2026-06-17
603612,索通发展,1.2,498104459,2026-06-18
920124,南特科技,1.5,148733315,2026-06-17
000544,中原环保,2.7,974684488,2026-06-18
300176,鸿特科技,0.2,387280800,2026-06-18
002755,奥赛康,1.2,928160351,2026-06-18
603305,旭升集团,1.6,1155708556,2026-06-18
001319,铭科精技,3.5,141400000,2026-06-18
002893,京能热力,0.91,263640000,2026-06-18
600775,南京熊猫,0.1,913838529,2026-06-18
002056,横店东磁,6.0,1626712074,2026-06-18
688581,安杰思,10.39,81122079,2026-06-17
688591,泰凌微,2.66,241563929,2026-06-17
301370,国科恒泰,1.22,470600000,2026-06-17
002440,闰土股份,2.0,1123999905,2026-06-18
688553,汇宇制药,2.0,423600000,2026-06-17
600983,惠而浦,6.7,766439000,2026-06-18
000950,重药控股,0.3,1728184696,2026-06-18
000937,冀中能源,1.0,3533546850,2026-06-17
920077,吉林碳谷,1.0,587681817,2026-06-18
002438,江苏神通,2.0,507537461,2026-06-17
002627,三峡旅游,0.5,724601378,2026-06-18
601112,振石股份,1.72,1740366367,2026-06-17
600008,首创环保,0.8,7340590677,2026-06-18
688627,精智达,2.24,94128154,2026-06-17
600475,华光环能,2.5,955965729,2026-06-17
600710,苏美达,4.15,1306749434,2026-06-18
920078,族兴新材,1.0,120000000,2026-06-18
601717,中创智领,12.5,1785399930,2026-06-18
600171,上海贝岭,1.2,708923303,2026-06-17
688809,强一股份,10.0,129559300,2026-06-22
002448,中原内配,2.0,588409646,2026-06-18
002705,新宝股份,3.0,811875780,2026-06-18
300856,科思股份,0.7,475687223,2026-06-18
603271,永杰新材,4.55,198135000,2026-06-17
002015,协鑫能科,1.0,1623324614,2026-06-18
600295,鄂尔多斯,7.0,2798776254,2026-06-17
002311,海大集团,11.0,1645382034,2026-06-17
920403,康农种业,2.0,99361080,2026-06-24
002120,韵达股份,2.0,2899201326,2026-06-17
002913,奥士康,3.0,317360504,2026-06-18
001234,泰慕士,2.9,109413700,2026-06-18
605300,佳禾食品,0.7,454398597,2026-06-17
603171,税友股份,2.0,406345000,2026-06-18
002553,南方精工,1.0,353409639,2026-06-17
688128,中国电研,3.0,404500000,2026-06-17
002400,省广集团,0.05,1743337128,2026-06-18
600184,光电股份,0.33,582727468,2026-06-17
300690,双一科技,3.87,165348919,2026-06-18
002085,万丰奥威,0.5,2123297520,2026-06-18
603126,中材节能,0.1,610500000,2026-06-17
001230,劲旅环境,3.8,134126057,2026-06-17
300641,正丹股份,5.0,525544810,2026-06-18
002957,科瑞技术,2.5,419982466,2026-06-18
600258,首旅酒店,4.5,1116603126,2026-06-18
000919,金陵药业,1.0,621924528,2026-06-17
603726,朗迪集团,5.5,185651200,2026-06-18
301192,泰祥股份,1.480117,101242000,2026-06-22
601339,百隆东方,2.5,1499569000,2026-06-18
920242,建邦科技,5.0,67295500,2026-06-22
688113,联测科技,1.8,64397559,2026-06-18
600980,北矿科技,1.4,193263526,2026-06-18
600499,科达制造,3.0,1917856391,2026-06-17
002918,蒙娜丽莎,0.8,408819913,2026-06-18
300018,中元股份,1.0,488710536,2026-06-17
688785,恒运昌,8.0,67701688,2026-06-18
300699,光威复材,5.0,831352000,2026-06-18
920839,万通液压,5.5,118209971,2026-06-18
603098,森特股份,1.0,539699978,2026-06-18
002144,宏达高科,0.5,176762528,2026-06-18
000065,北方国际,1.37,1161442159,2026-06-17
603693,江苏新能,1.5,891475880,2026-06-17
688366,昊海生科,6.0,229980895,2026-06-17
688146,中船特气,1.96,529411765,2026-06-17
002728,特一药业,1.5,513309812,2026-06-18
002536,飞龙股份,3.0,574785888,2026-06-18
603078,江化微,0.6,385637248,2026-06-17
688151,华强科技,0.56,344500000,2026-06-18
300776,帝尔激光,3.9,285234456,2026-06-18
301519,舜禹股份,1.0,161642879,2026-06-17
600148,长春一东,0.4,141516450,2026-06-18
688800,瑞可达,3.0,205675566,2026-06-17
002779,中坚科技,1.73,184800000,2026-06-22
688021,奥福科技,1.0,76413717,2026-06-17
300036,超图软件,0.3,492766617,2026-06-17
301575,艾芬达,4.0,86670000,2026-06-18
600132,重庆啤酒,12.0,483971198,2026-06-18
001325,元创股份,6.1,78400000,2026-06-18
688139,海尔生物,3.3,316492922,2026-06-18
688336,三生国健,4.5,618086503,2026-06-18
688726,拉普拉斯,3.1,405326189,2026-06-18
600415,小商品城,5.0,5483559226,2026-06-18
688337,普源精电,4.0,193874417,2026-06-18
000969,安泰科技,2.0,1050519397,2026-06-18
002035,华帝股份,1.0,847653618,2026-06-18
603387,基蛋生物,1.5,507153517,2026-06-18
688580,伟思医疗,10.82,95771288,2026-06-18
600511,国药股份,8.0,754502998,2026-06-18
688685,迈信林,0.45,146851667,2026-06-22
601865,福莱特,1.5,2342880327,2026-06-18
688349,三一重能,3.7,1226404215,2026-06-18
002768,国恩股份,5.0,301250000,2026-06-18
688222,成都先导,1.3,400680000,2026-06-18
000725,京东方A,0.56,37044328064,2026-06-18
603680,今创集团,1.5,783718767,2026-06-22
603881,数据港,0.34,718376999,2026-06-23
688391,钜泉科技,3.0,115593940,2026-06-18
300927,江天化学,0.75,144360000,2026-06-23
605369,拱东医疗,1.5,220492949,2026-06-18
600037,歌华有线,0.5,1391777884,2026-06-18
300650,太龙股份,0.2,241402672,2026-06-22
603230,内蒙新华,1.5,353523000,2026-06-18
688310,迈得医疗,2.5,164324600,2026-06-18
002057,中钢天源,0.58,753883706,2026-06-23
688309,恒誉环保,1.7,79401269,2026-06-22
603038,华立股份,0.5,268677106,2026-06-18
003039,顺控发展,2.31,617518730,2026-06-22
605005,合兴股份,2.0,401000000,2026-06-18
688480,赛恩斯,4.2,95326179,2026-06-18
603299,苏盐井神,2.52,954759938,2026-06-18
002201,九鼎新材,0.15,651636241,2026-06-18
300219,鸿利智汇,1.0,707943506,2026-06-18
300773,拉卡拉,4.0,776664942,2026-06-22
601026,道生天合,2.3,659400000,2026-06-18
603496,恒为科技,0.2,320209243,2026-06-18
301092,争光股份,2.6,134535284,2026-06-23
603323,苏农银行,1.2,2018541437,2026-06-18
603266,天龙股份,1.2,198886750,2026-06-18
600352,浙江龙盛,1.0,3253331860,2026-06-18
603049,中策橡胶,14.3,874485598,2026-06-18
603257,中国瑞林,5.0,120000000,2026-06-18
688503,聚和材料,4.32,242033643,2026-06-18
603321,梅轮电梯,0.5,348889469,2026-06-18
688779,五矿新能,0.4137,1929219920,2026-06-18
600313,农发种业,0.09,1161373969,2026-06-18
603111,康尼机电,3.0,862030672,2026-06-18
603728,鸣志电器,0.25,418882500,2026-06-18
000768,中航西飞,1.5,2780610135,2026-06-23
000548,湖南投资,0.3,499215811,2026-06-22
601890,亚星锚链,0.6,959400000,2026-06-22
002677,浙江美大,0.16,646051647,2026-06-22
600592,龙溪股份,0.85,399553571,2026-06-18
605133,嵘泰股份,2.1,282769152,2026-06-18
600502,安徽建工,1.7,1716533938,2026-06-18
603917,合力科技,1.5,203840000,2026-06-18
002762,金发拉比,0.5,354025000,2026-06-18
002083,孚日股份,3.0,946639012,2026-06-18
605189,富春染织,1.04,238234939,2026-06-22
600350,山东高速,4.2,4834570825,2026-06-18
002940,昂利康,1.5,201728186,2026-06-22
603738,泰晶科技,0.41,385887492,2026-06-22
600755,厦门国贸,1.2,2137621097,2026-06-18
000524,岭南控股,0.51,670208597,2026-06-18
600521,华海药业,1.0,1497252196,2026-06-18
001356,富岭股份,0.32,589320000,2026-06-22
600218,全柴动力,0.3,435599919,2026-06-18
000037,深南电A,0.32,602762596,2026-06-22
600826,兰生股份,2.4,735533549,2026-06-18
300712,永福股份,0.5,187546035,2026-06-18
920855,浙江大农,1.5,74733333,2026-06-23
600717,天津港,1.02,2894001038,2026-06-18
300381,溢多利,0.5,480173861,2026-06-18
688267,中触媒,2.0,176200000,2026-06-18
002075,沙钢股份,0.25,2193825445,2026-06-18
605567,春雪食品,1.0,200000000,2026-06-18
001380,华纬科技,1.0,270854208,2026-06-18
605003,众望布艺,5.0,110000000,2026-06-18
603928,兴业股份,1.2,262080000,2026-06-18
603365,水星家纺,8.0,262496300,2026-06-18
603409,汇通控股,3.0,126030000,2026-06-18
603516,淳中科技,1.0,203268279,2026-06-18
603867,新化股份,4.0,217486743,2026-06-18
301616,浙江华业,4.0,80000000,2026-06-18
603687,大胜达,0.4244,550031864,2026-06-22
002116,中国海诚,2.19309,465794049,2026-06-22
002825,纳尔股份,1.2,341940627,2026-06-22
688330,宏力达,4.6,140000000,2026-06-22
002497,雅化集团,0.6,1152562520,2026-06-22
002244,滨江集团,0.68,3111443890,2026-06-22
603499,翔港科技,0.8,302594390,2026-06-22
600141,兴发集团,5.0,1201739857,2026-06-22
000597,东北制药,0.55,1426928265,2026-06-23
603527,众源新材,1.0,316971200,2026-06-22
603836,海程邦达,2.0,205235237,2026-06-22
300185,通裕重工,0.02,4036200167,2026-06-22
688219,会通股份,1.5,549600000,2026-06-22
605337,李子园,2.3,390102598,2026-06-22
002736,国信证券,3.5,10241743060,2026-06-22
688050,爱博医疗,3.2,193437735,2026-06-22
603500,祥和实业,2.2,332783246,2026-06-22
000019,深粮控股,1.2,1152535254,2026-06-22
600751,海航科技,0.18,2899337783,2026-06-22
600750,华润江中,8.8,635613289,2026-06-22
603366,日出东方,0.45,813048101,2026-06-23
002364,中恒电气,1.0,563564960,2026-06-22
000088,盐田港,1.07,5199483346,2026-06-23
000985,大庆华科,0.11,129639500,2026-06-23
603041,美思德,1.2,183147692,2026-06-22
688289,圣湘生物,2.61,579388006,2026-06-22
688502,茂莱光学,2.8,52800571,2026-06-22
601568,北元化工,0.5,3972222224,2026-06-22
001359,平安电工,3.98,185503165,2026-06-23
920112,巴兰仕,1.0,84850000,2026-06-24
301329,信音电子,1.6,170200000,2026-06-23
688061,灿瑞科技,2.0,114889391,2026-06-22
920701,豪声电子,3.5,137200000,2026-06-26
300834,星辉环材,1.0,193712353,2026-06-24
300046,台基股份,1.5,236531371,2026-06-24
688398,赛特新材,0.5,167814205,2026-06-22
688029,南微医学,10.0,187847422,2026-06-22
300916,朗特智能,3.0,144644007,2026-06-23
301602,超研股份,1.5,428329638,2026-06-24
920101,志高机械,2.0,89148174,2026-06-23
002790,瑞尔特,0.15,417872300,2026-06-23
300109,新开源,2.0,483380605,2026-06-23
000962,东方钽业,1.11,527460166,2026-06-23
603088,宁波精达,1.7,502387966,2026-06-22
300326,ST凯利,1.0,717012682,2026-06-24
600629,华建集团,0.23,958170732,2026-06-24
300855,图南股份,1.5,395531500,2026-06-24
002303,美盈森,0.8,1531323685,2026-06-24
000755,山西高速,2.0,1467310196,2026-06-24
920221,易实精密,1.0,118650000,2026-06-29
002649,博彦科技,1.3,591434532,2026-06-24
688333,铂力特,0.8131,274322174,2026-06-24
300265,通光线缆,0.2,467601335,2026-06-25
000521,长虹美菱,2.1,1029923715,2026-06-23
300584,海辰药业,1.0,120000000,2026-06-25
600619,海立股份,0.28,1073344406,2026-06-23
301196,唯科科技,7.0,126318017,2026-06-24
300248,新开普,0.8,476348393,2026-06-25
920786,骑士乳业,1.0,209053000,2026-06-26
001213,中铁特货,0.346,4444444444,2026-06-24
002966,苏州银行,1.5,4470662011,2026-06-24
920008,成电光信,0.8,63750000,2026-06-25
688041,海光信息,1.5,2324338091,2026-06-23
688576,西山科技,5.0,45500060,2026-06-23
603200,上海洗霸,0.3,175480103,2026-06-25
603939,益丰药房,4.0,1212392486,2026-06-25
300804,广康生化,1.5,74000000,2026-06-25
688138,清溢光电,0.9,314800000,2026-06-23
603216,梦天家居,2.0,222690000,2026-06-23
301603,乔锋智能,2.0,120760000,2026-06-24
603801,志邦家居,4.0,434351483,2026-06-23
002239,奥特佳,0.060853,3515048914,2026-06-24
600153,建发股份,5.0,2899538551,2026-06-24
001360,南矿集团,2.0,204000000,2026-06-23
301528,多浦乐,1.08,61900000,2026-06-25
603042,华脉科技,0.15,160589840,2026-06-23
600201,生物股份,0.37,1111747826,2026-06-23
300142,沃森生物,1.25,1599348541,2026-06-24
601199,江南水务,0.9,935210292,2026-06-24
688182,灿勤科技,0.625,400000000,2026-06-25
001335,信凯科技,1.5,93739560,2026-06-24
688231,隆达股份,0.7,246857143,2026-06-23
300420,五洋自控,0.1,1116383561,2026-06-24
600787,中储股份,1.13,2170079582,2026-06-24
688722,同益中,1.0,224666700,2026-06-24
600059,古越龙山,0.9,911542413,2026-06-24
688376,美埃科技,1.5,135251944,2026-06-23
601179,中国西电,0.54,5125882352,2026-06-25
603189,*ST网达,1.0,269548349,2026-06-24
920982,锦波生物,5.0,115065340,2026-06-25
603345,安井食品,14.4,333288932,2026-06-23
601921,浙版传媒,2.2,2222222223,2026-06-24
603225,新凤鸣,2.0,1677493780,2026-06-24
300498,温氏股份,2.0,6653929305,2026-06-24
300428,立中集团,3.9,685581553,2026-06-25
688162,巨一科技,2.0,137100775,2026-06-23
600339,中油工程,0.13,5583147471,2026-06-23
300796,贝斯美,0.2,361142872,2026-06-24
600584,长电科技,1.0,1789414570,2026-06-23
688372,伟测科技,5.5,168088361,2026-06-24
603209,兴通股份,2.0,325000000,2026-06-23
605169,洪通燃气,2.0,282880000,2026-06-24
688456,有研粉材,2.37,103660000,2026-06-25
002108,沧州明珠,0.5,1648598206,2026-06-25
300964,本川智能,1.0,76328284,2026-06-24
000801,四川九洲,0.2,1016324759,2026-06-24
300987,川网传媒,1.15,173368000,2026-06-24
605018,长华集团,1.5,470065793,2026-06-25
600707,彩虹股份,0.7,3588389732,2026-06-25
001338,永顺泰,2.4,501730834,2026-06-25
001312,福恩股份,2.0,233333334,2026-06-26
603092,德力佳,6.21,400000100,2026-06-25
600893,航发动力,0.72,2665594238,2026-06-24
603040,新坐标,7.5,136455896,2026-06-25
600328,中盐化工,0.254,1466309533,2026-06-24
003013,地铁设计,3.1,460757801,2026-06-24
300003,乐普医疗,1.6275,1843424716,2026-06-26
600356,恒丰纸业,1.9,329536504,2026-06-26
920019,铜冠矿建,1.0,210266700,2026-06-25
002112,三变科技,0.1,294131282,2026-06-25
002378,章源钨业,1.2,1201417666,2026-06-26
300244,迪安诊断,3.5,624979436,2026-06-25
000965,天保基建,0.1,1109830895,2026-06-24
605162,新中港,1.6,442846311,2026-06-25
603091,众鑫股份,9.6,102238793,2026-06-25
000927,中国铁物,0.43,6050353641,2026-06-24
002228,合兴包装,0.6,1213385629,2026-06-26
603833,欧派家居,12.37,609152867,2026-06-25
002140,东华科技,1.5,708013872,2026-06-25
605166,聚合顺,0.63,314733976,2026-06-24
000655,金岭矿业,1.26,595340230,2026-06-25
301630,同宇新材,22.0,40000000,2026-06-25
000028,国药一致,6.16,556565077,2026-06-24
000779,甘咨询,0.4,464829452,2026-06-24
001228,永泰运,3.0,103864609,2026-06-24
688049,炬芯科技,2.6,175167650,2026-06-24
000519,中兵红箭,0.25,1392558982,2026-06-25
002950,奥美医疗,1.46,633265407,2026-06-24
001282,三联锻造,0.85,222185600,2026-06-26
300634,彩讯股份,1.45,451210900,2026-06-25
300623,捷捷微电,1.5,832079919,2026-06-26
300341,麦克奥迪,0.7,517410336,2026-06-26
920204,沪江材料,0.8,94287797,2026-06-26
002948,青岛银行,1.8,5820354724,2026-06-24
688432,有研硅,0.55,1250301858,2026-06-24
301009,可靠股份,1.2,271860000,2026-06-25
301278,快可电子,0.4,89708143,2026-06-26
600572,康恩贝,1.5,2538482531,2026-06-24
920346,威贸电子,3.4,80653103,2026-06-25
601083,锦江航运,6.12,1294120000,2026-06-25
688539,高华科技,2.0,185920000,2026-06-25
000753,漳州发展,0.15,991481071,2026-06-24
000811,冰轮环境,1.0,992477985,2026-06-25
001227,兰州银行,0.3,5695697168,2026-06-24
000027,深圳能源,1.6,4757389916,2026-06-24
002441,众业达,3.0,544543609,2026-06-25
688239,航宇科技,1.5,190912450,2026-06-24
301205,联特科技,2.0,130084500,2026-06-25
301286,侨源股份,4.56,400100000,2026-06-24
603711,香飘飘,0.7,412874100,2026-06-24
920374,云里物里,0.9,81518000,2026-06-29
001256,炜冈科技,3.0,142612558,2026-06-25
603073,彩蝶实业,1.0,116000000,2026-06-25
002803,吉宏股份,1.8,448545288,2026-06-24
002090,金智科技,0.45,400577071,2026-06-26
002252,上海莱士,0.33,6592672885,2026-06-24
000617,中油资本,0.47,12642079079,2026-06-24
688459,哈铁科技,1.2,480000000,2026-06-24
000997,新大陆,2.5,1013097915,2026-06-25
605376,博迁新材,1.0,261600000,2026-06-25
688583,思看科技,2.0,88400000,2026-06-25
002478,常宝股份,2.0,900804228,2026-06-26
002835,同为股份,2.8,219493931,2026-06-25
301212,联盛化学,1.02,108000000,2026-06-26
600894,广日股份,4.0,851678362,2026-06-26
000713,国投丰乐,0.3,798219474,2026-06-26
601187,厦门银行,1.1,2639127888,2026-06-26
603282,亚光股份,2.3,133820000,2026-06-25
603233,大参林,4.9,1138854520,2026-06-26
600100,同方股份,0.45,3350297713,2026-06-25
688013,天臣医疗,8.0,81155600,2026-06-26
001289,龙源电力,0.625,8359816164,2026-06-26
002821,凯莱英,13.0,360780970,2026-06-26
600459,贵研铂业,2.4918,823278119,2026-06-26
601698,中国卫通,0.314,4224385412,2026-06-25
600380,健康元,2.2,1829453386,2026-06-26
605222,起帆电缆,0.6,412907638,2026-06-25
300043,星辉娱乐,0.5,1244198401,2026-06-26
301246,宏源药业,0.5,400006800,2026-06-26
603180,金牌家居,1.0,154257140,2026-06-26
600968,海油发展,1.47,10165104199,2026-06-25
002838,道恩股份,0.9,478398402,2026-06-26
601598,中国外运,1.55,7173751227,2026-06-29
603328,依顿电子,1.68,998442611,2026-06-26
300632,光莆股份,1.0,305181620,2026-06-26
600007,中国国贸,10.7,1007282534,2026-06-26
600056,中国医药,0.7525,1495879748,2026-06-26
600727,鲁北化工,0.5,528583135,2026-06-25
601333,广深铁路,0.9,7083537000,2026-06-26
300836,佰奥智能,2.0,92685610,2026-06-26
002732,燕塘乳业,0.6,157350000,2026-06-26
300215,电科院,0.02,749094187,2026-06-26
603161,科华控股,1.7,194407705,2026-06-25
301091,深城交,0.12,527280000,2026-06-26
603798,康普顿,1.0,256449650,2026-06-26
600486,扬农化工,7.14,404111938,2026-06-25
688548,广钢气体,0.6,1319398521,2026-06-26
301638,南网数字,0.6,3179650230,2026-06-26
002538,ST司特,1.2,853555763,2026-06-25
001209,洪兴股份,1.2,131522720,2026-06-29
688566,吉贝尔,2.6,201101625,2026-06-25
600312,平高电气,1.43,1356921309,2026-06-25
603081,大丰实业,0.6,422499149,2026-06-25
300058,蓝色光标,0.1,3590221227,2026-06-26
002267,陕天然气,2.0,1112075445,2026-06-25
601919,中远海控,4.4,15313016465,2026-06-26
688090,瑞松科技,1.0,122370064,2026-06-25
002644,佛慈制药,0.2,510657000,2026-06-26
301041,金百泽,0.48,106680000,2026-06-26
003017,大洋生物,3.0,84000000,2026-06-26
605158,华达新材,0.5,511420000,2026-06-25
000738,航发控制,0.77,1315184001,2026-06-26
000951,中国重汽,5.12,1168994951,2026-06-26
688396,华润微,0.51,1328210680,2026-06-25
603358,华达科技,2.6,469743076,2026-06-25
600409,三友化工,0.3,2064349448,2026-06-26
603637,镇海股份,1.0,238685877,2026-06-25
301356,天振股份,1.85,216000000,2026-06-29
688375,国博电子,4.26,596014900,2026-06-26
300709,精研科技,0.5,186076681,2026-06-25
600452,涪陵电力,0.68,1536541654,2026-06-25
601019,山东出版,2.3,2086900000,2026-06-26
600021,上海电力,3.7,2821875805,2026-06-26
603686,福龙马,1.13,415430404,2026-06-26
600644,乐山电力,0.15,578320818,2026-06-26
600027,华电国际,1.4,11611774184,2026-06-26
603338,浙江鼎力,11.5,506347879,2026-06-26
300070,碧水源,0.04,3624209363,2026-06-26
688778,厦钨新能,3.0,504691083,2026-06-26
000400,许继电气,2.21,1018622249,2026-06-26
688088,虹软科技,1.0,401170400,2026-06-26
600833,第一医药,0.78,223086347,2026-06-26
002301,齐心集团,0.4,724007933,2026-06-26
603332,苏州龙杰,2.8,216347184,2026-06-25
001286,陕西能源,4.1,3750000000,2026-06-26
000030,富奥股份,1.5,1719810845,2026-06-26
301551,无线传媒,6.25,400010000,2026-06-26
600098,广州发展,2.5,3505864981,2026-06-26
600883,博闻科技,0.35,236088000,2026-06-26
688370,丛麟科技,2.1,137107879,2026-06-26
603700,宁水集团,3.0,199961934,2026-06-25
000514,渝开发,0.1,843770965,2026-06-29
688196,卓越新能,5.0,127190795,2026-06-25
600527,江南高纤,0.3,1731760902,2026-06-25
002809,红墙股份,1.0,240260213,2026-06-26
600573,惠泉啤酒,1.0,250000000,2026-06-26
300358,楚天科技,0.7,715092580,2026-06-26
300973,立高食品,5.0,169340646,2026-06-26
600785,新华百货,1.0,225631280,2026-06-25
600316,洪都航空,0.17,717114512,2026-06-26
600509,天富能源,0.84,1374397407,2026-06-25
600783,鲁信创投,0.65,744359294,2026-06-26
600551,时代出版,2.0,678055239,2026-06-29
000728,国元证券,1.0,4363777891,2026-06-26
600850,电科数字,1.6,680198741,2026-06-26
600516,方大炭素,0.0732,4025970368,2026-06-26
600590,泰豪科技,0.23,852869750,2026-06-25
000529,广弘控股,1.2,583790330,2026-06-26
600916,中国黄金,1.48,1680000000,2026-06-25
000537,绿发电力,1.2,2055717899,2026-06-26
002016,世荣兆业,0.18,809095632,2026-06-25
300564,筑博设计,2.5,161315200,2026-06-26
600019,宝钢股份,1.8,21782084749,2026-06-25
688326,经纬恒润,3.0,119940960,2026-06-26
600143,金发科技,2.0,2673298366,2026-06-29
688087,英科再生,1.2,194054775,2026-06-26
603811,诚意药业,3.0,327304320,2026-06-26
600917,重庆燃气,0.43,1561039760,2026-06-26
688355,明志科技,5.0,123956072,2026-06-26
688161,威高骨科,2.4,400000000,2026-06-26
600035,楚天高速,1.6,1610115901,2026-06-26
603082,北自科技,5.9,165679005,2026-06-26
601211,国泰海通,3.5,17628925829,2026-06-26
601916,浙商银行,1.31,27464635963,2026-06-26
601225,陕西煤业,9.09,9695000000,2026-06-26
603231,索宝蛋白,3.0,191459105,2026-06-26
600050,中国联通,0.523,31264425327,2026-06-26
600390,五矿资本,0.14,4498065459,2026-06-26
000968,蓝焰控股,0.5,967502660,2026-06-26
002488,金固股份,0.1,995439065,2026-06-29
000830,鲁西化工,2.0,1904319011,2026-06-26
920570,坤博精工,1.0,50169821,2026-06-29
600519,贵州茅台,280.2423,1250081601,2026-06-26
688199,久日新材,0.6,161227251,2026-06-26
920833,美心翼申,1.0,82360000,2026-06-30
603515,欧普照明,8.5,743207949,2026-06-26
920866,绿亨科技,1.0,180205900,2026-06-30
000932,华菱钢铁,1.6,6852609160,2026-06-26
001258,立新能源,0.3,933333334,2026-06-30
002500,山西证券,0.8,3589771547,2026-06-26
603284,林平发展,6.2,75414800,2026-06-26
603628,清源股份,0.43,273104891,2026-06-26
300201,海伦哲,0.300925,1009043607,2026-06-26
920566,梓橦宫,2.0,144461880,2026-06-29
601899,紫金矿业,3.8,26590714622,2026-06-26
920729,永顺生物,1.3,273350000,2026-06-30
920132,泰鹏智能,1.0,82824000,2026-06-29
920821,则成电子,0.33,138361899,2026-06-29
301289,国缆检测,4.2,78000000,2026-06-29
688247,宣泰医药,0.1,453340000,2026-06-26
000507,珠海港,0.54,919734895,2026-06-26
600559,老白干酒,2.0,914747444,2026-06-26
601825,沪农商行,1.94,9644444445,2026-06-29
600128,苏豪弘业,1.45,251698700,2026-06-26
002847,盐津铺子,10.0,270187439,2026-06-26
920396,常辅股份,2.0,72221136,2026-06-30
920832,齐鲁华信,0.8,138763865,2026-06-29
002209,达意隆,0.8,204530050,2026-06-26
920718,合肥高科,1.0,90666700,2026-06-29
603871,嘉友国际,2.0,1368008658,2026-06-26
601857,中国石油,2.5,183020977818,2026-06-26
000061,农产品,0.6,1984961198,2026-06-26
920039,国义招标,1.0,153820000,2026-06-30
001331,胜通能源,0.6,282240000,2026-06-26
920122,中纺标,0.867283,92242108,2026-06-30
600168,武汉控股,0.281,993397569,2026-06-26
002051,中工国际,1.102044,1226483145,2026-06-26
688729,屹唐股份,0.273,2955560000,2026-06-26
688689,银河微电,2.5,129500260,2026-06-26
000089,深圳机场,1.6,2050769509,2026-06-26
920098,科隆新材,3.0,81320369,2026-06-30
603118,共进股份,0.3,787276406,2026-06-29
688682,霍莱沃,2.0,101838895,2026-06-30
688378,奥来德,2.0,261425164,2026-06-29
688568,中科星图,0.12,808078912,2026-06-30
000333,美的集团,38.0,7613438907,2026-06-29
000541,佛山照明,0.5,1535778230,2026-06-30
001339,智微智能,0.3,252295756,2026-06-29
300041,回天新材,1.5,559435922,2026-06-30
301287,康力源,2.4,66670000,2026-06-30
600170,上海建工,0.35,8885939744,2026-07-01
688603,天承科技,1.406,124724524,2026-06-30
688621,阳光诺和,1.87,112000000,2026-06-29
300488,恒锋工具,2.0,191220797,2026-06-30
600667,太极实业,0.65,2091542178,2026-06-30
601226,华电科工,0.48,1162223700,2026-06-29
600137,浪莎股份,2.0,97217588,2026-06-29
600366,宁波韵升,1.0,1099041051,2026-06-29
600361,创新新材,0.88,3732662913,2026-06-29
000531,穗恒运A,0.5,1041401332,2026-06-30
600689,上海三毛,0.18,200991343,2026-06-30
688188,柏楚电子,19.28,289683816,2026-06-29
600368,五洲交通,1.39,1609653858,2026-06-30
300743,天地数码,6.5,151204323,2026-06-30
300507,苏奥传感,0.6,800646907,2026-07-01
002268,电科网安,0.25,845636083,2026-06-30
000915,华特达因,20.0,234331485,2026-07-01
603018,华设集团,1.25,683796403,2026-06-29
600517,国网英大,0.92,5718435744,2026-06-29
601956,东贝集团,1.0,621616590,2026-06-30
688618,三旺通信,1.6,110185630,2026-07-01
600487,亨通光电,2.75,2466392257,2026-06-29
603699,纽威股份,10.3,775282899,2026-06-29
603060,国检集团,0.67,803964055,2026-06-29
600512,腾达建设,0.1,1587405163,2026-06-29
300230,永利股份,1.85,813213441,2026-06-30
920806,云星宇,1.0,300736667,2026-07-01
688613,奥精医疗,0.304,137008584,
600126,杭钢股份,0.05,3377189083,2026-06-29
603876,鼎胜新材,1.3,929267213,2026-06-29
688329,艾隆科技,2.501,77200000,2026-06-29
603676,卫信康,1.8,435161500,2026-06-29
002049,紫光国微,3.099995,849629491,2026-06-30
920641,格利尔,1.0,75075000,2026-06-30
601952,苏垦农发,1.5,1378000000,2026-06-29
600927,永安期货,1.2,1455555556,2026-06-29
000605,渤海股份,0.12,352658600,2026-06-29
603376,大明电子,1.5,400001000,2026-06-30
688356,键凯科技,3.1,60650700,2026-06-29
601177,杭齿前进,0.7,407713500,2026-06-30
001203,大中矿业,2.0,1533080435,2026-06-30
300241,瑞丰光电,0.3,716650247,2026-06-30
002010,传化智联,1.0,2764030908,2026-06-30
601699,潞安环能,1.87,2991409200,2026-06-30
002304,洋河股份,14.7,1506445074,2026-06-30
300450,先导智能,2.87,1674221434,2026-06-30
300619,金银河,0.33,173999658,2026-06-30
301083,百胜智能,0.52,177866667,2026-06-30
600025,华能水电,2.05,18631094257,2026-06-29
301066,万事利,0.5,234923111,2026-06-30
301398,星源卓镁,1.5,112001149,2026-06-30
600268,国电南自,2.0,1015870778,2026-06-30
600099,林海股份,0.45,219120000,2026-06-30
002625,光启技术,0.35,2154587862,2026-06-30
002434,万里扬,0.5,1312600000,2026-07-02
301317,鑫磊股份,3.0,157190000,2026-06-30
000532,华金资本,1.0,344708340,2026-07-02
301055,张小泉,3.0,156000000,2026-07-02
920885,星辰科技,0.6,170819900,2026-07-06
000719,中原传媒,6.6,1023203749,2026-07-01
688439,振华风光,1.7,200000000,2026-06-30
301366,一博科技,1.0,209536201,2026-06-30
605089,味知香,3.6,138000000,2026-06-30
603115,海星股份,6.0,241890400,2026-07-01
600048,保利发展,0.35,11970443418,2026-06-30
600566,济川药业,17.4,921731260,2026-06-30
603127,昭衍新药,1.2,749348220,2026-06-30
688116,天奈科技,0.83,366532051,2026-06-30
600479,千金药业,3.8,492210016,2026-06-30
600406,国电南瑞,4.75,8031756156,2026-06-30
688579,地纬智能,0.5,400010000,2026-07-01
002079,苏州固锝,0.17,908479923,2026-06-30
600054,黄山旅游,0.71,729379440,2026-07-01
600728,佳都科技,0.0818,2132599261,2026-06-30
001391,国货航,0.87,12208881225,2026-07-02
600305,恒顺醋业,1.2,1104669668,2026-06-30
002589,瑞康医药,0.02,1504710471,2026-06-30
600587,新华医疗,1.0,606644549,2026-07-01
300873,海晨股份,3.3,230596779,2026-07-01
301038,深水规院,0.83,223080000,2026-07-02
600713,南京医药,1.7,1308164032,2026-06-30
600925,苏能股份,0.2,6888888889,2026-06-30
603079,圣达生物,1.0,189029624,2026-07-01
603439,三力制药,0.6,408930216,2026-06-30
002863,今飞凯达,0.1,599483554,2026-07-01
003011,海象新材,3.0,102676000,2026-07-01
000733,振华科技,3.8,554169431,2026-06-30
603329,上海雅仕,0.46,250051175,2026-07-01
603269,海鸥股份,1.8,308751768,2026-06-30
688608,恒玄科技,14.0,169204319,2026-07-01
601666,平煤股份,0.6,2469365109,2026-06-30
603280,南方路机,2.8,108406667,2026-06-30
688147,微导纳米,1.44,464463109,2026-06-30
002819,东方中科,0.3,299610100,2026-07-01
003003,天元股份,2.0,176720000,2026-06-30
300277,汽轮科技,0.18,1516594157,2026-07-01
603020,爱普股份,1.0,375637774,2026-07-01
688623,双元科技,8.35,59142700,2026-07-01
688799,华纳药厂,1.788,133637000,2026-07-01
300130,新国都,3.0,567305434,2026-07-02
002088,鲁阳节能,3.0,509631186,2026-07-01
600061,国投资本,1.55,6393997000,2026-07-01
600085,同仁堂,5.0,1371470262,2026-07-01
002371,北方华创,7.62,725689200,2026-07-03
920045,蘅东光,5.4,68071548,2026-07-06
603235,天新药业,5.5,437780000,2026-07-01
603201,常润股份,2.9,189979722,2026-07-01
301526,国际复材,0.2,3770878048,2026-07-02
301305,朗坤科技,2.0,241960804,2026-07-02
688787,海天瑞声,1.0,60325180,2026-07-01
603022,新通联,1.0,200000000,2026-07-02
001257,盛龙股份,1.5,1835950817,2026-07-01
603733,仙鹤股份,7.0,724482815,2026-07-02
300055,万邦达,0.15,836749606,2026-07-03
603255,鼎际得,0.35,134591667,2026-07-02
300738,奥飞数据,0.14,985203980,2026-07-02
000987,越秀资本,1.3,5017132462,2026-07-01
600009,上海机场,2.6,2488313040,2026-07-01
000551,创元科技,0.6,484733046,2026-07-03
605058,澳弘电子,5.0,142925120,2026-07-01
600011,华能国际,4.0,15698093359,2026-07-03
603989,艾华集团,2.0,398779860,2026-07-02
688258,卓易信息,1.0,121142237,2026-07-01
601778,晶科科技,0.283,3723044498,2026-07-01
603217,元利科技,3.0,208087600,2026-07-01
300541,先进数通,0.70327,430044492,2026-07-03
300031,宝通科技,1.0,418746695,2026-07-03
601611,中国核建,0.5,3013834212,2026-07-02
920014,特瑞斯,1.0,121856743,2026-07-03
002971,和远气体,0.5,210625000,2026-07-03
002637,赞宇科技,1.2,470401000,2026-07-03
002428,云南锗业,0.1,653120000,2026-07-03
002192,融捷股份,2.2,259655203,2026-07-03
603816,顾家家居,13.8,821451519,2026-07-06
300644,南京聚隆,2.5,110679506,2026-07-06
300487,蓝晓科技,1.73,509135722,2026-07-03
920896,旺成科技,3.0,101224240,2026-07-06
002890,弘宇股份,0.26,169875160,2026-07-02
002917,金奥博,1.5,347614197,2026-07-03
600556,天下秀,0.052,1807747642,2026-07-03
000831,中国稀土,0.29,1061220807,2026-07-03
300433,蓝思科技,4.5,5278740870,2026-07-06
301039,中集车辆,2.1,1874124420,2026-07-06
688592,司南导航,0.8,80460614,2026-07-02
603207,小方制药,3.7,160673262,2026-07-03
300740,水羊股份,1.0,392476833,2026-07-03
000425,徐工机械,2.0,11711210449,2026-07-03
300980,祥源新材,2.0,138065198,2026-07-03
300547,川环科技,2.77,216906174,2026-07-06
600461,洪城环境,4.67,1284156812,2026-07-03
603708,家家悦,1.5,638338675,2026-07-03
002392,北京利尔,0.35,1190490839,2026-07-06
920108,宏海科技,0.11,172200000,2026-07-06
001218,丽臣实业,5.6,130178260,2026-07-03
603977,国泰集团,1.3,621241828,2026-07-02
603589,口子窖,5.0,598119472,2026-07-03
002472,双环传动,2.8,849997692,2026-07-06
688286,敏芯股份,2.7,56059772,2026-07-02
688103,国力电子,2.3,95315566,2026-07-03
688633,星球石墨,6.0,170400630,2026-07-02
300414,中光防雷,0.16,326019466,2026-07-06
600784,鲁银投资,0.5,675652277,2026-07-03
600835,上海机电,1.6,1007294745,2026-07-02
002395,双象股份,2.0,268209000,2026-07-03
300049,福瑞医科,1.5,263991100,2026-07-06
001333,光华股份,3.6,128000000,2026-07-03
688179,阿拉丁,0.7,362006057,2026-07-02
600930,华电新能,0.3,41714285714,2026-07-03
300193,佳士科技,3.0,476249805,2026-07-06
300079,数码视讯,0.2,1426028062,2026-07-03
301267,华厦眼科,1.7,840000000,2026-07-03
600016,民生银行,0.53,43782418502,2026-07-02
002523,天桥起重,0.2,1416640800,2026-07-03
603855,华荣股份,10.0,337511000,2026-07-03
920942,恒立钻具,1.5,61164600,2026-07-06
603759,海天股份,1.15,461760000,2026-07-02
600585,海螺水泥,6.1,5299302579,2026-07-02
605577,龙版传媒,1.6,444444445,2026-07-03
002375,亚厦股份,1.28,1339996498,2026-07-03
301667,纳百川,1.0,111669600,2026-07-06
688601,力芯微,1.0,133692700,2026-07-03
603477,巨星农牧,0.1865,522979262,2026-07-02
601007,金陵饭店,1.35,390000000,2026-07-03
601311,骆驼股份,3.6,1173146118,2026-07-06
300871,回盛生物,2.0,201784357,2026-07-06
688236,春立医疗,1.5,383568500,2026-07-03
603336,宏辉果蔬,0.06,608718945,2026-07-06
000821,ST京机,0.33,622874778,2026-07-03
301333,诺思格,1.603251,96581256,2026-07-03
601108,财通证券,0.5,4643768990,2026-07-06
600490,鹏欣资源,0.31,2212887079,2026-07-03
002984,森麒麟,0.5,1036286871,2026-07-03
600251,冠农股份,0.6,776993583,2026-07-06
300610,晨化股份,1.5,212087280,2026-07-06
603926,铁流股份,1.3,232986611,2026-07-03
002226,江南化工,0.88,2648922855,2026-07-06
000657,中钨高新,2.3,2278604400,2026-07-06
603281,江瀚新材,10.0,373333334,2026-07-03
688157,松井股份,0.4,156431080,2026-07-03
001301,尚太科技,8.0,260756150,2026-07-03
688789,宏华数科,6.0,180256107,2026-07-03
002078,太阳纸业,2.0,2794535119,2026-07-06
603683,晶华新材,1.0,291204457,2026-07-07
300492,华图山鼎,1.0,196681058,2026-07-07
920167,同享科技,0.3,110026500,2026-07-08
603097,江苏华辰,1.5,164239906,2026-07-03
603883,老百姓,2.7,758890236,2026-07-03
688111,金山办公,12.5,464013435,2026-07-03
300886,华业香料,0.49787,75118000,2026-07-06
300809,华辰装备,1.0,253539200,2026-07-07
605060,联德股份,3.5,240592000,2026-07-06
002346,柘中股份,5.0,441575416,2026-07-07
000565,渝三峡A,0.15,433592220,2026-07-06
300861,美畅股份,1.8,671840440,2026-07-07
600272,开开实业,0.15,262651945,2026-07-07
603357,设计总院,1.3,560543253,2026-07-08
600908,无锡银行,1.3,2194681695,2026-07-07
688385,复旦微电,0.58,823719250,2026-07-06
002006,精工科技,2.0,519793440,2026-07-08
600510,黑牡丹,0.23,1032025457,2026-07-06
600513,联环药业,0.7,285456270,2026-07-08
002698,博实股份,2.5,1022561575,2026-07-08
002344,海宁皮城,0.4,1282616960,2026-07-08
300115,长盈精密,1.2,1361350101,2026-07-08
002540,亚太科技,0.8,1251144062,2026-07-06
300008,天海防务,0.32,1728029133,2026-07-06
301056,森赫股份,2.0,266786667,2026-07-06
300759,康龙化成,2.0,1837283628,2026-07-07
920407,驰诚股份,1.0,85384000,2026-07-10
000948,南天信息,0.3,389888774,2026-07-07
000498,山东路桥,1.869999,1552442024,2026-07-06
002646,天佑德酒,0.05,479107974,2026-07-07
001296,长江材料,2.0,149591086,2026-07-08
000591,太阳能,0.130333,3904852975,2026-07-08
605068,明新旭腾,0.4,162198495,2026-07-06
002901,大博医疗,6.0,414019506,2026-07-07
601615,明阳智能,1.85,2261496706,2026-07-08
300442,润泽科技,2.458,1641041973,2026-07-07
920088,科力股份,1.0,88071500,2026-07-08
601065,江盐集团,1.2,642776079,2026-07-07
600790,轻纺城,1.2,1465790928,2026-07-07
605009,豪悦护理,8.5,215037960,2026-07-06
688367,工大高科,1.1,87624600,2026-07-08
603556,海兴电力,8.0,486264170,2026-07-07
001268,联合精密,3.0,107933334,2026-07-07
688261,东微半导,0.754,122574975,2026-07-08
300407,凯发电气,0.8,346439212,2026-07-08
600819,耀皮玻璃,0.15,976757073,2026-07-07
688251,井松智能,0.5,100602465,2026-07-07
920608,丰安股份,3.0,62240000,2026-07-07
000936,华西股份,0.2,886012887,2026-07-07
001280,中国铀业,2.6,2068181818,2026-07-06
688757,胜科纳米,0.62,403311486,2026-07-07
601133,柏诚股份,0.7,526202583,2026-07-06
300535,达威股份,1.05,107019863,2026-07-08
601518,吉林高速,1.3,1890553169,2026-07-06
601801,皖新传媒,2.0,1957931237,2026-07-06
600089,特变电工,3.6,5052792571,2026-07-06
920699,海达尔,3.8,45625300,2026-07-10
002340,格林美,0.95,5102359661,2026-07-07
688002,睿创微纳,3.0,469951770,2026-07-08
600163,中闽能源,0.3,1902996143,2026-07-08
688209,英集芯,0.62,433784049,2026-07-07
601512,中新集团,2.12,1498890000,2026-07-08
688101,三达膜,1.4,332012066,2026-07-09
601965,中国汽研,2.4,1002648387,2026-07-08
002300,太阳电缆,0.7,722333700,2026-07-08
301518,长华化学,2.69,145469515,2026-07-09
600848,上海临港,2.0,2522487004,2026-07-08
605086,龙高股份,1.78,179200000,2026-07-07
000917,电广传媒,0.3,1417556338,2026-07-07
000159,国际实业,0.2,480685993,2026-07-07
603151,邦基科技,1.5,171281800,2026-07-08
605108,同庆楼,1.2,260000000,2026-07-07
603590,康辰药业,3.5,159010477,2026-07-08
301132,满坤科技,4.2,148086249,2026-07-09
002896,中大力德,1.2,196522670,2026-07-09
688237,超卓航科,3.4,89681952,2026-07-07
300021,大禹节水,0.2,1022367469,2026-07-07
920368,连城数控,0.4,234780440,2026-07-10
605050,福然德,2.0,492829181,2026-07-09
301262,海看股份,0.5,417000000,2026-07-08
920006,晟楠科技,1.1,90287200,2026-07-10
301487,盟固利,0.0601,459616438,2026-07-08
603053,成都燃气,3.0,888890000,2026-07-09
002028,思源电气,6.998907,782573282,2026-07-08
600834,申通地铁,0.22,477381905,2026-07-08
603629,利通电子,3.7,262320000,2026-07-07
920751,惠同新材,1.5,86780000,2026-07-08
688358,祥生医疗,5.8,112125613,2026-07-08
688628,优利德,8.0,111767588,2026-07-08
000623,吉林敖东,3.0,1195895387,2026-07-08
920003,中诚咨询,10.0,64714286,2026-07-08
601963,重庆银行,2.797,3625776792,2026-07-07
600195,中牧股份,0.51,1021148260,2026-07-07
300984,金沃股份,3.0,137466196,2026-07-08
601330,绿色动力,2.2,1430584798,2026-07-08
300907,康平科技,2.5,96000000,2026-07-08
002132,恒星科技,0.5,1401544698,2026-07-08
601216,君正集团,3.8,8438017390,2026-07-08
000668,荣丰控股,1.6,146841890,2026-07-08
603585,苏利股份,3.5553,196682722,2026-07-09
000682,东方电子,0.5,1340727007,2026-07-08
002222,福晶科技,1.0,470250000,2026-07-08
000683,博源化工,3.0,3716831560,2026-07-07
603182,嘉华股份,2.0,164550000,2026-07-08
603150,万朗磁塑,1.8,85483000,2026-07-08
600531,豫光金铅,2.15,1209262698,2026-07-09
600827,百联股份,1.5,1784168117,2026-07-09
301382,蜂助手,0.5,285593903,2026-07-09
603519,立霸股份,10.0,266327839,2026-07-09
603979,金诚信,6.6,623792580,2026-07-09
600796,钱江生化,0.31,866585766,2026-07-09
300174,元力股份,1.0,364210360,2026-07-09
600697,欧亚集团,1.0,159088075,2026-07-08
600649,城投控股,0.4,2504500768,2026-07-08
600283,钱江水利,2.5,560824898,2026-07-10
000758,中色股份,0.55,1990439930,2026-07-09
002722,物产金轮,2.1,222372010,2026-07-09
301539,宏鑫科技,1.0,148000000,2026-07-10
300337,银邦股份,0.1,821948677,2026-07-10
002541,鸿路钢构,2.8,690019090,2026-07-08
002931,锋龙股份,0.5,218505856,2026-07-08
300139,晓程科技,1.0,274000000,2026-07-10
300398,飞凯材料,0.75,570033250,2026-07-09
000060,中金岭南,0.55,4441172458,2026-07-09
301019,宁波色母,6.5,164963391,2026-07-08
002767,先锋电子,0.31,150000000,2026-07-09
600269,赣粤高速,1.7,2335407014,2026-07-08
603375,盛景微,1.0,100666667,2026-07-10
002748,世龙实业,0.75,240000000,2026-07-09
920057,百甲科技,0.15,181263297,2026-07-13
301149,隆华新材,0.8,430000018,2026-07-08
002203,海亮股份,1.28,2291755274,2026-07-09
002250,联化科技,2.0,899873217,2026-07-09
688466,金科环境,2.87,122154152,2026-07-08
000800,一汽解放,0.45,4921280975,2026-07-08
300357,我武生物,1.5,523584000,2026-07-09
603486,科沃斯,9.2,578598310,2026-07-08
300327,中颖电子,1.0,341370172,2026-07-10
601233,桐昆股份,1.2,2379001490,2026-07-09
600616,金枫酒业,0.5,669004950,2026-07-09
002654,万润科技,0.18,845302544,2026-07-09
300592,华凯易佰,2.5,391229329,2026-07-09
603167,渤海轮渡,5.0,469144503,2026-07-10
300347,泰格医药,1.26,861026050,2026-07-10
603175,超颖电子,1.6,437029321,2026-07-08
603205,健尔康,2.5,156000000,2026-07-09
300772,运达股份,0.6,786847705,2026-07-09
002423,中粮资本,1.48,2304105575,2026-07-10
603685,晨丰科技,0.3,252950568,2026-07-09
300527,ST应急,0.0526,1016770372,2026-07-10
301257,普蕊斯,0.8,79004770,2026-07-09
920438,戈碧迦,1.007019,144461000,2026-07-10
000778,新兴铸管,0.75,3963182285,2026-07-08
603068,博通集成,0.1,151787319,2026-07-10
300858,科拓生物,1.0,263495118,2026-07-10
920351,华光源海,1.0,88035439,2026-07-10
601665,齐鲁银行,1.282,6153842525,2026-07-09
300862,蓝盾光电,0.05,184617902,2026-07-10
002983,芯瑞达,2.5,223115230,2026-07-10
300512,中亚股份,0.2,409237375,2026-07-08
002027,分众传媒,1.9,14442199726,2026-07-09
002097,山河智能,0.23,1074617264,2026-07-10
002098,浔兴股份,1.0,358000000,2026-07-09
300992,泰福泵业,0.75,95300518,2026-07-10
603969,银龙股份,0.7,871533800,2026-07-09
603829,洛凯股份,1.5,186266159,2026-07-08
002958,青农商行,1.2,5555627491,2026-07-08
001376,百通能源,1.0,460900000,2026-07-09
001389,广合科技,6.456411,472709164,2026-07-10
601872,招商轮船,2.5,8074538502,2026-07-10
603099,长白山,1.45,272355860,2026-07-10
000407,胜利股份,0.45,880084656,2026-07-10
600874,创业环保,2.09,1570418085,2026-07-13
603999,读者传媒,0.45,576000000,2026-07-10
600547,山东黄金,1.8,4609929525,2026-07-09
003816,中国广核,0.86,50498805705,2026-07-10
601628,中国人寿,6.18,28264705000,2026-07-09
600803,新奥股份,9.6,3095785107,2026-07-09
600938,中国海油,4.7881,47529953984,2026-07-10
600869,远东股份,0.1,2219352746,2026-07-10
600468,百利电气,0.25,1087735321,2026-07-09
301225,恒勃股份,3.0,103375000,2026-07-10
301127,武汉天源,0.379999,674075277,2026-07-10
600638,新黄浦,0.31,673396786,2026-07-10
601789,宁波建工,0.5,1524391877,2026-07-10
601100,恒立液压,5.6,1340820992,2026-07-10
300570,太辰光,10.0,227126867,2026-07-10
000636,风华高科,1.0,1157013211,2026-07-10
002788,鹭燕医药,3.5,388516736,2026-07-10
600798,宁波海运,0.2,1206534201,2026-07-09
000959,首钢股份,0.4,7754967370,2026-07-10
600967,内蒙一机,0.99,1701794667,2026-07-09
000417,合百集团,0.65,779884200,2026-07-10
605268,王力安防,2.5,440550000,2026-07-09
301291,明阳电气,4.5,314540278,2026-07-10
002526,山东矿机,0.1,1782793836,2026-07-10
603057,紫燕食品,1.8,415115000,2026-07-09
600668,尖峰集团,1.0,412900594,2026-07-09
002941,新疆交建,2.0,729751172,2026-07-09
600216,浙江医药,2.8,961637750,2026-07-09
601006,大秦铁路,1.4169,19862892778,2026-07-10
688171,纬德信息,0.45,83773400,2026-07-10
301500,飞南资源,0.55,561952003,2026-07-10
688268,华特气体,5.0,127682038,2026-07-09
002065,东华软件,0.5,3205482375,2026-07-10
601098,中南传媒,4.5,1796000000,2026-07-10
688075,安旭生物,8.0,127082805,2026-07-09
688557,兰剑智能,3.3,102679640,2026-07-09
300805,电声股份,0.3,424442152,2026-07-09
600495,晋西车轴,0.18,1208190886,2026-07-10
002820,桂发祥,1.5,200868295,2026-07-10
688001,华兴源创,0.52,471565619,2026-07-09
002544,普天科技,0.185,680533890,2026-07-10
002130,沃尔核材,1.65,1399887362,2026-07-10
001390,古麒绒材,1.3,200000000,2026-07-09
300195,长荣股份,0.2,423707756,2026-07-10
601366,利群股份,1.0,959741113,2026-07-09
002686,亿利达,0.2,566239133,2026-07-10
601669,中国电建,1.0552,17226159334,2026-07-10
002149,西部材料,1.0,488214274,2026-07-10
300986,志特新材,1.0,411973975,2026-07-10
000530,冰山冷热,0.5,843212507,2026-07-10
600966,博汇纸业,0.2327,1336844288,2026-07-09
300290,ST荣科,0.15,639732569,2026-07-10
002598,ST章鼓,1.0,312052978,2026-07-10
301105,鸿铭股份,10.0,50000000,2026-07-10
603681,永冠新材,1.0,237741830,2026-07-10
301063,海锅股份,1.5,104360724,2026-07-10
000957,中通客车,0.5,592903936,2026-07-13
300413,芒果超媒,2.6,1870720815,2026-07-10
600498,烽火通信,0.97,1358167482,2026-07-10
603211,晋拓股份,0.77,271808000,2026-07-13
605198,安德利,3.0,334188000,2026-07-09
600562,国睿科技,1.52,1241857840,2026-07-09
300161,华中数控,0.2,198696906,2026-07-10
300221,银禧科技,1.0,473754685,2026-07-10
600106,重庆路桥,0.26,1329025062,2026-07-10
600329,达仁堂,23.4,770094356,2026-07-10
688131,皓元医药,1.5,213234092,2026-07-13
002265,建设工业,0.76,1033040407,2026-07-10
603538,美诺华,1.55,242805848,2026-07-09
000411,英特集团,3.54,564849146,2026-07-10
603248,锡华科技,1.6,460000000,2026-07-10
601163,三角轮胎,4.0,800000000,2026-07-10
002758,浙农股份,3.3,518802499,2026-07-10
688057,金达莱,2.0,276000000,2026-07-10
301216,万凯新材,1.5,580204359,2026-07-10
300509,新美星,1.6,296400000,2026-07-13
600704,物产中大,1.2,5171179890,2026-07-10
002161,远望谷,0.1352,739757400,2026-07-13
600919,江苏银行,2.332,18351324463,2026-07-10
603725,天安新材,1.2,304857680,2026-07-10
002101,广东鸿图,2.52,662823011,2026-07-10
688379,华光新材,4.7,94978561,2026-07-10
605287,德才股份,0.51,140000000,2026-07-13
600493,凤竹纺织,0.18,272000000,2026-07-10
688410,山外山,2.0,319600622,2026-07-10
600879,航天电子,0.21,3299299334,2026-07-10
002406,远东传动,3.0,730225082,2026-07-10
000750,国海证券,0.3,6386174477,2026-07-10
000967,盈峰环境,1.3,3359188821,2026-07-13
601169,北京银行,2.78,21142984272,2026-07-10
600736,苏州高新,0.18,1151292907,2026-07-10
600036,招商银行,10.03,25219845601,2026-07-10
600426,华鲁恒升,2.5,2115340781,2026-07-10
600377,宁沪高速,4.9,5037747500,2026-07-13
603308,应流股份,1.6,679050729,2026-07-10
600797,浙大网新,0.3,1027526370,2026-07-10
601988,中国银行,1.169,322212411814,2026-07-10
300137,先河环保,0.3,536582210,2026-07-14
688017,绿的谐波,2.1,183330125,2026-07-10
601088,中国神华,10.3,21689434304,2026-07-13
000598,兴蓉环境,2.352,2984008721,2026-07-14
601020,华钰矿业,0.79,819964698,2026-07-10
301099,雅创电子,3.0,146665777,2026-07-14
301102,兆讯传媒,0.1,406000000,2026-07-14
300583,赛托生物,0.050637,189702126,2026-07-14
920179,凯德石英,1.2,74970000,2026-07-13
600872,中炬高新,4.5,774293542,2026-07-10
688400,凌云光,0.85,479230395,2026-07-10
300548,长芯博创,2.9,294804803,2026-07-14
688293,奥浦迈,2.0,142167799,2026-07-10
600299,安迪苏,1.0,3079779257,2026-07-10
688563,航材股份,2.1528,450000000,2026-07-10
600928,西安银行,1.0,4444444445,2026-07-10
920576,天力复合,1.0,108950000,2026-07-14
601328,交通银行,1.684,88363784223,2026-07-10
301682,宏明电子,8.5,121549358,2026-07-13
300384,三联虹普,1.8,319007265,2026-07-13
000550,江铃汽车,5.5581,863214000,2026-07-14
601633,长城汽车,3.5,8553416671,2026-07-13
301571,国科天成,1.14,179425908,2026-07-14
688265,南模生物,1.25,77963513,2026-07-13
300288,朗玛信息,0.1,337941402,2026-07-14
600909,华安证券,1.2,5024209278,2026-07-14
600505,西昌电力,0.25,364567500,2026-07-13
600020,中原高速,1.2,2247371832,2026-07-13
600223,福瑞达,0.57,1016568775,2026-07-15
688201,ST信安,0.25,317153816,2026-07-13
920925,锦好医疗,0.5,98580643,2026-07-16
301387,光大同创,1.0,106747204,2026-07-13
603599,广信股份,2.2,910269345,2026-07-13
002286,保龄宝,1.2,379977380,2026-07-14
600789,鲁抗医药,0.5,1045189778,2026-07-15
601658,邮储银行,0.953,120095053492,2026-07-13
000925,众合科技,0.15,676369858,2026-07-13
000557,西部创业,0.2,1458374735,2026-07-15
002044,美年健康,0.09,3914253923,2026-07-13
603275,众辰科技,1.21,148771851,2026-07-13
301190,善水科技,1.5,214636500,2026-07-14
002460,赣锋锂业,1.5,2096694404,2026-07-15
601888,中国中免,4.5,2077796644,2026-07-14
688363,华熙生物,1.9,481678242,2026-07-13
601939,建设银行,2.029,261600381459,2026-07-13
600548,深高速,2.44,2537856127,2026-07-14
600795,国电电力,1.41,17835619082,2026-07-13
000983,山西焦煤,0.9,5677101059,2026-07-15
600648,外高桥,3.5,1359912218,2026-07-13
688709,成都华微,0.49,636847026,2026-07-15
600611,大众交通,0.2,2364122864,2026-07-13
600279,重庆港,0.17,1186866283,2026-07-14
600918,中泰证券,0.5,7918340996,2026-07-13
002230,科大讯飞,1.0,2402079841,2026-07-13
601838,成都银行,9.21,4238435356,2026-07-13
920639,晨光电缆,1.0,201600000,2026-07-16
920931,无锡鼎邦,0.5,93930000,2026-07-17
601881,中国银河,2.25,10934402256,2026-07-14
600895,张江高科,1.28,1548689550,2026-07-15
301201,诚达药业,2.0,154713824,2026-07-15
600488,津药药业,0.52,1091886680,2026-07-14
600338,西藏珠峰,0.2,914210168,2026-07-16
301588,美新科技,0.52,118867754,2026-07-16
920720,吉冈精密,1.0,264891340,2026-07-16
300260,新莱应材,0.5,407806752,2026-07-15
603808,歌力思,1.82,363733233,2026-07-15
603826,坤彩科技,1.5,655200000,2026-07-14
002849,威星智能,0.4,220634016,2026-07-14
603325,博隆技术,10.0,80004000,2026-07-14
301323,新莱福,4.0,106584390,2026-07-15
688593,新相微,0.45,459529412,2026-07-15
001872,招商港口,7.99,2482148285,2026-07-15
300966,共同药业,0.45,115281113,2026-07-16
002050,三花智控,2.8,4208013935,2026-07-15
000777,中核科技,1.12,383417593,2026-07-15
603190,亚通精工,3.0,124540000,2026-07-15
000685,中山公用,3.85,1467731130,2026-07-15
688115,思林杰,0.67,66670000,2026-07-15
600642,申能股份,4.6,4894079376,2026-07-14
002810,山东赫达,2.0,349663513,2026-07-15
601668,中国建筑,2.718,41320390444,2026-07-16
600612,老凤祥,13.2,523117764,2026-07-15
300814,中富电路,0.5,191430132,2026-07-15
002608,江苏国信,1.3,3778079704,2026-07-14
600977,中国电影,0.32,1867000000,2026-07-16
601156,东航物流,6.77,1587555556,2026-07-16
301093,华兰股份,0.5,163970594,2026-07-16
300475,香农芯创,0.82177,469541767,2026-07-16
920953,国子软件,1.28,128115990,2026-07-17
300026,红日药业,0.1,3004154837,2026-07-15
688129,东来技术,2.66,120478800,2026-07-14
688700,东威科技,2.0,298401360,2026-07-16
002110,三钢闽光,0.1,2429076227,2026-07-16
002978,安宁股份,3.0,471989958,2026-07-15
301230,泓博医药,2.0,139586605,2026-07-16
000543,皖能电力,3.79,2266863331,2026-07-16
600546,山煤国际,3.55,1982456140,2026-07-16
603285,键邦股份,2.6,160000000,2026-07-15
600522,中天科技,2.6,3412949652,2026-07-15
600686,金龙汽车,2.0,717047417,2026-07-15
002142,宁波银行,9.0,6603590792,2026-07-16
301006,迈拓股份,2.0,139280000,2026-07-16
600685,中船防务,1.35,1413506378,2026-07-16
603067,振华股份,1.6,755525404,2026-07-15
688067,爱威科技,1.0,68000000,2026-07-15
603059,倍加洁,2.6955,100617700,2026-07-15
601985,中国核电,1.6,20568002074,2026-07-17
000930,中粮科技,0.3,1856442396,2026-07-16
600467,好当家,0.0614,1460994304,2026-07-17
000650,仁和药业,1.518153,1399938234,2026-07-17
600981,苏豪汇鸿,0.1,2242433192,2026-07-15
605566,福莱蒽特,1.0,133340000,2026-07-15
002973,侨银股份,1.0,408665700,2026-07-15
301022,海泰科,3.0,99484126,2026-07-16
600999,招商证券,4.49,8696526806,2026-07-16
601061,中信金属,1.01,4900000000,2026-07-16
600410,华胜天成,0.0758,1096494683,2026-07-17
300486,东杰智能,0.13,477148936,2026-07-17
600600,青岛啤酒,23.5,1364195121,2026-07-16
603662,柯力传感,3.64,280829868,2026-07-16
601228,广州港,0.33,7544531351,2026-07-16
002009,天奇股份,0.5,402233207,2026-07-17
601880,辽港股份,0.286,23571767213,2026-07-15
300802,矩子科技,1.8,284078255,2026-07-15
600248,陕建股份,0.2,3713929286,2026-07-16
002026,山东威达,0.2,440531939,2026-07-15
600348,华阳股份,2.37,3607500000,2026-07-15
003018,金富科技,1.985111,261950000,2026-07-15
600626,申达股份,0.1,1320744667,2026-07-16
688472,阿特斯,0.9879,3643140112,2026-07-15
002979,雷赛智能,2.5,316038100,2026-07-15
301491,汉桑科技,1.74,129000000,2026-07-16
301206,三元生物,5.0,202325700,2026-07-16
601606,长城军工,0.04,724228400,2026-07-16
002651,利君股份,0.6,1033460000,2026-07-16
688206,概伦电子,0.3,436578835,2026-07-15
000581,威孚高科,7.0,966785693,2026-07-15
603507,振江股份,3.0,183795507,2026-07-15
600320,振华重工,0.55,5256561739,2026-07-17
601601,中国太保,11.5,9620341455,2026-07-17
002074,国轩高科,1.0,1814725342,2026-07-16
301197,工大科雅,0.5,120540000,2026-07-17
605080,浙江自然,1.42,140909220,2026-07-16
600805,悦达投资,0.2,850894494,2026-07-16
601607,上海医药,3.5,3708361809,2026-07-17
600362,江西铜业,6.0,3462729405,2026-07-17
600369,西南证券,0.76,6645109124,2026-07-17
600345,长江通信,1.1,329612132,2026-07-17
600693,东百集团,0.4,869846246,2026-07-17
300531,优博讯,0.8,321078965,2026-07-17
600900,长江电力,7.9,24468217716,2026-07-17
603215,比依股份,2.3,214595078,2026-07-17
603155,新亚强,3.5,315786800,2026-07-16
603663,三祥新材,1.0,423978662,2026-07-17
603983,丸美生物,2.5,401000000,2026-07-16
000625,长安汽车,1.16823,9912905548,2026-07-16
002737,葵花药业,2.0,584000000,2026-07-17
002358,森源电气,0.2,929756977,2026-07-16
002797,第一创业,0.72,4202400000,2026-07-17
603505,金石资源,0.5,841668813,2026-07-16
600031,三一重工,1.8,9195004437,2026-07-17
000858,五粮液,25.796852,3881608005,2026-07-16
600483,福能股份,3.53,2780146609,2026-07-16
002700,万憬能源,0.25,413628185,2026-07-17
600814,杭州解百,0.84,735078598,2026-07-16
605358,立昂微,1.5,772199373,2026-07-16
000596,古井贡酒,34.0,528600000,2026-07-17
600000,浦发银行,4.2,33305838300,2026-07-16
600560,金自天正,0.712,223645500,2026-07-17
600256,广汇能源,0.63,6392002964,2026-07-17
000888,峨眉山A,1.5,526913102,2026-07-17
002877,智能自控,0.25,355843695,2026-07-17
600323,瀚蓝环境,8.0,815347146,2026-07-17
300797,钢研纳克,1.29,382728210,2026-07-17
300514,友讯达,1.0,200000000,2026-07-17
300015,爱尔眼科,1.0,9299564734,2026-07-17
301397,溯联股份,5.0,155645921,2026-07-17
002025,航天电器,1.3,454019772,2026-07-17
600026,中远海能,3.8,5471214178,2026-07-17
600230,沧州大化,0.23,413961015,2026-07-16
600262,北方股份,3.81,170000000,2026-07-17
603400,华之杰,3.0,100000000,2026-07-20
688143,长盈通,0.5,128780802,2026-07-17
600897,厦门空港,3.8,416934000,2026-07-17
603229,奥翔药业,0.64,830297145,2026-07-17
002945,华林证券,0.57,2700000000,2026-07-17
002761,浙江建投,0.5,1324871898,2026-07-17
603000,人民网,1.33,1105691056,2026-07-17
603315,福鞍股份,0.45,320366264,2026-07-17
688248,南网科技,1.82,564700000,2026-07-17
600108,亚盛集团,0.03,1946915121,2026-07-17
603518,锦泓集团,2.0,345351984,2026-07-17
002867,周大生,6.5,1085473893,2026-07-17
601858,中国科传,3.063,790500000,2026-07-17
688059,华锐精密,6.0,99986768,2026-07-17
600150,中国船舶,3.65,7525621288,2026-07-20
600679,上海凤凰,0.63,495294277,2026-07-17
002475,立讯精密,1.390814,7725277765,2026-07-20
601188,龙江交通,0.52,1305469915,2026-07-17
600064,南京高科,3.2,1730339644,2026-07-17
001388,信通电子,5.0,157950000,2026-07-17
002679,福建金森,0.29,235756000,2026-07-17
600578,京能电力,1.7,6694621015,2026-07-17
600392,盛和资源,3.0,1752826570,2026-07-17
600178,东安动力,0.11,466476161,2026-07-17
688818,电科蓝天,0.7463,1736923890,2026-07-17
000729,燕京啤酒,2.0,2818539341,2026-07-20
301586,佳力奇,1.0,82975503,2026-07-20
603262,技源集团,0.88,400010000,2026-07-17
688259,创耀科技,0.5,111700000,2026-07-17
600639,浦东金桥,4.0,1122412893,2026-07-17
301255,通力科技,1.2,152320000,2026-07-22
300963,中洲特材,0.26,458640000,2026-07-21
688271,联影医疗,1.8,824157988,2026-07-20
600958,东方证券,2.0,8496645292,2026-07-20
688811,有研复材,0.42,501673605,2026-07-20
000157,中联重科,2.0,8648535236,2026-07-22
688097,博众精工,1.48,446647765,2026-07-20
600167,联美控股,1.5,2262840463,2026-07-21
301048,金鹰重工,1.077262,533333400,2026-07-21
603416,信捷电气,9.53,156975753,2026-07-20
000737,北方铜业,1.4,1904716435,2026-07-22
002939,长城证券,1.2,4034426956,2026-07-21
600133,东湖高新,1.66,1066239875,2026-07-22
002111,威海广泰,2.45,532011052,2026-07-21
603220,中贝通信,0.7,536356644,2026-07-20
002545,东方铁塔,3.0,1244062083,2026-07-20
601577,长沙银行,2.3,4021553754,2026-07-20
301261,恒工精密,2.5,87890196,2026-07-20
600460,士兰微,0.8,1664071845,2026-07-20
600210,紫江企业,3.5,1516736158,2026-07-22
002038,双鹭药业,0.1,1027350000,2026-07-22
688102,斯瑞新材,0.4,781075007,2026-07-21
600335,国机汽车,0.82,1487456892,2026-07-22
001979,招商蛇口,0.511,9016032171,2026-07-21
601949,中国出版,1.02,1903968054,2026-07-23
000090,天健集团,0.36,1868545434,2026-07-21
603898,好莱客,0.43,300229482,2026-07-21
600018,上港集团,1.45,23279960504,2026-07-23
600905,三峡能源,0.41,28587650142,2026-07-22
600515,海南机场,0.05,11425309602,2026-07-21
002881,美格智能,1.0,302071200,2026-07-21
600853,龙建股份,0.39,1013696046,2026-07-21
688122,西部超导,4.0,649664497,2026-07-22
601900,南方传媒,5.6,881970094,2026-07-22
601992,金隅集团,0.5,10677771134,2026-07-22
000539,粤电力A,0.2,5250283986,2026-07-21
600583,海油工程,1.96,4421354800,2026-07-21
600720,中交设计,1.268,2294595565,2026-07-21
600182,S佳通,2.9,340000000,2026-07-22
600458,时代新材,1.62,952296520,2026-07-22
601326,秦港股份,1.15,5587412000,2026-07-22
688758,赛分科技,0.7,416464084,2026-07-22
002929,润建股份,0.6,286377834,2026-07-21
002096,易普力,2.56,1240440770,2026-07-21
600637,东方明珠,1.3,3361899817,2026-07-22
600873,梅花生物,4.285,2804241650,2026-07-22
600851,海欣股份,0.5,1207056692,2026-07-24
601001,晋控煤业,5.47,1673700000,2026-07-22
000850,华茂股份,1.0,943665009,2026-07-22
600650,锦江在线,1.1,551610107,2026-07-24
603639,海利尔,3.0,349648236,2026-07-23
002851,麦格米特,0.3,584736968,2026-07-24
603869,ST智知,0.25,494116588,2026-07-23
603339,四方科技,1.55,309441175,2026-07-22
688169,石头科技,5.267,259261224,2026-07-22
688308,欧科亿,2.5,158781708,2026-07-22
603605,珀莱雅,12.0,395976049,2026-07-22
000012,南玻A,0.2,3042468811,2026-07-23
600571,信雅达,0.43,466318309,2026-07-24
600109,国金证券,0.8,3705364910,2026-07-22
000883,湖北能源,1.5,7079387630,2026-07-22
002864,盘龙药业,2.5,105154560,2026-07-22
603888,新华网,1.47,674738168,2026-07-23
600866,星湖科技,3.8,1661472616,2026-07-23
920425,乐创技术,2.5,71936548,2026-07-23
300962,中金辐照,0.9,264001897,2026-07-27
000628,高新发展,1.0,352280000,2026-07-24
600188,兖矿能源,3.2,10036852020,2026-07-24
300806,斯迪克,0.15,453300503,2026-07-27
601136,首创证券,0.68,2733333800,2026-07-24
603027,千禾味业,1.8,1330738612,2026-07-23
600118,中国卫星,0.12,1182489135,2026-07-24
600004,白云机场,2.85,2577244598,2026-07-24
600039,四川路桥,4.6,8695590645,2026-07-24
601800,中国交建,0.7793,16213786279,2026-07-23
001914,招商积余,2.6,1053719858,2026-07-24
600196,复星医药,3.9,2670429325,2026-07-27
603218,日月股份,3.8,1029846500,2026-07-23
600875,东方电气,5.3,3458360326,2026-07-24
600033,福建高速,0.71,2744400000,2026-07-23
000709,河钢股份,0.4,10337121092,2026-07-23
600315,上海家化,2.0,672225980,2026-07-24
603709,中源家居,0.8,125565430,2026-07-23
000025,特力A,1.1,431058320,2026-07-24
600161,天坛生物,0.5,1977371446,2026-07-24
600618,氯碱化工,2.4,1156399976,2026-07-24
003035,南网能源,0.21,3787878787,2026-07-24
002104,恒宝股份,0.332,708350154,2026-07-24
603158,腾龙股份,0.6,490770148,2026-07-24
601186,中国铁建,3.0,13579541500,2026-07-28
601198,东兴证券,0.9,3232445520,2026-07-28
603817,海峡环保,0.42,570084039,2026-07-28
300789,唐源电气,1.3,143849057,2026-07-29
600863,华能蒙电,2.2,7835189560,2026-07-28
601456,国联民生,0.6,5680592806,2026-07-28
603352,至信股份,1.1,226666667,2026-07-28
301590,优优绿能,8.0,42053128,2026-07-28
600780,通宝能源,1.8,1146502523,2026-07-27
300182,捷成股份,0.07,2663825632,2026-07-29
601208,东材科技,0.5,1010182943,2026-07-28
688663,新风光,2.2,141474600,2026-07-27
600864,哈投股份,0.51,2080570520,2026-07-28
301512,智信精密,3.75,53333400,2026-07-28
001336,楚环科技,1.2,80373500,2026-07-28
301503,智迪科技,3.5,80000000,2026-07-28
002926,华西证券,1.69,2625000000,2026-07-27
600162,香江控股,0.05,3268438122,2026-07-28
600741,华域汽车,10.0,3152723984,2026-07-28
601059,信达证券,0.4,3243000000,2026-07-28
603587,地素时尚,4.0,472702787,2026-07-30
300788,中信出版,1.9,190151515,2026-07-30
688750,金天钛业,0.23,462500000,2026-07-29
600602,云赛智联,0.43,1367673455,2026-07-28
600444,国机通用,1.6,146421932,2026-07-29
300376,易事特,0.02,2328240476,2026-07-29
600062,华润双鹤,3.79,1038582511,2026-07-28
600428,中远海特,3.25,2743920395,2026-07-30
002040,南京港,1.16,486075445,2026-07-28
601608,中信重工,0.328,4579553437,2026-07-28
600422,昆药集团,1.8,756975757,2026-07-30
603861,白云电器,0.8,540527955,2026-07-29
600776,东方通信,0.55,1256000064,2026-07-30
603311,金海高科,1.2,235883907,2026-07-28
600015,华夏银行,3.2,15914928468,2026-07-30
603128,华贸物流,2.24,1309046494,2026-07-29
000993,闽东电力,1.8,457951455,2026-07-30
600101,明星电力,0.7,547862471,2026-07-30
600482,中国动力,2.0281,2268246368,2026-07-29
000756,新华制药,1.5,696683435,2026-07-31
688652,京仪装备,1.25,168000000,2026-07-30
688008,澜起科技,3.9,1220538021,2026-07-29
000063,中兴通讯,4.11,4783534887,2026-07-29
688813,泰金新能,5.0,160000000,2026-07-31
601818,光大银行,0.7,59085551061,2026-07-30
601878,浙商证券,1.0,4573796639,2026-07-30
688009,中国通号,1.7,10589819000,2026-07-31
603153,上海建科,2.7,409861106,2026-07-29
688065,凯赛生物,4.5,721289794,2026-07-29
001965,招商公路,3.73,6795094992,2026-07-31
600820,隧道股份,1.2,3144096094,2026-07-31
002594,比亚迪,3.58,9117197565,2026-07-31
600012,皖通高速,6.6,1708591889,2026-07-31
600116,三峡水利,0.75,1912142904,2026-07-30
601390,中国中铁,0.86,24531310329,2026-07-31
601727,上海电气,0.1425,15540121636,2026-07-31
600674,川投能源,5.0,4874606828,2026-07-31
600023,浙能电力,2.8,13408732749,2026-07-30
600640,国脉文化,0.18,791551340,2026-08-03
000799,酒鬼酒,3.0,324928980,2026-07-31
600088,中视传媒,0.22,397706400,2026-07-31
600906,财达证券,0.8,3245000000,2026-07-31
601138,工业富联,6.5,19844092284,2026-08-03
601200,上海环境,1.35,1346230251,2026-07-30
601319,中国人保,1.45,44223990583,2026-07-31
601866,中远海发,0.15,13132056720,2026-07-31
688026,洁特生物,0.74,140364427,2026-07-31
600436,片仔癀,15.7,603317210,2026-07-31
601377,兴业证券,1.0,8635987294,2026-07-31
600768,宁波富邦,0.5,133747200,2026-07-31
600621,华鑫股份,1.41,1060899292,2026-07-31
600079,ST人福,4.8,1632225965,2026-08-03
601990,南京证券,0.8,4399627795,2026-07-31
688082,盛美上海,6.2016,482596689,2026-07-31
300129,泰胜风能,0.6,1108853245,2026-07-31
600809,山西汾酒,65.6,1219964222,2026-07-31
600737,中粮糖业,3.4,2138848228,2026-08-03
