code,name,div_per_10,total_shares,ex_date
002107,沃华医药,2.6,577209600,2022-03-08
300708,聚灿光电,0.4,543631746,2022-03-14
300390,天华新能,5.0,582880538,2022-03-16
002947,恒铭达,2.0,176141166,2022-03-23
920261,一诺威,8.0,130600000,2022-03-25
003038,鑫铂股份,3.0,106437540,2022-03-29
002759,ST天际,3.8,402152567,2022-03-29
300033,同花顺,18.0,537600000,2022-03-30
002455,百川股份,0.5,593165169,2022-03-30
301047,义翘神州,100.0,68000000,2022-03-30
002843,泰嘉股份,1.5,210000000,2022-03-30
300692,中赋科技,0.5,423750439,2022-04-01
300873,海晨股份,4.5,133333334,2022-04-01
600272,开开实业,0.27,243000000,2022-03-31
002546,新联电子,1.2,834049096,2022-03-31
301003,江苏博云,10.0,58266667,2022-04-01
605499,东鹏饮料,15.0,400010000,2022-04-06
688200,华峰测控,21.5,61328754,2022-04-06
300834,星辉环材,22.0,193712353,2022-04-08
688598,金博股份,2.5,80200160,2022-04-07
300801,泰和科技,4.0,216000000,2022-04-08
688100,威胜信息,2.6,500000000,2022-04-07
300772,运达股份,2.5,338990171,2022-04-11
300496,中科创达,3.05,425057882,2022-04-12
300146,汤臣倍健,7.0,1700308763,2022-04-13
002258,利尔化学,5.0,528543000,2022-04-13
000552,甘肃能化,0.5,2358753272,2022-04-11
000589,贵州轮胎,1.0,956240462,2022-04-12
000708,中信特钢,8.0,5047143433,2022-04-13
300871,回盛生物,3.31,166248527,2022-04-13
300596,利安隆,3.06,205010420,2022-04-14
300751,迈为股份,15.0,108118057,2022-04-14
002014,永新股份,5.0,514016724,2022-04-14
301046,能辉科技,4.0,149790000,2022-04-14
300304,云意电气,0.4,866036018,2022-04-14
688157,松井股份,3.7,79600000,2022-04-15
001205,盛航股份,1.3,121906667,2022-04-18
688621,阳光诺和,2.65,80000000,2022-04-15
300001,特锐德,0.2,1040710713,2022-04-18
002996,顺博合金,1.0,439000000,2022-04-19
300896,爱美客,21.0,216360000,2022-04-18
300835,龙磁科技,2.0,70670000,2022-04-18
002419,天虹股份,1.6,1168847750,2022-04-20
000739,普洛药业,2.85,1178523492,2022-04-18
000905,厦门港务,0.55,625191522,2022-04-19
301055,张小泉,5.0,156000000,2022-04-18
002664,信质集团,0.6,403880000,2022-04-20
300640,德艺文创,0.5,285365054,2022-04-18
301096,百诚医药,6.0,108166667,2022-04-18
920699,海达尔,15.0,10000000,2022-04-20
300059,东方财富,0.8,11011802120,2022-04-20
002245,蔚蓝锂芯,0.7,1035821526,2022-04-21
920225,利通科技,0.5,81358266,2022-04-21
301007,德迈仕,1.0,153340000,2022-04-20
603477,巨星农牧,0.52,506093443,2022-04-19
002382,蓝帆医疗,1.0,1007056899,
301069,凯盛新材,2.5,420640000,2022-04-19
600211,西藏药业,3.38,247937843,2022-04-19
600955,维远股份,3.91,550000000,2022-04-20
688617,惠泰医疗,10.0,66670000,2022-04-19
300688,创业黑马,0.6,109208976,2022-04-20
002138,顺络电子,3.0,806318354,2022-04-20
002315,焦点科技,8.0,306974679,2022-04-21
300562,乐心医疗,0.1,214701188,2022-04-21
688600,皖仪科技,2.0,133340000,2022-04-20
002273,水晶光电,2.0,1390632221,2022-04-21
688690,纳微科技,0.71,400145948,2022-04-20
300568,星源材质,0.498357,770941353,2022-04-21
002407,多氟多,3.0,766087589,2022-04-22
920729,永顺生物,2.8,273350000,2022-04-25
300281,金明精机,0.4,418923580,2022-04-22
003000,劲仔食品,1.5,403200000,2022-04-22
000048,京基智农,13.0,523239250,2022-04-21
300437,清水源,1.0,259063097,2022-04-22
300848,美瑞新材,2.0,133340000,2022-04-22
605028,世茂能源,3.0,160000000,2022-04-22
301122,采纳股份,3.5,94035122,2022-04-25
603392,万泰生物,2.0,607040000,2022-04-21
002801,微光股份,5.0,229632000,2022-04-22
603866,桃李面包,6.0,952213783,2022-04-22
300160,秀强股份,1.0,618172423,2022-04-25
688037,芯源微,3.0,84156000,2022-04-22
600681,百川能源,2.5,1363010801,2022-04-25
603179,新泉股份,3.0,374847670,2022-04-26
300285,国瓷材料,1.1,1003810338,2022-04-26
301075,多瑞医药,6.25,80000000,2022-04-27
300852,四会富仕,3.3,101930760,2022-04-25
300314,戴维医疗,1.0,288000000,2022-04-26
300650,太龙股份,2.0,128574439,2022-04-26
002492,恒基达鑫,0.4,405000000,2022-04-27
603595,ST东尼,0.1438,232442326,2022-04-25
300821,东岳硅材,3.8,1200000000,2022-04-26
603950,长源东谷,4.32,231522000,2022-04-27
002092,中泰化学,1.2,2575739517,2022-04-26
600330,天通股份,0.5,996565730,2022-04-26
605123,派克新材,2.88,108000000,2022-04-26
603601,再升科技,1.05,725532736,2022-04-26
003006,百亚股份,3.0,430330300,2022-04-28
002515,金字火腿,0.2,978313280,2022-04-28
688689,银河微电,3.5,128400000,2022-04-26
002054,德美化工,0.85,482115452,2022-04-27
605111,新洁能,5.75,142821000,2022-04-27
002469,三维化学,2.5,648862630,2022-04-28
000915,华特达因,8.0,234331485,2022-04-27
300786,国林科技,1.5,102231044,2022-04-26
300142,沃森生物,0.27,1601571884,2022-04-26
300363,博腾股份,1.93,544165320,2022-04-28
002294,信立泰,4.0,1114816535,2022-04-27
603186,华正新材,5.0,142025312,2022-04-27
000895,双汇发展,12.98,3464661213,2022-04-29
600596,新安股份,5.0,818390386,2022-04-27
300824,北鼎股份,2.5,217530500,2022-04-27
300206,理邦仪器,2.07,581721846,2022-04-29
001216,华瓷股份,2.1,251866700,2022-04-29
300639,凯普生物,3.5,293893744,2022-04-29
301051,信濠光电,10.0,80000000,2022-04-28
605299,舒华体育,2.3,411499000,2022-04-27
688112,鼎阳科技,4.6875,106666700,2022-04-27
300087,ST荃银,1.0,454098437,2022-04-28
300997,欢乐家,1.0,450000000,2022-04-29
002402,和而泰,1.0,914016928,2022-04-27
002484,江海股份,1.2,835470941,2022-04-29
605368,蓝天燃气,5.0,462702000,2022-04-27
603018,华设集团,2.6,683780952,2022-04-28
603813,原尚股份,1.042,88782000,2022-04-27
600231,凌钢股份,0.97,2852141585,2022-04-27
603305,旭升集团,1.2,447038482,2022-04-28
688508,芯朋微,6.0,113098500,2022-04-29
301113,雅艺科技,13.0,70000000,2022-04-29
002139,拓邦股份,0.5,1256978072,2022-04-29
300741,华宝股份,13.2,615880000,2022-04-29
002430,杭氧股份,6.0,983491777,2022-04-29
002416,爱施德,4.5,1239281806,2022-04-29
300354,东华测试,1.75,138320201,2022-04-29
000878,云南铜业,2.0,1699678560,2022-04-28
002879,长缆科技,2.2,193107640,2022-04-29
300121,阳谷华泰,1.0,375131706,2022-04-29
300047,天源迪科,0.15,637744672,2022-04-29
300458,全志科技,5.0,331000757,2022-04-28
301179,泽宇智能,4.7,132000000,2022-04-29
300016,北陆药业,0.7,492718819,2022-04-29
300453,三鑫医疗,1.5,394027500,2022-04-29
002984,森麒麟,1.7,649668940,2022-04-29
002363,隆基机械,2.0,416100301,2022-04-28
002817,黄山胶囊,0.8,213641550,2022-04-29
603677,奇精机械,3.0,192139126,2022-04-28
002233,塔牌集团,6.2,1192275016,2022-04-29
002727,一心堂,3.0,596180525,2022-04-29
301071,力量钻石,10.0,60371980,2022-05-05
301060,兰卫医学,3.0,400517000,2022-04-29
300019,硅宝科技,3.0,391130200,2022-04-28
002457,青龙管业,1.8,334992000,2022-04-28
002008,大族激光,4.0,1051737790,2022-04-29
301200,大族数控,4.0,420000000,2022-04-29
002597,金禾实业,6.5,560916003,2022-04-29
002850,科达利,2.0,232920451,2022-05-05
603288,海天味业,7.6,4212576170,2022-04-29
601882,海天精工,3.56,522000000,2022-04-29
002404,嘉欣丝绸,2.0,577673641,2022-05-05
688513,苑东生物,7.8,120090000,2022-04-29
605358,立昂微,5.5,457329972,2022-04-29
000034,神州数码,1.918424,660283435,2022-05-05
688057,金达莱,10.0,276000000,2022-04-29
920946,森萱医药,1.8,426918340,2022-05-05
603881,数据港,0.34,328927197,2022-04-29
300617,安靠智电,5.0,167996636,2022-05-06
920790,联迪信息,1.5,63307020,2022-05-05
920556,雅达股份,1.5,125315200,2022-05-06
600309,万华化学,25.0,3139746626,2022-04-29
300582,英飞特,0.79,296667279,2022-05-05
688314,康拓医疗,6.2,58027980,2022-04-29
920185,贝特瑞,3.5,485386150,2022-05-05
920553,凯腾精工,1.0,143690460,2022-05-09
300595,欧普康视,1.46,851896530,2022-05-06
000538,云南白药,16.0,1283015697,2022-05-05
002194,武汉凡谷,0.5,681080306,2022-05-06
300286,安科瑞,2.0,214800125,2022-05-05
002106,莱宝高科,1.0,705816160,2022-05-05
688388,嘉元科技,7.06,234196488,2022-05-06
688536,思瑞浦,6.14,80235848,2022-05-05
688020,方邦股份,1.875,80000000,2022-05-06
600370,*ST三房,1.5,3896339676,2022-05-05
002182,宝武镁业,1.0,646422538,2022-05-05
300946,恒而达,4.2,66670000,2022-05-09
920857,泓禧科技,1.5,74007152,2022-05-09
300158,振东制药,27.0,1027494660,2022-05-09
002839,张家港行,1.6,1807978185,2022-05-05
300682,朗新科技,1.196154,1048899397,2022-05-06
000810,创维数字,1.0,1063292783,2022-05-06
688018,乐鑫科技,16.0,80451785,2022-05-05
300940,南极光,1.52,118425692,2022-05-06
002937,兴瑞科技,1.797138,297853000,2022-05-05
002367,康力电梯,3.0,797652687,2022-05-09
300211,*ST亿通,0.14,302675973,2022-05-09
003022,联泓新科,2.0,1335568000,2022-05-06
002030,达安基因,11.1,1403446032,2022-05-09
000063,中兴通讯,3.0,4734044778,2022-05-10
002901,大博医疗,5.0,417139820,2022-05-09
603565,中谷物流,15.0,958757808,2022-05-06
301127,武汉天源,0.45,409995800,2022-05-10
601799,星宇股份,11.0,285679419,2022-05-09
000683,博源化工,1.0,3673412560,2022-05-09
300929,华骐环保,1.3,82583098,2022-05-09
301106,骏成科技,3.0,72586668,2022-05-09
300505,川金诺,2.0,149794066,2022-05-09
002658,雪迪龙,3.0,630102459,2022-05-10
920275,驱动力,2.14,160277600,2022-05-12
688661,和林微纳,5.1,80000000,2022-05-09
002410,广联达,3.0,1190387653,2022-05-10
002988,豪美新材,2.2,232770000,2022-05-09
000565,渝三峡A,0.25,433592220,2022-05-10
002559,亚威股份,1.5,556723012,2022-05-11
603767,中马传动,3.0,305981000,2022-05-10
002053,云南能投,0.2,760978566,2022-05-10
603899,晨光股份,6.0,927745590,2022-05-09
600499,科达制造,1.8,1888419929,2022-05-09
600774,汉商集团,1.0,295032402,2022-05-10
603093,南华期货,0.4,610065893,2022-05-10
600232,金鹰股份,2.0,364718544,2022-05-09
300233,金城医药,1.981743,387410987,2022-05-11
688668,鼎通科技,6.0,85140000,2022-05-11
300501,海顺新材,1.2,193531505,2022-05-09
920662,方盛股份,3.155,63400002,2022-05-11
300346,南大光电,0.5,418256731,2022-05-10
605006,山东玻纤,1.1,500000000,2022-05-10
002242,九阳股份,10.0,767017000,2022-05-10
603758,秦安股份,5.0,438797049,2022-05-10
002728,特一药业,6.5,221653596,2022-05-10
920374,云里物里,2.0,70018000,2022-05-16
603166,福达股份,5.0,646208651,2022-05-10
002563,森马服饰,5.0,2694090160,2022-05-11
300787,海能实业,5.0,153261920,2022-05-12
300037,新宙邦,6.8,412472313,2022-05-12
603897,长城科技,3.0,206435681,2022-05-11
002465,海格通信,1.5,2304448671,2022-05-12
920592,华信永道,2.0,49500000,2022-05-13
002533,金杯电工,3.0,734049347,2022-05-11
601677,明泰铝业,2.8,689871274,2022-05-11
600282,南钢股份,3.0,6162294011,2022-05-10
300007,汉威科技,0.8,324387155,2022-05-11
002050,三花智控,1.5,3591099308,2022-05-11
000062,深圳华强,3.0,1045909322,2022-05-11
920826,盖世食品,1.0,88554084,2022-05-13
601528,瑞丰银行,1.8,1509354919,2022-05-10
300823,建科智能,5.35,93559091,2022-05-12
600388,龙净环保,2.5,1069078162,
603063,禾望电气,0.7,436789000,2022-05-11
002966,苏州银行,2.8,3333385656,2022-05-11
600488,津药药业,0.14,1100046680,2022-05-11
601058,赛轮轮胎,1.5,3063484772,2022-05-12
920682,球冠电缆,3.0,208000000,2022-05-16
600588,用友网络,1.0,3434811452,2022-05-11
605098,行动教育,15.0,84341857,2022-05-12
688350,富淼科技,4.1,122150000,2022-05-11
300445,康斯特,0.6,212430013,2022-05-13
600989,宝丰能源,2.648,7333360000,2022-05-12
600746,江苏索普,10.0,1167842884,2022-05-11
300827,上能电气,1.0,132000480,2022-05-16
600403,大有能源,3.5,2390812402,2022-05-12
600888,新疆众和,1.9,1347404855,2022-05-12
301181,标榜股份,6.0,90000000,2022-05-16
002649,博彦科技,3.1,591664848,2022-05-13
600729,重百集团,37.9,406528465,2022-05-13
300548,长芯博创,4.0,173926749,2022-05-13
002262,恩华药业,2.0,1007588092,2022-05-13
002690,美亚光电,8.0,678268000,2022-05-13
688106,金宏气体,2.5,485653000,2022-05-12
688301,奕瑞科技,22.0,72547826,2022-05-12
300481,濮阳惠成,4.0,296192447,2022-05-16
300066,三川智慧,0.3,1040033262,2022-05-16
603938,三孚股份,1.72,195216580,2022-05-12
603078,江化微,0.9,195972241,2022-05-12
601008,连云港,0.3,1240638006,2022-05-13
600552,凯盛科技,1.0,763884003,2022-05-12
000975,山金国际,2.5,2776722265,2022-05-13
002866,传艺科技,0.6,287571131,2022-05-16
688586,江航装备,1.8,403744467,2022-05-12
688078,龙软科技,2.68,70750000,2022-05-13
603077,和邦生物,0.15,8831250228,2022-05-12
688025,杰普特,3.0,92865576,2022-05-12
688686,奥普特,11.5,82475670,2022-05-12
920679,前进科技,11.0,39000000,2022-05-13
002463,沪电股份,1.5,1896658772,2022-05-13
000863,三湘印象,1.0,1225208160,2022-05-13
688357,建龙微纳,15.0,59228885,2022-05-12
300507,苏奥传感,0.6,494705567,2022-05-13
000949,新乡化纤,1.0,1466727778,2022-05-13
002697,红旗连锁,0.14,1360000000,2022-05-13
300876,蒙泰高新,3.0,96000000,2022-05-13
002807,江阴银行,1.8,2172012396,2022-05-13
002891,中宠股份,0.5,294112698,2022-05-16
600298,安琪酵母,5.0,832692943,2022-05-13
003018,金富科技,0.7,260000000,2022-05-16
002422,科伦药业,4.26,1425422862,2022-05-16
300249,依米康,0.2,437470194,2022-05-13
300294,博雅生物,1.5,511633438,2022-05-13
002765,蓝黛科技,0.5,582625290,2022-05-13
002847,盐津铺子,10.0,129360000,2022-05-13
002990,盛视科技,2.0,258103750,2022-05-16
002793,罗欣药业,0.3,1463689255,2022-05-13
002324,普利特,0.5,1014062317,2022-05-13
002709,天赐材料,5.0,962372936,2022-05-16
003011,海象新材,3.0,102676000,2022-05-13
002909,集泰股份,0.5,372752452,2022-05-16
300851,交大思诺,3.4,86933400,2022-05-16
603678,火炬电子,4.8,459861572,2022-05-16
002677,浙江美大,6.6,646051647,2022-05-13
002818,富森美,8.0,748458940,2022-05-13
300009,安科生物,2.000834,1638465558,2022-05-13
002635,安洁科技,2.0,683244203,2022-05-17
300905,宝丽迪,4.0,144000000,2022-05-16
301229,纽泰格,1.0,80000000,2022-05-17
002587,奥拓电子,0.5,652044158,2022-05-16
301035,润丰股份,8.33,276180000,2022-05-16
300378,鼎捷数智,1.0,266441353,2022-05-16
920735,德源药业,3.0,65286000,2022-05-17
300296,利亚德,0.5,2542901478,2022-05-17
300722,新余国科,1.7,174720000,2022-05-17
300322,硕贝德,0.23,465746427,2022-05-16
002967,广电计量,1.5,575225846,2022-05-13
301117,佳缘科技,4.0,92263300,2022-05-17
688077,大地熊,6.6,80000000,2022-05-18
002015,协鑫能科,2.0,1623324614,2022-05-17
300235,方直科技,0.2,167831090,2022-05-17
002812,恩捷股份,3.030904,892408633,2022-05-16
688363,华熙生物,4.9,481085277,2022-05-16
002353,杰瑞股份,1.8,957853992,2022-05-17
300036,超图软件,0.6,489550063,2022-05-17
301012,扬电科技,1.0,84000000,2022-05-18
300822,贝仕达克,1.5,160005000,2022-05-17
920061,西磁科技,0.97,51550000,2022-05-19
300641,正丹股份,0.5,489603671,2022-05-16
002254,泰和新材,5.0,684394502,2022-05-18
002961,瑞达期货,3.3,445027000,2022-05-16
300100,双林股份,7.0,402149793,2022-05-18
605169,洪通燃气,5.0,208000000,2022-05-16
002516,旷达科技,0.5,1470838682,2022-05-17
000902,新洋丰,2.0,1304529290,2022-05-17
001872,招商港口,4.3,1922365124,2022-05-17
603683,晶华新材,0.55,183569000,2022-05-17
002479,富春环保,2.0,865000000,2022-05-17
300575,中旗股份,3.0,206706000,2022-05-17
300552,万集科技,0.4,213133112,2022-05-17
300659,中孚信息,1.0,226533165,2022-05-17
600724,宁波富达,2.5,1445241071,2022-05-18
300979,华利集团,11.0,1167000000,2022-05-17
605189,富春染织,2.0,124800000,2022-05-17
300456,赛微电子,0.35,733289072,2022-05-17
300631,久吾高科,1.5,122642024,2022-05-17
301059,金三江,2.5,121660000,2022-05-16
300729,乐歌股份,2.0,220718735,2022-05-18
002507,涪陵榨菜,3.5,887630022,2022-05-18
002372,伟星新材,6.0,1592112988,2022-05-19
000791,甘肃能源,0.4,1359576680,2022-05-19
920871,派特尔,2.0,53325216,2022-05-19
920675,秉扬科技,2.0,172198000,2022-05-19
300996,普联软件,3.0,141010659,2022-05-18
300928,华安鑫创,2.0,80000000,2022-05-19
688393,安必平,2.7,93340000,2022-05-18
300021,大禹节水,1.2,859104647,2022-05-18
605166,聚合顺,2.051,315547000,2022-05-17
300760,迈瑞医疗,35.0,1212441394,2022-05-19
300218,安利股份,2.1,216987000,2022-05-18
002903,宇环数控,2.0,152334000,2022-05-17
920974,凯大催化,2.8,152300000,2022-05-19
600273,嘉化能源,3.0,1420000000,2022-05-17
000750,国海证券,0.35,5444525514,2022-05-18
300653,正海生物,8.8,120000000,2022-05-19
002623,亚玛顿,0.6,199062500,2022-05-17
002585,双星新材,3.0,1156278085,2022-05-17
920476,海能技术,1.5,71435280,2022-05-18
002985,北摩高科,2.0,255272000,2022-05-18
601000,唐山港,2.0,5925928614,2022-05-17
300769,德方纳米,10.0,89557180,2022-05-17
920274,宏裕包材,5.0,60000000,2022-05-19
300401,花园生物,1.88,551007557,2022-05-18
001317,三羊马,4.0,80040000,2022-05-18
600502,安徽建工,2.5,1721160272,2022-05-17
002272,川润股份,0.5,438280000,2022-05-19
300151,昌红科技,1.799997,502506871,2022-05-17
300830,金现代,0.5,430125000,2022-05-18
000049,德赛电池,7.5,300298970,2022-05-18
300608,思特奇,0.7,209699688,2022-05-18
301049,超越科技,2.5,94253334,2022-05-18
000501,武商集团,1.6,768992731,2022-05-18
300675,建科院,1.0,146666700,2022-05-18
000960,锡业股份,1.1,1668776379,2022-05-17
300559,佳发教育,1.0,399514567,2022-05-17
300813,泰林生物,3.0,51970000,2022-05-18
300289,利德曼,0.2,544011487,2022-05-19
688670,金迪克,5.0,88000000,2022-05-18
300579,数字认证,1.0,180000000,2022-05-18
300898,熊猫乳品,2.0,124980000,2022-05-20
300939,秋田微,6.0,80000000,2022-05-20
000933,神火股份,4.5,2250986609,2022-05-19
300423,昇辉科技,0.35,498424190,2022-05-18
003030,祖名股份,1.5,124780000,2022-05-19
603967,中创物流,5.0,266666700,2022-05-18
603810,丰山集团,1.77,162348760,2022-05-19
002772,众兴菌业,1.0,407430385,2022-05-19
301235,华康洁净,1.0,105600000,2022-05-18
605090,九丰能源,2.5,442969866,2022-05-18
603578,三星新材,2.2,139076512,2022-05-19
000728,国元证券,1.8,4363777891,2022-05-19
000690,宝新能源,0.5,2175887862,2022-05-18
300508,维宏股份,1.49,90912000,2022-05-20
301087,可孚医疗,16.0,160375000,2022-05-20
688662,富信科技,4.0,88240000,2022-05-19
003004,声迅股份,2.0,81840000,2022-05-18
301036,双乐股份,8.0,100000000,2022-05-19
300838,浙江力诺,2.0,136340000,2022-05-20
688799,华纳药厂,7.0,93800000,2022-05-18
300556,丝路视觉,0.8,119446275,2022-05-19
920932,科达自控,1.5,72780000,2022-05-19
688733,壹石通,2.0,182164340,2022-05-19
688015,交控科技,4.7,187054802,2022-05-19
300026,红日药业,0.4,3004154837,2022-05-19
600648,外高桥,8.254,1135349124,2022-05-18
002876,三利谱,2.963981,173884932,2022-05-19
600325,华发股份,4.6,2117161116,2022-05-20
600660,福耀玻璃,10.0,2609743532,2022-05-19
300226,上海钢联,1.0,190930620,2022-05-19
300828,锐新科技,4.0,110280000,2022-05-20
603886,元祖股份,10.0,240000000,2022-05-19
688059,华锐精密,12.0,44008000,2022-05-19
000928,中钢国际,1.519683,1280989562,2022-05-20
301040,中环海陆,2.0,100000000,2022-05-23
603606,东方电缆,3.5,687715368,2022-05-20
300933,中辰股份,0.3,458500000,2022-05-23
300957,贝泰妮,6.0,423600000,2022-05-20
300988,津荣天宇,3.0,73880000,2022-05-20
300727,润禾材料,1.5,126880000,2022-05-20
300989,蕾奥规划,2.1,60000000,2022-05-20
002987,京北方,1.1,224927334,2022-05-19
300435,中泰股份,0.8,378190300,2022-05-19
002041,登海种业,0.36,880000000,2022-05-19
600409,三友化工,2.45,2064349448,2022-05-19
002154,报喜鸟,2.7,1459333729,2022-05-19
002815,崇达技术,3.1,875646541,2022-05-20
601018,宁波港,0.9,15807417370,2022-05-19
002276,万马股份,0.37,1035489098,2022-05-20
603927,中科软,5.5,593600000,2022-05-19
300894,火星人,3.0,405000000,2022-05-20
002920,德赛西威,4.5,555274000,2022-05-20
600765,中航重机,1.7,1051638636,2022-05-19
600173,卧龙新能,1.5,700506244,2022-05-19
603239,浙江仙通,5.0,270720000,2022-05-19
603908,牧高笛,9.0,66690000,2022-05-19
603195,公牛集团,24.0,601180520,2022-05-19
688601,力芯微,8.0,64000000,2022-05-19
688021,奥福科技,2.6,77283584,2022-05-19
688268,华特气体,3.5,120000000,2022-05-19
002598,ST章鼓,1.0,312000000,2022-05-20
002960,青鸟智控,4.0,349059635,2022-05-20
920405,海希通讯,9.0,70130000,2022-05-23
688270,ST臻镭,2.77,109210000,2022-05-20
300573,兴齐眼药,4.0,88095882,2022-05-20
603444,吉比特,160.0,71866082,2022-05-20
603290,斯达半导,7.01,170606060,2022-05-20
000977,浪潮信息,1.4,1453721310,2022-05-20
003008,开普检测,5.0,80000000,2022-05-19
003015,日久光电,2.0,281066667,2022-05-19
000582,北部湾港,1.84,1781480361,2022-05-20
300866,安克创新,8.0,406427207,2022-05-19
688707,振华新材,2.5,442934810,2022-05-20
300463,迈克生物,4.709565,612469590,2022-05-19
002190,成飞集成,0.5,358729343,2022-05-19
301052,果麦文化,1.05,72039937,2022-05-20
920132,泰鹏智能,2.6,25200000,2022-05-23
002913,奥士康,17.0,160960968,2022-05-20
603317,天味食品,0.5,754181690,2022-05-20
603613,国联股份,1.69,343900282,2022-05-20
002056,横店东磁,2.416489,1626712074,2022-05-20
002986,宇新股份,1.0,158676000,2022-05-20
603722,阿科力,3.5,87937500,2022-05-20
601126,四方股份,5.0,813172000,2022-05-20
600794,保税科技,0.3,1212152157,2022-05-20
002136,安纳达,1.5,215020000,2022-05-20
002959,小熊电器,6.0,156444000,2022-05-20
002237,恒邦股份,0.4,1148014400,2022-05-20
605155,西大门,2.8,96000000,2022-05-20
300850,新强联,2.66,193946351,2022-05-23
605068,明新旭腾,3.0,166600000,2022-05-20
000630,铜陵有色,1.0,10526533308,2022-05-23
600379,宝光股份,0.62,330201564,2022-05-20
002534,西子洁能,2.0,739201050,2022-05-20
601633,长城汽车,0.7,9251550308,2022-05-20
002962,五方光电,2.0,294053760,2022-05-23
603759,海天股份,2.06,312000000,2022-05-20
601827,三峰环境,2.22,1678268000,2022-05-20
688798,艾为电子,8.0,166000000,2022-05-20
603995,甬金股份,8.0,233120400,2022-05-20
300791,仙乐健康,3.999992,180170222,2022-05-23
920427,华维设计,3.75,82476000,2022-05-25
002922,伊戈尔,2.0,296320455,2022-05-20
603005,晶方科技,2.83,408257716,2022-05-20
002949,华阳国际,3.0,196036611,2022-05-20
688323,瑞华泰,0.7,180000000,2022-05-20
688800,瑞可达,3.2,108000000,2022-05-24
688636,智明达,2.51,50335600,2022-05-20
920017,星昊医药,2.18,91977200,2022-05-24
688551,科威尔,2.25,80000000,2022-05-20
000055,方大集团,0.5,1073874227,2022-05-23
003020,立方制药,7.0,92640000,2022-05-23
920807,奔朗新材,1.0,136410000,2022-05-25
920092,汉鑫科技,3.0,47896000,2022-05-27
688300,联瑞新材,6.08,85973400,2022-05-20
300638,广和通,2.0,414088026,2022-05-23
605222,起帆电缆,2.45,418221348,2022-05-23
603773,沃格光电,1.0,122355713,2022-05-23
300484,蓝海华腾,2.6,208000000,2022-05-23
688699,明微电子,23.33,74368000,2022-05-23
601515,衢州东峰,4.5,1535753642,2022-05-23
600598,北大荒,4.0,1777679909,2022-05-25
603320,迪贝电气,2.0,130017447,2022-05-23
605305,中际联合,6.32,110000000,2022-05-24
920489,佳先股份,2.2,85287000,2022-05-26
301128,强瑞技术,5.0,73886622,2022-05-25
002320,海峡股份,1.0,2228933187,2022-05-23
688778,厦钨新能,5.0,251572267,2022-05-23
600435,北方导航,0.25,1489320000,2022-05-24
300259,新天科技,1.5,1169801516,2022-05-23
688269,凯立新材,10.0,93360000,2022-05-25
688148,芳源股份,0.8,511718000,2022-05-23
301219,腾远钴业,39.9,125947514,2022-05-24
600310,广西能源,0.2,1221425602,2022-05-23
300739,明阳电路,2.7,294758195,2022-05-24
688278,特宝生物,1.0,406800000,2022-05-24
603822,ST嘉澳,2.79,73365639,2022-05-23
002299,圣农发展,3.0,1243973396,2022-05-23
002884,凌霄泵业,10.0,357682509,2022-05-24
603109,神驰机电,4.0,149701100,2022-05-24
002449,国星光电,0.5,618477169,2022-05-24
002270,华明装备,1.4,896225431,2022-05-23
301108,洁雅股份,7.5,81209818,2022-05-23
603916,苏博特,3.6,420308798,2022-05-24
300092,科新机电,0.55,231599000,2022-05-24
002326,永太科技,1.0,876566295,2022-05-24
688389,普门科技,1.78,422200000,2022-05-23
688196,卓越新能,11.5,120000000,2022-05-24
300358,楚天科技,1.2,575052984,2022-05-24
002925,盈趣科技,10.0,782848413,2022-05-24
002895,川恒股份,2.0,495290819,2022-05-23
003036,泰坦股份,0.72,216000000,2022-05-23
301085,亚康股份,12.5,80000000,2022-05-24
920469,富恒新材,1.5,82200000,2022-05-24
300306,远方信息,3.0,268958778,2022-05-25
002993,奥海科技,2.0,235040000,2022-05-24
300532,今天国际,1.2,303838301,2022-05-24
688303,大全能源,6.0,1925000000,2022-05-24
603809,豪能股份,2.0,302887480,2022-05-25
301089,拓新药业,1.0,126000000,2022-05-25
300642,透景生命,2.5,163904139,2022-05-24
600976,健民集团,8.06,153398600,2022-05-23
002778,中晟高科,1.5,124753300,2022-05-23
920599,同力股份,4.0,452525000,2022-05-24
000785,居然智家,1.62,6529036899,2022-05-24
603859,能科科技,1.0,166568333,2022-05-24
920593,鼎智科技,8.0,31699982,2022-05-26
688588,凌志软件,2.0,400010003,2022-05-25
002302,西部建设,0.95,1262354304,2022-05-25
300231,银信科技,2.0,442100220,2022-05-25
301138,华研精机,4.0,120000000,2022-05-24
300606,金太阳,3.5,93434000,2022-05-25
301186,超达装备,3.0,72758822,2022-05-26
301237,和顺科技,7.0,80000000,2022-05-24
300774,倍杰特,2.0,408763660,2022-05-26
002284,亚太股份,1.0,737685506,2022-05-26
300284,苏交科,1.18,1262827774,2022-05-25
920252,天宏锂电,0.3,57081006,2022-05-26
002274,华昌化工,3.0,952364646,2022-05-26
300723,一品红,2.0,288097103,2022-05-25
002489,浙江永强,0.35,2175736503,2022-05-26
605162,新中港,3.5,400451000,2022-05-25
300841,康华生物,15.0,90000000,2022-05-25
002020,京新药业,3.0,905318938,2022-05-25
600235,民丰特纸,0.2,351300000,2022-05-24
300926,博俊科技,1.2,142133400,2022-05-25
603429,*ST集友,2.0,380238957,2022-05-25
002979,雷赛智能,2.0,301600000,2022-05-25
920436,大地电气,2.5,94476000,2022-05-26
002378,章源钨业,1.0,924167436,2022-05-24
300383,光环新网,0.2,1797592847,2022-05-25
600760,中航沈飞,3.5,1960544999,2022-05-26
603102,百合股份,5.0,64000000,2022-05-24
603155,新亚强,10.0,155560000,2022-05-26
002099,海翔药业,1.0,1618715253,2022-05-25
603019,中科曙光,1.6,1463168974,2022-05-24
003027,同兴科技,3.0,132539000,2022-05-26
002390,信邦制药,0.6,2027228611,2022-05-24
300951,博硕科技,15.0,80000000,2022-05-25
688019,安集科技,3.19,53220580,2022-05-25
002060,广东建工,0.78,1202262058,2022-05-24
300881,盛德鑫泰,1.05,100000000,2022-05-24
300468,四方精创,0.931828,304016446,2022-05-25
300935,盈建科,8.0,56505000,2022-05-25
000906,浙商中拓,4.1,674200820,2022-05-25
301215,中汽股份,0.23,1322400000,2022-05-26
301077,星华新材,20.0,60000000,2022-05-25
002001,新和成,7.0,2578394760,2022-05-25
300696,爱乐达,2.0,244297078,2022-05-25
300308,中际旭创,2.2,799664438,2022-05-26
300248,新开普,0.65,481092495,2022-05-25
300820,英杰电气,5.0,95327000,2022-05-25
301042,安联锐视,10.0,68850000,2022-05-25
603385,惠达卫浴,1.8603,384432298,2022-05-25
688308,欧科亿,7.0,100000000,2022-05-24
002908,德生科技,1.0,220389103,2022-05-25
600683,京投发展,1.3,740777597,2022-05-25
603080,新疆火炬,3.61,141500000,2022-05-24
002841,视源股份,9.0,666549706,2022-05-24
605277,新亚电子,10.0,136424400,2022-05-24
301101,明月镜片,5.3,134341400,2022-05-25
300519,新光药业,6.0,160000000,2022-05-26
920304,迪尔化工,1.8,127788000,2022-05-26
300541,先进数通,0.8,307458298,2022-05-24
300373,扬杰科技,2.2,512400109,2022-05-26
001217,华尔泰,2.0,331870000,2022-05-24
605337,李子园,4.5,216720000,2022-05-24
002223,鱼跃医疗,3.0,1002476929,2022-05-24
002206,海利得,1.0,1223028645,2022-05-26
002135,东南网架,1.0,1165549740,2022-05-26
301129,瑞纳智能,7.0,73660000,2022-05-26
002762,金发拉比,0.5,354025000,2022-05-25
688360,德马科技,2.7,85676599,2022-05-25
301015,百洋医药,6.67,525100000,2022-05-25
300667,必创科技,2.0,200840639,2022-05-25
002550,千红制药,1.2,1279800000,2022-05-25
603739,蔚蓝生物,1.6,252084840,2022-05-24
002757,南兴股份,4.0,295455913,2022-05-24
000058,深赛格,0.1,1231200672,2022-05-25
603806,福斯特,3.5,951103748,2022-05-25
600830,香溢融通,0.11,454322747,2022-05-25
605136,丽人丽妆,2.1,402030000,2022-05-24
600300,维维股份,0.3,1672000000,2022-05-24
688368,晶丰明源,40.0,62903780,2022-05-24
603901,永创智能,1.61,488450811,2022-05-25
000014,沙河股份,0.5,201705187,2022-05-27
688766,普冉股份,8.04,36228719,2022-05-25
301158,德石股份,1.2,150370510,2022-05-27
002414,高德红外,3.5,2346558302,2022-05-26
688296,和达科技,2.8,107393160,2022-05-25
920770,艾能聚,3.2,107132175,2022-05-27
603896,寿仙谷,4.05,152516474,2022-05-26
301167,建研设计,2.0,80000000,2022-05-26
002951,金时科技,0.5,405000000,2022-05-26
300715,凯伦股份,6.0,384909628,2022-05-26
300452,山河药辅,3.0,180402070,2022-05-26
300275,梅安森,0.25,188170355,2022-05-27
002032,苏泊尔,19.3,808678476,2022-05-26
300360,炬华科技,1.5,504387126,2022-05-25
002381,双箭股份,2.0,411572264,2022-05-27
002318,久立特材,4.0,977170720,2022-05-26
002241,歌尔股份,2.0,3416321036,2022-05-26
300196,长海股份,1.5,408714812,2022-05-25
300448,浩云科技,0.15,684095079,2022-05-25
300701,森霸传感,1.66,180000000,2022-05-26
002939,长城证券,1.5,3103405351,2022-05-25
002572,索菲亚,6.0,912370038,2022-05-27
001267,汇绿生态,0.7,700000000,2022-05-25
920212,智新电子,1.5,106100000,2022-05-27
002518,科士达,2.5,582445394,2022-05-26
300150,世纪瑞尔,0.3,585106053,2022-05-25
300684,中石科技,4.3,280852507,2022-05-27
603516,淳中科技,2.0,186336480,2022-05-25
300584,海辰药业,2.5,120000000,2022-05-25
600971,恒源煤电,5.0,1200004884,2022-05-26
603180,金牌家居,10.6,154382664,2022-05-25
000952,广济药业,0.6,352648939,2022-05-27
300075,数字政通,0.45,496178465,2022-05-26
301118,恒光股份,7.5,106670000,2022-05-27
600066,宇通客车,5.0,2213939223,2022-05-25
300922,天秦装备,3.5,112008000,2022-05-26
000715,中兴商业,0.5,415718940,2022-05-26
002734,利民股份,3.0,372564633,2022-05-24
688511,天微电子,6.25,80000000,2022-05-26
688676,金盘科技,2.0,425700000,2022-05-27
300975,商络电子,0.36,420000000,2022-05-27
300040,九洲集团,0.499992,587654490,2022-05-27
002083,孚日股份,3.0,821356032,2022-05-25
600183,生益科技,6.0,2315264608,2022-05-26
688568,中科星图,2.05,220000000,2022-05-25
300845,捷安高科,3.0,92356000,2022-05-26
300930,屹通新材,1.0,100000000,2022-05-26
300758,七彩化学,2.0,410237370,2022-05-26
600284,浦东建设,1.95,970256000,2022-05-26
300620,光库科技,2.0,164092015,2022-05-26
601218,吉鑫科技,0.52,977360000,2022-05-26
688182,灿勤科技,0.8,400000000,2022-05-25
002346,柘中股份,2.000394,441575416,2022-05-26
300705,九典制药,2.61,234687532,2022-05-27
603215,比依股份,2.68,186660000,2022-05-25
600327,大东方,3.5,884779518,2022-05-26
688090,瑞松科技,1.5,67360588,2022-05-25
002923,润都股份,4.0,185679250,2022-05-27
301083,百胜智能,0.35,177866667,2022-05-26
300298,三诺生物,2.0,564768393,2022-05-25
300921,南凌科技,2.3,131687370,2022-05-26
920245,威博液压,1.0,48750000,2022-05-26
002777,久远银海,2.0,314023876,2022-05-26
300915,海融科技,4.0,90000000,2022-05-27
301111,粤万年青,1.6,160000000,2022-05-26
300073,当升科技,4.24,506500774,2022-05-26
688768,容知日新,2.0,54865491,2022-05-26
300516,久之洋,1.19,180000000,2022-05-26
300012,华测检测,0.6,1680458214,2022-05-26
300428,立中集团,0.75,616956965,2022-05-26
600884,杉杉股份,3.3,2142919938,2022-05-25
002624,完美世界,12.0,1939968404,2022-05-26
300790,宇瞳光学,2.0,224631944,2022-05-27
300735,光弘科技,2.0,774621120,2022-05-27
688161,威高骨科,5.2,400000000,2022-05-26
300965,恒宇信通,2.05,60000000,2022-05-27
600566,济川药业,6.8,888279075,2022-05-26
603527,众源新材,2.0,243824000,2022-05-25
300956,英力股份,1.0,132000000,2022-05-27
300613,富瀚微,3.1,120441256,2022-05-26
003001,中岩大地,1.96,127926796,2022-05-25
603025,大豪科技,4.0,924333311,2022-05-26
300384,三联虹普,1.6,318598435,2022-05-25
300686,智动力,0.385027,265624240,2022-05-27
688190,云路股份,3.3,120000000,2022-05-30
300365,恒华科技,0.2,599855469,2022-05-27
002896,中大力德,3.0,104000694,2022-05-27
300406,九强生物,1.0,588984300,2022-05-27
603309,维力医疗,1.35,293422218,2022-05-26
002549,凯美特气,0.5,623700000,2022-05-27
002725,跃岭股份,0.25,256000000,2022-05-26
300977,深圳瑞捷,7.0,68378900,2022-05-30
300375,鹏翎股份,0.5,664794403,2022-05-27
603217,元利科技,8.0,130129000,2022-05-26
601016,节能风电,0.55,5012793728,2022-05-27
002644,佛慈制药,0.1,510657000,2022-05-27
300875,捷强装备,3.0,76795963,2022-05-27
688696,极米科技,30.0,50000000,2022-05-26
601156,东航物流,6.9,1587555556,2022-05-27
300726,宏达电子,6.0,411839845,2022-05-26
920198,微创光电,3.0,124126056,2022-05-27
688589,力合微,2.0,100000000,2022-05-27
300703,创源股份,0.5,182826280,2022-05-27
300656,民德电子,1.0,130783843,2022-05-27
002145,钛能化学,0.8,2053673321,2022-05-27
688198,佰仁医疗,5.0,96438308,2022-05-26
688111,金山办公,7.0,461000000,2022-05-26
002243,力合科创,0.8,1210604219,2022-05-27
688779,五矿新能,1.09,1929206272,2022-05-26
300629,新劲刚,1.0,139885251,2022-05-30
300041,回天新材,1.0,430888395,2022-05-27
600433,冠豪高新,0.7,1844557178,2022-05-26
688739,成大生物,10.0,416450000,2022-05-26
300901,中胤时尚,0.5,240000000,2022-05-30
002117,东港股份,3.0,545666421,2022-05-27
300405,科隆股份,0.3,222469156,2022-05-27
301009,可靠股份,0.7,271860000,2022-05-26
920768,拾比佰,1.0,110970000,2022-05-30
002051,中工国际,1.0,1237408937,2022-05-27
002756,永兴材料,5.0,405950150,2022-05-27
002745,木林森,1.38,1484166399,2022-05-27
300070,碧水源,0.26,3624209363,2022-05-27
002916,深南电路,9.5,512880341,2022-05-30
603298,杭叉集团,4.0,866397100,2022-05-27
002686,亿利达,0.2,566239133,2022-05-27
601636,旗滨集团,8.0,2686308363,2022-05-27
300990,同飞股份,10.0,52000000,2022-05-27
920357,雅葆轩,2.0,48000000,2022-05-30
300558,贝达药业,2.5,415388667,2022-05-30
000050,深天马A,0.7,2457747661,2022-05-27
000301,东方盛虹,1.5,5946509124,2022-05-27
002632,道明光学,0.5,624599090,2022-05-27
300768,迪普科技,1.4,429252293,2022-05-30
002091,江苏国泰,2.5,1596751554,2022-05-26
300381,溢多利,1.0,490069860,2022-05-27
300342,天银机电,1.0,425035113,2022-05-27
603948,建业股份,5.5,160000000,2022-05-26
000401,金隅冀东,7.5,2658213203,2022-05-27
300877,金春股份,1.75,120000000,2022-05-30
300615,欣天科技,0.5,188500000,2022-05-27
300755,华致酒行,3.3,416798400,2022-05-27
300839,博汇股份,0.8,135200000,2022-05-30
603337,杰克科技,3.2,449508520,2022-05-26
002555,三七互娱,3.7,2217864281,2022-05-27
003023,彩虹集团,4.0,81032000,2022-05-27
300767,震安科技,0.899765,202223580,2022-05-26
301080,百普赛斯,15.0,80000000,2022-05-30
002282,博深股份,1.5,543944364,2022-05-27
600268,国电南自,1.2,695265184,2022-05-27
600176,中国巨石,4.8,4003136728,2022-05-26
002328,新朋股份,1.3,771770000,2022-05-27
605268,王力安防,0.64,436000000,2022-05-26
002400,省广集团,0.16,1743337128,2022-05-27
301201,诚达药业,4.5,96696140,2022-05-27
300549,优德精密,2.0,133340000,2022-05-27
300400,劲拓股份,5.0,242625800,2022-05-27
300017,网宿科技,0.3,2447029804,2022-05-27
920207,众诚科技,1.0,73800000,2022-05-30
000650,仁和药业,1.0,1399938234,2022-05-27
000597,东北制药,0.14,1347873265,2022-05-27
601996,丰林集团,0.6,1145622800,2022-05-26
688317,之江生物,13.65,194704350,2022-05-27
300673,佩蒂股份,0.3,253411200,2022-05-26
688179,阿拉丁,4.0,100933400,2022-05-26
002216,三全食品,2.0,879184048,2022-05-27
603229,奥翔药业,1.02,287047646,2022-05-26
688395,正弦电气,2.56,86000000,2022-05-27
300891,惠云钛业,1.0,400000000,2022-05-27
300415,伊之密,5.0,469145684,2022-05-27
605077,华康股份,6.0,163184000,2022-05-26
000686,东北证券,1.0,2340452915,2022-05-26
002871,伟隆股份,3.5,169032648,2022-05-27
688005,容百科技,2.05,448037632,2022-05-27
300942,易瑞生物,2.49,400860000,2022-05-30
002003,伟星股份,5.0,797850428,2022-05-27
688399,硕世生物,100.0,58620000,2022-05-30
603688,石英股份,2.39,353151580,2022-05-26
301057,汇隆新材,2.0,109200000,2022-05-27
600919,江苏银行,4.0,14769639126,2022-05-26
920950,迅安科技,7.8,36150000,2022-05-27
600429,三元股份,0.5,1497557426,2022-05-26
688188,柏楚电子,18.5,104000786,2022-05-26
603090,宏盛股份,3.0,100000000,2022-05-26
300721,怡达股份,1.0,85761967,2022-05-27
605117,德业股份,12.0,170667000,2022-05-26
300843,胜蓝股份,0.7,148900000,2022-05-30
920021,流金科技,1.0,314999983,2022-05-30
002415,海康威视,9.0,9433208719,2022-05-26
300674,宇信科技,2.0,711626137,2022-05-26
300869,康泰医学,3.0,401796800,2022-05-27
300853,申昊科技,3.0,146930400,2022-05-27
300616,尚品宅配,1.5,198675000,2022-05-27
688092,爱科科技,2.7,59158392,2022-05-26
603029,天鹅股份,1.1,93340000,2022-05-27
002556,辉隆股份,2.0,953992980,2022-05-27
603860,中公高科,1.134,66680000,2022-05-27
300440,运达科技,0.393908,447376000,2022-05-27
688608,恒玄科技,3.4,120000000,2022-05-27
002443,金洲管道,4.0,520535520,2022-05-30
002906,华阳集团,2.0,474746600,2022-05-30
002409,雅克科技,2.1,475927678,2022-05-27
002768,国恩股份,2.5,271250000,2022-05-27
300545,联得装备,0.15,177742658,2022-05-30
000910,大亚圣象,1.6,547397500,2022-05-30
600605,汇通能源,0.88,206282429,2022-05-27
688558,国盛智科,5.0,132000000,2022-05-27
605122,四方新材,0.8,172354000,2022-05-27
002674,兴业科技,3.0,291862944,2022-05-27
002240,盛新锂能,1.0,865349955,2022-05-30
301067,显盈科技,10.0,54020000,2022-05-27
688312,燕麦科技,6.0,144091816,2022-05-27
300919,中伟新材,1.668994,609666888,2022-05-27
300652,雷迪克,3.0,94085157,2022-05-30
603383,顶点软件,5.5,170923516,2022-05-27
301050,雷电微力,1.94,96800000,2022-05-27
603393,新天然气,5.5,423921327,2022-05-27
600982,宁波能源,1.7,1117768211,2022-05-27
600713,南京医药,1.2,1308821012,2022-05-27
603379,三美股份,1.7,610479037,2022-05-27
601228,广州港,0.57,6193180000,2022-05-27
002790,瑞尔特,1.5,418011500,2022-05-30
002749,国光股份,2.2,435636451,2022-05-27
600267,海正药业,1.4,1198657562,2022-05-27
688195,腾景科技,1.25,129350000,2022-05-27
301017,漱玉平民,0.73,405340000,2022-05-30
688687,凯因科技,2.5,169828422,2022-05-27
300515,三德科技,1.65,205821500,2022-05-27
600008,首创环保,1.0,7340590677,2022-05-27
002317,众生药业,2.0,814461076,2022-05-27
300628,亿联网络,8.0,902311410,2022-05-31
300327,中颖电子,4.8,310944802,2022-05-31
605056,咸亨国际,3.5,400010000,2022-05-27
920184,国源科技,2.0,133790000,2022-06-02
600817,宇通重工,3.5,539373371,2022-05-27
920717,瑞星股份,2.0,86000000,2022-05-31
300095,华伍股份,1.0,420090164,2022-05-31
300943,春晖智控,1.1,135880000,2022-05-31
920726,朱老六,2.6,102180000,2022-05-31
920961,创远信科,1.0,109915358,2022-06-01
920418,苏轴股份,3.0,80600000,2022-05-30
300888,稳健医疗,9.0,426492308,2022-05-27
600865,百大集团,2.0,376240316,2022-05-27
301110,青木科技,6.0,66666667,2022-05-31
601038,一拖股份,1.17,1123645275,2022-05-30
920058,华洋赛车,4.2,42000000,2022-05-30
920174,五新智能,4.5,90008718,2022-05-30
920403,康农种业,8.0,39460000,2022-05-30
688228,开普云,2.72,67133440,2022-05-27
300396,ST迪瑞,3.8,275894600,2022-05-30
003012,东鹏控股,2.0,1190660000,2022-05-30
300112,万讯自控,2.0,285781675,2022-05-31
300409,道氏技术,0.5,578995581,2022-05-31
688772,珠海冠宇,1.8,1121855747,2022-05-27
688028,沃尔德,1.9,80000000,2022-05-27
002271,东方雨虹,3.0,2519627295,2022-05-31
300491,通合科技,0.3,173453199,2022-05-30
300987,川网传媒,2.0,133360000,2022-05-30
920363,莱赛激光,2.5,57500000,2022-05-31
000567,海德股份,4.47,641138926,2022-05-30
603129,春风动力,8.3,150077374,2022-05-27
920239,长虹能源,10.0,81283127,2022-05-31
300172,中电环保,0.5,676710000,2022-05-30
601700,风范股份,0.5,1141071020,2022-05-27
300417,南华仪器,0.2,137008376,2022-05-30
301263,泰恩康,3.5,236387500,2022-05-30
603610,麒盛科技,4.0,280069727,2022-05-31
300699,光威复材,5.0,518350000,2022-05-27
002275,桂林三金,5.0,590200000,2022-05-30
002948,青岛银行,1.6,5820354724,2022-05-31
603043,广州酒家,4.0,567224041,2022-05-31
603214,爱婴室,2.0,141505896,2022-05-30
605168,三人行,29.8396,70052300,2022-05-30
688793,倍轻松,6.0,61640000,2022-05-30
920455,汇隆活塞,1.8,128000000,2022-05-31
002474,榕基软件,0.1,622200000,2022-05-31
603100,川仪股份,6.0,395000000,2022-05-30
300936,中英科技,4.0,75200000,2022-06-01
920033,康普化学,3.0,57225000,2022-05-31
002609,捷顺科技,0.3,649334141,2022-05-31
600438,通威股份,9.12,4501548184,2022-05-30
300872,天阳科技,1.0,224682030,2022-05-31
603156,养元饮品,20.0,1265493600,2022-05-30
300480,光力科技,0.997189,270399012,2022-05-31
301076,新瀚新材,5.0,79600000,2022-05-31
300746,汉嘉数智,1.33,225738328,2022-05-31
920779,武汉蓝电,10.0,46500000,2022-06-01
300181,佐力药业,2.0,608624848,2022-05-31
300191,潜能恒信,0.2,320000000,2022-06-01
300441,鲍斯股份,1.5,657189708,2022-05-30
300897,山科智能,7.0,68000000,2022-06-01
601168,西部矿业,2.0,2383000000,2022-05-30
688109,品茗科技,6.0,54374000,2022-05-30
301213,观想科技,3.0,79999999,2022-05-31
300414,中光防雷,0.17,326019466,2022-05-31
300690,双一科技,3.0,166312657,2022-05-31
688677,海泰新光,4.1,86980000,2022-05-30
603283,赛腾股份,3.3,181859668,2022-05-30
300654,世纪天鸿,0.75,211875580,2022-05-30
603612,索通发展,4.7,459935734,2022-05-31
300288,朗玛信息,0.2,337941402,2022-06-01
603877,太平鸟,6.0,476728161,2022-05-31
300991,创益通,3.9,90000000,2022-05-31
000725,京东方A,2.1,38445746482,2022-05-30
600903,贵州燃气,0.47,1138185027,2022-05-30
300387,富邦科技,0.5,289789018,2022-05-31
600810,神马股份,6.0,1044175738,2022-05-30
300685,艾德生物,2.3,221506875,2022-05-31
300522,世名科技,1.2,270160605,2022-05-31
600449,宁夏建材,5.4,478181042,2022-05-30
002108,沧州明珠,0.5,1417924199,2022-05-31
002997,瑞鹄模具,2.0,183600000,2022-05-31
300347,泰格医药,5.0,872438364,2022-05-31
300263,隆华科技,0.349979,914273049,2022-05-31
300272,开能健康,1.0,577171949,2022-06-01
300660,江苏雷利,4.5,259326328,2022-06-01
301031,中熔电气,6.0,66277427,2022-05-31
603788,宁波高发,5.0,223065068,2022-06-01
603213,镇洋发展,5.76,434800000,2022-05-30
603089,正裕工业,1.0,222499802,2022-05-30
300920,润阳科技,8.0,100000000,2022-05-31
002969,嘉美包装,0.11,962204638,2022-05-30
300884,狄耐克,2.0,180000000,2022-05-31
600475,华光环能,3.5,726826374,2022-05-30
300910,瑞丰新材,8.0,150000000,2022-05-30
002361,神剑股份,1.0,978571946,2022-05-31
300893,松原安全,2.0,150000000,2022-05-31
600901,江苏金租,3.5,2986649968,2022-05-30
920942,恒立钻具,2.0,47327100,2022-06-01
603605,珀莱雅,8.6,201009966,2022-05-30
601566,九牧王,5.0,574637150,2022-05-30
300277,汽轮科技,0.3,335000000,2022-05-31
688033,*ST天宜,0.4,448737188,2022-05-31
001202,炬申股份,6.0,128800000,2022-06-01
301189,奥尼电子,3.0,114896465,2022-05-31
300981,中红医疗,30.0,166670000,2022-05-30
603223,恒通股份,1.1,282240000,2022-05-30
300403,汉宇集团,0.8,603000000,2022-05-31
301185,鸥玛软件,2.0,153417600,2022-05-30
300785,值得买,7.0,88744250,2022-05-31
000672,上峰材料,8.0,813619871,2022-05-30
301023,奕帆传动,5.0,37333500,2022-05-31
300644,南京聚隆,2.0,108682100,2022-05-31
300563,神宇股份,0.9,178822526,2022-05-31
000922,佳电股份,0.8,599102053,2022-05-31
300561,汇金科技,0.65,328107975,2022-05-31
603088,宁波精达,1.8,307328000,2022-05-31
920981,晶赛科技,1.8,54620000,2022-06-01
002864,盘龙药业,1.8,86670000,2022-05-31
002972,科安达,5.0,176320000,2022-05-30
603198,迎驾贡酒,9.0,800000000,2022-05-31
920651,天罡股份,8.0,50350000,2022-06-01
301188,力诺药包,2.0,232410000,2022-05-31
603105,芯能科技,0.7,500000000,2022-05-30
300609,汇纳科技,2.5,121912390,2022-05-31
300777,中简科技,0.83,439574787,2022-05-31
300109,新开源,5.055554,343618983,2022-05-30
301004,嘉益股份,3.0,100000000,2022-06-01
300895,铜牛信息,0.5,116364180,2022-05-31
600422,昆药集团,2.7,758255769,2022-05-30
000563,陕国投A,0.3,3964012846,2022-05-31
001308,康冠科技,7.5,402487500,2022-06-01
301019,宁波色母,5.0,80000000,2022-05-31
920926,鸿智科技,4.5,31304347,2022-05-31
688003,天准科技,4.0,193600000,2022-05-30
600017,日照港,0.4,3075653888,2022-05-31
920504,博迅生物,3.5,35000000,2022-06-01
300966,共同药业,1.36,115277000,2022-05-31
603933,睿能科技,1.3,210862200,2022-05-30
002582,好想你,1.0,456977978,2022-05-30
300229,拓尔思,0.499993,714767215,2022-05-31
920433,大唐药业,5.0,145265601,2022-05-31
002758,浙农股份,3.0,502653243,2022-05-30
600549,厦门钨业,2.6,1418459200,2022-05-31
603719,良品铺子,2.12,401000000,2022-05-31
688526,科前生物,1.9,465133200,2022-05-31
000951,中国重汽,3.0,1174869360,2022-05-31
003026,中晶科技,6.0,99760000,2022-06-01
300551,古鳌科技,0.100314,347834639,2022-06-01
300948,冠中生态,0.55,140010000,2022-06-01
300082,奥克股份,3.42,680098200,2022-05-31
300088,长信科技,0.499994,2454912355,2022-06-01
605138,盛泰集团,1.08,555560000,2022-05-31
000544,中原环保,2.5,974684488,2022-05-31
301120,新特电气,2.0,247627370,2022-05-31
300485,赛升药业,1.68,481666400,2022-05-31
605218,伟时电子,0.5,212833460,2022-05-31
300671,富满微,2.985677,217724473,2022-05-31
300796,贝斯美,0.6,143310664,2022-06-02
300738,奥飞数据,0.45,381644654,2022-06-02
301166,优宁维,5.0,86666668,2022-06-01
605555,德昌股份,3.5,189980000,2022-05-31
603289,泰瑞机器,2.0,295721200,2022-05-31
603926,铁流股份,1.7,176563485,2022-05-31
002738,中矿资源,1.0,325664142,2022-06-01
002824,和胜股份,2.02,184744770,2022-06-01
600694,大商股份,20.0,293718653,2022-05-31
002478,常宝股份,0.8,902555586,2022-06-01
688160,步科股份,3.0,84000000,2022-05-31
300531,优博讯,0.505144,331047670,2022-06-01
300720,海川智能,2.0,194877256,2022-06-01
603297,永新光学,9.0,110477500,2022-05-31
003033,征和工业,4.0,81750000,2022-06-01
688117,圣诺生物,3.0,80000000,2022-06-01
603330,天洋新材,1.39,237732774,2022-06-02
001215,千味央厨,1.5,86630336,2022-05-31
688232,新点软件,5.0,330000000,2022-05-31
301033,迈普医学,1.0,66062951,2022-06-01
000513,丽珠集团,13.0,934886818,2022-05-31
300138,晨光生物,1.3,532773991,2022-06-01
600511,国药股份,7.0,754502998,2022-06-02
002511,中顺洁柔,1.0,1312856093,2022-05-31
688356,键凯科技,8.79,60000000,2022-05-31
603506,南都物业,3.4674,187777779,2022-05-31
920799,艾融软件,2.5,140769250,2022-06-01
600577,精达股份,0.3,1995766071,2022-05-31
605376,博迁新材,2.0,261600000,2022-06-01
920670,数字人,1.5,66364000,2022-06-02
300903,科翔股份,0.5,224039002,2022-06-02
600075,新疆天业,1.0,1707354260,2022-06-01
002109,ST兴化,1.5,1052944789,2022-06-01
600113,浙江东日,2.4,411431160,2022-06-02
600400,红豆股份,0.65,2303021852,2022-05-31
603369,今世缘,5.9,1254500000,2022-05-31
301078,孩子王,0.2,1088000000,2022-05-31
920523,德瑞锂电,2.0,77924130,2022-06-02
603187,海容冷链,3.0,244511663,2022-05-31
601666,平煤股份,7.6,2315215955,2022-05-31
301103,何氏眼科,6.0,121558824,2022-06-01
920781,瑞奇智造,3.0,87816254,2022-06-02
002737,葵花药业,7.0,584000000,2022-06-02
002432,九安医疗,7.0,481450022,2022-06-02
003003,天元股份,1.0,176720000,2022-06-01
002825,纳尔股份,2.5,171398377,2022-06-02
600114,东睦股份,0.5,616383477,2022-06-01
002911,佛燃能源,4.5,945200000,2022-05-31
603977,国泰集团,1.3,585023063,2022-06-01
002144,宏达高科,1.0,176762528,2022-06-01
300255,常山药业,0.26,934966878,2022-06-02
601388,怡球资源,0.8,2201514386,2022-05-31
002080,中材科技,6.35,1678123584,2022-06-01
300144,宋城演艺,0.5,2614694040,2022-06-02
002236,大华股份,2.7,2994550730,2022-06-01
300687,赛意信息,1.13,398402569,2022-06-01
603817,海峡环保,0.66,450188283,2022-05-31
002579,中京电子,0.8,606884131,2022-05-31
301149,隆华新材,1.0,430000018,2022-06-01
300487,蓝晓科技,4.3,219683525,2022-06-01
002521,齐峰新材,1.0,494685819,2022-05-31
002968,新大正,5.0,162681000,2022-05-31
605286,同力天启,1.2,168000000,2022-06-01
301221,光庭信息,4.0,92622300,2022-06-01
688565,力源科技,2.0,112765000,2022-05-31
002614,奥佳华,3.0,630696280,2022-05-31
300421,力星股份,1.5,247585404,2022-06-02
688239,航宇科技,2.0,140000000,2022-05-31
002837,英维克,1.8,334305562,2022-05-31
002034,旺能环境,2.999993,429494176,2022-05-31
601568,北元化工,3.5,3611111112,2022-06-01
301056,森赫股份,2.0,266786667,2022-06-02
920640,富士达,2.0,187728000,2022-06-01
603659,璞泰来,5.04,695451839,2022-06-01
000045,深纺织A,0.5,506521849,2022-06-01
603868,飞科电器,10.0,435600000,2022-06-01
605296,神农集团,2.5,400229012,2022-06-01
002127,南极电商,0.8,2454870403,2022-06-02
688004,博汇科技,0.87,56800000,2022-06-01
300133,华策影视,0.22,1901073701,2022-06-01
301136,招标股份,1.0,275204820,2022-06-01
300371,汇中股份,2.8,167681080,2022-06-02
688289,圣湘生物,3.75,400000000,2022-06-01
920925,锦好医疗,2.0,49275000,2022-06-02
600963,岳阳林纸,1.16,1804453109,2022-06-02
301082,久盛电气,3.0,161649410,2022-06-02
002838,道恩股份,0.55,409470786,2022-06-02
688127,蓝特光学,1.5,402845000,2022-06-02
603949,雪龙集团,3.0,209806100,2022-06-01
002971,和远气体,1.0,160000000,2022-06-01
000989,九芝堂,4.0,869354236,2022-06-01
001313,粤海饲料,0.55,700000000,2022-06-02
300649,杭州园林,0.6,132416609,2022-06-02
300870,欧陆通,1.32066,101660000,2022-06-01
603823,百合花,3.0,317945200,2022-06-01
688313,仕佳光子,0.35,458802328,2022-06-01
301116,益客食品,0.521784,448979593,2022-06-02
300672,国科微,4.0,182121301,2022-06-02
002823,凯中精密,0.101011,287095780,2022-06-01
300679,电连技术,3.600008,421200000,2022-06-02
300902,国安达,2.0,127980000,2022-06-02
301155,海力风电,9.0,217391478,2022-06-06
000559,万向钱潮,1.8,3303791344,2022-06-02
300433,蓝思科技,1.0,4973479998,2022-06-01
600887,伊利股份,9.6,6400130918,2022-06-01
600710,苏美达,2.65,1306749434,2022-06-02
300155,安居宝,0.36,561227744,2022-06-02
003021,兆威机电,1.998371,171574400,2022-06-01
301182,凯旺科技,3.0,95821700,2022-06-02
920471,美邦科技,3.0,70000000,2022-06-09
688101,三达膜,2.3,333880000,2022-06-02
603036,如通股份,1.2,206638400,2022-06-01
920242,建邦科技,1.0,62373000,2022-06-06
605369,拱东医疗,13.8,112627120,2022-06-02
688698,伟创电气,1.76,180000000,2022-06-01
301073,君亭酒店,5.0,80540000,2022-06-02
920249,利尔达,2.0,398860000,2022-06-09
920475,三友科技,1.8,102960000,2022-06-06
300792,壹网壹创,2.5,238674523,2022-06-02
600854,春兰股份,0.95,519458538,2022-06-01
300601,康泰生物,8.5,700304428,2022-06-02
002345,潮宏基,2.0,888512707,2022-06-06
002615,哈尔斯,1.5,413659770,2022-06-02
000789,万年青,8.0,797402422,2022-06-01
600941,中国移动,20.939,21362826764,2022-06-01
920407,驰诚股份,2.0,54180000,2022-06-02
003002,壶化股份,1.5,200000000,2022-06-01
300332,天壕能源,0.479996,881894642,2022-06-02
300938,信测标准,3.0,66747700,2022-06-02
000100,TCL科技,1.5,14030642421,2022-06-02
300976,达瑞电子,12.0,93986400,2022-06-02
000932,华菱钢铁,2.9,6908632499,2022-06-02
300627,华测导航,3.0,380421196,2022-06-02
301068,大地海洋,1.2,84000000,2022-06-01
603212,赛伍技术,1.25,404086492,2022-06-02
600329,达仁堂,5.0,773443076,2022-06-02
600527,江南高纤,0.7,1731760902,2022-06-01
920260,中寰股份,5.0,51775000,2022-06-06
300706,阿石创,0.1,152852499,2022-06-06
300316,晶盛机电,2.8,1286474714,2022-06-02
600143,金发科技,2.0,2573622343,2022-06-02
300980,祥源新材,3.0,71898056,2022-06-02
300404,博济医药,0.2,263050777,2022-06-02
300395,菲利华,2.3,337948844,2022-06-02
603980,吉华集团,1.5,700000000,2022-06-01
300488,恒锋工具,1.8,165679281,2022-06-06
300972,万辰集团,2.2,153500000,2022-06-06
920964,润农节水,0.5,261208000,2022-06-02
605303,园林股份,2.0,161237408,2022-06-01
600346,恒力石化,10.1,7039099786,2022-06-01
605377,华旺科技,5.2,332161890,2022-06-02
300232,洲明科技,0.25,1094089477,2022-06-01
300517,海波重科,0.48,192180462,2022-06-02
002335,科华数据,0.9,461567391,2022-06-02
688517,金冠电气,4.2,136109184,2022-06-01
600095,湘财股份,1.331,2854958418,2022-06-01
688218,江苏北人,0.6,117340000,2022-06-01
300258,精锻科技,1.0,481770753,2022-06-06
600063,皖维高新,1.0,1925894692,2022-06-06
603358,华达科技,3.0,439040000,2022-06-02
688079,美迪凯,0.75,401333334,2022-06-02
688575,亚辉龙,4.0,405000000,2022-06-02
600997,开滦股份,4.6,1587799851,2022-06-02
002995,天地在线,2.2,91371000,2022-06-07
002919,名臣健康,3.0,122135745,2022-06-06
301093,华兰股份,7.0,134666667,2022-06-07
002945,华林证券,0.54,2700000000,2022-06-02
603986,兆易创新,10.6,667467102,2022-06-02
003010,若羽臣,2.0,121699840,2022-06-06
600728,佳都科技,0.185,1758229097,2022-06-02
001201,东瑞股份,2.0,177338000,2022-06-02
600328,中盐化工,4.7,957664592,2022-06-02
688083,中望软件,10.0,61943857,2022-06-02
605378,野马电池,3.5,133340000,2022-06-02
002952,亚世光电,1.606353,164340000,2022-06-06
688510,航亚科技,1.0,258382608,2022-06-06
603319,美湖股份,3.6,160609845,2022-06-02
300557,理工光科,1.591982,69936123,2022-06-02
688408,中信博,0.3,135715480,2022-06-02
600546,山煤国际,15.67,1982456140,2022-06-02
603960,克来机电,0.58,260944500,2022-06-02
000655,金岭矿业,0.5,595340230,2022-06-06
688171,纬德信息,2.0,83773400,2022-06-02
603225,新凤鸣,2.25,1529469167,2022-06-02
300187,永清环保,0.8,644500165,2022-06-06
300732,设研院,2.5,271249626,2022-06-06
002792,通宇通讯,0.2,402056966,2022-06-07
688085,三友医疗,1.82,205333500,2022-06-07
603730,岱美股份,5.0,724415505,2022-06-02
300697,电工合金,1.6,332800000,2022-06-06
603579,荣泰健康,7.0,140003402,2022-06-02
603500,祥和实业,1.3,245548776,2022-06-02
300593,新雷能,1.05,265985312,2022-06-07
688618,三旺通信,3.6,50527495,2022-06-06
002753,永东股份,2.12,375440910,2022-06-06
688529,豪森智能,1.1,128000000,2022-06-02
603110,东方材料,1.8,201226732,2022-06-02
002798,帝欧水华,2.0,386895946,2022-06-02
601921,浙版传媒,3.2,2222222223,2022-06-02
000722,湖南发展,1.0,464158282,2022-06-02
002004,华邦健康,2.2,1979919191,2022-06-02
603617,君禾股份,1.5,260849645,2022-06-02
002493,荣盛石化,1.5,10125525000,2022-06-06
002878,元隆雅图,3.6,223170841,2022-06-06
920663,明阳科技,6.46,38700000,2022-06-10
000333,美的集团,17.008943,6997053441,2022-06-02
300847,中船汉光,0.75,296010000,2022-06-07
603998,方盛制药,1.5,429429720,2022-06-02
688283,坤恒顺维,0.62,84000000,2022-06-02
300806,斯迪克,1.2,189925406,2022-06-02
001218,丽臣实业,9.0,89995500,2022-06-06
600567,山鹰国际,1.1,4616176112,2022-06-02
688665,四方光电,12.5,70000000,2022-06-02
603408,建霖家居,3.95,448980000,2022-06-02
603931,格林达,3.0,142541700,2022-06-06
605118,力鼎光电,1.2,407391500,2022-06-02
603185,弘元绿能,20.0,275225954,2022-06-02
002648,卫星化学,3.493033,1720071529,2022-06-06
300058,蓝色光标,0.426026,2491037834,2022-06-07
603001,奥康国际,5.0,400980000,2022-06-06
600360,华微电子,0.37,960295304,2022-06-02
600120,浙江东方,0.62,2896323121,2022-06-02
688058,宝兰德,6.0,40000000,2022-06-02
000517,荣安地产,1.6,3183922485,2022-06-02
301097,天益医疗,2.5,58947368,2022-06-07
603922,ST金鸿顺,0.5,128000000,2022-06-06
603486,科沃斯,11.0,573921875,2022-06-02
300567,精测电子,3.0,278144250,2022-06-06
002809,红墙股份,1.0,208533262,2022-06-02
300251,光线传媒,2.0,2933608432,2022-06-02
301187,欧圣电气,5.0,182607661,2022-06-07
603519,立霸股份,4.0,266327839,2022-06-06
688102,斯瑞新材,0.8,400010000,2022-06-02
688093,世华科技,1.2,172000000,2022-06-02
601678,滨化股份,1.5,2058036276,2022-06-02
603316,诚邦股份,0.15,264264000,2022-06-02
002558,巨人网络,1.6,2024379932,2022-06-02
603721,中广天择,1.5,130000000,2022-06-06
300691,联合光电,1.2,266068747,2022-06-02
001206,依依股份,7.0,94333576,2022-06-02
600970,中材国际,2.3,2265632064,2022-06-02
605580,恒盛能源,5.0,200000000,2022-06-07
600735,ST新华锦,0.47,428778219,2022-06-06
603327,福蓉科技,4.2,401000000,2022-06-06
603183,建研院,0.666,417369292,2022-06-07
603335,迪生力,0.24,428144600,2022-06-06
300185,通裕重工,0.3,3896783221,2022-06-07
603696,安记食品,1.25,235200000,2022-06-06
601689,拓普集团,2.78,1102046572,2022-06-06
300107,建新股份,1.0,551731068,2022-06-07
688136,科兴制药,1.0,198700650,2022-06-07
300213,佳讯飞鸿,0.5,593718564,2022-06-07
603567,珍宝岛,1.06,941963592,2022-06-07
603676,卫信康,1.6,435919000,2022-06-06
603010,万盛股份,4.2,589578593,2022-06-06
688135,利扬芯片,3.67,136400000,2022-06-06
002643,万润股份,2.55,930335215,2022-06-06
605116,奥锐特,1.3,401000000,2022-06-06
603041,美思德,1.1,183147692,2022-06-06
002867,周大生,5.0,1096079837,2022-06-07
301133,金钟股份,1.0,106096616,2022-06-07
605388,均瑶健康,2.2,430000000,2022-06-07
300217,东方电热,0.2,1441216681,2022-06-07
603086,先达股份,2.5,221886000,2022-06-06
603006,联明股份,3.8,254254250,2022-06-07
600611,大众交通,0.28,2364122864,2022-06-06
300776,帝尔激光,7.5,106272896,2022-06-07
002043,兔宝宝,4.7,772841781,2022-06-08
601012,隆基绿能,2.6,5412952708,2022-06-06
002327,富安娜,6.0,829459027,2022-06-08
920415,恒拓开源,0.41,137701987,2022-06-10
603118,共进股份,1.5,792133332,2022-06-06
300860,锋尚文化,0.7,137262108,2022-06-08
688310,迈得医疗,3.8,83600000,2022-06-06
603687,大胜达,0.24,419101079,2022-06-08
688168,安博通,2.0,51294000,2022-06-06
603331,百达精工,2.5,178160533,2022-06-07
003043,华亚智能,3.0,80000000,2022-06-08
920419,路斯股份,0.5,103676400,2022-06-09
002376,新北洋,2.0,655192283,2022-06-08
002155,湖南黄金,0.6,1202039474,2022-06-08
688032,禾迈股份,30.0,40000000,2022-06-07
688281,华秦科技,3.5,66666668,2022-06-06
300995,奇德新材,2.36,84160000,2022-06-06
605020,永和股份,2.5,269750994,2022-06-07
603889,新澳股份,3.0,511746388,2022-06-06
300520,科大国创,0.992093,245829460,2022-06-08
688556,高测股份,1.8,161851400,2022-06-06
301028,鼎熔岩,2.0,378912000,2022-06-08
600015,华夏银行,3.38,15387223983,2022-06-08
002730,电光科技,1.1,362079880,2022-06-07
920429,康比特,1.0,104010000,2022-06-09
300765,石药创新,1.5,546000000,2022-06-07
920892,广咨国际,4.0,76363347,2022-06-09
003016,欣贺股份,6.0,432308988,2022-06-07
688606,奥泰生物,40.0,53904145,2022-06-07
688599,天合光能,2.3,2167587415,2022-06-09
002539,云图控股,4.0,1010100000,2022-06-08
300438,鹏辉能源,0.5,435568484,2022-06-08
301258,富士莱,4.0,91670000,2022-06-08
002915,中欣氟材,2.5,234255411,2022-06-08
300718,长盛轴承,3.5,297222000,2022-06-08
603260,合盛硅业,15.1,1074165577,2022-06-07
603738,泰晶科技,3.8,198667067,2022-06-08
002158,汉钟精机,3.6,534724139,2022-06-08
002965,祥鑫科技,1.259991,153472645,2022-06-08
300862,蓝盾光电,4.0,131869930,2022-06-08
603159,上海亚虹,1.0,140000000,2022-06-07
002820,桂发祥,1.5,204800000,2022-06-07
688255,凯尔达,5.1,78414611,2022-06-08
601619,嘉泽新能,1.0,2434287637,2022-06-07
920014,特瑞斯,1.8,75920000,2022-06-09
688163,赛伦生物,9.0,108220000,2022-06-07
300337,银邦股份,0.2,821920000,2022-06-08
000573,粤宏远A,1.0,638280604,2022-06-08
603786,科博达,5.0,400100000,2022-06-07
300305,裕兴股份,2.702949,288753000,2022-06-08
001288,运机集团,1.0,160000000,2022-06-08
605208,永茂泰,1.8,188000000,2022-06-08
605266,健之佳,15.75,76339577,2022-06-08
000553,安道麦A,0.08,2329811766,2022-06-07
603150,万朗磁塑,5.1,83000000,2022-06-08
002683,广东宏大,3.0,748760423,2022-06-08
000877,天山股份,3.3,8663422814,2022-06-08
002980,华盛昌,11.0,133333400,2022-06-07
300756,金马游乐,0.45,101149860,2022-06-08
600916,中国黄金,2.4,1680000000,2022-06-07
688186,广大特材,2.5,214240000,2022-06-08
300693,盛弘股份,1.2,205275493,2022-06-08
603585,苏利股份,4.0,180000000,2022-06-08
601116,三江购物,2.0,547678400,2022-06-07
002830,名雕股份,1.5,133340000,2022-06-08
600426,华鲁恒升,8.0,2122479999,2022-06-08
300474,景嘉微,1.9,301237772,2022-06-08
601100,恒立液压,7.3,1305360000,2022-06-09
300950,德固特,1.0,100000000,2022-06-08
600351,亚宝药业,0.8,770000023,2022-06-08
002675,东诚药业,1.5,802214326,2022-06-09
300244,迪安诊断,1.35,620458296,2022-06-08
300837,浙矿股份,3.0,100000000,2022-06-09
002153,石基信息,0.3,1499557056,2022-06-08
000032,深桑达A,1.0,1138744840,2022-06-08
002064,华峰化学,3.0,4962543897,2022-06-09
688105,诺唯赞,3.0,400010000,2022-06-07
300748,金力永磁,2.5,836430630,2022-06-07
300953,震裕科技,1.83,93080000,2022-06-08
002731,*ST萃华,0.1,256156000,2022-06-08
601216,君正集团,1.62,8438017390,2022-06-07
002332,仙琚制药,1.5,989204866,2022-06-08
605399,晨光新材,5.0,184810000,2022-06-08
300439,美康生物,0.95,382999815,2022-06-08
605300,佳禾食品,1.2,400010000,2022-06-08
002802,洪汇新材,4.0,107871000,2022-06-08
603226,菲林格尔,0.3,273455208,2022-06-08
300062,中能电气,0.1,348485829,2022-06-08
601162,天风证券,0.06,8665757464,2022-06-09
603171,税友股份,3.0,405890000,2022-06-09
920509,同惠电子,2.8,106203114,2022-06-10
300994,久祺股份,6.8,194240000,2022-06-09
002729,好利科技,0.4,93352000,2022-06-08
605018,长华集团,2.9,468486353,2022-06-08
002890,弘宇股份,1.0,93338000,2022-06-08
002773,康弘药业,1.0,919463954,2022-06-08
003029,吉大正元,1.7,186400000,2022-06-07
605011,杭州热电,1.8,400100000,2022-06-09
000818,航锦科技,1.0,679156000,2022-06-08
688680,海优新材,6.1,84020000,2022-06-08
601702,华峰铝业,0.76,998530600,2022-06-08
002398,垒知集团,0.8,720230406,2022-06-08
601128,常熟银行,2.0,2740855925,2022-06-08
002075,沙钢股份,0.8,2206771772,2022-06-08
600985,淮北矿业,7.0,2481035925,2022-06-07
300412,迦南科技,0.6,292798022,2022-06-09
300932,三友联众,3.0,125629513,2022-06-09
603060,国检集团,1.26,603680000,2022-06-09
603121,华培动力,2.0,264551000,2022-06-07
301013,利和兴,1.0,155828704,2022-06-09
300863,卡倍亿,3.0,55230000,2022-06-09
688776,国光电气,6.458,77416728,2022-06-08
002110,三钢闽光,8.2,2451576238,2022-06-10
603915,国茂股份,3.0,473232400,2022-06-08
600415,小商品城,0.73,5491274176,2022-06-10
601728,中国电信,1.7,91507138699,2022-06-08
603838,*ST四通,0.4,320016000,2022-06-09
301222,浙江恒威,6.0,101333400,2022-06-10
002831,裕同科技,2.20684,930513553,2022-06-10
300819,聚杰微纤,3.0,99470000,2022-06-09
002938,鹏鼎控股,5.0,2321155816,2022-06-08
603618,杭电股份,0.5,691056019,2022-06-08
300055,万邦达,0.3,803095760,2022-06-08
301226,祥明智能,6.3,68000000,2022-06-09
603200,上海洗霸,1.0,125296539,2022-06-09
002678,珠江钢琴,0.43,1358320323,2022-06-10
603776,永安行,1.0,233426047,2022-06-09
600867,通化东宝,3.0,2009588571,2022-06-08
300599,雄塑科技,1.0,358131567,2022-06-08
688516,奥特维,16.0,98670000,2022-06-08
002705,新宝股份,2.0,826727780,2022-06-10
002859,洁美科技,2.0,410021307,2022-06-10
603076,乐惠国际,0.8,120701344,2022-06-08
600160,巨化股份,1.3,2699746081,2022-06-09
000723,美锦能源,2.0,4270271048,2022-06-09
688468,科美诊断,1.7,401000000,2022-06-08
300651,金陵体育,0.999999,128747121,2022-06-09
301062,上海艾录,0.6,400391800,2022-06-10
300394,天孚通信,4.0,391546193,2022-06-10
603002,宏昌电子,2.9,903875195,2022-06-09
300815,玉禾田,2.56,276800000,2022-06-09
600022,山东钢铁,0.6,10946549616,2022-06-10
603192,汇得科技,3.35,106666667,2022-06-08
300614,百川畅银,0.68,160434469,2022-06-10
300945,曼卡龙,1.05,204000000,2022-06-09
605389,长龄液压,6.0,97333400,2022-06-09
605089,味知香,10.0,100000000,2022-06-10
300854,中兰环保,1.5,99094000,2022-06-08
688630,芯碁微装,2.0,120800000,2022-06-09
002472,双环传动,0.6,777691625,2022-06-09
300380,安硕信息,0.4,140795775,2022-06-09
300833,浩洋股份,8.0,84327000,2022-06-10
600987,航民股份,3.0,1050818859,2022-06-09
300993,玉马科技,2.0,131680000,2022-06-10
002215,诺普信,2.0,989781427,2022-06-08
688786,悦安新材,6.0,85440800,2022-06-08
002950,奥美医疗,2.1,633265407,2022-06-09
688767,博拓生物,30.0,106666667,2022-06-08
000661,长春高新,8.0,404720290,2022-06-09
002461,珠江啤酒,1.2,2213328480,2022-06-10
301123,奕东电子,3.0,233600000,2022-06-09
603799,华友钴业,3.0,1221265783,2022-06-08
603216,梦天家居,2.5,221360000,2022-06-08
603015,弘讯科技,1.0,404219000,2022-06-09
002769,普路通,0.2,373318054,2022-06-09
601997,贵阳银行,3.0,3656198076,2022-06-09
601222,林洋能源,2.2,2060169156,2022-06-08
600097,开创国际,2.4,240936559,2022-06-08
603266,天龙股份,1.1,198886750,2022-06-09
603416,信捷电气,2.6,140560000,2022-06-08
600366,宁波韵升,1.0,989113721,2022-06-08
688115,思林杰,4.5,66670000,2022-06-08
605177,东亚药业,2.0,113600000,2022-06-08
002195,岩山科技,0.2,5724847663,2022-06-09
603016,新宏泰,3.1,148160000,2022-06-08
603638,艾迪精密,1.2,841558502,2022-06-08
605488,福莱新材,5.0,122156500,2022-06-08
000822,山东海化,0.5,895091926,2022-06-10
603538,美诺华,1.9851,152452373,2022-06-08
688026,洁特生物,6.0,100000000,2022-06-08
603387,基蛋生物,3.4,362252512,2022-06-08
300962,中金辐照,1.0,264001897,2022-06-10
000099,中信海直,0.8,775770137,2022-06-08
600740,山西焦化,1.5,2562121154,2022-06-10
002714,牧原股份,2.48023,5322085112,2022-06-09
600177,雅戈尔,5.0,4628902973,2022-06-08
300941,创识科技,2.3,136500000,2022-06-09
301024,霍普股份,5.0,42390000,2022-06-10
301091,深城交,3.01,160000000,2022-06-10
300602,飞荣达,0.1,507941948,2022-06-09
600828,茂业商业,1.5,1731982546,2022-06-09
301061,匠心家居,12.0,80000000,2022-06-09
300992,泰福泵业,0.69,90800000,2022-06-10
688202,美迪西,13.7,62083071,2022-06-08
301026,浩通科技,4.0,113333334,2022-06-08
300635,中达安,0.25,136322000,2022-06-09
688789,宏华数科,9.0,76000000,2022-06-09
300504,天邑股份,2.0,273091000,2022-06-10
000026,飞亚达,3.0,426051015,2022-06-10
600560,金自天正,0.63,223645500,2022-06-10
300239,东宝生物,0.06,593602983,2022-06-10
002977,*ST天箭,3.0,71500000,2022-06-10
003031,中瓷电子,1.5,149333333,2022-06-10
300470,中密控股,5.0,208171277,2022-06-10
003032,传智教育,0.192601,402447500,2022-06-13
300648,星云股份,0.55,147783896,2022-06-09
688788,科思科技,10.0,75534232,2022-06-09
605100,华丰股份,6.5,121380000,2022-06-10
600051,宁波联合,1.0,310880000,2022-06-10
002214,*ST大立,0.8,599237935,2022-06-10
600551,时代出版,1.64,484325171,2022-06-10
688379,华光新材,1.57,88000000,2022-06-09
300655,晶瑞电材,0.982562,346684132,2022-06-10
301027,华蓝集团,1.61,147000000,2022-06-10
003025,思进智能,4.5,112546000,2022-06-10
688425,铁建重工,0.98,5333497000,2022-06-10
603596,伯特利,1.28,408460700,2022-06-09
300959,线上线下,3.3,80000000,2022-06-10
000930,中粮科技,2.45,1865273596,2022-06-10
603629,利通电子,1.73,130000000,2022-06-09
603871,嘉友国际,5.0,316972433,2022-06-09
002612,朗姿股份,0.7,442445375,2022-06-10
301150,中一科技,20.0,67347175,2022-06-10
300408,三环集团,3.2,1916497371,2022-06-10
601811,新华文轩,3.2,1233841000,2022-06-10
920000,安徽凤凰,0.65,96369065,2022-06-16
603970,中农立华,3.5,192000096,2022-06-10
688499,利元亨,2.7,88000000,2022-06-10
600523,贵航股份,1.33,404311320,2022-06-10
688029,南微医学,7.5,133747220,2022-06-10
603079,圣达生物,1.4,171188958,2022-06-10
301217,铜冠铜箔,1.5,829015544,2022-06-10
300955,嘉亨家化,3.8,100800000,2022-06-13
002588,史丹利,0.7,1156884000,2022-06-10
601158,重庆水务,2.57,4800000000,2022-06-10
688656,浩欧博,5.3,63058328,2022-06-09
000016,*ST康佳A,0.5,2407945408,2022-06-10
301005,超捷股份,5.0,57126903,2022-06-10
603396,金辰股份,1.6,116293082,2022-06-10
688175,高凌信息,5.0,92906379,2022-06-09
002842,翔鹭钨业,1.0,277672044,2022-06-10
600335,国机汽车,0.7,1456875351,2022-06-10
603992,松霖科技,0.76,401009858,2022-06-10
603919,金徽酒,2.2,507259997,2022-06-09
002452,长高电气,0.7,620332085,2022-06-10
000581,威孚高科,16.0,1008659570,2022-06-10
002881,美格智能,1.36,184698800,2022-06-10
000935,四川双马,2.4,763440333,2022-06-10
300695,兆丰股份,1.8,70929872,2022-06-10
600028,中国石化,3.1,121071209646,2022-06-10
002741,光华科技,0.3,393360743,2022-06-10
688076,ST诺泰,1.5,213183800,2022-06-09
300836,佰奥智能,3.05,49255720,2022-06-10
601966,玲珑轮胎,1.6,1484246913,2022-06-10
603819,神力股份,0.45,217730187,2022-06-10
600587,新华医疗,1.5,411974891,2022-06-10
603988,中电电机,0.565,235200000,2022-06-09
605507,国邦医药,2.0,558823500,2022-06-10
603698,航天工程,0.88,535990000,2022-06-09
600563,法拉电子,16.0,225000000,2022-06-10
688131,皓元医药,5.3,74342007,2022-06-13
600031,三一重工,4.5,8493286021,2022-06-10
603267,鸿远电子,3.9,232404000,2022-06-09
300566,激智科技,1.002428,262087850,2022-06-10
003041,真爱美家,1.5,100000000,2022-06-09
000786,北新建材,6.55,1689507842,2022-06-09
000532,华金资本,0.6,344708340,2022-06-10
300778,新城市,1.984546,125973380,2022-06-10
002679,福建金森,0.35,235756000,2022-06-10
300626,华瑞股份,0.3,180000000,2022-06-10
300183,东软载波,1.5,462609137,2022-06-10
688700,东威科技,3.0,147200000,2022-06-09
601567,三星电气,3.2,1408654553,2022-06-10
603259,药明康德,5.174,2956014117,2022-06-09
600168,武汉控股,1.69,709569692,2022-06-13
000923,河钢资源,3.0,652728961,2022-06-10
300702,天宇股份,1.0,347977159,2022-06-13
300887,谱尼测试,4.0,159431920,2022-06-10
688787,海天瑞声,2.5,42800000,2022-06-10
300677,英科医疗,7.5,549593385,2022-06-13
688039,当虹科技,2.508,80316500,2022-06-10
300797,钢研纳克,1.02,248200000,2022-06-10
300800,力合科技,1.5,238400000,2022-06-10
300971,博亚精工,4.0,84000000,2022-06-10
002829,星网宇达,1.5,154685040,2022-06-10
000030,富奥股份,3.0,1810552111,2022-06-13
300529,健帆生物,9.0,805497338,2022-06-10
000801,四川九洲,0.51,1022806646,2022-06-13
002391,长青股份,2.0,649604550,2022-06-13
300171,东富龙,3.856557,635415040,2022-06-10
002222,福晶科技,1.5,427500000,2022-06-10
000829,天音控股,0.61,1025100438,2022-06-10
300711,广哈通信,1.1,207642172,2022-06-10
301178,天亿马,4.0,47112000,2022-06-13
603956,威派格,1.76,508435307,2022-06-10
300678,中科信息,0.5,197590862,2022-06-13
600583,海油工程,0.8,4421354800,2022-06-10
603196,璞源材料,1.8,239918100,2022-06-10
601956,东贝集团,0.5,511320000,2022-06-10
603600,永艺股份,2.2,302512640,2022-06-10
605289,罗曼股份,6.0,86670000,2022-06-13
002130,沃尔核材,0.35,1259898562,2022-06-13
688098,申联生物,0.9,410644000,2022-06-10
920478,峆一药业,3.0,30037500,2022-06-14
300623,捷捷微电,1.26,736666324,2022-06-14
000596,古井贡酒,22.0,528600000,2022-06-13
920885,星辰科技,2.5,85709000,2022-06-14
002179,中航光电,5.5,1135446400,2022-06-13
920199,倍益康,3.0,37350000,2022-06-13
603551,奥普科技,6.0,404830000,2022-06-10
605151,西上海,2.9,133340000,2022-06-13
603508,思维列控,8.4834,272338841,2022-06-10
600118,中国卫星,0.6,1182489135,2022-06-13
601615,明阳智能,2.2115,2103783206,2022-06-10
002349,精华制药,0.6,814180908,2022-06-13
920566,梓橦宫,5.0,73280540,2022-06-14
688208,道通科技,1.0,450946625,2022-06-10
603189,*ST网达,1.0,269548349,2022-06-14
600418,江淮汽车,0.28,2184009791,2022-06-10
600720,中交设计,4.5,776290282,2022-06-10
603165,荣晟环保,3.5,264457481,2022-06-13
605179,一鸣食品,0.16,401000000,2022-06-14
300986,志特新材,1.5,117066667,2022-06-14
603985,恒润股份,1.0,339121541,2022-06-10
300119,瑞普生物,3.5,468132762,2022-06-13
605009,豪悦护理,10.0,156041513,2022-06-10
688150,莱特光电,1.0,402437585,2022-06-10
600252,中恒集团,0.27,3475107147,2022-06-10
601899,紫金矿业,2.0,26329312240,2022-06-10
002266,浙富控股,0.8,5369795962,2022-06-13
300725,药石科技,1.0,199658096,2022-06-13
603611,诺力股份,5.5,267184734,2022-06-10
605058,澳弘电子,3.0,142923950,2022-06-10
002645,华宏科技,1.0,582081698,2022-06-13
603233,大参林,5.0,790929761,2022-06-13
603351,威尔药业,3.0,135478432,2022-06-13
301081,严牌股份,5.0,170670000,2022-06-13
600929,雪天盐业,2.0,1351007497,2022-06-13
300899,上海凯鑫,3.3,63783466,2022-06-14
601886,江河集团,1.0,1154050000,2022-06-13
605005,合兴股份,1.5,404136500,2022-06-13
000963,华东医药,2.9,1749809548,2022-06-13
600184,光电股份,0.5,508760826,2022-06-13
603530,神马电力,1.0,432263327,2022-06-13
301079,邵阳液压,1.0,83893334,2022-06-13
601117,中国化学,1.46,6109470588,2022-06-13
920837,华原股份,2.0,128870000,2022-06-16
603095,越剑智能,8.0,132000000,2022-06-15
300500,启迪设计,1.1,173974869,2022-06-14
300388,节能国祯,1.2,698962023,2022-06-14
603308,应流股份,1.02,683146921,2022-06-13
600998,九州通,3.0,1873869441,2022-06-14
301162,国能日新,4.5,70892630,2022-06-14
600965,*ST福成,1.2,818700955,2022-06-14
300141,和顺电气,0.15,253884600,2022-06-14
301086,鸿富瀚,10.0,60000000,2022-06-13
002975,博杰股份,3.5,139688017,2022-06-13
600057,厦门象屿,5.1,2157215607,2022-06-13
301135,瑞德智能,3.0,101952000,2022-06-15
601231,环旭电子,2.6,2210393238,2022-06-13
300514,友讯达,1.0,200000000,2022-06-15
600814,杭州解百,1.91,736476758,2022-06-15
603909,建发合诚,0.42,200517800,2022-06-13
000060,中金岭南,0.947289,3737541068,2022-06-14
688226,威腾电气,1.25,156000000,2022-06-13
002351,漫步者,1.8,889107000,2022-06-13
603577,汇金通,0.6,339139100,2022-06-13
300759,康龙化成,4.5,794045086,2022-06-14
002230,科大讯飞,1.0,2323752783,2022-06-13
603203,快克智能,13.0,190883044,2022-06-13
002900,哈三联,3.2,316600050,2022-06-13
300407,凯发电气,0.22943,305103831,2022-06-13
302132,中航成飞,0.5,590760499,2022-06-14
601579,会稽山,1.8,497360000,2022-06-13
000555,神州信息,0.403129,983653713,2022-06-13
603035,常熟汽饰,3.496,380030933,2022-06-15
300127,银河磁体,4.5,323146360,2022-06-15
603639,海利尔,10.0,340667866,2022-06-13
920396,常辅股份,2.0,53263891,2022-06-17
300597,吉大通信,0.25,240000000,2022-06-15
601860,紫金银行,1.0,3660973342,2022-06-13
920792,东和新材,2.0,145540000,2022-06-14
600531,豫光金铅,1.13,1090242634,2022-06-14
300849,锦盛新材,1.0,150000000,2022-06-15
688577,浙海德曼,3.0,53971720,2022-06-13
688622,*ST禾信,1.7,69997606,2022-06-15
688683,莱尔科技,1.5,148560000,2022-06-14
002527,新时达,0.7,659951891,2022-06-14
300781,因赛集团,1.6,109903846,2022-06-14
688210,统联精密,2.0,80000000,2022-06-14
002970,锐明技术,1.0,173120000,2022-06-13
688139,海尔生物,5.001,317071758,2022-06-13
002061,浙江交科,1.612917,1705855834,2022-06-13
301021,英诺激光,1.2,151645082,2022-06-13
600350,山东高速,4.0,4811165857,2022-06-15
300035,中科电气,1.5,723310765,2022-06-14
600295,鄂尔多斯,20.0,1427947069,2022-06-13
603050,科林电气,2.0,162210100,2022-06-13
002606,大连电瓷,0.36,439391220,2022-06-13
000570,苏常柴A,0.26,705692507,2022-06-15
300864,南大环境,8.0,91200000,2022-06-14
688655,迅捷兴,0.75,133390000,2022-06-14
300454,深信服,0.7,415581488,2022-06-14
301092,争光股份,1.2,133333334,2022-06-14
002152,广电运通,1.5,2483382898,2022-06-15
688580,伟思医疗,13.018,68619367,2022-06-14
601003,柳钢股份,1.76,2562793200,2022-06-16
300214,日科化学,0.76,470812614,2022-06-16
603329,上海雅仕,3.0,158756195,2022-06-15
002498,汉缆股份,0.36,3326796000,2022-06-15
000404,长虹华意,1.5,695995979,2022-06-16
300576,容大感光,0.45,194049778,2022-06-16
603323,苏农银行,1.6,1803070997,2022-06-16
300369,绿盟科技,0.67,798584413,2022-06-16
002057,中钢天源,1.39,759047776,2022-06-14
301048,金鹰重工,1.191354,533333400,2022-06-15
600536,中国软件,0.5,507687782,2022-06-14
300039,上海凯宝,0.5,1046000000,2022-06-16
601698,中国卫通,0.29,4000000000,2022-06-15
000761,本钢板材,5.999975,4108208094,2022-06-16
300618,寒锐钴业,4.3,309617139,2022-06-15
002009,天奇股份,0.3,379299434,2022-06-15
301065,本立科技,3.5,70680000,2022-06-16
300826,测绘股份,3.0,112000000,2022-06-15
601107,四川成渝,1.1,3058060000,2022-06-15
603511,爱慕股份,2.5,400010000,2022-06-15
301207,华兰疫苗,2.0,400010000,2022-06-16
300724,捷佳伟创,1.8,348250346,2022-06-16
601339,百隆东方,5.0,1500000000,2022-06-14
600035,楚天高速,1.4,1610115901,2022-06-15
300154,瑞凌股份,2.0,455296000,2022-06-15
600801,华新建材,10.0,2096599855,2022-06-14
603755,日辰股份,3.0,98613681,2022-06-16
002695,煌上煌,0.6,512430404,2022-06-14
001212,中旗新材,3.0,90670000,2022-06-15
300622,博士眼镜,5.0,172418571,2022-06-14
920992,中科美菱,8.0,72548200,2022-06-15
300161,华中数控,0.2,198696906,2022-06-15
002543,万和电气,3.3,743600000,2022-06-16
002171,楚江新材,2.5,1334530157,2022-06-15
002541,鸿路钢构,3.299997,530777557,2022-06-15
002800,天顺股份,1.11,108752191,2022-06-14
300320,海达股份,0.25,601234191,2022-06-15
600373,中文传媒,6.8,1355063719,2022-06-15
600039,四川路桥,4.7,4804943889,2022-06-15
002007,华兰生物,2.0,1824366726,2022-06-16
300771,智莱科技,3.0,160000000,2022-06-16
920642,通易航天,1.5,74050199,2022-06-16
688679,通源环境,1.2,131689675,2022-06-16
002892,科力尔,2.6,225009666,2022-06-15
002012,凯恩股份,0.2,467625470,2022-06-16
600371,万向德农,1.0,292578000,2022-06-15
300913,兆龙互连,1.3,122500000,2022-06-16
300927,江天化学,2.88,80200000,2022-06-16
603299,苏盐井神,1.5002,783148545,2022-06-15
600933,爱柯迪,2.0,863192200,2022-06-14
603303,得邦照明,3.43,476944575,2022-06-15
300482,万孚生物,3.0,444832885,2022-06-14
603787,新日股份,0.5,204000000,2022-06-15
301196,唯科科技,6.0,124800000,2022-06-15
600980,北矿科技,0.48,172828124,2022-06-15
002352,顺丰控股,1.8,4895202373,2022-06-15
300857,协创数据,0.7,206557782,2022-06-14
300547,川环科技,2.77,216906174,2022-06-16
002342,巨力索具,0.04,960000000,2022-06-14
301020,密封科技,2.7,146400000,2022-06-15
002978,安宁股份,5.0,401000000,2022-06-14
688533,上声电子,1.2,160000000,2022-06-14
688777,中控技术,3.6,496823000,2022-06-14
688359,三孚新科,1.75,92180000,2022-06-14
300770,新媒股份,12.0,231058146,2022-06-15
605180,华生科技,10.0,100000000,2022-06-15
688212,澳华内镜,1.9,133340000,2022-06-16
000623,吉林敖东,3.0,1163047073,2022-06-16
603301,振德医疗,6.0,227204736,2022-06-15
002698,博实股份,2.5,1022550000,2022-06-17
603167,渤海轮渡,1.5,472581603,2022-06-16
688659,元琛科技,1.35,160000000,2022-06-15
601009,南京银行,4.6162,10305724777,2022-06-17
002946,新乳业,0.75,867271827,2022-06-15
603181,皇马科技,1.0,588700000,2022-06-16
688166,博瑞医药,1.2,410000000,2022-06-16
688669,聚石化学,1.4,93333334,2022-06-16
300855,图南股份,2.0,201340000,2022-06-16
920445,龙竹科技,1.5,114637800,2022-06-16
300190,维尔利,0.999999,781587890,2022-06-16
603126,中材节能,0.85,610500000,2022-06-17
000970,中科三环,0.8,1215725773,2022-06-17
603279,景津装备,8.0,411916500,2022-06-15
601166,兴业银行,10.35,20774190751,2022-06-16
002953,日丰股份,1.0,243341080,2022-06-16
603306,华懋科技,1.148,307019706,2022-06-15
300689,澄天伟业,0.85,115600000,2022-06-15
600894,广日股份,2.3,859946895,2022-06-16
600285,羚锐制药,5.0,567458992,2022-06-16
300669,沪宁股份,2.3,128470351,2022-06-16
688123,聚辰股份,2.7,120841867,2022-06-16
000828,东莞控股,2.7,1039516992,2022-06-16
603637,镇海股份,1.2,243678373,2022-06-16
603798,康普顿,1.66,200000000,2022-06-16
603700,宁水集团,8.0,203242000,2022-06-15
603797,联泰环保,2.0,584079715,2022-06-15
300416,苏试试验,1.5,284584290,2022-06-16
300643,万通智控,0.88,230000000,2022-06-16
601890,亚星锚链,0.4,959400000,2022-06-16
688183,生益电子,1.6,831821175,2022-06-17
600633,浙数文化,0.8,1265730523,2022-06-16
000901,航天科技,0.3,798201406,2022-06-15
920208,青矩技术,15.0,59440358,2022-06-17
301099,雅创电子,3.0,80000000,2022-06-16
301058,中粮科工,1.5,512274245,2022-06-15
603277,银都股份,5.0,420684000,2022-06-16
000035,中国天楹,1.0,2523777297,2022-06-16
002440,闰土股份,3.5,1150500000,2022-06-16
688697,纽威数控,2.5,326666700,2022-06-17
601717,中创智领,4.35,1779493670,2022-06-15
600507,方大特钢,11.1,2331805223,2022-06-15
600279,重庆港,0.2,1186866283,2022-06-16
600392,盛和资源,1.0,1752826570,2022-06-16
301043,绿岛风,0.8,68000000,2022-06-15
300570,太辰光,3.0,229996800,2022-06-16
603713,密尔克卫,3.9,164464686,2022-06-15
002568,百润股份,5.0,751039436,2022-06-16
002436,兴森科技,1.0,1487930886,2022-06-16
000705,浙江震元,0.6,334123286,2022-06-15
600101,明星电力,0.8,421432670,2022-06-17
601360,三六零,1.0,7145363197,2022-06-15
601010,ST文峰,1.29,1848000000,2022-06-16
301002,崧盛股份,2.0,94520000,2022-06-16
601369,陕鼓动力,3.1,1726625829,2022-06-16
603968,醋化股份,5.0,204480000,2022-06-16
300889,爱克股份,0.3,156000000,2022-06-16
000988,华工科技,0.8,1005502707,2022-06-16
000546,金圆股份,0.2,780781962,2022-06-16
601609,金田股份,1.1,1480482009,2022-06-15
301016,雷尔伟,1.5,120000000,2022-06-17
002039,黔源电力,2.0,305398662,2022-06-16
003013,地铁设计,4.0,400010000,2022-06-16
002048,宁波华翔,1.247175,814095508,2022-06-15
920508,殷图网联,1.0,50000000,2022-06-17
603912,佳力图,2.5,216978207,2022-06-16
688569,铁科轨道,2.5,210666700,2022-06-16
688257,新锐股份,5.0,92800000,2022-06-15
300538,同益股份,0.3,181918573,2022-06-15
603232,格尔软件,1.3,231722033,2022-06-16
300398,飞凯材料,0.7,528707221,2022-06-16
688571,杭华股份,2.0,320000000,2022-06-17
688002,睿创微纳,1.1174,446023750,2022-06-16
301000,肇民科技,15.0,53333500,2022-06-16
688151,华强科技,3.35,344500000,2022-06-15
002140,东华科技,1.5,545191440,2022-06-17
301109,军信股份,3.8,273340000,2022-06-17
300829,金丹科技,0.75,180654547,2022-06-16
002226,江南化工,0.6,2648922855,2022-06-16
002927,泰永长征,1.2,223209090,2022-06-15
600382,广东明珠,9.0,788933815,2022-06-15
600995,南网储能,0.1,478526400,2022-06-16
301198,喜悦智行,3.0,100000000,2022-06-16
603219,富佳股份,4.0,401000000,2022-06-16
603380,易德龙,1.9,161589600,2022-06-16
603836,海程邦达,8.0,205235237,2022-06-15
600251,冠农股份,0.4,780997683,2022-06-15
603081,大丰实业,2.0,409086002,2022-06-15
001914,招商积余,1.0,1060346060,2022-06-16
002755,奥赛康,1.0,928160351,2022-06-20
002344,海宁皮城,0.3,1282616960,2022-06-17
600159,大龙地产,0.5,830003232,2022-06-17
600496,精工钢构,0.36,2012874349,2022-06-16
002169,智光电气,1.0,787791994,2022-06-16
600425,青松建化,1.6,1378790086,2022-06-17
300625,三雄极光,7.0,279911000,2022-06-16
000753,漳州发展,0.3,991481071,2022-06-17
600135,乐凯胶片,0.3,553307099,2022-06-17
002079,苏州固锝,0.442646,807886616,2022-06-17
000069,华侨城A,1.0,8201793915,2022-06-16
601279,英利汽车,0.1,1494253157,2022-06-17
000788,北大医药,0.23,595987425,2022-06-17
600655,豫园股份,3.5,3890382974,2022-06-17
603368,柳药集团,4.8,362363356,2022-06-17
600730,*ST高科,0.072,586656002,2022-06-16
002940,昂利康,3.0,95946819,2022-06-20
002191,劲嘉股份,3.5,1470887550,2022-06-17
300539,横河精密,0.8,222173378,2022-06-16
920765,美之高,0.32,69613044,2022-06-20
002150,正泰电源,1.5,356517053,2022-06-17
688068,热景生物,50.0,62196341,2022-06-16
603636,南威软件,0.85,590793578,2022-06-16
603607,京华激光,2.5,178516800,2022-06-17
605255,天普股份,4.45,134080000,2022-06-16
688267,中触媒,2.3,176200000,2022-06-16
603517,ST绝味,5.7,614616995,2022-06-16
920392,佳合科技,2.5,43700000,2022-06-17
301206,三元生物,10.0,134883800,2022-06-17
600196,复星医药,5.6,2562898545,2022-06-16
600233,圆通速递,1.5,3436146954,2022-06-16
002523,天桥起重,0.2,1416640800,2022-06-16
600062,华润双鹤,4.8,1043237710,2022-06-16
300357,我武生物,2.01,523584000,2022-06-16
600909,华安证券,1.0,4697661176,2022-06-17
300577,开润股份,0.999998,239789780,2022-06-16
000887,中鼎股份,2.0,1316489747,2022-06-17
300091,*ST金灵,0.04,1489164214,2022-06-16
002877,智能自控,0.5,332537512,2022-06-17
600007,中国国贸,6.0,1007282534,2022-06-16
920438,戈碧迦,1.0,118250000,2022-06-24
600643,爱建集团,2.2,1621922452,2022-06-17
002863,今飞凯达,0.15,498819045,2022-06-20
300110,华仁药业,0.18,1182212982,2022-06-17
000859,国风新材,0.2,895976271,2022-06-16
300113,顺网科技,0.70353,694287240,2022-06-17
603811,诚意药业,2.5,233788800,2022-06-17
688566,吉贝尔,2.4,186941600,2022-06-17
300709,精研科技,1.8,155173793,2022-06-16
300717,华信新材,0.5,102400000,2022-06-20
002105,信隆健康,2.5,368500000,2022-06-17
688298,东方生物,61.8,120000000,2022-06-16
300177,中海达,0.15,744169066,2022-06-17
000417,合百集团,0.6,779884200,2022-06-16
002212,天融信,0.2,1185371070,2022-06-16
300730,科创信息,0.6,159849198,2022-06-17
920247,华密新材,3.23,69916000,2022-06-17
300321,同大股份,0.32,88800000,2022-06-17
300319,麦捷科技,0.600616,860290749,2022-06-17
000027,深圳能源,1.75,4757389916,2022-06-17
002340,格林美,0.29,4783522257,2022-06-17
605108,同庆楼,2.8,260000000,2022-06-17
300429,强力新材,0.45,515260944,2022-06-17
301228,实朴检测,2.0,120000000,2022-06-16
603040,新坐标,3.0,133989109,2022-06-16
688138,清溢光电,0.6,266800000,2022-06-17
600761,安徽合力,3.5,740180802,2022-06-16
300188,国投智能,1.2,806861849,2022-06-17
600517,国网英大,0.66,5718435744,2022-06-16
600784,鲁银投资,0.35,675652277,2022-06-17
002889,东方嘉盛,1.71,138101429,2022-06-17
688611,杭州柯林,15.0,55900000,2022-06-16
002281,光迅科技,1.7,699408918,2022-06-17
300817,双飞集团,2.5,121276800,2022-06-17
600621,华鑫股份,1.4,1060899292,2022-06-17
002508,老板电器,5.0,949024050,2022-06-16
003037,三和管桩,0.8,503836583,2022-06-17
300621,维业股份,0.27,208056700,2022-06-17
300783,三只松鼠,2.2,401000000,2022-06-20
002405,四维图新,0.06,2371767114,2022-06-16
301248,杰创智能,2.0,102470000,2022-06-17
600126,杭钢股份,2.5,3377189083,2022-06-17
002125,湘潭电化,0.5,629481713,2022-06-16
300925,法本信息,0.7,220733031,2022-06-17
000973,佛塑科技,0.38,967423171,2022-06-17
301199,迈赫股份,0.8,133340000,2022-06-17
300917,特发服务,2.5,130000000,2022-06-16
002661,克明食品,2.0,337010083,2022-06-17
300840,酷特智能,0.32,240000000,2022-06-17
002187,广百股份,4.1,704038932,2022-06-17
603020,爱普股份,1.5,383237774,2022-06-16
600261,阳光照明,2.0,1414659630,2022-06-16
601933,永辉超市,0.2,9075036993,2022-06-17
600132,重庆啤酒,20.0,483971198,2022-06-16
002119,康强电子,0.5,375284000,2022-06-17
603366,日出东方,0.78,822900000,2022-06-16
300878,维康药业,5.4,80439068,2022-06-17
300265,通光线缆,0.2,364972167,2022-06-20
688259,创耀科技,3.0,80000000,2022-06-16
300569,天能重工,1.5,807858071,2022-06-17
688060,云涌科技,2.63,60000000,2022-06-17
002026,山东威达,1.49994,440743837,2022-06-17
000021,深科技,1.5,1560587588,2022-06-17
601318,中国平安,15.0,18280241410,2022-06-20
688633,星球石墨,2.0,72733334,2022-06-17
002074,国轩高科,1.001322,1664707835,2022-06-17
600332,白云山,6.87,1625790949,2022-06-17
000028,国药一致,6.0,428126983,2022-06-17
002631,德尔未来,0.3,658631170,2022-06-17
603588,高能环境,0.7,1065900987,2022-06-17
605060,联德股份,3.34,240000000,2022-06-17
000860,顺鑫农业,0.25,741766989,2022-06-17
600917,重庆燃气,1.48,1571340000,2022-06-17
601086,国芳集团,1.0,666000000,2022-06-17
603087,甘李药业,3.0,561540000,2022-06-20
600727,鲁北化工,1.0,528583135,2022-06-17
605365,立达信,1.24,500000000,2022-06-17
603533,掌阅科技,0.4,438896835,2022-06-20
002393,力生制药,3.0,182454992,2022-06-20
688227,品高股份,1.48,113055275,2022-06-17
688819,天能股份,6.0,972100000,2022-06-20
002626,金达威,6.0,616481927,2022-06-17
600874,创业环保,1.46,1427228430,2022-06-17
002921,联诚精密,3.5,131683216,2022-06-20
002991,甘源食品,10.88,93215831,2022-06-17
000800,一汽解放,6.5,4654114613,2022-06-20
002819,东方中科,1.5,305348342,2022-06-17
600219,南山铝业,0.63,11950481520,2022-06-17
600299,安迪苏,1.78,2681901273,2022-06-20
603176,汇通集团,0.3,466660000,2022-06-17
600479,千金药业,6.0,429807117,2022-06-21
000059,华锦股份,2.18,1599442537,2022-06-17
002459,晶澳科技,1.5,1677114456,2022-06-17
688550,瑞联新材,17.0,70181579,2022-06-17
003009,中天火箭,0.79,155392313,2022-06-20
300983,尤安设计,13.5,80000000,2022-06-21
603222,济民健康,0.9,340743468,2022-06-20
600928,西安银行,1.9,4444444445,2022-06-20
300447,全信股份,1.0,312328375,2022-06-21
603458,勘设股份,3.3,313804147,2022-06-17
603520,司太立,5.0,245016871,2022-06-17
603658,安图生物,7.2,586272256,2022-06-20
300779,惠城环保,0.5,100004149,2022-06-21
920146,华阳变速,2.0,134990443,2022-06-22
000411,英特集团,1.999562,255431982,2022-06-17
601808,中海油服,0.2,4771592000,2022-06-17
605003,众望布艺,4.1,110000000,2022-06-20
603357,设计总院,4.6,467576378,2022-06-17
300961,深水海纳,0.23,177280000,2022-06-17
300580,贝斯特,1.8,200015304,2022-06-21
920953,国子软件,1.0,65960700,2022-06-23
002438,江苏神通,0.5,507537461,2022-06-21
301131,聚赛龙,5.0,47780000,2022-06-20
000885,城发环境,1.5,642078255,2022-06-20
301148,嘉戎技术,5.2,116497080,2022-06-21
603199,九华旅游,1.7,110680000,2022-06-21
600750,华润江中,6.5,629912000,2022-06-20
603566,普莱柯,2.0,321496000,2022-06-20
600535,天士力,3.3,1499700130,2022-06-20
002932,*ST明德,30.0,104827531,2022-06-21
603122,合富中国,1.8,398052633,2022-06-22
688318,财富趋势,14.0,66670000,2022-06-20
603300,海南华铁,1.27,901846505,2022-06-20
600979,广安爱众,0.55,1232259790,2022-06-21
000531,穗恒运A,1.8,685082820,2022-06-21
603070,万控智造,1.5,401000000,2022-06-21
920856,浩淼科技,1.0,77471549,2022-06-22
688069,德林海,5.6128,59470000,2022-06-20
300880,迦南智能,3.0,160032000,2022-06-21
605599,菜百股份,3.6,777777800,2022-06-20
002637,赞宇科技,2.0,470401000,2022-06-20
600141,兴发集团,5.0,1111724663,2022-06-20
600073,光明肉业,1.0,937729472,2022-06-20
603112,华翔股份,2.26,437150700,2022-06-20
601187,厦门银行,2.5,2639127888,2022-06-21
688682,霍莱沃,5.0,37000000,2022-06-21
600292,电投水电,0.21,780816890,2022-06-20
600059,古越龙山,0.8,911542413,2022-06-22
601555,东吴证券,1.68,5007502651,2022-06-21
603321,梅轮电梯,1.0,307000000,2022-06-21
002687,乔治白,2.0,350000000,2022-06-21
301193,家联科技,2.0,120000000,2022-06-22
002151,北斗星通,0.585738,512199997,2022-06-20
603929,亚翔集成,1.0,213360000,2022-06-20
300490,华自科技,0.3,327824407,2022-06-21
301126,达嘉维康,0.34,206505700,2022-06-21
688236,春立医疗,1.3,384280000,2022-06-21
601512,中新集团,3.05,1498890000,2022-06-21
002232,启明信息,0.5,408548455,2022-06-21
601069,西部黄金,0.35,642663100,2022-06-21
300349,金卡智能,1.0,429054325,2022-06-21
002028,思源电气,2.0,766042782,2022-06-21
600585,海螺水泥,23.8,5299302579,2022-06-21
000025,特力A,0.25,431058320,2022-06-21
002177,御银股份,0.1,761191294,2022-06-21
601108,财通证券,2.0,4643731105,2022-06-20
300909,汇创达,5.0,100906663,2022-06-21
300886,华业香料,0.5,74555000,2022-06-21
688595,芯海科技,2.0,100000000,2022-06-20
688125,安达智能,10.0,80808080,2022-06-20
688390,固德威,12.0,88000000,2022-06-21
300223,北京君正,1.9,481569911,2022-06-21
600025,华能水电,1.7,18000000000,2022-06-20
301070,开勒股份,5.0,64555200,2022-06-21
600825,新华传媒,0.1,1044887850,2022-06-21
600236,桂冠电力,1.5,7882377802,2022-06-21
600702,舍得酒业,8.0,332042979,2022-06-23
002532,天山铝业,2.0,4651885415,2022-06-21
603197,保隆科技,2.0,207805908,2022-06-22
920454,同心传动,1.5,105100000,2022-06-24
001234,泰慕士,5.0,106666700,2022-06-23
002989,中天精装,6.0,151400000,2022-06-21
688006,杭可科技,2.2907,404733000,2022-06-21
002883,*ST中设,1.15,130257852,2022-06-21
002522,浙江众成,0.3,905779387,2022-06-22
300812,易天股份,1.0,139521029,2022-06-21
300661,圣邦股份,5.0,237460767,2022-06-22
000779,甘咨询,1.5,380192370,2022-06-21
000061,农产品,0.7,1696964131,2022-06-22
300918,南山智尚,1.26,360000000,2022-06-22
601236,红塔证券,1.0026,4716787742,2022-06-23
000768,中航西飞,0.85,2768645071,2022-06-23
601199,江南水务,0.9,935210292,2022-06-22
003042,中农联合,2.0,109600000,2022-06-22
688625,呈和科技,3.75,133333400,2022-06-21
600171,上海贝岭,2.0,712178433,2022-06-21
688258,卓易信息,1.0,86956591,2022-06-21
002267,陕天然气,3.0,1112075445,2022-06-21
002851,麦格米特,1.6,497569343,2022-06-21
002860,星帅尔,1.5,219264655,2022-06-21
002885,京泉华,0.3,180000000,2022-06-21
688378,奥来德,14.9606,73329440,2022-06-22
601606,长城军工,0.38,724228400,2022-06-22
301038,深水规院,3.22,132000000,2022-06-22
000019,深粮控股,2.5,1152535254,2022-06-22
601919,中远海控,8.7,16015005256,2022-06-21
600717,天津港,1.01,2894001038,2022-06-23
300865,大宏立,0.98,95680000,2022-06-22
002557,洽洽食品,8.5,507002219,2022-06-22
603042,华脉科技,0.12,160589840,2022-06-22
600742,富维股份,3.0,678514253,2022-06-22
688030,山石网科,1.26,180223454,2022-06-21
002774,快意电梯,7.0,336687900,2022-06-22
603599,广信股份,10.0,464564135,2022-06-21
300681,英搏尔,0.6,76650100,2022-06-21
603558,健盛集团,1.5,381262949,2022-06-21
605566,福莱蒽特,7.5,133340000,2022-06-22
603261,立航科技,2.8,76961822,2022-06-21
001219,青岛食品,3.0,88750000,2022-06-23
603048,浙江黎明,2.05,146880000,2022-06-22
300348,长亮科技,0.35,721000562,2022-06-22
600782,新钢股份,5.0,3188722696,2022-06-21
002736,国信证券,5.0,9612429377,2022-06-22
603096,新经典,6.0,162503585,2022-06-21
300969,恒帅股份,2.5,80000000,2022-06-23
000541,佛山照明,1.0,1361994647,2022-06-21
603898,好莱客,0.66,311277269,2022-06-21
002304,洋河股份,30.0,1506988000,2022-06-22
000006,深振业A,1.21,1349995046,2022-06-21
002364,中恒电气,1.0,563564960,2022-06-22
002017,东信和平,0.5,446486084,2022-06-22
603920,世运电路,6.0,532249200,2022-06-21
600106,重庆路桥,0.58,1329025062,2022-06-21
603158,腾龙股份,1.0,350570933,2022-06-21
002128,电投能源,5.0,1921573493,2022-06-23
601208,东材科技,1.0,898186112,2022-06-21
600850,电科数字,3.8,426852228,2022-06-23
002782,可立克,0.5,476831227,2022-06-22
688519,南亚新材,2.5,234400000,2022-06-23
300923,研奥股份,2.8,78600000,2022-06-23
000987,越秀资本,2.0,3716394417,2022-06-23
603353,和顺石油,2.0,173394000,2022-06-22
600984,建设机械,0.5,966956865,2022-06-23
603589,口子窖,15.0,600000000,2022-06-23
688156,路德科技,3.0,92373760,2022-06-22
603839,安正时尚,5.0,400102220,2022-06-22
000012,南玻A,2.0,3070692107,2022-06-24
920978,开特股份,1.269535,157538000,2022-06-24
688087,英科再生,2.0,134627593,2022-06-23
002025,航天电器,2.0,452662256,2022-06-24
002593,日上集团,0.5,808058029,2022-06-24
002886,沃特股份,0.6,226573529,2022-06-22
300978,东箭科技,1.0,422702739,2022-06-24
300502,新易盛,1.13,507086219,2022-06-23
603339,四方科技,1.36,309441175,2022-06-23
000726,鲁泰A,0.7,887941035,2022-06-23
603726,朗迪集团,4.0,185651200,2022-06-23
600336,澳柯玛,0.8,798165669,2022-06-23
601139,深圳燃气,1.6,2876767544,2022-06-23
600356,恒丰纸业,1.02,298731378,2022-06-24
002536,飞龙股份,1.0,500711814,2022-06-24
300102,乾照光电,0.15,903046401,2022-06-24
600406,国电南瑞,4.1,5578859039,2022-06-22
603976,正川股份,3.08,151201442,2022-06-24
002442,龙星科技,1.0,490820000,2022-06-22
603338,浙江鼎力,3.4,506347879,2022-06-23
002462,嘉事堂,3.7,291707120,2022-06-24
002641,公元股份,0.72,1235153866,2022-06-24
000900,现代投资,1.6,1517828334,2022-06-23
002553,南方精工,2.0,348000000,2022-06-23
002747,埃斯顿,0.3,869277253,2022-06-23
603365,水星家纺,5.0,266670000,2022-06-24
000898,鞍钢股份,2.21,9403020451,2022-06-23
600458,时代新材,0.8,802798152,2022-06-23
000985,大庆华科,0.46,129639500,2022-06-23
001296,长江材料,4.0,82199410,2022-06-24
603178,圣龙股份,1.35,236411881,2022-06-23
300425,中建环能,0.55,675708786,2022-06-24
605158,华达新材,1.0,511420000,2022-06-22
605033,美邦股份,1.9,135200000,2022-06-22
605183,确成股份,5.0,417457900,2022-06-22
603027,千禾味业,0.84,798782158,2022-06-22
688036,传音控股,15.0,801690950,2022-06-23
002497,雅化集团,0.3,1152562520,2022-06-22
300399,天利科技,0.1,197600000,2022-06-23
301119,正强股份,0.75,80000000,2022-06-23
301100,风光股份,10.0,200000000,2022-06-24
300382,斯莱克,0.5,580402816,2022-06-23
301032,新柴股份,1.0,241133400,2022-06-24
301066,万事利,1.0,134537280,2022-06-22
301216,万凯新材,2.0,343395400,2022-06-23
300973,立高食品,5.0,169340000,2022-06-24
688607,康众医疗,2.9,88129027,2022-06-24
600559,老白干酒,1.5,914747444,2022-06-22
603013,亚普股份,7.0,513992833,2022-06-23
603332,苏州龙杰,3.0,118938000,2022-06-23
920839,万通液压,1.5,120000000,2022-06-23
600367,红星发展,1.0,293236600,2022-06-27
600663,陆家嘴,5.35,4034197440,2022-06-23
603230,内蒙新华,0.65,353523000,2022-06-23
600089,特变电工,5.8,3790750289,2022-06-23
003028,振邦智能,3.0,111402280,2022-06-23
600602,云赛智联,0.57,1367673455,2022-06-27
601179,中国西电,0.32,5125882352,2022-06-24
601699,潞安环能,6.73,2991409200,2022-06-24
002833,弘亚数控,5.2,303021060,2022-06-23
300079,数码视讯,0.1,1429008862,2022-06-24
002183,怡亚通,0.4,2597009091,2022-06-24
605007,五洲特纸,3.0,400010324,2022-06-23
601801,皖新传媒,1.7,1989204737,2022-06-24
002035,华帝股份,1.0,847653618,2022-06-24
300960,通业科技,3.0,102385812,2022-06-24
600592,龙溪股份,1.22,399553571,2022-06-23
603258,电魂网络,8.25,245858900,2022-06-23
603989,艾华集团,3.0,400815501,2022-06-24
688211,中科微至,6.0,131608698,2022-06-23
000925,众合科技,0.5,558236062,2022-06-23
605196,华通线缆,0.24,506822098,2022-06-23
002389,航天彩虹,0.602568,996985000,2022-06-23
603628,清源股份,0.35,273800000,2022-06-23
603801,志邦家居,6.0,312308758,2022-06-24
002165,红宝丽,0.3,735269837,2022-06-23
603766,隆鑫通用,0.6,2053541850,2022-06-24
300762,上海瀚讯,0.6,392509008,2022-06-24
000738,航发控制,0.45,1315184001,2022-06-23
600737,中粮糖业,1.1,2138848228,2022-06-24
000731,四川美丰,1.7,585723752,2022-06-24
002300,太阳电缆,1.4,656667000,2022-06-24
600316,洪都航空,0.67,717114512,2022-06-23
002238,天威视讯,1.0,802559160,2022-06-24
300054,鼎龙股份,0.2,944749828,2022-06-24
002384,东山精密,2.00358,1709867327,2022-06-27
300542,新晨科技,1.0,300056059,2022-06-24
605050,福然德,3.6,435000000,2022-06-24
000521,长虹美菱,0.5,1029923715,2022-06-24
603009,北特科技,0.64,358730089,2022-06-23
000807,云铝股份,1.13,3467957405,2022-06-23
000717,中南股份,2.0,2423726090,2022-06-24
002935,天奥电子,1.5,208006500,2022-06-23
600480,凌云股份,1.0,916965410,2022-06-24
600061,国投资本,1.5,6425304014,2022-06-23
601238,广汽集团,1.7,10463957657,2022-06-23
601518,吉林高速,0.24,1350395121,2022-06-23
600125,铁龙物流,0.8,1305521874,2022-06-24
605128,上海沿浦,1.0,80000000,2022-06-23
603879,永悦科技,0.06,362314440,2022-06-23
002942,新农股份,5.0,156000000,2022-06-24
301137,哈焊华通,0.85,181813400,2022-06-23
688013,天臣医疗,2.0,80000000,2022-06-23
600893,航发动力,1.35,2665594238,2022-06-23
300832,新产业,6.0,786126335,2022-06-23
002646,天佑德酒,0.5,472562974,2022-06-24
002224,三力士,0.2,729593012,2022-06-23
603757,大元泵业,3.5,166836600,2022-06-24
688396,华润微,1.718,1320091861,2022-06-24
001696,宗申动力,2.5,1145026920,2022-06-24
002930,宏川智慧,3.0,448202199,2022-06-27
688110,东芯股份,1.8,442249758,2022-06-24
600935,华塑股份,0.79,3507401812,2022-06-24
600992,贵绳股份,0.38,245090000,2022-06-27
003039,顺控发展,1.27,617518730,2022-06-24
605577,龙版传媒,1.0,444444445,2022-06-24
002286,保龄宝,0.6,371911900,2022-06-27
605188,国光连锁,0.3,495580000,2022-06-24
000625,长安汽车,2.33,7632153402,2022-06-27
600016,民生银行,2.13,43782418502,2022-06-24
300228,富瑞特装,0.1,575406349,2022-06-27
002116,中国海诚,1.433,417628938,2022-06-24
003035,南网能源,0.126,3787878787,2022-06-24
601857,中国石油,0.9622,183020977818,2022-06-28
600056,中国医药,1.8168,1068485534,2022-06-24
688616,西力科技,2.3,150000000,2022-06-24
002129,TCL中环,1.103303,3231733699,2022-06-24
600868,梅雁吉祥,0.02,1898148679,2022-06-24
688328,深科达,2.1,81040000,2022-06-24
688681,科汇股份,1.2,104670000,2022-06-24
601958,金钼股份,1.0,3226604400,2022-06-24
300664,鹏鹞环保,0.65,709337550,2022-06-28
600969,郴电国际,0.4512,370050484,2022-06-24
603038,华立股份,0.7,206674697,2022-06-24
920171,志晟信息,1.0,66822157,2022-06-27
600271,航天信息,1.66,1852884638,2022-06-24
688579,地纬智能,1.0,400010000,2022-06-27
920576,天力复合,3.8,94000000,2022-06-28
300341,麦克奥迪,0.695596,513393236,2022-06-28
000713,国投丰乐,0.2,614014980,2022-06-28
300512,中亚股份,0.2,274501000,2022-06-24
600218,全柴动力,1.05,435599919,2022-06-24
002448,中原内配,1.0,603144105,2022-06-24
920689,克莱特,3.0,73400000,2022-06-27
000950,重药控股,0.65,1743367337,2022-06-28
600617,国新能源,0.2,1377994126,2022-06-24
688355,明志科技,4.0092,123077692,2022-06-24
603667,五洲新春,1.8,328690121,2022-06-24
002797,第一创业,0.4,4202400000,2022-06-28
601077,渝农商行,2.525,11357000000,2022-06-29
603727,博迈科,2.5,288334686,2022-06-27
688118,普元信息,5.0,95400000,2022-06-28
600582,天地科技,1.8,4138588892,2022-06-28
688369,致远互联,5.5,77267683,2022-06-28
600054,黄山旅游,1.02,729379440,2022-06-28
688626,翔宇医疗,3.8,160000000,2022-06-27
300473,德尔股份,0.5,134919498,2022-06-28
920720,吉冈精密,4.0,91564500,2022-06-29
003019,宸展光电,4.5,128000000,2022-06-28
601952,苏垦农发,2.4,1378000000,2022-06-28
688103,国力电子,3.15,95390000,2022-06-27
603808,歌力思,2.5237,369092878,2022-06-27
600368,五洲交通,1.88,1125632068,2022-06-27
920145,恒合股份,1.0,70550000,2022-06-29
600372,中航机载,1.25,1928214265,2022-06-27
600010,包钢股份,0.19,45585032648,2022-06-29
002126,银轮股份,0.8,792116159,2022-06-27
688052,纳芯微,8.0,101064000,2022-06-27
600505,西昌电力,0.35,364567500,2022-06-27
300042,朗科科技,0.5,200400000,2022-06-28
300274,阳光电源,1.104824,1485215984,2022-06-28
688345,博力威,2.0,100000000,2022-06-28
601818,光大银行,2.01,54031921290,2022-06-29
300450,先导智能,5.0,1563756744,2022-06-27
688128,中国电研,3.5,404500000,2022-06-28
002112,三变科技,0.2,201600000,2022-06-28
002330,得利斯,0.1,636885390,2022-06-28
000498,山东路桥,1.249571,1560566803,2022-06-29
600848,上海临港,3.0,2522487004,2022-06-29
000903,ST云动,0.15,1970800857,2022-06-29
688201,ST信安,5.0,93127756,2022-06-28
300858,科拓生物,5.0,148925445,2022-06-29
300952,恒辉安防,1.1,144927653,2022-06-29
300916,朗特智能,3.0,63870000,2022-06-29
603689,皖天然气,1.9,336002150,2022-06-29
002828,贝肯能源,0.6,200987600,2022-06-28
688223,晶科能源,0.23,10000000000,2022-06-28
603668,天马科技,0.4,436164726,2022-06-29
688663,新风光,4.0,139950000,2022-06-27
603221,爱丽家居,0.3,240000000,2022-06-28
605088,冠盛股份,3.0,165795000,2022-06-27
688279,峰岹科技,4.4,92363380,2022-06-28
600256,广汇能源,4.0,6565755139,2022-06-27
688215,瑞晟智能,1.5,40040000,2022-06-27
002010,传化智联,1.0,2802649508,2022-06-27
300377,赢时胜,1.0,751557080,2022-06-28
002724,海洋王,2.0,779829726,2022-06-27
000823,超声电子,1.0,536988510,2022-06-28
300906,日月明,3.0,80000000,2022-06-28
300200,高盟新材,1.5,425490833,2022-06-28
600665,天地源,1.31,864122521,2022-06-28
300856,科思股份,3.0,112880000,2022-06-27
600111,北方稀土,4.45,3633066000,2022-06-28
600148,长春一东,0.875,141516450,2022-06-28
600452,涪陵电力,1.6,762173440,2022-06-28
300908,仲景食品,5.0,100000000,2022-06-29
300283,温州宏丰,0.4,437085230,2022-06-29
300619,金银河,0.4,88655041,2022-06-28
603131,上海沪工,0.2,317984668,2022-06-29
600796,钱江生化,1.0,866585766,2022-06-29
600855,航天长峰,0.79,450426801,2022-06-28
603878,武进不锈,2.7,400758848,2022-06-30
000811,冰轮环境,2.0,745837804,2022-06-29
300002,神州泰岳,0.251609,1961091984,2022-06-30
000612,焦作万方,0.9,1192199394,2022-06-28
000400,许继电气,1.0,1008327309,2022-06-29
600133,东湖高新,2.1,795614561,2022-06-29
000888,峨眉山A,0.6,526913102,2022-06-30
600123,兰花科创,7.5,1142400000,2022-06-30
688678,福立旺,3.0,173350000,2022-06-28
688080,映翰通,1.4,52428786,2022-06-28
603345,安井食品,6.99,293294232,2022-06-29
603051,鹿山新材,4.0,92010000,2022-06-28
300124,汇川技术,3.0,2636286976,2022-06-29
002038,双鹭药业,1.0,1027350000,2022-06-29
603918,金桥信息,1.21,367822078,2022-06-28
300590,移为通信,1.5,304526999,2022-06-29
002350,北京科锐,0.1,542369011,2022-06-29
600885,宏发股份,4.29,744766222,2022-06-30
300782,卓胜微,7.0,333590839,2022-06-30
002673,西部证券,1.07,4469581705,2022-06-28
603681,永冠新材,2.0,191129871,2022-06-29
002805,丰元股份,0.3,177932205,2022-06-29
603939,益丰药房,3.0,718609730,2022-06-28
003040,楚天龙,0.6,461135972,2022-06-29
688518,联赢激光,1.2,299200000,2022-06-29
603139,康惠股份,0.74,99880000,2022-06-29
605318,法狮龙,3.0,129171152,2022-06-29
920006,晟楠科技,1.76,67287200,2022-06-29
600312,平高电气,0.16,1356921309,2022-06-29
688286,敏芯股份,0.75,53429801,2022-06-28
300964,本川智能,3.0,77298284,2022-06-30
301212,联盛化学,2.05,108000000,2022-06-29
600862,中航高科,1.28,1393049107,2022-06-30
600561,江西长运,0.13,284476800,2022-06-30
000858,五粮液,30.23,3881608005,2022-06-29
603529,爱玛科技,5.0,410500003,2022-06-28
601838,成都银行,6.3,3612251334,2022-06-29
603236,移远通信,7.4,145370828,2022-06-30
002454,松芝股份,0.4,628581600,2022-06-28
300879,大叶股份,1.3,160000000,2022-06-29
603848,好太太,2.5,401000000,2022-06-30
301053,远信工业,3.0,81752500,2022-06-30
002090,金智科技,0.25,404264936,2022-06-29
002917,金奥博,0.6,347614197,2022-06-28
600055,万东医疗,1.0,703061058,2022-06-29
603590,康辰药业,3.0,160000000,2022-06-29
000825,太钢不锈,0.596176,5732777796,2022-06-29
688095,福昕软件,8.0,48140000,2022-06-28
002931,锋龙股份,1.0,199140144,2022-06-29
600773,西藏城投,0.18,819660744,2022-06-28
002500,山西证券,1.2,3589771547,2022-06-29
605288,凯迪股份,4.96,70663040,2022-06-29
601118,海南橡胶,0.106,4279427797,2022-06-28
688261,东微半导,3.3,67376367,2022-06-28
300982,苏文电能,6.0,140318267,2022-06-29
603066,音飞储存,0.86,300702900,2022-06-28
688007,光峰科技,1.0505,452756901,2022-06-29
001213,中铁特货,0.233,4444444444,2022-06-29
300859,西域旅游,1.0,155000000,2022-06-29
000881,中广核技,0.35,945425815,2022-06-29
300136,信维通信,0.5,967568638,2022-06-28
300645,正元智慧,0.6,137940362,2022-06-30
600809,山西汾酒,18.0,1220073422,2022-06-28
600050,中国联通,0.391,30988131612,2022-06-29
920039,国义招标,3.3,153820000,2022-06-30
688398,赛特新材,4.5,80000000,2022-06-29
688088,虹软科技,2.0,406000000,2022-06-28
002185,华天科技,0.45,3204484648,2022-06-29
300492,华图山鼎,0.2,140486470,2022-06-29
688501,青达环保,1.8,94670000,2022-06-30
605133,嵘泰股份,1.5,162189000,2022-06-30
600308,华泰股份,2.112,1167561419,2022-06-30
603367,辰欣药业,3.0,453313000,2022-06-30
603012,创力集团,0.8,636560000,2022-06-30
300236,上海新阳,1.5,313381402,2022-06-30
600158,中体产业,0.18,959513067,2022-06-30
301218,华是科技,1.25,76026667,2022-06-30
000948,南天信息,0.5,394385667,2022-06-30
600572,康恩贝,1.6,2570037319,2022-06-29
920262,太湖雪,9.15,27443172,2022-07-01
600033,福建高速,1.5,2744400000,2022-06-29
603701,德宏股份,0.5,261361901,2022-06-29
600755,厦门国贸,5.0,2200982757,2022-06-29
002531,天顺风能,0.8,1802509062,2022-07-01
002046,国机精工,1.010785,529129329,2022-06-30
002203,海亮股份,0.75,1966737131,2022-06-30
000797,中国武夷,0.1,1570754217,2022-06-30
603987,康德莱,2.0,441569000,2022-06-29
605298,必得科技,4.0,108000000,2022-06-29
300802,矩子科技,1.5,162452482,2022-06-30
301177,迪阿股份,20.0,400010000,2022-06-30
600098,广州发展,1.0,3544055525,2022-06-29
603999,读者传媒,0.45,576000000,2022-06-29
603026,石大胜华,3.0,202680000,2022-06-30
603816,顾家家居,13.2,632224245,2022-06-29
605338,巴比食品,2.6,248000000,2022-06-30
603269,海鸥股份,2.2,112518866,2022-06-29
920089,禾昌聚合,2.5,107620000,2022-07-01
603790,雅运股份,1.2,191360000,2022-06-29
002439,启明星辰,0.25,947913938,2022-07-01
301130,西点药业,1.3,80803943,2022-06-30
601825,沪农商行,3.0,9644444445,2022-06-30
002561,徐家汇,1.6,415763000,2022-06-29
301022,海泰科,3.0,64000000,2022-07-01
002767,先锋电子,0.27,150000000,2022-06-29
688230,芯导科技,6.0,60000000,2022-06-30
603657,春光科技,3.0,137158500,2022-06-30
002595,豪迈科技,3.75,800000000,2022-06-30
603660,苏州科达,0.4,494189976,2022-06-29
000736,中交发展,0.4,695433689,2022-06-30
601668,中国建筑,2.5,41940858844,2022-06-30
603488,展鹏科技,2.0,291990440,2022-06-29
000421,南京公用,1.0,578331934,2022-06-30
688335,复洁科技,3.1,72521508,2022-06-29
603071,物产环能,6.0,557954442,2022-06-30
000937,冀中能源,10.0,3533546850,2022-06-29
002746,仙坛股份,1.0,860538727,2022-06-30
002170,芭田股份,0.1,886862627,2022-06-30
600398,海澜之家,5.1,4319605596,2022-06-29
300003,乐普医疗,2.75,1804589657,2022-06-30
920167,同享科技,0.6,103320000,2022-07-05
600658,电子城,0.15,1118585045,2022-06-29
300101,振芯科技,0.450839,560066000,2022-06-30
920087,秋乐种业,1.5,132160000,2022-07-01
600248,陕建股份,1.11,3688882286,2022-06-30
301072,中捷精工,0.45,105054800,2022-07-04
603489,八方股份,20.0,120304050,2022-06-30
300241,瑞丰光电,0.199601,685761103,2022-07-01
603883,老百姓,5.0,447957309,2022-06-30
300798,锦鸡股份,0.299999,417749829,2022-07-01
600667,太极实业,1.7,2106190178,2022-06-30
600491,ST龙元,0.42,1529757955,2022-07-01
300911,亿田智能,6.004999,108003200,2022-06-30
301288,清研环境,1.32,108010000,2022-07-01
920706,铁拓机械,2.0,66799000,2022-07-05
600019,宝钢股份,2.5,22268411550,2022-06-30
603686,福龙马,2.5,415655737,2022-06-30
920496,许昌智能,3.0,101000000,2022-07-04
000920,沃顿科技,1.01,422000000,2022-07-04
600258,首旅酒店,0.26,1121383122,2022-06-30
688017,绿的谐波,6.5,120416700,2022-06-30
300743,天地数码,1.5,138164877,2022-06-30
600380,健康元,1.5,1912540667,2022-06-30
002956,西麦食品,2.68,223277669,2022-07-04
000547,航天发展,0.24,1603685112,2022-07-01
603711,香飘飘,1.7,410745800,2022-06-30
600215,派斯林,0.45,465032880,2022-06-30
600519,贵州茅台,216.75,1256197800,2022-06-30
601800,中国交建,2.0371,16165711425,2022-06-30
300368,汇金股份,0.1,531943475,2022-07-01
920346,威贸电子,1.3,80682603,2022-07-01
688329,艾隆科技,5.007,77200000,2022-06-30
600180,*ST瑞茂,1.765,1051902464,2022-06-30
600305,恒顺醋业,1.01,1002956032,2022-07-01
605016,百龙创园,0.85,126800000,2022-07-01
300867,圣元环保,1.75,271741053,2022-07-01
688116,天奈科技,0.69,232229186,2022-07-05
300707,威唐工业,0.399997,157027355,2022-07-01
002460,赣锋锂业,3.0,1439840571,2022-07-04
603966,法兰泰克,2.2,300325933,2022-07-01
002752,昇兴股份,0.3,976918468,2022-07-01
301090,华润材料,0.49,1479416553,2022-07-04
600266,城建发展,1.0,2256537600,2022-07-01
601101,昊华能源,5.5,1199998272,2022-07-01
002590,万安科技,0.85,479646926,2022-07-04
001207,联科科技,5.0,183860000,2022-07-04
301018,申菱环境,1.8,240010000,2022-07-05
301190,善水科技,1.5,214636500,2022-07-05
600459,贵研铂业,2.0,591156780,2022-07-04
002845,同兴达,1.6,234314304,2022-07-05
301010,晶雪节能,2.0,108000000,2022-07-04
920368,连城数控,1.5,232502800,2022-07-06
300605,恒锋信息,0.5,164564624,2022-07-05
002545,东方铁塔,2.5,1244062083,2022-07-05
300775,三角防务,0.9,495611229,2022-07-04
920370,新安洁,0.36,306280000,2022-07-05
603937,丽岛新材,2.0,208880000,2022-07-05
300811,铂科新材,2.0,104244246,2022-07-05
603650,彤程新材,0.9,596119625,2022-07-04
300810,中科海讯,0.2,118050000,2022-07-06
603733,仙鹤股份,3.5,705972695,2022-07-05
002078,太阳纸业,2.0,2687010051,2022-07-06
688129,东来技术,2.4,120000000,2022-07-05
603583,捷昌驱动,2.2,381908985,2022-07-04
002063,远光软件,0.5,1322983334,2022-07-05
301151,冠龙节能,3.8,167674290,2022-07-06
301211,亨迪药业,3.0,240000000,2022-07-06
601858,中国科传,2.54,790500000,2022-07-05
603728,鸣志电器,1.0,420165000,2022-07-04
001965,招商公路,3.46,6178231319,2022-07-05
920425,乐创技术,6.0,26000000,2022-07-05
300583,赛托生物,0.15,106922067,2022-07-05
600967,内蒙一机,1.75,1704251817,2022-07-04
300809,华辰装备,2.0,157610000,2022-07-05
300240,飞力达,0.6,368214532,2022-07-05
603890,春秋电子,1.0,439069005,2022-07-06
600216,浙江医药,3.3,965128000,2022-07-06
603115,海星股份,7.5,239200000,2022-07-05
603138,海量数据,0.26,283163990,2022-07-04
603008,ST喜临门,2.8,387417787,2022-07-05
603815,交建股份,1.0,618924235,2022-07-05
603856,东宏股份,1.55,258034600,2022-07-05
300598,诚迈科技,0.2,160102077,2022-07-04
002386,天原股份,2.75,780857017,2022-07-05
300931,通用电梯,1.0,240146000,2022-07-06
300610,晨化股份,3.5,212877000,2022-07-06
300636,同和药业,0.6,216390447,2022-07-05
002653,海思科,1.851855,1075607470,2022-07-05
688311,盟升电子,3.591,115048000,2022-07-05
301029,怡合达,3.0,400010000,2022-07-05
601588,北辰实业,0.1,3367020000,2022-07-04
603656,泰禾智能,1.0,153000600,2022-07-04
601368,绿城水务,1.02,882973077,2022-07-05
601137,博威合金,1.2,790044972,2022-07-04
300676,华大基因,3.5,413914325,2022-07-06
601872,招商轮船,1.1,8107841801,2022-07-07
000029,深深房A,0.88,1011660000,2022-07-05
601828,美凯龙,1.0,4354732673,2022-07-05
600623,华谊集团,4.2,2131449598,2022-07-06
000833,粤桂股份,1.36,668401851,2022-07-07
600790,轻纺城,1.5,1465790928,2022-07-06
300030,阳普医疗,0.4,309187315,2022-07-06
002293,罗莱生活,6.0,838382881,2022-07-07
601789,宁波建工,1.2,1086798590,2022-07-07
300326,ST凯利,0.5,720146333,2022-07-06
600556,天下秀,0.2,1807747642,2022-07-06
920090,*ST同辉,0.5,153333497,2022-07-07
688055,龙腾光电,0.278,3333333400,2022-07-06
600376,首开股份,1.0,2579565242,2022-07-06
920149,旭杰科技,0.5,73758000,2022-07-11
603116,红蜻蜓,2.5,576200800,2022-07-05
002732,燕塘乳业,2.0,157350000,2022-07-05
600908,无锡银行,1.8,1861677480,2022-07-06
600206,有研新材,0.85,846553332,2022-07-05
300589,江龙船艇,0.3,222157645,2022-07-05
300020,ST银江,0.35,655789086,2022-07-06
603238,诺邦股份,0.6,178988000,2022-07-05
603669,灵康药业,1.0,721227730,2022-07-05
000042,中洲控股,0.32,664831139,2022-07-07
300882,万胜智能,0.5,204429420,2022-07-06
605258,协和电子,3.0,88000000,2022-07-06
600032,浙江新能,0.45,2080000000,2022-07-07
688075,安旭生物,38.8,61333400,2022-07-05
688367,工大高科,2.0,86753000,2022-07-07
002218,拓日新能,0.35,1413020549,2022-07-06
300963,中洲特材,1.5,120000000,2022-07-06
920204,沪江材料,2.0,32235145,2022-07-07
605500,森林包装,4.3,200000000,2022-07-06
920237,力佳科技,5.0,41420000,2022-07-07
300816,艾可蓝,1.74,80367500,2022-07-06
300413,芒果超媒,1.3,1870720815,2022-07-06
688096,京源环保,4.0,107293500,2022-07-06
300486,东杰智能,0.18,406509381,2022-07-06
000652,泰达股份,0.1,1475573852,2022-07-05
002788,鹭燕医药,3.0,388516736,2022-07-06
603568,伟明环保,1.3,1303241100,2022-07-06
002093,国脉科技,0.1,1007500000,2022-07-07
300303,聚飞光电,1.0,1342323281,2022-07-06
600276,恒瑞医药,1.6,6379002274,2022-07-05
600895,张江高科,1.5,1548689550,2022-07-06
300958,建工修复,1.55,142656479,2022-07-06
688262,国芯科技,2.5,240000000,2022-07-06
600776,东方通信,0.4,1256000064,2022-07-07
301098,金埔园林,1.0,105600000,2022-07-07
603067,振华股份,1.84,508416166,2022-07-06
600679,上海凤凰,0.61,515294257,2022-07-06
300719,安达维尔,0.2,253694750,2022-07-07
000153,丰原药业,1.0,312141230,2022-07-05
000537,绿发电力,1.0,1862520720,2022-07-05
603556,海兴电力,3.0,488684040,2022-07-06
600827,百联股份,1.5,1784168117,2022-07-06
300031,宝通科技,1.0,411968821,2022-07-07
601006,大秦铁路,4.8,14866926814,2022-07-07
600880,博瑞传播,0.25,1093332092,2022-07-06
605099,共创草坪,4.7287,401772800,2022-07-06
002252,上海莱士,0.28,6740787907,2022-07-07
603359,*ST东珠,0.5,446096000,2022-07-07
688358,祥生医疗,5.0,80000000,2022-07-07
601992,金隅集团,1.04,10677771134,2022-07-06
301001,凯淳股份,1.25,80000000,2022-07-11
600037,歌华有线,0.46,1391777884,2022-07-07
300712,永福股份,0.983006,185252160,2022-07-06
603209,兴通股份,1.5,200000000,2022-07-08
600883,博闻科技,0.7,236088000,2022-07-06
601665,齐鲁银行,1.84,4580833334,2022-07-06
688056,莱伯泰科,3.5,67198600,2022-07-07
920924,广脉科技,0.5,83000000,2022-07-06
002832,比音勒芬,3.0,570707084,2022-07-07
603311,金海高科,1.2,210000000,2022-07-06
002368,太极股份,1.939997,579660656,2022-07-06
000560,我爱我家,0.08,2355500851,2022-07-07
300260,新莱应材,0.8,226559307,2022-07-08
000783,长江证券,3.0,5529957479,2022-07-07
300789,唐源电气,2.390953,83428306,2022-07-06
000519,中兵红箭,0.5,1392558982,2022-07-06
000402,金融街,0.3,2988929907,2022-07-08
600708,光明地产,0.15,2228636743,2022-07-06
002120,韵达股份,0.52,2902766028,2022-07-07
002873,新天药业,1.2,165721702,2022-07-07
688169,石头科技,21.0,66806310,2022-07-08
300245,ST天玑,0.26079,313457493,2022-07-07
301169,零点有数,3.0,72239774,2022-07-08
603206,嘉环科技,2.1,305199988,2022-07-06
603882,金域医学,12.8,465791275,2022-07-07
002918,蒙娜丽莎,2.5,418898041,2022-07-06
600757,长江传媒,3.7,1213650273,2022-07-07
603348,文灿股份,1.5,262164849,2022-07-08
600048,保利发展,5.8,11970283692,2022-07-06
002357,富临运业,1.2,313489036,2022-07-07
603903,中持股份,1.93,255319480,2022-07-07
688701,卓锦股份,1.0,134277372,2022-07-07
605086,龙高股份,3.3,128000000,2022-07-07
300967,晓鸣股份,2.0,190211500,2022-07-08
002225,濮耐股份,0.5,1010358189,2022-07-07
002811,郑中设计,5.0,272041686,2022-07-07
300376,易事特,0.339836,2322384476,2022-07-08
002566,益盛药业,0.3,330951600,2022-07-07
002538,ST司特,2.6,853555763,2022-07-06
688272,富吉瑞,1.01,76000000,2022-07-08
300455,航天智装,0.3,717767936,2022-07-06
603208,江山欧派,7.4,105065510,2022-07-06
300430,*ST益通,0.2,272907096,2022-07-08
688216,气派科技,4.0,106270000,2022-07-06
002201,九鼎新材,0.17,465454458,2022-07-06
300550,和仁科技,0.2,264885681,2022-07-07
002148,北纬科技,0.3,560899430,2022-07-08
300207,欣旺达,0.700134,1718626656,2022-07-08
600697,欧亚集团,4.0,159088075,2022-07-06
002311,海大集团,1.5,1661161061,2022-07-07
002283,天润工业,1.0,1139457178,2022-07-08
605319,无锡振华,1.5,200000000,2022-07-07
000617,中油资本,1.32,12642079079,2022-07-07
002849,威星智能,0.5,132320350,2022-07-06
600495,晋西车轴,0.1,1208190886,2022-07-06
605588,冠石科技,1.35,73099561,2022-07-07
600586,金晶科技,2.81,1428770000,2022-07-06
688299,长阳科技,1.0,285177557,2022-07-06
688315,诺禾致源,0.6,400200000,2022-07-06
603059,倍加洁,1.6,100000000,2022-07-07
002576,通达动力,0.8,165100000,2022-07-08
002836,新宏泽,1.0,160000000,2022-07-11
688619,罗普特,0.48,187288015,2022-07-08
002544,普天科技,1.04,682821325,2022-07-08
601601,中国太保,10.0,9620341455,2022-07-11
688660,电气风电,1.15,1333333400,2022-07-08
688191,智洋创新,1.5,153046047,2022-07-08
600859,王府井,4.0,1135049451,2022-07-08
002826,易明医药,1.0,190682250,2022-07-08
002835,同为股份,1.2,219493931,2022-07-11
600153,建发股份,6.0,3006476030,2022-07-07
000703,恒逸石化,2.0,3666280554,2022-07-07
603505,金石资源,2.4,311603408,2022-07-07
301168,通灵股份,0.69,120000000,2022-07-08
600483,福能股份,2.1,1954565789,2022-07-08
300861,美畅股份,10.0,400010000,2022-07-07
601939,建设银行,3.64,250010977486,2022-07-08
002441,众业达,3.5,544543609,2022-07-08
605080,浙江自然,4.5,101123600,2022-07-07
300174,元力股份,1.006441,312232912,2022-07-07
003017,大洋生物,6.0,60000000,2022-07-08
000429,粤高速A,5.7,2090806126,2022-07-07
002983,芯瑞达,2.0,184184000,2022-07-11
002791,坚朗五金,3.5,321540000,2022-07-07
603979,金诚信,1.0,595425238,2022-07-11
600510,黑牡丹,2.3,1047095025,2022-07-08
601233,桐昆股份,3.3,2411119493,2022-07-07
600754,锦江酒店,0.53,1070044063,2022-07-08
600352,浙江龙盛,2.5,3253331860,2022-07-07
600547,山东黄金,0.5,4473429525,2022-07-08
003816,中国广核,0.84,50498611100,2022-07-07
605336,*ST帅电,13.9,142041250,2022-07-08
600853,龙建股份,0.35,1014902546,2022-07-07
600981,苏豪汇鸿,0.35,2242433192,2022-07-08
002423,中粮资本,1.79,2304105575,2022-07-11
600487,亨通光电,0.7,2362210885,2022-07-08
600461,洪城环境,4.9999,1039333457,2022-07-07
300014,亿纬锂能,1.6,1898788667,2022-07-08
600512,腾达建设,0.2,1598902832,2022-07-07
002743,富煌钢构,0.77,435268478,2022-07-07
002540,亚太科技,1.000716,1270529500,2022-07-08
603386,骏亚科技,4.0,233087543,2022-07-07
688456,有研粉材,2.4,103660000,2022-07-07
603993,洛阳钼业,0.7125,21599240583,2022-07-07
003005,竞业达,3.0,106000000,2022-07-08
600529,山东药玻,3.0,594967747,2022-07-08
600497,驰宏锌锗,1.2,5091291568,2022-07-08
000157,中联重科,3.2,8677992236,2022-07-08
688199,久日新材,5.0,111226800,2022-07-07
600222,太龙药业,0.1,573886283,2022-07-08
605228,神通科技,0.7,424550000,2022-07-07
600128,苏豪弘业,1.4,246767500,2022-07-08
688557,兰剑智能,3.4,72670000,2022-07-08
001208,华菱线缆,0.3,534424000,2022-07-07
603697,有友食品,6.5,309045600,2022-07-07
688338,赛科希德,2.5,81648000,2022-07-07
300503,昊志机电,0.73,306072836,2022-07-11
603053,成都燃气,3.0,888890000,2022-07-07
300564,筑博设计,6.0,102870000,2022-07-08
300034,钢研高纳,1.5,485957096,2022-07-08
002228,合兴包装,1.5,1238631495,2022-07-08
603028,赛福天,0.608,287040000,2022-07-08
000528,柳工,1.6,1955019991,2022-07-08
688038,中科通达,1.0,116373400,2022-07-08
600489,中金黄金,2.243,4847312564,2022-07-08
600229,城市传媒,1.68,702096010,2022-07-08
300072,海新能科,0.05,2349720302,2022-07-11
002958,青农商行,1.0,5555606133,2022-07-08
603113,金能科技,3.5,855081125,2022-07-08
000530,冰山冷热,0.1,843212507,2022-07-08
601229,上海银行,4.0,14206655988,2022-07-08
002111,威海广泰,3.0,534474505,2022-07-08
002627,三峡旅游,1.0,738148117,2022-07-11
600477,杭萧钢构,0.6,2369111152,2022-07-08
002088,鲁阳节能,7.0,506332586,2022-07-08
000011,深物业A,6.8,595979092,2022-07-11
002771,真视通,0.13,209764100,2022-07-08
000090,天健集团,3.3,1868545434,2022-07-08
600736,苏州高新,0.7,1151292907,2022-07-08
600500,中化国际,0.8,2764069672,2022-07-08
600657,信达地产,0.7,2851878595,2022-07-08
600704,物产中大,1.6,5194872040,2022-07-08
601225,陕西煤业,13.5,9695000000,2022-07-08
002880,卫光生物,2.0,226800000,2022-07-08
300968,格林精密,2.0,413380000,2022-07-08
688248,南网科技,0.85,564700000,2022-07-08
002244,滨江集团,2.26,3111443890,2022-07-11
600110,诺德股份,0.598,1743803027,2022-07-08
603602,纵横通信,0.3,203848872,2022-07-08
601375,中原证券,0.21,4642884700,2022-07-12
600419,天润乳业,1.4315,320190246,2022-07-08
300668,杰恩股份,1.0,120381273,2022-07-12
600642,申能股份,2.0,4912038316,2022-07-08
603867,新化股份,5.0,141760500,2022-07-08
301006,迈拓股份,2.0,139280000,2022-07-11
603685,晨丰科技,1.2,169001596,2022-07-08
603855,华荣股份,10.0,337574000,2022-07-08
601088,中国神华,25.4,19868519955,2022-07-11
603619,中曼石油,1.0,400000100,2022-07-08
002929,润建股份,2.0,228748536,2022-07-11
301037,保立佳,0.6,91174600,2022-07-12
300998,宁波方正,1.0,106400000,2022-07-13
002897,意华股份,1.0,170672000,2022-07-12
002205,国统股份,0.1,185843228,2022-07-12
000598,兴蓉环境,1.02,2986218602,2022-07-11
002142,宁波银行,5.0,6603590792,2022-07-12
603666,亿嘉和,1.6,207940700,2022-07-12
002401,中远海科,1.2,372098880,2022-07-11
000682,东方电子,0.6,1340727007,2022-07-11
301256,华融化学,0.5,480000000,2022-07-12
600711,盛屯矿业,0.38,2828132262,2022-07-11
300766,每日互动,0.5,400100000,2022-07-11
300015,爱尔眼科,1.196653,5421225575,2022-07-11
002322,理工能科,2.0,384496549,2022-07-11
688066,*ST航图,1.0,184429281,2022-07-13
000921,海信家电,2.14,1362725370,2022-07-12
002036,联创电子,0.109999,1062833484,2022-07-11
920832,齐鲁华信,1.0,138763865,2022-07-13
688282,理工导航,6.25,88000000,2022-07-12
300571,平治信息,1.1,139528294,2022-07-13
000065,北方国际,0.622699,1001703396,2022-07-11
000936,华西股份,0.5,886012887,2022-07-13
601019,山东出版,3.5,2086900000,2022-07-11
002554,惠博普,0.07,1346857772,2022-07-12
002882,金龙羽,2.0,432900000,2022-07-13
002957,科瑞技术,0.34,410762170,2022-07-11
300814,中富电路,1.6,175796000,2022-07-12
002691,*ST冀凯,0.08,340000000,2022-07-12
300246,宝莱特,2.0,175680734,2022-07-11
688233,神工股份,4.1,160000000,2022-07-11
301063,海锅股份,1.5,84240000,2022-07-12
600968,海油发展,0.55,10165104199,2022-07-11
601918,新集能源,0.7,2590541800,2022-07-12
603663,三祥新材,1.0,215907162,2022-07-12
000719,中原传媒,3.3,1023203749,2022-07-11
601398,工商银行,2.933,356406257089,2022-07-12
920123,芭薇股份,2.0,76600000,2022-07-13
603707,健友股份,1.5,1243903658,2022-07-11
603928,兴业股份,10.0,201600000,2022-07-11
688016,心脉医疗,21.0,71978147,2022-07-12
688222,成都先导,0.5,400680000,2022-07-11
600638,新黄浦,0.5,673396786,2022-07-13
601328,交通银行,3.55,74262726645,2022-07-12
603256,宏和科技,0.984,884370000,2022-07-12
603888,新华网,1.63,519029360,2022-07-13
605567,春雪食品,1.0,200000000,2022-07-12
688383,新益昌,5.0,102133600,2022-07-12
300607,拓斯达,0.25,426315852,2022-07-14
300666,江丰电子,0.969072,234886378,2022-07-12
301102,兆讯传媒,2.5,200000000,2022-07-14
301088,戎美股份,1.78,228000000,2022-07-13
300355,蒙草生态,0.27,1604242081,2022-07-13
601658,邮储银行,2.474,92383967605,2022-07-12
300193,佳士科技,5.0,482919541,2022-07-12
002701,奥瑞金,1.36,2573260436,2022-07-14
600468,百利电气,0.29,1087735321,2022-07-12
002371,北方华创,2.05,527353647,2022-07-13
000983,山西焦煤,8.0,4096560000,2022-07-13
603456,九洲药业,2.5,834300730,2022-07-13
600493,凤竹纺织,0.808,272000000,2022-07-12
600584,长电科技,2.0,1779553000,2022-07-14
000997,新大陆,2.5,1032062937,2022-07-13
300680,隆盛科技,1.0,201851388,2022-07-13
002221,东华能源,2.17,1649022824,2022-07-12
600819,耀皮玻璃,0.35,934916069,2022-07-14
600131,国网信通,1.7,1195394544,2022-07-14
002899,英派斯,0.22,120000000,2022-07-13
600926,杭州银行,3.5,5930274860,2022-07-13
603037,凯众股份,6.0,104901350,2022-07-13
600378,昊华科技,2.911,918924734,2022-07-13
000548,湖南投资,0.2,499215811,2022-07-13
300535,达威股份,1.0,104582644,2022-07-12
600460,士兰微,1.0,1416071845,2022-07-13
002040,南京港,0.54,483966800,2022-07-13
000869,张裕A,4.5,685464000,2022-07-13
600195,中牧股份,1.5118,1021148260,2022-07-12
300509,新美星,1.0,296400000,2022-07-13
300892,品渥食品,1.9,100000000,2022-07-13
600831,广电网络,0.3,710503822,2022-07-13
600897,厦门空港,1.43,297810000,2022-07-14
600503,华丽家族,0.05,1602290000,2022-07-13
603699,纽威股份,2.5,749062000,2022-07-14
601500,通用股份,0.8,1074796667,2022-07-13
002406,远东传动,0.8,624167211,2022-07-14
000776,广发证券,5.0,7621087664,2022-07-13
600562,国睿科技,1.28,1241857840,2022-07-13
600622,光大嘉宝,0.74,1499685402,2022-07-15
002475,立讯精密,1.09982,7085454576,2022-07-13
688265,南模生物,2.57,77963513,2022-07-13
688330,宏力达,12.4,100000000,2022-07-14
600469,风神股份,0.2,731137184,2022-07-14
300587,天铁科技,0.788858,637094767,2022-07-15
002246,北化股份,0.45,549034794,2022-07-13
603662,柯力传感,3.23,235831910,2022-07-13
920701,豪声电子,1.5,73500000,2022-07-14
603421,鼎信通讯,0.73,652190511,2022-07-14
600348,华阳股份,5.0,2405000000,2022-07-13
603661,恒林股份,10.0,100000000,2022-07-14
000605,渤海股份,0.2,352658600,2022-07-14
000790,华神科技,0.1,625773564,2022-07-14
300780,德恩精工,1.0,146670000,2022-07-15
002096,易普力,0.3,380178200,2022-07-13
300611,美力科技,0.495808,178963692,2022-07-15
000407,胜利股份,0.35,880084656,2022-07-15
605259,绿田机械,10.0,88000000,2022-07-14
300883,龙利得,0.1,346000000,2022-07-15
600410,华胜天成,0.043,1098743383,2022-07-15
600201,生物股份,1.1,1126202241,2022-07-13
002189,中光学,2.240825,262309463,2022-07-13
600685,中船防务,1.38,1413506378,2022-07-13
600369,西南证券,0.8,6645109124,2022-07-13
000733,振华科技,3.0,518133618,2022-07-14
002651,利君股份,0.3,1033460000,2022-07-13
600363,联创光电,0.52,455245750,2022-07-13
002380,科远智慧,0.4,239991649,2022-07-13
300253,卫宁健康,0.2,2147728740,2022-07-15
000850,华茂股份,0.5,943665009,2022-07-14
603507,振江股份,2.9,125631400,2022-07-13
000729,燕京啤酒,0.4,2818539341,2022-07-14
688048,长光华芯,5.0,135599956,2022-07-13
002180,奔图科技,1.0,1416046938,2022-07-13
600283,钱江水利,1.5,352995758,2022-07-14
600668,尖峰集团,5.0,344083828,2022-07-13
002375,亚厦股份,0.25,1339996498,2022-07-14
001266,宏英智能,6.0,73440000,2022-07-14
002907,华森制药,0.5,401055818,2022-07-14
600835,上海机电,2.9,1022739308,2022-07-13
000886,海南高速,0.5,988828300,2022-07-13
600521,华海药业,1.0,1483474646,2022-07-13
002779,中坚科技,0.2,132000000,2022-07-14
601211,国泰海通,6.8,8906671793,2022-07-15
002149,西部材料,1.0,488214274,2022-07-14
600323,瀚蓝环境,2.2,815347146,2022-07-14
603900,莱绅通灵,0.4,340473840,2022-07-14
300122,智飞生物,6.0,1600000000,2022-07-15
002065,东华软件,0.5,3205482375,2022-07-18
600741,华域汽车,8.5,3152723984,2022-07-15
600834,申通地铁,0.46,477381905,2022-07-15
600703,三安光电,1.0,4479341308,2022-07-14
600626,申达股份,0.1,1107978710,2022-07-14
688613,奥精医疗,2.72,133333334,2022-07-14
601778,晶科科技,0.1256,2894348617,2022-07-15
601628,中国人寿,6.5,28264705000,2022-07-14
600619,海立股份,1.5,1084419906,2022-07-14
300424,航新科技,0.12,239892919,2022-07-15
688560,明冠新材,2.5,164087736,2022-07-14
603055,台华新材,1.7,868882148,2022-07-15
603515,欧普照明,5.0,754210692,2022-07-14
300633,开立医疗,1.25,427861745,2022-07-15
603466,风语筑,4.8,421928315,2022-07-14
002396,星网锐捷,1.0,583280278,2022-07-15
688628,优利德,3.0,110424000,2022-07-14
000718,苏宁环球,0.2,3034636384,2022-07-14
688276,百克生物,1.0,412840698,2022-07-15
300418,昆仑万维,0.658909,1199726120,2022-07-14
300985,致远新能,1.2,133333400,2022-07-15
600036,招商银行,15.22,25219845601,2022-07-15
000036,华联控股,0.68,1483934025,2022-07-15
688466,金科环境,0.61,102760000,2022-07-14
688658,悦康药业,6.8,450000000,2022-07-15
688067,爱威科技,3.0,68000000,2022-07-18
300476,胜宏科技,1.920251,863657021,2022-07-15
600395,盘江股份,4.0,2146624894,2022-07-14
603768,常青股份,0.59,204000000,2022-07-15
002810,山东赫达,1.0,342576040,2022-07-15
600779,水井坊,7.5,488365048,2022-07-15
000830,鲁西化工,20.0,1919676011,2022-07-15
600498,烽火通信,0.8,1187828054,2022-07-15
600020,中原高速,1.0,2247371832,2022-07-15
000680,山推股份,0.15,1501253212,2022-07-15
600845,宝信软件,10.0,1520138544,2022-07-15
601988,中国银行,2.21,294387791241,2022-07-15
600616,金枫酒业,0.3,669004950,2022-07-15
600383,金地集团,6.3,4514583572,2022-07-15
600775,南京熊猫,0.14,913838529,2022-07-15
601598,中国外运,1.8,7400803875,2022-07-15
603535,嘉诚国际,1.15,160860576,2022-07-14
600326,西藏天路,0.8,920886187,2022-07-15
601928,凤凰传媒,5.0,2544900000,2022-07-18
002483,润邦股份,0.5,942288735,2022-07-18
688089,嘉必优,3.3,120000000,2022-07-14
600104,上汽集团,6.82,11683461365,2022-07-15
601901,方正证券,0.4,8232101395,2022-07-14
603123,翠微股份,0.65,798736665,2022-07-15
002719,ST麦趣,0.1931,174139457,2022-07-15
601288,农业银行,2.068,349983033873,2022-07-15
600548,深高速,6.2,2180770326,2022-07-15
300634,彩讯股份,0.6,444011100,2022-07-14
601888,中国中免,15.0,1952475544,2022-07-15
600188,兖矿能源,16.0,4948703640,2022-07-14
601098,中南传媒,6.5,1796000000,2022-07-15
603324,盛剑科技,3.726,125116500,2022-07-15
688133,泰坦科技,1.9948,76446760,2022-07-15
000550,江铃汽车,2.66,863214000,2022-07-18
000883,湖北能源,1.5,6569750886,2022-07-15
600528,中铁工业,1.45,2221551588,2022-07-15
600064,南京高科,6.0,1235956888,2022-07-15
000968,蓝焰控股,0.5,967502660,2022-07-15
300451,创业慧康,0.3,1549787692,2022-07-18
000599,青岛双星,0.1,816792487,2022-07-15
600436,片仔癀,12.1,603317210,2022-07-15
600191,华资实业,0.1,484932000,2022-07-15
600178,东安动力,0.573,475783900,2022-07-15
002268,电科网安,0.5,845876603,2022-07-15
600798,宁波海运,0.8,1206534201,2022-07-15
600467,好当家,0.14,1460994304,2022-07-15
000088,盐田港,0.3,2249161747,2022-07-15
001210,金房能源,5.5,90748077,2022-07-18
000403,派林生物,0.56,732970308,2022-07-15
601985,中国核电,1.5,18850401757,2022-07-15
688162,巨一科技,3.0,137000000,2022-07-15
600006,东风股份,0.558,2000000000,2022-07-15
002193,ST如意,0.11,261715550,2022-07-15
301159,三维天地,0.8,77350000,2022-07-18
603869,ST智知,0.1504,504500508,2022-07-15
601169,北京银行,3.05,21142984272,2022-07-15
601311,骆驼股份,2.2,1173146118,2022-07-18
601881,中国银河,3.1,10137258757,2022-07-15
603039,泛微网络,1.5,260603073,2022-07-15
600161,天坛生物,1.0,1373174615,2022-07-15
002181,粤传媒,0.48,1161058174,2022-07-19
600802,福建水泥,0.88,458248400,2022-07-15
300460,ST惠伦,0.9,279004251,2022-07-15
600675,中华企业,0.53,6096135252,2022-07-18
600641,先导基电,1.22,957930404,2022-07-15
603833,欧派家居,17.5,609151948,2022-07-18
002487,大金重工,0.22,555661000,2022-07-18
688113,联测科技,1.21,63700000,2022-07-15
600789,鲁抗医药,0.5,882205998,2022-07-18
601326,秦港股份,0.56,5587412000,2022-07-19
688596,正帆科技,1.3428,256500000,2022-07-18
603227,雪峰科技,0.7,724570000,2022-07-18
600787,中储股份,1.61,2190316345,2022-07-19
002973,侨银股份,0.999999,408663499,2022-07-18
600613,神奇制药,1.0,534071628,2022-07-19
301180,万祥科技,0.5,400010000,2022-07-18
603328,依顿电子,0.68,998442611,2022-07-19
300527,ST应急,0.210172,963221423,2022-07-19
600162,香江控股,0.4,3395781424,2022-07-19
603895,天永智能,0.1,108080000,2022-07-18
600826,兰生股份,1.13,535920895,2022-07-19
601212,白银有色,0.034,7404774511,2022-07-19
002022,科华生物,0.65,514316849,2022-07-19
688609,九联科技,0.6,500000000,2022-07-18
603355,莱克电气,10.0,574335860,2022-07-18
002016,世荣兆业,3.0,809095632,2022-07-19
603712,七一二,1.0,772000000,2022-07-18
000778,新兴铸管,1.5,3990058776,2022-07-18
300475,香农芯创,1.07,420000000,2022-07-19
002603,以岭药业,3.0,1670705376,2022-07-19
601611,中国核建,0.72,2648647652,2022-07-19
600262,北方股份,1.65,170000000,2022-07-20
600137,浪莎股份,1.7,97217588,2022-07-18
600600,青岛啤酒,11.0,1364354793,2022-07-19
688505,复旦张江,0.7,1029000000,2022-07-20
601968,宝钢包装,1.2,1133039174,2022-07-20
600182,S佳通,0.35,340000000,2022-07-18
300632,光莆股份,0.501618,305181620,2022-07-18
600682,南京新百,0.3,1346132221,2022-07-18
603843,*ST正平,0.24,699623237,2022-07-19
002204,大连重工,0.3,1931370032,2022-07-19
002251,步步高,1.0,863903951,2022-07-20
600038,中直股份,4.65,589476716,2022-07-21
300604,长川科技,1.0,604328728,2022-07-20
601880,辽港股份,0.27,23987065816,2022-07-20
000628,高新发展,0.3,352280000,2022-07-21
600012,皖通高速,5.5,1658610000,2022-07-20
603706,东方环宇,8.0,189382714,2022-07-20
688010,福光股份,0.8959,153581943,2022-07-19
600812,华北制药,0.6,1715730370,2022-07-20
603228,景旺电子,3.0,847562145,2022-07-21
688009,中国通号,1.7,10589819000,2022-07-19
600639,浦东金桥,5.0,1122412893,2022-07-19
601877,正泰电器,4.0,2149973551,2022-07-19
002287,奇正藏药,5.9,530223245,2022-07-19
600000,浦发银行,4.1,29352173289,2022-07-21
000066,中国长城,0.472,3225799087,2022-07-20
002672,东江环保,0.55,879267102,2022-07-21
920896,旺成科技,3.0,75914240,2022-07-20
600635,大众公用,0.5,2952434675,2022-07-20
688209,英集芯,0.38,420000000,2022-07-20
603220,中贝通信,1.6,337760000,2022-07-20
600956,新天绿能,1.67,4187093073,2022-07-21
688639,华恒生物,5.51,108400000,2022-07-19
688597,煜邦电力,0.62,176472980,2022-07-19
600900,长江电力,8.153,22741859230,2022-07-21
600167,联美控股,1.3,2288119475,2022-07-19
600597,光明乳业,1.6,1378640863,2022-07-20
688065,凯赛生物,4.5,416681976,2022-07-20
002821,凯莱英,8.0,264274618,2022-07-21
688187,时代电气,4.5,1416236912,2022-07-22
300402,宝色股份,1.0,202000000,2022-07-21
002062,宏润建设,1.0,1102500000,2022-07-20
688385,复旦微电,0.65,814502000,2022-07-21
603982,泉峰汽车,0.74,201219765,2022-07-21
000685,中山公用,3.0,1475111351,2022-07-21
000967,盈峰环境,1.0,3179499998,2022-07-20
002822,ST中装,0.2,713632611,2022-07-21
920375,派诺科技,2.5,68110000,2022-07-22
300662,科锐国际,2.07,196837115,2022-07-21
600339,中油工程,0.25,5583147471,2022-07-22
002303,美盈森,0.2,1531323685,2022-07-21
601366,利群股份,1.5,849733364,2022-07-20
600674,川投能源,4.0,4407497360,2022-07-21
000777,中核科技,0.94,385494593,2022-07-20
002589,瑞康医药,0.09,1504710471,2022-07-22
000636,风华高科,1.16,1157013211,2022-07-20
600808,马钢股份,3.5,7775731186,2022-07-21
603861,白云电器,0.39,435969456,2022-07-21
002295,精艺股份,0.02,250616000,2022-07-22
603680,今创集团,1.5,783718767,2022-07-20
600739,辽宁成大,2.2,1529709816,2022-07-20
600927,永安期货,2.8,1455555556,2022-07-20
600824,益民集团,0.27,1054027073,2022-07-21
603983,丸美生物,1.9,401444780,2022-07-21
600618,氯碱化工,4.0,1156399976,2022-07-22
000709,河钢股份,1.0,10618607852,2022-07-21
600362,江西铜业,5.0,3462729405,2022-07-25
002722,物产金轮,1.5,175484217,2022-07-22
600269,赣粤高速,1.2,2335407014,2022-07-22
600217,中再资环,0.1,1388659782,2022-07-22
603917,合力科技,1.3,156800000,2022-07-21
601330,绿色动力,1.0,1393440000,2022-07-21
603825,ST华扬,2.8,253336552,2022-07-22
605287,德才股份,1.5,100000000,2022-07-21
605366,宏柏新材,1.6,335660000,2022-07-21
002338,奥普光电,0.4,240000000,2022-07-21
001227,兰州银行,1.0,5695697168,2022-07-21
002250,联化科技,0.5,923246256,2022-07-22
605198,安德利,0.5,357700000,2022-07-22
600072,中船科技,0.6,736249883,2022-07-21
000001,平安银行,2.28,19405918198,2022-07-22
600791,京能置业,0.1,452880000,2022-07-22
603876,鼎胜新材,2.0,489770665,2022-07-25
002208,合肥城建,1.0,803291894,2022-07-22
601607,上海医药,4.2,3696414318,2022-07-22
600108,亚盛集团,0.04,1946915121,2022-07-22
688528,秦川物联,0.6,168000000,2022-07-22
002184,海得控制,2.0,351908370,2022-07-22
601188,龙江交通,0.77,1315878571,2022-07-22
600872,中炬高新,3.0,796637194,2022-07-22
600573,惠泉啤酒,0.38,250000000,2022-07-22
600873,梅花生物,4.0,3098619928,2022-07-26
600079,ST人福,1.5,1633071908,2022-07-25
601186,中国铁建,2.46,13579541500,2022-07-26
688590,新致软件,2.4,182022280,2022-07-25
002941,新疆交建,1.0,645056698,2022-07-25
600990,四创电子,3.47,162637790,2022-07-25
688050,爱博医疗,3.7,105176712,2022-07-27
601669,中国电建,0.9957,15146035123,2022-07-25
603587,地素时尚,10.0,481150000,2022-07-26
688206,概伦电子,0.2,433804445,2022-07-26
603000,人民网,1.05,1105691056,2022-07-27
600580,卧龙电驱,1.5,1314892586,2022-07-25
600508,上海能源,1.55,722718000,2022-07-27
600629,华建集团,1.22,809149263,2022-07-25
601618,中国中冶,0.78,20723619170,2022-07-26
000514,渝开发,0.2,843770965,2022-07-28
601866,中远海发,2.26,13586477301,2022-07-28
002101,广东鸿图,3.0,528878866,2022-07-27
002573,清新环境,1.0,1403721079,2022-07-26
600993,马应龙,3.5,431053891,2022-07-28
688170,德龙激光,5.0,103360000,2022-07-26
601963,重庆银行,3.9,3474505339,2022-07-28
300137,先河环保,1.0,545374010,2022-07-27
600939,重庆建工,0.44,1901783053,2022-07-28
000529,广弘控股,1.5,583790330,2022-07-27
600533,栖霞建设,1.2,1050000000,2022-07-26
600839,四川长虹,0.2,4616244222,2022-07-27
600109,国金证券,0.7,3724359310,2022-07-27
920579,机科股份,4.0,93600000,2022-07-28
000507,珠海港,1.2,919734895,2022-07-27
603318,水发燃气,0.25,378011155,2022-07-26
600604,市北高新,0.07,1873304804,2022-07-26
600843,上工申贝,0.5,713166480,2022-07-27
600558,大西洋,0.3,897604831,2022-07-28
600958,东方证券,2.5,8496645292,2022-07-29
600863,华能蒙电,1.0,6526887811,2022-07-28
000917,电广传媒,0.2,1417556338,2022-07-28
000799,酒鬼酒,13.0,324928980,2022-07-29
601456,国联民生,1.0,2831773168,2022-07-28
600820,隧道股份,2.3,3144096094,2022-07-28
002133,广宇集团,0.5,774144175,2022-07-29
600571,信雅达,2.5,476601629,2022-07-29
600886,国投电力,1.635,7454179797,2022-07-29
601226,华电科工,0.85,1167010000,2022-07-29
601198,东兴证券,2.6,3232445520,2022-07-28
601998,中信银行,3.02,48934843657,2022-07-28
600027,华电国际,2.5,9869858215,2022-07-28
600688,上海石化,1.0,10823813500,2022-07-28
002399,海普瑞,0.35,1467296204,2022-07-28
301039,中集车辆,2.0,2017600000,2022-07-29
301025,读客文化,0.84,400010000,2022-07-27
601007,金陵饭店,0.8,390000000,2022-07-27
002594,比亚迪,1.05,2911142855,2022-07-29
601390,中国中铁,1.96,24741653683,2022-07-29
688122,西部超导,10.0,464046069,2022-07-28
300234,开尔新材,0.16,511424086,2022-07-29
600116,三峡水利,1.5,1912142904,2022-08-01
920690,捷众科技,1.5,52500000,2022-08-01
688225,亚信安全,1.4,400010000,2022-07-29
603693,江苏新能,1.0,685750677,2022-07-28
601319,中国人保,1.47,44223990583,2022-07-29
688737,中自科技,3.0,86034976,2022-07-28
601898,中煤能源,3.01,13258663400,2022-07-29
600420,国药现代,1.0,1026982118,2022-07-29
601163,三角轮胎,2.3,800000000,2022-07-28
603501,豪威集团,5.2,877123936,2022-07-28
600875,东方电气,2.3,3118807797,2022-07-28
601200,上海环境,1.0,1121858543,2022-07-29
601816,京沪高铁,0.491,49106484611,2022-07-29
601001,晋控煤业,4.0,1673700000,2022-07-29
603218,日月股份,2.5,967593089,2022-07-29
600513,联环药业,1.25,287145674,2022-07-29
605339,南侨食品,3.3,427654412,2022-08-01
603655,朗博科技,1.0,106000000,2022-08-01
002249,大洋电机,0.8,2372761980,2022-08-03
002027,分众传媒,1.3,14442199726,2022-08-03
600170,上海建工,1.45,8904397728,2022-08-01
002278,神开股份,0.5,363909648,2022-08-01
603829,洛凯股份,1.0,160000000,2022-08-01
603128,华贸物流,2.28,1309462971,2022-08-01
601577,长沙银行,3.5,4021553754,2022-08-02
600650,锦江在线,0.72,551610107,2022-08-03
600803,新奥股份,3.075,2845853619,2022-08-02
600428,中远海特,0.5,2146650771,2022-08-03
002761,浙江建投,2.0,1081340098,2022-08-04
600060,海信视像,0.87,1308261222,2022-08-03
601177,杭齿前进,0.22,400060000,2022-08-05
002605,姚记科技,3.0,405629587,2022-08-05
600718,东软集团,0.6,1242290295,2022-08-04
600522,中天科技,1.0,3412949652,2022-08-05
600345,长江通信,0.5,198000000,2022-08-05
000651,格力电器,20.0,5631405741,2022-08-05
300243,瑞丰高材,1.199988,232325005,2022-08-05
300999,金龙鱼,0.77,5421591536,2022-08-05
601990,南京证券,1.0,3686361034,2022-08-04
601788,光大证券,2.28,4610787639,2022-08-05
300831,ST派瑞,0.3,320000000,2022-08-05
000756,新华制药,1.5,669627235,2022-08-05
600649,城投控股,1.1,2529575634,2022-08-05
601688,华泰证券,4.5,9076650000,2022-08-05
600918,中泰证券,0.63,6968625756,2022-08-04
601138,工业富联,5.0,19865104011,2022-08-05
600851,海欣股份,0.35,1207056692,2022-08-08
600612,老凤祥,14.5,523117764,2022-08-05
688008,澜起科技,3.0,1133656831,2022-08-05
688001,华兴源创,2.15,439389177,2022-08-05
600377,宁沪高速,4.6,5037747500,2022-08-05
600999,招商证券,5.4,8696526806,2022-08-08
000166,申万宏源,1.0,25039944560,2022-08-05
920665,科强股份,2.0,99990000,2022-08-09
603127,昭衍新药,3.6,381565307,2022-08-08
600637,东方明珠,2.7,3414500201,2022-08-08
601336,新华保险,14.4,3119546600,2022-08-10
688366,昊海生科,7.0,174130000,2022-08-09
002636,金安国纪,0.85,728000000,2022-08-09
000938,紫光股份,1.0,2860079874,2022-08-08
600197,伊力特,4.1,471958676,2022-08-09
600278,东方创业,1.3,883527428,2022-08-09
688285,高铁电气,0.94,376289913,2022-08-10
600783,鲁信创投,2.1,744359294,2022-08-10
600386,北巴传媒,0.8,806400000,2022-08-09
000681,视觉中国,0.22,700577436,2022-08-09
300788,中信出版,5.08,190151515,2022-08-10
601949,中国出版,1.29,1822500000,2022-08-11
601908,京运通,0.6,2414602861,2022-08-10
603648,畅联股份,3.0,362412800,2022-08-12
301011,华立科技,2.0,86800000,2022-08-11
000919,金陵药业,1.0,510400000,2022-08-11
000999,华润三九,8.528212,987140000,2022-08-12
603893,瑞芯微,8.5,417359880,2022-08-10
605398,新炬网络,2.5,59498208,2022-08-12
601965,中国汽研,3.0,988955587,2022-08-12
000419,通程控股,1.6,543582655,2022-08-11
600486,扬农化工,6.5,309898907,2022-08-11
300129,泰胜风能,0.6,934899232,2022-08-12
600864,哈投股份,0.35,2080570520,2022-08-12
600977,中国电影,0.4,1867000000,2022-08-12
605598,上海港湾,0.36,172743467,2022-08-11
600906,财达证券,1.0,3245000000,2022-08-12
600320,振华重工,0.5,5268353501,2022-08-11
601766,中国中车,1.8,28698864088,2022-08-12
002037,保利联合,0.43,483883566,2022-08-11
688219,会通股份,0.1506,459283632,2022-08-12
688509,正元地信,0.1199,770000000,2022-08-15
605589,圣泉集团,2.0,774776800,2022-08-15
001211,双枪科技,5.0,72000000,2022-08-15
002202,金风科技,2.5,4225067647,2022-08-15
603858,步长制药,3.6,1141580610,2022-08-16
600444,国机通用,1.3,146421932,2022-08-16
600905,三峡能源,0.2122,28620510000,2022-08-16
603616,韩建河山,0.2076,381368000,2022-08-17
600456,宝钛股份,8.5,477777539,2022-08-17
600662,外服控股,2.0,2283296750,2022-08-17
601066,中信建投,3.95,7756694797,2022-08-18
000089,深圳机场,0.3,2050769509,2022-08-17
600841,动力新科,1.275,1631535732,2022-08-16
600085,同仁堂,2.9,1371470262,2022-08-18
600150,中国船舶,0.3,4472428758,2022-08-16
002926,华西证券,1.0,2625000000,2022-08-16
600081,东风科技,1.54,470418905,2022-08-17
300493,润欣科技,0.35,505539147,2022-08-18
600223,福瑞达,1.1,1009152199,2022-08-17
000039,中集集团,6.9,3595013590,2022-08-18
605069,正和生态,2.0,162844444,2022-08-17
600018,上港集团,1.8996,23284144750,2022-08-19
001289,龙源电力,1.47,8381963164,2022-08-18
600838,上海九百,0.77,400881981,2022-08-18
603068,博通集成,2.0,151279966,2022-08-19
300126,锐奇股份,0.1,303957600,2022-08-18
600210,紫江企业,2.5,1516736158,2022-08-18
601869,长飞光纤,2.81,757905108,2022-08-19
601696,中银证券,0.36,2778000000,2022-08-19
601995,中金公司,3.0,4827256868,2022-08-19
600570,恒生电子,1.0,1461560480,2022-08-18
000096,广聚能源,7.0,528000000,2022-08-19
600569,安阳钢铁,1.1,2872421386,2022-08-19
601608,中信重工,0.165,4339419293,2022-08-18
600833,第一医药,0.7,223086347,2022-08-18
600764,中国海防,3.59,710629386,2022-08-18
688063,派能科技,6.2,154844533,2022-08-18
600185,珠免集团,1.0,1885005795,2022-08-19
603098,森特股份,0.5,538799978,2022-08-19
601600,中国铝业,0.318,17134943251,2022-08-19
603160,汇顶科技,2.2,458089937,2022-08-19
600748,上实发展,0.87,1844562892,2022-08-19
600230,沧州大化,0.6,418355802,2022-08-19
600628,新世界,0.55,646875384,2022-08-19
000880,潍柴重机,0.25,331320600,2022-08-19
301041,金百泽,0.73,106680000,2022-08-22
300518,新迅达,2.0,101740600,2022-08-23
688553,汇宇制药,2.11,423600000,2022-08-22
600446,金证股份,0.27,941081805,2022-08-22
688260,昀冢科技,1.34,120000000,2022-08-24
600690,海尔智家,4.6136,9448155076,2022-08-23
001319,铭科精技,3.5,141400000,2022-08-24
603580,艾艾精工,1.64,130673200,2022-08-25
600620,天宸股份,0.55,686677113,2022-08-23
601900,南方传媒,3.3,895876566,2022-08-23
688185,康希诺,8.0,247449899,2022-08-23
001979,招商蛇口,5.4,7739098182,2022-08-23
000423,东阿阿胶,6.601386,654021537,2022-08-23
002827,高争民爆,1.5,276000000,2022-08-24
300457,赢合科技,1.001859,649537963,2022-08-26
000002,万科A,9.761257,11625383375,2022-08-25
601298,青岛港,2.564,6491100000,2022-08-26
002049,紫光国微,3.24998,606863738,2022-08-24
600288,大恒科技,0.632,436800000,2022-08-25
601999,出版传媒,0.6,550914700,2022-08-25
000782,恒申新材,0.3,528139623,2022-08-24
000568,泸州老窖,32.44,1471615076,2022-08-26
600482,中国动力,0.86,2160682115,2022-08-25
600315,上海家化,2.9,679634461,2022-08-25
002999,天禾股份,1.0,347592000,2022-08-26
600745,*ST闻泰,2.038,1246342332,2022-08-25
605186,健麾信息,0.9,136000000,2022-08-25
000338,潍柴动力,1.85,8726556821,2022-08-26
600030,中信证券,5.4,14820546829,2022-08-26
601868,中国能建,0.225,41691163636,2022-08-26
000601,韶能股份,0.5,1080551669,2022-08-29
600966,博汇纸业,2.705,1336844288,2022-08-25
000156,华数传媒,2.0,1852932442,2022-08-25
600846,同济科技,2.8,624761516,2022-08-26
000534,万泽股份,0.5,500623096,2022-08-29
000712,锦龙股份,0.1,896000000,2022-08-26
002910,庄园牧场,0.47,232381032,2022-08-29
600959,江苏有线,0.2,5000717686,2022-08-26
000009,中国宝安,0.35,2579213965,2022-08-31
600818,ST中路,0.66,321447910,2022-08-30
300560,中富通,0.88,226269812,2022-08-31
300525,博思软件,1.0,402061285,2022-09-02
301300,远翔新材,4.0,64150000,2022-11-21
