code,date,amount,kind,list_date
920065,2026-07-29,425250000.0,ipo,2026-07-29
688825,2026-07-27,57918847345.28,ipo,2026-07-27
920238,2026-07-24,341822106.0,ipo,2026-07-24
920176,2026-07-27,195672800.0,ipo,2026-07-27
688806,2026-07-21,998924678.8800001,ipo,2026-07-21
920079,2026-07-22,718000000.0,ipo,2026-07-22
920117,2026-07-16,400461853.48999995,ipo,2026-07-16
920081,2026-07-10,735110000.0,ipo,2026-07-10
920189,2026-07-08,172649400.0,ipo,2026-07-08
301583,2026-07-10,1047926359.8000001,ipo,2026-07-10
920136,2026-07-09,385600000.0,ipo,2026-07-09
920222,2026-06-30,129627239.0,ipo,2026-06-30
001248,2026-07-02,21304348050.0,ipo,2026-07-02
920193,2026-07-02,238560000.0,ipo,2026-07-02
920072,2026-06-29,231176000.0,ipo,2026-06-29
688797,2026-06-24,1729935056.0,ipo,2026-06-24
001399,2026-06-26,7385408756.879999,ipo,2026-06-26
920126,2026-06-15,362390800.0,ipo,2026-06-15
920083,2026-06-11,215362610.85,ipo,2026-06-11
301669,2026-06-09,849600000.0,ipo,2026-06-09
920206,2026-06-08,241476944.0,ipo,2026-06-08
920211,2026-06-05,161216000.0,ipo,2026-06-05
920218,2026-05-29,285463103.9,ipo,2026-05-29
920161,2026-05-27,313126185.0,ipo,2026-05-27
688635,2026-05-27,959649149.9999999,ipo,2026-05-27
920220,2026-05-22,374595019.08,ipo,2026-05-22
603435,2026-05-22,724960000.0,ipo,2026-05-22
001237,2026-05-22,1975299317.08,ipo,2026-05-22
001365,2026-05-18,2148010000.0,ipo,2026-05-18
920096,2026-05-18,259740000.0,ipo,2026-05-18
001393,2026-05-15,1893686686.92,ipo,2026-05-15
920178,2026-05-15,405099924.59999996,ipo,2026-05-15
603407,2026-05-11,568260000.0,ipo,2026-05-11
301531,2026-05-11,730613422.0,ipo,2026-05-11
920200,2026-05-07,471487799.99999994,ipo,2026-05-07
920186,2026-04-29,842920000.0,ipo,2026-04-29
301599,2026-04-30,900533400.0,ipo,2026-04-30
920156,2026-04-27,504831600.0,ipo,2026-04-27
688808,2026-04-24,2101586693.9600003,ipo,2026-04-24
920125,2026-04-24,223695000.0,ipo,2026-04-24
001312,2026-04-21,1072166678.9200001,ipo,2026-04-21
920191,2026-04-20,341938500.0,ipo,2026-04-20
688820,2026-04-21,5027574068.16,ipo,2026-04-21
301513,2026-04-17,666500000.0,ipo,2026-04-17
920177,2026-04-16,285144000.0,ipo,2026-04-16
603293,2026-04-16,1499436550.8500001,ipo,2026-04-16
301666,2026-04-16,2010084986.8799999,ipo,2026-04-16
920012,2026-04-13,241408575.09999996,ipo,2026-04-13
920181,2026-04-10,302400000.0,ipo,2026-04-10
688811,2026-04-10,836089228.1700001,ipo,2026-04-10
603459,2026-04-08,1770000000.0,ipo,2026-04-08
301696,2026-04-10,987446800.0,ipo,2026-04-10
920011,2026-04-08,320333338.50000006,ipo,2026-04-08
920055,2026-03-31,419900000.0,ipo,2026-03-31
688813,2026-03-31,1051200000.0,ipo,2026-03-31
301683,2026-04-01,1236765858.0,ipo,2026-04-01
001257,2026-03-31,1681300000.0,ipo,2026-03-31
920069,2026-03-27,194511864.0,ipo,2026-03-27
920188,2026-03-30,308784499.92,ipo,2026-03-30
688781,2026-03-25,2268000000.0,ipo,2026-03-25
301682,2026-03-25,2116782104.3999999,ipo,2026-03-25
920028,2026-03-20,386246000.0,ipo,2026-03-20
920078,2026-03-18,160540000.0,ipo,2026-03-18
920036,2026-03-09,292790360.0,ipo,2026-03-09
301680,2026-03-06,1200600000.0,ipo,2026-03-06
920183,2026-03-04,207487564.20000002,ipo,2026-03-04
920187,2026-03-05,462072000.0,ipo,2026-03-05
920168,2026-02-26,303889278.00000006,ipo,2026-02-26
920166,2026-02-12,142757651.52,ipo,2026-02-12
920180,2026-02-10,226500944.54,ipo,2026-02-10
688816,2026-02-11,1398750000.0,ipo,2026-02-11
688818,2026-02-10,1644939000.0,ipo,2026-02-10
603284,2026-02-10,714178156.0,ipo,2026-02-10
688712,2026-02-05,998640000.0,ipo,2026-02-05
001220,2026-02-03,646030000.0,ipo,2026-02-03
920119,2026-01-30,670080000.0,ipo,2026-01-30
920159,2026-01-28,400000000.0,ipo,2026-01-28
601112,2026-01-29,2918594900.0,ipo,2026-01-29
688785,2026-01-28,1560658928.6200001,ipo,2026-01-28
920076,2026-01-22,194162618.28,ipo,2026-01-22
920050,2026-01-21,270378947.32,ipo,2026-01-21
920086,2026-01-16,243927200.0,ipo,2026-01-16
603352,2026-01-15,1239866673.96,ipo,2026-01-15
920045,2025-12-31,323797500.0,ipo,2025-12-31
603402,2026-01-06,1555173386.96,ipo,2026-01-06
301687,2025-12-31,805181880.0,ipo,2025-12-31
688809,2025-12-30,2756055059.3799996,ipo,2025-12-30
001396,2025-12-30,595811700.0,ipo,2025-12-30
001369,2025-12-30,1965950000.0,ipo,2025-12-30
920121,2025-12-25,280261240.77000004,ipo,2025-12-25
688805,2025-12-24,778873599.9999999,ipo,2025-12-24
603248,2025-12-23,1010000000.0,ipo,2025-12-23
301449,2025-12-23,600000006.4,ipo,2025-12-23
001325,2025-12-18,485100000.0,ipo,2025-12-18
688807,2025-12-19,1033199999.9999999,ipo,2025-12-19
301667,2025-12-23,631770761.9999999,ipo,2025-12-23
688802,2025-12-17,4196866000.0,ipo,2025-12-17
688790,2025-12-16,2066775501.3200002,ipo,2025-12-16
688796,2025-12-10,1267300000.0,ipo,2025-12-10
688795,2025-12-05,7999600000.0,ipo,2025-12-05
001280,2025-12-03,4439972724.0199995,ipo,2025-12-03
920035,2025-12-02,174966000.0,ipo,2025-12-02
001233,2025-11-25,2231680032.0000005,ipo,2025-11-25
920124,2025-11-27,322007629.14,ipo,2025-11-27
688727,2025-11-18,1010295120.6,ipo,2025-11-18
301638,2025-11-18,2713831468.46,ipo,2025-11-18
920091,2025-11-21,135000000.0,ipo,2025-11-21
920160,2025-11-18,189744000.0,ipo,2025-11-18
920003,2025-11-07,199780000.0,ipo,2025-11-07
603092,2025-11-07,1867204668.0,ipo,2025-11-07
603334,2025-11-05,879191000.0,ipo,2025-11-05
603376,2025-11-06,502012550.0,ipo,2025-11-06
920009,2025-11-03,136800000.0,ipo,2025-11-03
688759,2025-10-28,1600200000.0,ipo,2025-10-28
688783,2025-10-28,4635836000.0,ipo,2025-10-28
920020,2025-10-28,331875000.0,ipo,2025-10-28
603175,2025-10-24,896699999.9999999,ipo,2025-10-24
688765,2025-10-28,2599456347.2399993,ipo,2025-10-28
001386,2025-10-22,1643015000.0,ipo,2025-10-22
601026,2025-10-17,788642400.0,ipo,2025-10-17
920158,2025-10-16,159900000.0,ipo,2025-10-16
920080,2025-10-10,165000000.0,ipo,2025-10-10
301563,2025-09-30,439533675.0,ipo,2025-09-30
001285,2025-09-30,1904483404.88,ipo,2025-09-30
920015,2025-09-25,592900006.0500001,ipo,2025-09-25
301584,2025-09-25,445512602.84999996,ipo,2025-09-25
301656,2025-09-25,3601414876.8,ipo,2025-09-25
603418,2025-09-23,2237663265.9600005,ipo,2025-09-23
301668,2025-09-26,585900000.0,ipo,2025-09-26
920022,2025-09-19,171130000.0,ipo,2025-09-19
301575,2025-09-10,600042300.0,ipo,2025-09-10
920100,2025-09-08,158940000.0,ipo,2025-09-08
603370,2025-09-05,813517500.0000001,ipo,2025-09-05
920112,2025-08-28,299820000.0,ipo,2025-08-28
920056,2025-08-22,106563800.0,ipo,2025-08-22
920018,2025-08-20,281352316.91,ipo,2025-08-20
920101,2025-08-14,373992706.08,ipo,2025-08-14
301632,2025-08-12,686569600.0,ipo,2025-08-12
920007,2025-08-08,268759970.0,ipo,2025-08-08
603406,2025-08-08,944236000.0,ipo,2025-08-08
301491,2025-08-06,932347500.0,ipo,2025-08-06
920005,2025-07-31,223200000.0,ipo,2025-07-31
001221,2025-07-30,617354300.0,ipo,2025-07-30
603262,2025-07-23,544108800.0,ipo,2025-07-23
301609,2025-07-23,596955200.0,ipo,2025-07-23
600930,2025-07-16,15801242600.52,ipo,2025-07-16
301630,2025-07-10,840000000.0,ipo,2025-07-10
688729,2025-07-08,2497482000.0,ipo,2025-07-08
001388,2025-07-01,640380000.0000001,ipo,2025-07-01
920037,2025-06-26,200000000.0,ipo,2025-06-26
301678,2025-06-20,766577497.6,ipo,2025-06-20
603400,2025-06-20,497000000.0,ipo,2025-06-20
603382,2025-06-12,521098350.0,ipo,2025-06-12
688775,2025-06-11,1938070000.0000002,ipo,2025-06-11
920027,2025-06-10,168182900.0,ipo,2025-06-10
301590,2025-06-05,940799999.9999999,ipo,2025-06-05
603049,2025-06-05,4066358040.0,ipo,2025-06-05
001390,2025-05-29,604000000.0,ipo,2025-05-29
603014,2025-05-19,1090194285.5,ipo,2025-05-19
301595,2025-05-19,461543500.0,ipo,2025-05-19
688755,2025-05-16,500940000.0,ipo,2025-05-16
920068,2025-05-13,236400000.0,ipo,2025-05-13
301636,2025-05-16,527867565.36,ipo,2025-05-16
301560,2025-04-25,501600000.0,ipo,2025-04-25
001400,2025-04-24,560400000.0,ipo,2025-04-24
603202,2025-04-24,3740000000.0,ipo,2025-04-24
301662,2025-04-17,532000000.0,ipo,2025-04-17
603120,2025-04-16,339000000.0,ipo,2025-04-16
301665,2025-04-11,462150000.0,ipo,2025-04-11
001335,2025-04-15,299966592.0,ipo,2025-04-15
603210,2025-04-09,731860000.0,ipo,2025-04-09
603257,2025-04-08,615600000.0,ipo,2025-04-08
301658,2025-04-02,486597945.20000005,ipo,2025-04-02
920029,2025-03-28,1016717343.46,ipo,2025-03-28
301616,2025-03-27,417400000.0,ipo,2025-03-27
688757,2025-03-25,366206832.92,ipo,2025-03-25
301535,2025-03-27,313867060.56,ipo,2025-03-27
301629,2025-03-24,545375497.32,ipo,2025-03-24
001382,2025-03-21,458800000.0,ipo,2025-03-21
603124,2025-03-20,384038601.99999994,ipo,2025-03-20
301501,2025-03-19,1017960000.0,ipo,2025-03-19
301479,2025-03-18,665651347.3,ipo,2025-03-18
603271,2025-03-11,1013520000.0000001,ipo,2025-03-11
301275,2025-03-11,1161600000.0,ipo,2025-03-11
603409,2025-03-04,761856282.72,ipo,2025-03-04
301173,2025-03-03,622089971.0,ipo,2025-03-03
301557,2025-03-04,319990400.0,ipo,2025-03-04
920108,2025-02-06,111400000.0,ipo,2025-02-06
688411,2025-01-27,861102567.06,ipo,2025-01-27
001395,2025-01-27,416134799.99999994,ipo,2025-01-27
001356,2025-01-23,780849000.0,ipo,2025-01-23
688545,2025-01-22,1168000000.0,ipo,2025-01-22
301602,2025-01-22,430471288.2,ipo,2025-01-22
688583,2025-01-15,568820000.0,ipo,2025-01-15
301601,2025-01-15,414416000.0,ipo,2025-01-15
688758,2025-01-10,215894980.80000004,ipo,2025-01-10
301458,2025-01-10,693333680.0,ipo,2025-01-10
920116,2025-01-02,190300000.0,ipo,2025-01-02
301581,2025-01-03,550000000.0,ipo,2025-01-03
603072,2025-01-03,812661000.0,ipo,2025-01-03
001391,2024-12-30,3038708296.0,ipo,2024-12-30
920082,2024-12-26,116883000.0,ipo,2024-12-26
603194,2024-12-24,1239520000.0,ipo,2024-12-24
920106,2024-12-18,115947000.0,ipo,2024-12-18
301598,2024-12-20,566296808.76,ipo,2024-12-20
301585,2024-12-20,479000000.0,ipo,2024-12-20
688605,2024-12-12,571217550.0,ipo,2024-12-12
301617,2024-12-11,713432000.0,ipo,2024-12-11
920098,2024-12-05,210000000.0,ipo,2024-12-05
688708,2024-12-05,1083470800.0,ipo,2024-12-05
301622,2024-12-04,648059209.1999999,ipo,2024-12-04
920128,2024-11-29,164160000.0,ipo,2024-11-29
688449,2024-11-29,1125000000.0,ipo,2024-11-29
603395,2024-11-26,399000000.0,ipo,2024-11-26
920060,2024-11-19,345960000.0,ipo,2024-11-19
688750,2024-11-20,662300000.0,ipo,2024-11-20
301631,2024-11-22,1191926700.0,ipo,2024-11-22
920111,2024-11-11,242687500.0,ipo,2024-11-11
603205,2024-11-07,439500000.0,ipo,2024-11-07
301633,2024-11-07,528124799.99999994,ipo,2024-11-07
920066,2024-10-31,143989296.98999998,ipo,2024-10-31
301628,2024-10-31,531023920.0,ipo,2024-10-31
920088,2024-10-29,153720000.0,ipo,2024-10-29
688726,2024-10-29,712563442.02,ipo,2024-10-29
301613,2024-10-25,664068720.0,ipo,2024-10-25
301626,2024-10-24,613971600.0,ipo,2024-10-24
301592,2024-10-24,516075000.0,ipo,2024-10-24
301556,2024-10-17,309140000.0,ipo,2024-10-17
301522,2024-10-16,639610668.96,ipo,2024-10-16
001279,2024-10-11,387200000.0,ipo,2024-10-11
301618,2024-09-30,340243200.0,ipo,2024-09-30
920019,2024-10-11,219386811.0,ipo,2024-10-11
688615,2024-09-26,1379500000.0,ipo,2024-09-26
301551,2024-09-26,376094000.0,ipo,2024-09-26
920099,2024-09-25,304000000.0,ipo,2024-09-25
603091,2024-09-20,677332049.9999999,ipo,2024-09-20
920016,2024-09-13,112125000.0,ipo,2024-09-13
301600,2024-09-11,699192000.0000001,ipo,2024-09-11
301607,2024-09-04,388551002.0,ipo,2024-09-04
688710,2024-09-03,671767870.24,ipo,2024-09-03
001277,2024-09-03,608000000.0,ipo,2024-09-03
920008,2024-08-29,92000000.0,ipo,2024-08-29
301586,2024-08-28,375256716.84,ipo,2024-08-28
603207,2024-08-26,498800000.0,ipo,2024-08-26
920118,2024-08-22,124100000.0,ipo,2024-08-22
301571,2024-08-21,499701153.7800001,ipo,2024-08-21
603310,2024-08-14,1501452600.0,ipo,2024-08-14
301611,2024-08-16,600000000.0,ipo,2024-08-16
688721,2024-08-06,617437500.0,ipo,2024-08-06
301608,2024-08-01,990245150.0,ipo,2024-08-01
603391,2024-07-31,910000000.0,ipo,2024-07-31
301606,2024-07-26,880215000.0,ipo,2024-07-26
301552,2024-07-22,510000000.0,ipo,2024-07-22
301603,2024-07-10,800035000.0,ipo,2024-07-10
603285,2024-07-05,746000000.0,ipo,2024-07-05
603350,2024-07-03,596240000.0,ipo,2024-07-03
603381,2024-06-26,1384984235.0,ipo,2024-06-26
301580,2024-06-26,855370720.9000001,ipo,2024-06-26
301565,2024-06-20,712918800.0,ipo,2024-06-20
688692,2024-06-12,1652240000.0,ipo,2024-06-12
300784,2024-06-07,397898000.0,ipo,2024-06-07
301392,2024-06-05,305000000.0,ipo,2024-06-05
920002,2024-05-30,103699999.99999999,ipo,2024-05-30
301596,2024-05-13,357165106.56,ipo,2024-05-13
688530,2024-05-09,384107577.59999996,ipo,2024-05-09
301539,2024-04-15,393680000.0,ipo,2024-04-15
688691,2024-04-11,595800000.0,ipo,2024-04-11
920931,2024-04-08,155000000.0,ipo,2024-04-08
301587,2024-04-08,800359577.3000001,ipo,2024-04-08
001389,2024-04-02,737289000.0,ipo,2024-04-02
920123,2024-03-29,46160000.0,ipo,2024-03-29
301536,2024-03-28,680540100.8,ipo,2024-03-28
001359,2024-03-28,806548200.0,ipo,2024-03-28
920438,2024-03-25,200000000.0,ipo,2024-03-25
603344,2024-03-20,932776049.1000001,ipo,2024-03-20
301538,2024-03-20,558200000.0,ipo,2024-03-20
688695,2024-03-13,476925613.3500001,ipo,2024-03-13
301588,2024-03-13,430895615.50000006,ipo,2024-03-13
920706,2024-03-08,148961547.0,ipo,2024-03-08
603341,2024-03-01,1560000000.0,ipo,2024-03-01
301591,2024-02-28,408612900.0,ipo,2024-02-28
688584,2024-02-08,1500228775.76,ipo,2024-02-08
301589,2024-02-08,1629267600.0,ipo,2024-02-08
688709,2024-02-07,1499964000.0,ipo,2024-02-07
920656,2024-02-02,398000000.0,ipo,2024-02-02
301502,2024-02-02,399730710.0,ipo,2024-02-02
603082,2024-01-30,863050832.0,ipo,2024-01-30
920496,2024-01-26,149500000.0,ipo,2024-01-26
603375,2024-01-24,960863346.0600002,ipo,2024-01-24
301577,2024-01-24,405083889.9899999,ipo,2024-01-24
601033,2024-01-18,2430000000.0,ipo,2024-01-18
001379,2024-01-19,849000000.0,ipo,2024-01-19
920403,2024-01-18,147392000.0,ipo,2024-01-18
301567,2024-01-16,386280000.0,ipo,2024-01-16
920806,2024-01-11,335520668.21,ipo,2024-01-11
603312,2024-01-11,1172408000.0,ipo,2024-01-11
001387,2024-01-11,525842200.0,ipo,2024-01-11
603325,2024-01-10,1207908200.0,ipo,2024-01-10
920690,2024-01-05,112080000.0,ipo,2024-01-05
688717,2024-01-03,2226400000.0,ipo,2024-01-03
301566,2023-12-29,534089000.0,ipo,2023-12-29
301578,2023-12-28,587280000.0,ipo,2023-12-28
920363,2023-12-28,139533335.76,ipo,2023-12-28
603004,2023-12-27,989184000.0,ipo,2023-12-27
301526,2023-12-26,1862000000.0,ipo,2023-12-26
601096,2023-12-22,1136940912.3999999,ipo,2023-12-22
920061,2023-12-21,124515617.00000001,ipo,2023-12-21
001358,2023-12-21,902000000.0,ipo,2023-12-21
603373,2023-12-20,513440871.09999996,ipo,2023-12-20
920284,2023-12-19,84000000.0,ipo,2023-12-19
301413,2023-12-18,629206375.0,ipo,2023-12-18
920375,2023-12-14,115200000.0,ipo,2023-12-14
603231,2023-12-15,1019041591.9999998,ipo,2023-12-15
301459,2023-12-13,638000000.0,ipo,2023-12-13
920547,2023-12-12,257868000.00000003,ipo,2023-12-12
001239,2023-12-12,723000000.0,ipo,2023-12-12
301516,2023-12-08,482105265.93,ipo,2023-12-08
688720,2023-12-06,617594352.02,ipo,2023-12-06
920703,2023-12-05,351750000.0,ipo,2023-12-05
601083,2023-12-05,2183850000.0,ipo,2023-12-05
920579,2023-11-30,249600000.0,ipo,2023-11-30
301508,2023-12-01,950688266.0,ipo,2023-12-01
688652,2023-11-29,1341900000.0,ipo,2023-11-29
301568,2023-11-28,599798600.0,ipo,2023-11-28
920570,2023-11-23,152918000.0,ipo,2023-11-23
688653,2023-11-17,668640000.0,ipo,2023-11-17
001306,2023-11-16,831265000.0,ipo,2023-11-16
920132,2023-11-16,105600000.00000001,ipo,2023-11-16
688648,2023-11-13,516120000.0,ipo,2023-11-13
920522,2023-11-16,300000000.0,ipo,2023-11-16
920833,2023-11-08,120000000.0,ipo,2023-11-08
001326,2023-11-09,753594000.0,ipo,2023-11-09
920679,2023-11-10,188305400.0,ipo,2023-11-10
603062,2023-11-07,1568160000.0,ipo,2023-11-07
920130,2023-11-02,111505000.0,ipo,2023-11-02
001376,2023-11-03,210170399.99999997,ipo,2023-11-03
603107,2023-11-01,1200087050.0,ipo,2023-11-01
920493,2023-11-01,290000000.0,ipo,2023-11-01
301555,2023-10-31,527766096.0,ipo,2023-10-31
001378,2023-10-30,1056008448.0,ipo,2023-10-30
603273,2023-10-23,508994800.0,ipo,2023-10-23
301489,2023-10-24,600751114.4399999,ipo,2023-10-24
920693,2023-10-27,63600000.0,ipo,2023-10-27
920026,2023-10-19,320320000.0,ipo,2023-10-19
603193,2023-10-17,1054792199.9999999,ipo,2023-10-17
301517,2023-10-17,725670029.0,ipo,2023-10-17
920786,2023-10-13,261350000.0,ipo,2023-10-13
301559,2023-10-11,2179800000.0,ipo,2023-10-11
688657,2023-10-10,1159961880.0,ipo,2023-10-10
920978,2023-09-28,132660000.0,ipo,2023-09-28
301558,2023-09-28,868311800.0,ipo,2023-09-28
688719,2023-09-28,1442987600.0,ipo,2023-09-28
603276,2023-09-25,1029200000.0,ipo,2023-09-25
301520,2023-09-25,1131333355.96,ipo,2023-09-25
920665,2023-09-26,188400000.0,ipo,2023-09-26
688716,2023-09-20,902257200.0,ipo,2023-09-20
301500,2023-09-21,959039700.0,ipo,2023-09-21
301548,2023-09-20,1002000000.0,ipo,2023-09-20
920469,2023-09-18,129504000.0,ipo,2023-09-18
920519,2023-09-15,178600000.0,ipo,2023-09-15
688702,2023-09-14,2132999999.9999998,ipo,2023-09-14
301550,2023-09-15,1032900000.0000001,ipo,2023-09-15
920627,2023-09-07,138000000.0,ipo,2023-09-07
603075,2023-09-11,924231000.0,ipo,2023-09-11
301529,2023-09-11,776260489.8000001,ipo,2023-09-11
688549,2023-09-08,1913072420.0,ipo,2023-09-08
301251,2023-09-06,971969107.1999999,ipo,2023-09-06
603270,2023-09-01,1192488040.59,ipo,2023-09-01
301507,2023-09-05,891386000.0,ipo,2023-09-05
301525,2023-08-30,2348856300.0,ipo,2023-08-30
688591,2023-08-25,1498800000.0,ipo,2023-08-25
301528,2023-08-28,1112900000.0,ipo,2023-08-28
920976,2023-09-01,130810000.00000001,ipo,2023-09-01
603275,2023-08-23,1858532361.11,ipo,2023-08-23
301421,2023-08-23,849963400.0,ipo,2023-08-23
920504,2023-08-17,73125000.0,ipo,2023-08-17
688693,2023-08-18,752131593.99,ipo,2023-08-18
301469,2023-08-22,818294600.0,ipo,2023-08-22
301418,2023-08-21,951133367.9200001,ipo,2023-08-21
920953,2023-08-23,232575000.0,ipo,2023-08-23
688573,2023-08-17,578705976.96,ipo,2023-08-17
301498,2023-08-16,1599779955.0,ipo,2023-08-16
688548,2023-08-15,3255615848.1000004,ipo,2023-08-15
301511,2023-08-17,1890846076.0,ipo,2023-08-17
688592,2023-08-16,784770000.0,ipo,2023-08-16
301533,2023-08-18,725012650.0,ipo,2023-08-18
920748,2023-08-16,95200000.0,ipo,2023-08-16
301510,2023-08-15,480120000.0,ipo,2023-08-15
920274,2023-08-18,162666672.0,ipo,2023-08-18
301372,2023-08-11,771428610.0,ipo,2023-08-11
920058,2023-08-10,231000000.0,ipo,2023-08-10
688671,2023-08-09,709035600.0,ipo,2023-08-09
300904,2023-08-09,640779359.9999999,ipo,2023-08-09
603296,2023-08-08,5851959472.8,ipo,2023-08-08
301487,2023-08-09,308560000.0,ipo,2023-08-09
301348,2023-08-10,903999999.9999999,ipo,2023-08-10
688347,2023-08-07,21203000000.0,ipo,2023-08-07
301362,2023-08-04,1335978500.0,ipo,2023-08-04
301518,2023-08-03,902537500.0,ipo,2023-08-03
301509,2023-08-03,1216511427.6000001,ipo,2023-08-03
920926,2023-08-08,138573918.23999998,ipo,2023-08-08
301371,2023-08-01,2231654400.0,ipo,2023-08-01
688646,2023-07-28,1113402513.6,ipo,2023-07-28
603119,2023-08-01,1072400000.0,ipo,2023-08-01
688651,2023-07-26,753312000.0,ipo,2023-07-26
688612,2023-07-26,1990909000.0,ipo,2023-07-26
301519,2023-07-27,861478800.0,ipo,2023-07-27
301172,2023-07-26,964964000.0,ipo,2023-07-26
688450,2023-07-24,875985000.0,ipo,2023-07-24
688602,2023-07-20,899557500.0,ipo,2023-07-20
301515,2023-07-25,779000000.0,ipo,2023-07-25
301499,2023-07-21,673992481.5,ipo,2023-07-21
301446,2023-07-25,637800000.0,ipo,2023-07-25
920982,2023-07-20,245000000.0,ipo,2023-07-20
688563,2023-07-19,7109100000.0,ipo,2023-07-19
301512,2023-07-20,528802643.99999994,ipo,2023-07-20
301505,2023-07-19,579700000.0,ipo,2023-07-19
301468,2023-07-24,1570140000.0,ipo,2023-07-24
688627,2023-07-18,1099232457.03,ipo,2023-07-18
688610,2023-07-19,1246610000.0,ipo,2023-07-19
920751,2023-07-17,109443482.8,ipo,2023-07-17
301456,2023-07-14,1410214000.0,ipo,2023-07-14
301272,2023-07-13,751835700.0,ipo,2023-07-13
920701,2023-07-19,215600000.00000003,ipo,2023-07-19
301393,2023-07-12,1827360000.0000002,ipo,2023-07-12
301381,2023-07-12,820045000.0,ipo,2023-07-12
301329,2023-07-17,903000000.0,ipo,2023-07-17
688638,2023-07-12,839000000.0,ipo,2023-07-12
301503,2023-07-17,631800000.0,ipo,2023-07-17
301370,2023-07-12,945334000.0,ipo,2023-07-12
688603,2023-07-10,799382760.0,ipo,2023-07-10
301486,2023-07-07,1854939498.0,ipo,2023-07-07
920576,2023-07-12,121550000.0,ipo,2023-07-12
301292,2023-07-07,1114258492.05,ipo,2023-07-07
301261,2023-07-10,810787058.1,ipo,2023-07-10
920592,2023-07-10,114180000.00000001,ipo,2023-07-10
301202,2023-07-05,880462000.0,ipo,2023-07-05
301488,2023-07-04,914940000.0,ipo,2023-07-04
688582,2023-06-30,1476315400.0,ipo,2023-06-30
301395,2023-07-03,966616400.0,ipo,2023-07-03
301291,2023-06-30,2976046500.0,ipo,2023-06-30
301210,2023-06-30,1193143471.3200002,ipo,2023-06-30
920717,2023-07-03,145407600.0,ipo,2023-07-03
688429,2023-06-29,768015360.0,ipo,2023-06-29
920175,2023-06-30,403200000.0,ipo,2023-06-30
688631,2023-06-28,1033193600.0,ipo,2023-06-28
301295,2023-06-28,673200000.0,ipo,2023-06-28
688629,2023-06-27,640319036.24,ipo,2023-06-27
301170,2023-06-27,850000000.0,ipo,2023-06-27
688620,2023-06-27,1046640000.0,ipo,2023-06-27
301397,2023-06-28,1332282700.0,ipo,2023-06-28
300804,2023-06-27,785325000.0,ipo,2023-06-27
688543,2023-06-21,1601378900.0,ipo,2023-06-21
301376,2023-06-21,990099000.0,ipo,2023-06-21
920651,2023-06-27,137172000.0,ipo,2023-06-27
688443,2023-06-20,3472838400.0,ipo,2023-06-20
301315,2023-06-21,710380000.0,ipo,2023-06-21
301262,2023-06-20,1260174000.0,ipo,2023-06-20
920455,2023-06-21,135450000.0,ipo,2023-06-21
301448,2023-06-19,363000000.0,ipo,2023-06-19
688334,2023-06-19,1120691316.72,ipo,2023-06-19
301232,2023-06-15,976575000.0,ipo,2023-06-15
301225,2023-06-16,922880799.9999999,ipo,2023-06-16
301287,2023-06-14,668633700.0,ipo,2023-06-14
688472,2023-06-09,6005752946.4,ipo,2023-06-09
301355,2023-06-12,856089000.0,ipo,2023-06-12
301320,2023-06-09,591618000.0,ipo,2023-06-09
688623,2023-06-08,1861223916.0,ipo,2023-06-08
301383,2023-06-09,1341409600.0,ipo,2023-06-09
688576,2023-06-06,1799399838.6000004,ipo,2023-06-06
920221,2023-06-08,107640000.00000001,ipo,2023-06-08
688570,2023-06-05,2208980000.0,ipo,2023-06-05
301323,2023-06-06,1024572040.3800001,ipo,2023-06-06
688523,2023-06-02,893636800.0,ipo,2023-06-02
301310,2023-06-02,1633201815.9999998,ipo,2023-06-02
688593,2023-06-01,1027507771.9399999,ipo,2023-06-01
001373,2023-06-01,496777917.46,ipo,2023-06-01
920779,2023-06-01,284620000.0,ipo,2023-06-01
301353,2023-05-30,669370000.0,ipo,2023-05-30
920017,2023-05-31,376380000.0,ipo,2023-05-31
301252,2023-05-25,629600000.0,ipo,2023-05-25
920471,2023-05-25,141768000.0,ipo,2023-05-25
301399,2023-05-23,967780000.0,ipo,2023-05-23
301337,2023-05-26,849230000.0,ipo,2023-05-26
920719,2023-05-26,341653512.0,ipo,2023-05-26
688562,2023-05-24,1268000000.0,ipo,2023-05-24
688458,2023-05-22,1500750000.0,ipo,2023-05-22
301305,2023-05-23,1537540675.0000002,ipo,2023-05-23
001282,2023-05-24,792653400.0,ipo,2023-05-24
688581,2023-05-19,1820326000.0,ipo,2023-05-19
688361,2023-05-19,1888000000.0,ipo,2023-05-19
001324,2023-05-22,651360000.0,ipo,2023-05-22
301428,2023-05-19,649966675.4500002,ipo,2023-05-19
920006,2023-05-18,168000000.0,ipo,2023-05-18
301382,2023-05-17,1009120000.0,ipo,2023-05-17
301332,2023-05-18,1367148125.0,ipo,2023-05-18
001380,2023-05-16,929224800.0,ipo,2023-05-16
688552,2023-05-18,1784899880.17,ipo,2023-05-18
688512,2023-05-16,1135966460.0,ipo,2023-05-16
688479,2023-05-11,1226338806.0,ipo,2023-05-11
301325,2023-05-12,2304000000.0,ipo,2023-05-12
688469,2023-05-10,9627480000.0,ipo,2023-05-10
603172,2023-05-10,486680400.0,ipo,2023-05-10
920578,2023-05-12,110000000.0,ipo,2023-05-12
920699,2023-05-09,112750000.0,ipo,2023-05-09
301390,2023-05-08,565500000.0,ipo,2023-05-08
301293,2023-05-05,1172541840.0,ipo,2023-05-05
688249,2023-05-05,9960461049.54,ipo,2023-05-05
920837,2023-05-15,78600000.0,ipo,2023-05-15
301360,2023-04-25,958879199.9999999,ipo,2023-04-25
920394,2023-04-25,229250000.0,ipo,2023-04-25
301307,2023-04-24,1714020000.0000002,ipo,2023-04-24
920694,2023-04-24,297153000.0,ipo,2023-04-24
688478,2023-04-24,1124916360.48,ipo,2023-04-24
688146,2023-04-21,2870735304.75,ipo,2023-04-21
688539,2023-04-18,1268904000.0,ipo,2023-04-18
688352,2023-04-20,2420000000.0,ipo,2023-04-20
301357,2023-04-18,850000000.0,ipo,2023-04-18
920304,2023-04-18,119400000.0,ipo,2023-04-18
688507,2023-04-18,2537469704.0,ipo,2023-04-18
603137,2023-04-19,519400005.3000001,ipo,2023-04-19
301429,2023-04-17,849850000.0,ipo,2023-04-17
301387,2023-04-18,1108080000.0,ipo,2023-04-18
920896,2023-04-19,139964300.0,ipo,2023-04-19
688433,2023-04-17,1104583864.98,ipo,2023-04-17
920208,2023-06-29,319084855.5,ipo,2023-06-29
920593,2023-04-13,354103200.0,ipo,2023-04-13
601133,2023-04-10,1515800000.0,ipo,2023-04-10
601065,2023-04-10,1657600000.0,ipo,2023-04-10
001360,2023-04-10,784380000.0,ipo,2023-04-10
001286,2023-04-10,7200000000.0,ipo,2023-04-10
603125,2023-04-10,1250677200.0,ipo,2023-04-10
601061,2023-04-10,3297592313.26,ipo,2023-04-10
001367,2023-04-10,756160000.0,ipo,2023-04-10
001287,2023-04-10,2256903285.1200004,ipo,2023-04-10
603135,2023-04-10,1602000000.0,ipo,2023-04-10
001328,2023-04-10,890139580.0,ipo,2023-04-10
688535,2023-04-04,706300000.0,ipo,2023-04-04
688484,2023-04-07,2540564700.0,ipo,2023-04-07
688343,2023-04-04,3899368245.600001,ipo,2023-04-04
301281,2023-04-04,854883000.0,ipo,2023-04-04
301203,2023-04-04,922600000.0,ipo,2023-04-04
301141,2023-04-03,912580000.0000001,ipo,2023-04-03
688531,2023-03-31,3024951303.46,ipo,2023-03-31
920895,2023-04-06,92400000.0,ipo,2023-04-06
920261,2023-04-03,323573005.88,ipo,2023-04-03
603162,2023-03-29,1537531558.75,ipo,2023-03-29
600925,2023-03-29,4257333334.02,ipo,2023-03-29
301386,2023-03-29,1049650000.0,ipo,2023-03-29
301314,2023-03-28,677662500.0,ipo,2023-03-28
603291,2023-03-27,248007277.46,ipo,2023-03-27
920792,2023-03-30,173600000.0,ipo,2023-03-30
920809,2023-03-23,650000000.0,ipo,2023-03-23
603065,2023-03-21,538415000.0,ipo,2023-03-21
301439,2023-03-17,1944627199.9999998,ipo,2023-03-17
301345,2023-03-21,2007652920.0,ipo,2023-03-21
301246,2023-03-20,2362860000.0,ipo,2023-03-20
603073,2023-03-16,575650000.0,ipo,2023-03-16
920556,2023-03-17,133200000.0,ipo,2023-03-17
920575,2023-03-15,294000000.0,ipo,2023-03-15
603282,2023-03-15,603000000.0,ipo,2023-03-15
301378,2023-03-20,1092500000.0,ipo,2023-03-20
920057,2023-03-14,151200000.0,ipo,2023-03-14
920663,2023-03-15,153252000.0,ipo,2023-03-15
603153,2023-03-13,630850000.0,ipo,2023-03-13
001368,2023-03-13,703640000.0,ipo,2023-03-13
601121,2023-03-10,876000000.0,ipo,2023-03-10
301157,2023-03-09,847500000.0,ipo,2023-03-09
920541,2023-03-10,101400000.0,ipo,2023-03-10
688502,2023-03-09,920304000.0,ipo,2023-03-09
920974,2023-03-08,62600000.0,ipo,2023-03-08
301322,2023-03-06,2293113900.0000005,ipo,2023-03-06
001366,2023-03-07,376062000.0,ipo,2023-03-07
001337,2023-03-03,425400000.0,ipo,2023-03-03
001278,2023-03-08,525867800.0,ipo,2023-03-08
688522,2023-03-01,1804966224.0,ipo,2023-03-01
603061,2023-03-03,878700000.0,ipo,2023-03-03
301408,2023-03-01,974562399.9999999,ipo,2023-03-01
920422,2023-03-01,170000000.0,ipo,2023-03-01
920770,2023-02-28,119600000.00000001,ipo,2023-02-28
001311,2023-02-27,2186073374.58,ipo,2023-02-27
920478,2023-02-23,111056000.0,ipo,2023-02-23
920906,2023-02-22,88000000.0,ipo,2023-02-22
301303,2023-02-20,1956400000.0,ipo,2023-02-20
688486,2023-02-21,1121301008.16,ipo,2023-02-21
603190,2023-02-17,872700000.0,ipo,2023-02-17
001225,2023-02-22,756767908.0,ipo,2023-02-22
920273,2023-02-21,153630000.0,ipo,2023-02-21
603307,2023-02-16,519920000.0,ipo,2023-02-16
001260,2023-02-16,410262500.0,ipo,2023-02-16
920249,2023-02-17,99000000.0,ipo,2023-02-17
688307,2023-02-16,525360000.0,ipo,2023-02-16
920407,2023-02-16,58700000.0,ipo,2023-02-16
920367,2023-02-09,161358750.0,ipo,2023-02-09
301419,2023-02-09,620000000.0,ipo,2023-02-09
001314,2023-02-14,1228902500.0,ipo,2023-02-14
688515,2023-02-10,1840000000.0,ipo,2023-02-10
301358,2023-02-09,4499974764.0,ipo,2023-02-09
301373,2023-02-08,914757599.9999999,ipo,2023-02-08
301260,2023-02-08,3749509000.0,ipo,2023-02-08
920802,2023-02-06,75928065.0,ipo,2023-02-06
601059,2023-02-01,2675475000.0,ipo,2023-02-01
603281,2023-01-31,2372666678.53,ipo,2023-01-31
920425,2023-01-30,115200000.0,ipo,2023-01-30
920023,2023-02-02,180000000.0,ipo,2023-02-02
688435,2023-01-19,809800852.42,ipo,2023-01-19
603173,2023-01-30,746000000.0,ipo,2023-01-30
301317,2023-01-19,812331000.0000001,ipo,2023-01-19
688485,2023-01-18,656400589.52,ipo,2023-01-18
920252,2023-01-19,114161970.0,ipo,2023-01-19
920371,2023-01-18,112500000.0,ipo,2023-01-18
920950,2023-01-11,141050000.0,ipo,2023-01-11
688506,2023-01-06,990470000.0,ipo,2023-01-06
920392,2022-12-30,120000000.0,ipo,2022-12-30
688525,2022-12-30,602030466.86,ipo,2022-12-30
301297,2022-12-30,717408000.0,ipo,2022-12-30
920262,2022-12-30,120000000.0,ipo,2022-12-30
920195,2022-12-30,156530000.0,ipo,2022-12-30
301105,2022-12-30,506250000.0,ipo,2022-12-30
920855,2022-12-29,140124997.5,ipo,2022-12-29
920351,2022-12-29,182270880.0,ipo,2022-12-29
688496,2022-12-28,824400000.0,ipo,2022-12-28
001301,2022-12-28,2200292556.0,ipo,2022-12-28
920227,2022-12-28,200000000.0,ipo,2022-12-28
688475,2022-12-28,3236625000.0,ipo,2022-12-28
301301,2022-12-27,1114000000.0,ipo,2022-12-27
920001,2022-12-27,327287714.52,ipo,2022-12-27
688410,2022-12-26,1168937000.0,ipo,2022-12-26
301280,2022-12-26,1097501160.0,ipo,2022-12-26
920781,2022-12-26,232190400.0,ipo,2022-12-26
688147,2022-12-23,1100236426.56,ipo,2022-12-23
688141,2022-12-23,2222140800.0,ipo,2022-12-23
920247,2022-12-23,186443200.0,ipo,2022-12-23
920190,2022-12-23,312500000.0,ipo,2022-12-23
601136,2022-12-22,1932469966.0,ipo,2022-12-22
920718,2022-12-22,147333550.0,ipo,2022-12-22
920526,2022-12-22,72000000.0,ipo,2022-12-22
688498,2022-12-21,1509900000.0,ipo,2022-12-21
301255,2022-12-27,629340000.0,ipo,2022-12-27
920505,2022-12-21,131264000.0,ipo,2022-12-21
920879,2022-12-20,84500000.0,ipo,2022-12-20
920807,2022-12-20,318290000.0,ipo,2022-12-20
920810,2022-12-16,160000000.0,ipo,2022-12-16
688172,2022-12-16,3953446261.6599994,ipo,2022-12-16
920608,2022-12-16,155600000.0,ipo,2022-12-16
920033,2022-12-21,221550000.0,ipo,2022-12-21
301398,2022-12-15,688000000.0,ipo,2022-12-15
301265,2022-12-16,1005960000.0,ipo,2022-12-16
920571,2022-12-15,577200000.0,ipo,2022-12-15
301368,2022-12-15,672133000.0,ipo,2022-12-15
920957,2022-12-14,101218871.0,ipo,2022-12-14
920429,2022-12-15,163920000.0,ipo,2022-12-15
920075,2022-12-14,152963400.0,ipo,2022-12-14
920014,2022-12-13,339780000.0,ipo,2022-12-13
001223,2022-12-12,1093874400.0,ipo,2022-12-12
688503,2022-12-09,3080000000.0,ipo,2022-12-09
920866,2022-12-09,323965600.0,ipo,2022-12-09
920414,2022-12-12,149880000.0,ipo,2022-12-12
688420,2022-12-09,1082505600.0,ipo,2022-12-09
688143,2022-12-12,839441514.48,ipo,2022-12-12
688084,2022-12-08,1158620000.0,ipo,2022-12-08
920942,2022-12-08,198800000.0,ipo,2022-12-08
601022,2022-12-08,1075696605.48,ipo,2022-12-08
001333,2022-12-08,888320000.0,ipo,2022-12-08
920300,2022-12-07,90000000.0,ipo,2022-12-07
920087,2022-12-07,198240000.0,ipo,2022-12-07
920230,2022-12-09,231500556.8,ipo,2022-12-09
920110,2022-12-06,120000000.0,ipo,2022-12-06
688489,2022-12-02,1509954600.0,ipo,2022-12-02
301391,2022-12-01,1632000000.0,ipo,2022-12-01
001256,2022-12-05,486313740.0,ipo,2022-12-05
920641,2022-12-02,100800000.0,ipo,2022-12-02
920199,2022-12-01,359340000.0,ipo,2022-12-01
301311,2022-11-30,832800000.0,ipo,2022-11-30
301290,2022-11-30,1104160596.0600002,ipo,2022-11-30
920374,2022-11-29,115000000.0,ipo,2022-11-29
688480,2022-11-25,454693873.06000006,ipo,2022-11-25
920237,2022-11-25,181800000.0,ipo,2022-11-25
920662,2022-11-28,136500000.0,ipo,2022-11-28
920634,2022-11-24,108288000.0,ipo,2022-11-24
301365,2022-11-22,1041600000.0,ipo,2022-11-22
301165,2022-11-21,2207727266.84,ipo,2022-11-21
603130,2022-11-18,690200000.0,ipo,2022-11-18
301377,2022-11-22,1144000000.0,ipo,2022-11-22
301335,2022-11-18,1124550000.0,ipo,2022-11-18
920357,2022-11-18,190400000.0,ipo,2022-11-18
688376,2022-11-18,980784000.0,ipo,2022-11-18
920339,2022-11-17,139416000.0,ipo,2022-11-17
688362,2022-11-16,1112400000.0,ipo,2022-11-16
301277,2022-11-16,900720000.0,ipo,2022-11-16
301361,2022-11-16,768980960.0,ipo,2022-11-16
920808,2022-11-18,227520000.0,ipo,2022-11-18
301396,2022-11-11,916765836.9999999,ipo,2022-11-11
001338,2022-11-16,855451068.5600001,ipo,2022-11-16
688432,2022-11-10,1854588695.78,ipo,2022-11-10
301356,2022-11-14,1890000000.0,ipo,2022-11-14
920914,2022-11-11,405000000.0,ipo,2022-11-11
301359,2022-11-09,447226400.0,ipo,2022-11-09
920876,2022-11-09,127680000.0,ipo,2022-11-09
688419,2022-11-07,775925000.0,ipo,2022-11-07
603280,2022-11-08,643664591.2500001,ipo,2022-11-08
301388,2022-11-09,662835972.0,ipo,2022-11-09
301267,2022-11-07,3052800000.0,ipo,2022-11-07
301367,2022-11-01,1918080000.0,ipo,2022-11-01
301230,2022-11-01,770000000.0,ipo,2022-11-01
001299,2022-10-31,501361000.0,ipo,2022-10-31
001298,2022-10-31,847680000.0,ipo,2022-10-31
688372,2022-10-26,1340648023.0,ipo,2022-10-26
301379,2022-11-01,798463400.0,ipo,2022-11-01
688426,2022-10-25,1140757816.4399998,ipo,2022-10-25
688152,2022-10-28,910118259.09,ipo,2022-10-28
301389,2022-10-31,1594687500.0,ipo,2022-10-31
001322,2022-10-26,1225008675.56,ipo,2022-10-26
688291,2022-10-26,687097559.0,ipo,2022-10-26
920753,2022-10-31,130000000.0,ipo,2022-10-31
301223,2022-10-26,1269324000.0,ipo,2022-10-26
920527,2022-10-27,148284773.0,ipo,2022-10-27
688244,2022-10-19,575907960.9399999,ipo,2022-10-19
603151,2022-10-19,753900000.0,ipo,2022-10-19
001300,2022-10-19,680744245.43,ipo,2022-10-19
688061,2022-10-18,2172302592.0,ipo,2022-10-18
688031,2022-10-18,1430169804.0,ipo,2022-10-18
301380,2022-10-25,591260000.0,ipo,2022-10-25
301273,2022-10-25,678626874.72,ipo,2022-10-25
301299,2022-10-19,449850000.0,ipo,2022-10-19
920992,2022-10-18,386923744.0,ipo,2022-10-18
301316,2022-10-13,304076000.0,ipo,2022-10-13
920476,2022-10-14,108800000.00000001,ipo,2022-10-14
920046,2022-10-13,75000000.0,ipo,2022-10-13
688459,2022-10-12,1629600000.0,ipo,2022-10-12
301363,2022-10-12,1357318200.0,ipo,2022-10-12
920139,2022-10-28,540000000.0,ipo,2022-10-28
688073,2022-10-11,1428160800.0,ipo,2022-10-11
603163,2022-10-13,545000000.0,ipo,2022-10-13
603052,2022-10-11,596496000.0,ipo,2022-10-11
688409,2022-10-10,3657910746.6600003,ipo,2022-10-10
001269,2022-09-30,537677769.5500001,ipo,2022-09-30
920685,2022-10-10,332850000.0,ipo,2022-10-10
688137,2022-09-29,1862982493.3999999,ipo,2022-09-29
301319,2022-09-29,700015000.0,ipo,2022-09-29
301313,2022-09-30,645980850.0,ipo,2022-09-30
001255,2022-09-30,395400000.0,ipo,2022-09-30
920402,2022-09-28,442791472.94,ipo,2022-09-28
688275,2022-09-29,6388582044.599999,ipo,2022-09-29
301285,2022-09-28,754382000.0,ipo,2022-09-28
301176,2022-09-28,1009328007.9599999,ipo,2022-09-28
920971,2022-09-27,308014561.84,ipo,2022-09-27
688252,2022-09-27,879245408.0,ipo,2022-09-27
688392,2022-09-27,1459190000.0000002,ipo,2022-09-27
688387,2022-09-26,4136687500.0,ipo,2022-09-26
603057,2022-09-26,636300000.0,ipo,2022-09-26
301366,2022-09-26,1361458376.8999999,ipo,2022-09-26
688132,2022-09-23,1099065972.8799999,ipo,2022-09-23
301227,2022-09-26,906525000.0,ipo,2022-09-26
920207,2022-09-23,112000000.0,ipo,2022-09-23
920122,2022-09-27,74000000.0,ipo,2022-09-27
688428,2022-09-21,2919069833.5099998,ipo,2022-09-21
301369,2022-09-22,1120332346.1,ipo,2022-09-22
688448,2022-09-21,586123370.0,ipo,2022-09-21
688184,2022-09-19,1742885617.16,ipo,2022-09-19
688035,2022-09-19,1640027200.0,ipo,2022-09-19
301326,2022-09-21,936132000.0,ipo,2022-09-21
001332,2022-09-20,1198000000.0,ipo,2022-09-20
001238,2022-09-19,441375000.0,ipo,2022-09-19
301331,2022-09-21,522692000.0,ipo,2022-09-21
301327,2022-09-19,5828645675.0,ipo,2022-09-19
301309,2022-09-19,975000000.0,ipo,2022-09-19
688455,2022-09-15,989244948.9599999,ipo,2022-09-15
301161,2022-09-14,559800000.0,ipo,2022-09-14
688391,2022-09-13,1656000000.0,ipo,2022-09-13
688114,2022-09-09,3602231830.5000005,ipo,2022-09-09
603182,2022-09-09,434027000.0,ipo,2022-09-09
301339,2022-09-09,1126800000.0,ipo,2022-09-09
301205,2022-09-13,727467400.0,ipo,2022-09-13
301276,2022-09-09,1097820000.0,ipo,2022-09-09
001331,2022-09-08,803400000.0,ipo,2022-09-08
301231,2022-09-08,537839000.0,ipo,2022-09-08
301349,2022-09-09,2360960000.0,ipo,2022-09-09
301328,2022-09-08,1443616000.0,ipo,2022-09-08
920270,2022-09-02,189600000.0,ipo,2022-09-02
688293,2022-09-02,1643705576.4000003,ipo,2022-09-02
301296,2022-09-02,1145970000.0,ipo,2022-09-02
301283,2022-09-02,1053800000.0,ipo,2022-09-02
001283,2022-09-05,1043800000.0,ipo,2022-09-05
920790,2022-09-02,125280000.0,ipo,2022-09-02
920395,2022-09-01,120700000.0,ipo,2022-09-01
920152,2022-09-01,151766860.0,ipo,2022-09-01
603237,2022-08-31,864374940.0,ipo,2022-08-31
688351,2022-08-31,1165606000.0,ipo,2022-08-31
301115,2022-08-31,1892249999.9999998,ipo,2022-08-31
688416,2022-08-29,1345172600.0,ipo,2022-08-29
688439,2022-08-26,3349499999.9999995,ipo,2022-08-26
301270,2022-08-31,642000000.0,ipo,2022-08-31
301152,2022-08-29,1738500000.0,ipo,2022-08-29
001259,2022-08-31,365067749.25,ipo,2022-08-31
688247,2022-08-25,424835799.99999994,ipo,2022-08-25
301282,2022-08-26,1148060200.0,ipo,2022-08-26
688370,2022-08-25,1589985615.6,ipo,2022-08-25
301209,2022-08-25,299000000.0,ipo,2022-08-25
688381,2022-08-23,2627924000.0,ipo,2022-08-23
688271,2022-08-22,10988000000.0,ipo,2022-08-22
603255,2022-08-18,730062673.96,ipo,2022-08-18
001330,2022-08-18,1382766098.91,ipo,2022-08-18
001231,2022-08-19,444250000.0,ipo,2022-08-19
920834,2022-08-22,156000000.0,ipo,2022-08-22
688403,2022-08-18,1482699425.2800004,ipo,2022-08-18
688401,2022-08-17,836006688.0,ipo,2022-08-17
301330,2022-08-17,1608168923.16,ipo,2022-08-17
301171,2022-08-19,1372621724.1,ipo,2022-08-19
688292,2022-08-18,650587205.52,ipo,2022-08-18
688203,2022-08-16,845167543.5599998,ipo,2022-08-16
301300,2022-08-19,580207500.0,ipo,2022-08-19
301338,2022-08-16,880270000.0,ipo,2022-08-16
001339,2022-08-15,1041105000.0,ipo,2022-08-15
688041,2022-08-12,10800000000.0,ipo,2022-08-12
001222,2022-08-18,467511000.0,ipo,2022-08-18
688273,2022-08-11,1007250000.0,ipo,2022-08-11
301336,2022-08-12,375300000.0,ipo,2022-08-12
301318,2022-08-10,1122844800.0,ipo,2022-08-10
301132,2022-08-10,988116000.0,ipo,2022-08-10
688205,2022-08-09,1179763200.0,ipo,2022-08-09
301121,2022-08-08,1080987856.0,ipo,2022-08-08
001229,2022-08-08,542750000.0,ipo,2022-08-08
688380,2022-08-05,1944180000.0,ipo,2022-08-05
688373,2022-08-05,1060800000.0,ipo,2022-08-05
301197,2022-08-08,768442500.0,ipo,2022-08-08
001236,2022-08-05,187446667.08,ipo,2022-08-05
920985,2022-08-08,487088629.40000004,ipo,2022-08-08
301278,2022-08-04,557440000.0,ipo,2022-08-04
301095,2022-08-05,2900000000.0,ipo,2022-08-05
301308,2022-08-05,2338140000.0,ipo,2022-08-05
688371,2022-08-02,1554914370.06,ipo,2022-08-02
301333,2022-08-02,1183200000.0,ipo,2022-08-02
301195,2022-08-01,1560067039.3,ipo,2022-08-01
688130,2022-07-29,1047987200.0,ipo,2022-07-29
603201,2022-07-29,607329087.04,ipo,2022-07-29
688253,2022-07-28,886561200.0,ipo,2022-07-28
301269,2022-07-29,3549753292.2599998,ipo,2022-07-29
301306,2022-07-26,912152999.9999999,ipo,2022-07-26
688382,2022-07-25,2083800000.0,ipo,2022-07-25
603211,2022-07-25,445085600.0,ipo,2022-07-25
001336,2022-07-25,461346760.0,ipo,2022-07-25
001258,2022-07-27,788666668.92,ipo,2022-07-27
688375,2022-07-22,2835908800.0,ipo,2022-07-22
688231,2022-07-22,2411794296.88,ipo,2022-07-22
688332,2022-07-15,2749800000.0,ipo,2022-07-15
603170,2022-07-15,402100500.0,ipo,2022-07-15
001230,2022-07-15,961046109.8699999,ipo,2022-07-15
920871,2022-07-22,99545600.0,ipo,2022-07-22
688353,2022-07-13,2753800000.0,ipo,2022-07-13
603235,2022-07-12,1614606400.0,ipo,2022-07-12
920725,2022-07-18,309980000.0,ipo,2022-07-18
688053,2022-07-08,1388250000.0,ipo,2022-07-08
301312,2022-07-11,740347530.03,ipo,2022-07-11
920639,2022-07-12,200666668.1,ipo,2022-07-12
920062,2022-07-13,151964150.0,ipo,2022-07-13
688322,2022-07-07,1239630990.0,ipo,2022-07-07
301175,2022-07-08,1402779956.8799999,ipo,2022-07-08
301139,2022-07-08,1169184000.0,ipo,2022-07-08
301208,2022-07-07,767668202.0,ipo,2022-07-07
301234,2022-07-05,445910000.0,ipo,2022-07-05
920821,2022-07-06,162000000.0,ipo,2022-07-06
688400,2022-07-06,1973700000.0,ipo,2022-07-06
920870,2022-07-05,340000000.0,ipo,2022-07-05
688237,2022-07-01,924482171.5600001,ipo,2022-07-01
301233,2022-07-06,534362400.00000006,ipo,2022-07-06
001309,2022-07-01,530800000.0,ipo,2022-07-01
601089,2022-06-30,1754400000.0,ipo,2022-06-30
001268,2022-06-30,519429179.5,ipo,2022-06-30
301239,2022-07-05,1258670241.3,ipo,2022-07-05
301112,2022-06-29,758909874.5,ipo,2022-06-29
688297,2022-06-29,4367250000.0,ipo,2022-06-29
688047,2022-06-24,2462460000.0,ipo,2022-06-24
001316,2022-06-24,584000000.0,ipo,2022-06-24
301302,2022-06-23,1372031100.0,ipo,2022-06-23
001323,2022-06-23,1557589300.0,ipo,2022-06-23
920943,2022-06-24,80500000.0,ipo,2022-06-24
688349,2022-06-22,5610914306.999999,ipo,2022-06-22
301289,2022-06-22,503249999.99999994,ipo,2022-06-22
301220,2022-06-22,726795999.9999999,ipo,2022-06-22
001226,2022-06-22,460320822.0,ipo,2022-06-22
301238,2022-06-17,3516332694.0000005,ipo,2022-06-17
301156,2022-06-17,469600000.0,ipo,2022-06-17
920378,2022-06-20,101499999.99999999,ipo,2022-06-20
301286,2022-06-14,676569100.0,ipo,2022-06-14
920564,2022-06-17,147808102.75,ipo,2022-06-17
920491,2022-06-14,344347828.0,ipo,2022-06-14
688348,2022-06-08,3260000000.0,ipo,2022-06-08
688120,2022-06-08,3644271222.0,ipo,2022-06-08
301266,2022-06-08,698360000.0,ipo,2022-06-08
688251,2022-06-06,529210471.91999996,ipo,2022-06-06
688119,2022-06-06,1138500000.0,ipo,2022-06-06
301298,2022-06-06,466624000.0,ipo,2022-06-06
301125,2022-06-08,407069000.0,ipo,2022-06-08
920299,2022-06-10,117445800.8,ipo,2022-06-10
001270,2022-06-06,606031880.0,ipo,2022-06-06
920223,2022-06-09,121659000.0,ipo,2022-06-09
301160,2022-06-06,589120010.52,ipo,2022-06-06
920271,2022-06-02,141750000.0,ipo,2022-06-02
688327,2022-05-27,1728049100.0,ipo,2022-05-27
688045,2022-05-26,952015845.0,ipo,2022-05-26
301191,2022-05-26,960480000.0,ipo,2022-05-26
301183,2022-05-24,458400000.00000006,ipo,2022-05-24
301107,2022-05-24,471006800.0,ipo,2022-05-24
920267,2022-05-27,106470000.0,ipo,2022-05-27
688213,2022-05-20,1260715100.0,ipo,2022-05-20
920533,2022-05-24,107500000.0,ipo,2022-05-24
603272,2022-05-20,353368070.0,ipo,2022-05-20
001318,2022-05-20,668822000.0000001,ipo,2022-05-20
301257,2022-05-17,702000000.0,ipo,2022-05-17
301153,2022-05-18,909360000.0,ipo,2022-05-18
920970,2022-05-18,150000000.0,ipo,2022-05-18
603097,2022-05-12,341200000.0,ipo,2022-05-12
001319,2022-05-12,526361500.0,ipo,2022-05-12
920580,2022-05-13,92000000.0,ipo,2022-05-13
688170,2022-04-29,779851200.0,ipo,2022-04-29
603206,2022-05-06,1108639000.0,ipo,2022-05-06
001228,2022-04-29,791046200.0,ipo,2022-04-29
688320,2022-04-28,893401600.0,ipo,2022-04-28
688290,2022-04-29,698134000.0,ipo,2022-04-29
603191,2022-04-28,987841364.7199999,ipo,2022-04-28
301162,2022-04-29,800154900.0,ipo,2022-04-29
301259,2022-04-26,551700000.0,ipo,2022-04-26
688325,2022-04-22,1491000000.0,ipo,2022-04-22
688052,2022-04-22,5811180000.0,ipo,2022-04-22
688046,2022-04-25,1126500000.0,ipo,2022-04-25
600938,2022-04-21,28080000000.0,ipo,2022-04-21
301288,2022-04-22,515620900.0,ipo,2022-04-22
301150,2022-04-21,2753859720.0,ipo,2022-04-21
301148,2022-04-21,1118300700.0,ipo,2022-04-21
688279,2022-04-20,1893449700.0,ipo,2022-04-20
301248,2022-04-20,1000973400.0,ipo,2022-04-20
301187,2022-04-22,973757159.9999999,ipo,2022-04-22
688209,2022-04-19,1017660000.0,ipo,2022-04-19
688072,2022-04-20,2272831224.0,ipo,2022-04-20
688326,2022-04-19,3630000000.0,ipo,2022-04-19
301163,2022-04-19,535908000.0,ipo,2022-04-19
301120,2022-04-19,850161600.0,ipo,2022-04-19
688125,2022-04-15,1223232311.0,ipo,2022-04-15
301212,2022-04-19,801090000.0,ipo,2022-04-19
301279,2022-04-13,780000000.0,ipo,2022-04-13
301109,2022-04-13,2378915400.0,ipo,2022-04-13
688302,2022-04-12,1062699200.0,ipo,2022-04-12
688153,2022-04-12,2669328000.0,ipo,2022-04-12
301135,2022-04-12,815106240.0,ipo,2022-04-12
920169,2022-04-15,120000000.0,ipo,2022-04-15
688337,2022-04-08,1846331442.3200002,ipo,2022-04-08
301151,2022-04-11,1294440000.0,ipo,2022-04-11
301268,2022-04-07,1140285000.0,ipo,2022-04-07
688295,2022-04-06,2933000000.0,ipo,2022-04-06
688048,2022-04-01,2739120000.0,ipo,2022-04-01
301097,2022-04-07,771768415.54,ipo,2022-04-07
688331,2022-03-31,2612462448.0,ipo,2022-03-31
688193,2022-03-30,726500000.0,ipo,2022-03-30
301263,2022-03-29,1177863000.0,ipo,2022-03-29
301258,2022-03-29,1107036000.0,ipo,2022-03-29
301216,2022-03-29,3063128000.0,ipo,2022-03-29
603051,2022-03-25,593247370.0,ipo,2022-03-25
603209,2022-03-24,1076000000.0,ipo,2022-03-24
688197,2022-03-23,1483482000.0,ipo,2022-03-23
301237,2022-03-23,1133800000.0,ipo,2022-03-23
688306,2022-03-22,1559919156.0,ipo,2022-03-22
688238,2022-03-22,1323000000.0,ipo,2022-03-22
301226,2022-03-25,504220000.0,ipo,2022-03-25
301102,2022-03-28,1994000000.0000002,ipo,2022-03-28
301256,2022-03-22,966000000.0000001,ipo,2022-03-22
301137,2022-03-22,698618758.0,ipo,2022-03-22
301103,2022-03-22,1296250000.0,ipo,2022-03-22
688282,2022-03-18,1434619999.9999998,ipo,2022-03-18
688150,2022-03-18,887374885.95,ipo,2022-03-18
301219,2022-03-17,5478090862.0,ipo,2022-03-17
001308,2022-03-18,2075089500.0000002,ipo,2022-03-18
920689,2022-03-21,108000000.0,ipo,2022-03-21
688207,2022-03-17,1826223145.45,ipo,2022-03-17
688102,2022-03-16,419304800.0,ipo,2022-03-16
688175,2022-03-15,1200350429.6000001,ipo,2022-03-15
301236,2022-03-15,4630023546.559999,ipo,2022-03-15
688115,2022-03-14,1094385500.0,ipo,2022-03-14
603261,2022-03-15,379225000.0,ipo,2022-03-15
301131,2022-03-14,358564560.00000006,ipo,2022-03-14
301110,2022-03-11,1051666687.7,ipo,2022-03-11
603070,2022-03-10,565200000.0,ipo,2022-03-10
920419,2022-03-11,93912480.0,ipo,2022-03-11
688163,2022-03-11,893791800.0,ipo,2022-03-11
301222,2022-03-09,860828931.9999999,ipo,2022-03-09
688281,2022-03-07,3158333586.0,ipo,2022-03-07
301215,2022-03-08,1256280000.0,ipo,2022-03-08
301218,2022-03-07,630641211.06,ipo,2022-03-07
920179,2022-03-04,300000000.0,ipo,2022-03-04
001266,2022-02-28,708879600.0,ipo,2022-02-28
301200,2022-02-28,3215520000.0,ipo,2022-02-28
920857,2022-02-28,192000000.0,ipo,2022-02-28
301130,2022-02-23,455532234.3,ipo,2022-02-23
603132,2022-02-22,1058400000.0000001,ipo,2022-02-22
301229,2022-02-22,405600000.0,ipo,2022-02-22
920346,2022-02-23,185360877.00000003,ipo,2022-02-23
603215,2022-02-18,583312500.0,ipo,2022-02-18
301181,2022-02-21,905625000.0,ipo,2022-02-21
301207,2022-02-18,2275768800.0,ipo,2022-02-18
688267,2022-02-16,1845695000.0,ipo,2022-02-16
603122,2022-02-16,416960308.00000006,ipo,2022-02-16
688283,2022-02-15,709799999.9999999,ipo,2022-02-15
001313,2022-02-16,538000000.0,ipo,2022-02-16
688261,2022-02-10,2189731960.0,ipo,2022-02-10
688225,2022-02-09,1220705100.0,ipo,2022-02-09
301206,2022-02-10,3685705300.0,ipo,2022-02-10
301235,2022-01-28,1037519999.9999999,ipo,2022-01-28
301228,2022-01-28,602400000.0,ipo,2022-01-28
688270,2022-01-27,1689942800.0,ipo,2022-01-27
688171,2022-01-27,600656712.0,ipo,2022-01-27
301217,2022-01-27,3579274611.2199993,ipo,2022-01-27
301106,2022-01-28,685036679.25,ipo,2022-01-28
688223,2022-01-26,10000000000.0,ipo,2022-01-26
301122,2022-01-26,1182727728.0,ipo,2022-01-26
603102,2022-01-25,674240000.0,ipo,2022-01-25
603150,2022-01-24,709442500.0,ipo,2022-01-24
301123,2022-01-25,2174232000.0,ipo,2022-01-25
688173,2022-01-21,1343135700.0,ipo,2022-01-21
301201,2022-01-20,1757210604.1499999,ipo,2022-01-20
301116,2022-01-18,511836744.0,ipo,2022-01-18
301158,2022-01-17,587949828.0,ipo,2022-01-17
301117,2022-01-17,1079830440.0,ipo,2022-01-17
001227,2022-01-17,2033363889.6899998,ipo,2022-01-17
920204,2022-01-18,153816723.99999997,ipo,2022-01-18
688220,2022-01-14,6882722844.059999,ipo,2022-01-14
688062,2022-01-18,3476519999.9999995,ipo,2022-01-18
300834,2022-01-13,2691149517.0000005,ipo,2022-01-13
688259,2022-01-12,1332000000.0,ipo,2022-01-12
688234,2022-01-12,3557577782.9500003,ipo,2022-01-12
301196,2022-01-11,1999296000.0,ipo,2022-01-11
301136,2022-01-11,723788676.6,ipo,2022-01-11
001234,2022-01-11,440800551.00000006,ipo,2022-01-11
688176,2022-01-07,2527800000.0,ipo,2022-01-07
301159,2022-01-07,585918000.0,ipo,2022-01-07
688262,2022-01-06,2518800000.0,ipo,2022-01-06
920245,2022-01-06,82069566.48,ipo,2022-01-06
603176,2021-12-31,198322000.0,ipo,2021-12-31
600941,2022-01-05,48695406000.0,ipo,2022-01-05
688236,2021-12-30,1145538680.0,ipo,2021-12-30
688227,2021-12-30,1048305046.71,ipo,2021-12-30
301127,2021-12-30,1233075000.0,ipo,2021-12-30
688265,2021-12-28,1649319958.0,ipo,2021-12-28
301189,2021-12-28,1985400000.0000002,ipo,2021-12-28
301166,2021-12-28,1864633448.0800002,ipo,2021-12-28
688210,2021-12-27,855200000.0,ipo,2021-12-27
688206,2021-12-28,1226798984.6000001,ipo,2021-12-28
688167,2021-12-24,1769738100.0,ipo,2021-12-24
603230,2021-12-24,985448150.0,ipo,2021-12-24
301190,2021-12-24,1494431000.0,ipo,2021-12-24
001296,2021-12-24,525258000.0,ipo,2021-12-24
301182,2021-12-23,649795200.0,ipo,2021-12-23
301221,2021-12-22,1618344884.0,ipo,2021-12-22
301186,2021-12-23,511784000.0,ipo,2021-12-23
688248,2021-12-22,1036728000.0,ipo,2021-12-22
301211,2021-12-22,1548000000.0,ipo,2021-12-22
301113,2021-12-22,545650000.0,ipo,2021-12-22
688032,2021-12-20,5578000000.0,ipo,2021-12-20
301096,2021-12-20,2152516693.2000003,ipo,2021-12-20
600927,2021-12-23,2615633341.3199997,ipo,2021-12-23
301100,2021-12-17,1390500000.0,ipo,2021-12-17
301101,2021-12-16,903783114.0,ipo,2021-12-16
603071,2021-12-16,1548658356.0,ipo,2021-12-16
301177,2021-12-15,4676368800.0,ipo,2021-12-15
301138,2021-12-15,785100000.0,ipo,2021-12-15
688246,2021-12-14,1361540352.0,ipo,2021-12-14
688235,2021-12-15,22159643076.0,ipo,2021-12-15
603216,2021-12-15,933369600.0,ipo,2021-12-15
688192,2021-12-10,2103205258.0,ipo,2021-12-10
688110,2021-12-10,3336774439.2,ipo,2021-12-10
301193,2021-12-09,921900000.0,ipo,2021-12-09
301168,2021-12-10,1172400000.0,ipo,2021-12-10
301179,2021-12-08,1451670000.0,ipo,2021-12-08
301199,2021-12-07,976195200.0,ipo,2021-12-07
301126,2021-12-07,638618877.25,ipo,2021-12-07
301111,2021-12-07,419200000.0,ipo,2021-12-07
688151,2021-12-06,3024975558.000001,ipo,2021-12-06
301167,2021-12-06,526599999.99999994,ipo,2021-12-06
301198,2021-12-02,544000000.0,ipo,2021-12-02
301108,2021-12-03,1162721769.66,ipo,2021-12-03
688230,2021-12-01,2022150000.0,ipo,2021-12-01
688112,2021-12-01,1242668220.0,ipo,2021-12-01
301213,2021-12-06,630000000.0,ipo,2021-12-06
688049,2021-11-29,1310890000.0,ipo,2021-11-29
001317,2021-11-30,320160000.0,ipo,2021-11-30
600935,2021-11-26,1520800600.0,ipo,2021-11-26
301133,2021-11-26,380174900.0,ipo,2021-11-26
688190,2021-11-26,1398900000.0,ipo,2021-11-26
301155,2021-11-24,3296749680.0,ipo,2021-11-24
603219,2021-11-22,391960000.0,ipo,2021-11-22
301119,2021-11-22,357600000.0,ipo,2021-11-22
301185,2021-11-19,455716800.00000006,ipo,2021-11-19
688232,2021-11-17,4000425000.0,ipo,2021-11-17
688082,2021-11-18,3685239005.0000005,ipo,2021-11-18
688075,2021-11-18,1200298552.0,ipo,2021-11-18
301099,2021-11-22,439799999.99999994,ipo,2021-11-22
688182,2021-11-16,1050000000.0,ipo,2021-11-16
301180,2021-11-16,488122000.0,ipo,2021-11-16
301118,2021-11-18,605409000.0,ipo,2021-11-18
688212,2021-11-15,750150000.0,ipo,2021-11-15
603048,2021-11-16,637826400.0,ipo,2021-11-16
920720,2021-11-24,220815000.0,ipo,2021-11-24
688107,2021-11-12,1302600000.0,ipo,2021-11-12
688105,2021-11-15,2200550000.0,ipo,2021-11-15
301188,2021-11-11,755427101.0,ipo,2021-11-11
301098,2021-11-12,326304000.0,ipo,2021-11-12
920260,2021-11-15,114325000.0,ipo,2021-11-15
688162,2021-11-10,1575500000.0,ipo,2021-11-10
603213,2021-11-11,390907400.0,ipo,2021-11-11
301178,2021-11-12,573117480.0,ipo,2021-11-12
301149,2021-11-10,704900000.0,ipo,2021-11-10
301128,2021-11-10,550826094.0,ipo,2021-11-10
920981,2021-11-15,217610456.0,ipo,2021-11-15
920932,2021-11-15,234000000.0,ipo,2021-11-15
301169,2021-11-03,350182314.16,ipo,2021-11-03
001288,2021-11-01,582000000.0,ipo,2021-11-01
688739,2021-10-28,4581500000.0,ipo,2021-10-28
301093,2021-11-01,1955360019.36,ipo,2021-11-01
301092,2021-11-02,1210333357.54,ipo,2021-11-02
920454,2021-11-15,98750000.0,ipo,2021-11-15
920436,2021-11-15,156240000.0,ipo,2021-11-15
605138,2021-10-27,553933200.0,ipo,2021-10-27
301129,2021-11-02,1025257199.9999999,ipo,2021-11-02
301091,2021-10-29,1460000000.0,ipo,2021-10-29
301089,2021-10-27,601965000.0,ipo,2021-10-27
920873,2021-11-15,150210000.0,ipo,2021-11-15
920171,2021-11-15,98806958.0,ipo,2021-11-15
688280,2021-10-27,2033307900.0,ipo,2021-10-27
688257,2021-10-27,1445360000.0,ipo,2021-10-27
301090,2021-10-26,2318985447.35,ipo,2021-10-26
301088,2021-10-28,1890119999.9999998,ipo,2021-10-28
688211,2021-10-26,2976600000.0,ipo,2021-10-26
301087,2021-10-25,3723600000.0,ipo,2021-10-25
688737,2021-10-22,1524969949.6000001,ipo,2021-10-22
688553,2021-10-26,2472132000.0,ipo,2021-10-26
688255,2021-10-25,923528092.83,ipo,2021-10-25
301082,2021-10-27,625583224.44,ipo,2021-10-27
920680,2021-11-15,178423700.0,ipo,2021-11-15
920092,2021-11-15,140800000.0,ipo,2021-11-15
920089,2021-11-09,200000000.0,ipo,2021-11-09
605566,2021-10-25,1073881400.0,ipo,2021-10-25
605555,2021-10-21,1617500000.0,ipo,2021-10-21
301083,2021-10-21,403757336.36,ipo,2021-10-21
301081,2021-10-20,552576500.0,ipo,2021-10-20
920925,2021-10-25,182616000.0,ipo,2021-10-25
920924,2021-11-03,70608701.2,ipo,2021-11-03
920892,2021-10-28,79128000.0,ipo,2021-10-28
920405,2021-11-05,310696000.0,ipo,2021-11-05
920145,2021-11-15,136000000.0,ipo,2021-11-15
688285,2021-10-20,675638000.0,ipo,2021-10-20
001216,2021-10-19,589997979.0,ipo,2021-10-19
301086,2021-10-20,1449900000.0,ipo,2021-10-20
301079,2021-10-19,250002141.28,ipo,2021-10-19
001219,2021-10-21,381840000.0,ipo,2021-10-21
688722,2021-10-19,253311817.0,ipo,2021-10-19
688272,2021-10-18,428640000.0,ipo,2021-10-18
301085,2021-10-18,428800000.0,ipo,2021-10-18
688772,2021-10-15,2246946930.54,ipo,2021-10-15
301080,2021-10-18,2250000000.0,ipo,2021-10-18
301078,2021-10-14,628391468.5899999,ipo,2021-10-14
605567,2021-10-13,590000000.0,ipo,2021-10-13
001218,2021-10-15,1023975000.0,ipo,2021-10-15
301077,2021-09-30,921900000.0,ipo,2021-09-30
301076,2021-10-11,620000000.0,ipo,2021-10-11
301073,2021-09-30,246452400.0,ipo,2021-09-30
301072,2021-09-29,195927202.0,ipo,2021-09-29
001217,2021-09-29,867866200.0000001,ipo,2021-09-29
301075,2021-09-29,545400000.0,ipo,2021-09-29
301069,2021-09-27,310200000.0,ipo,2021-09-27
301068,2021-09-28,293580000.0,ipo,2021-09-28
301071,2021-09-24,311217556.90000004,ipo,2021-09-24
301070,2021-09-23,445759000.0,ipo,2021-09-23
301066,2021-09-22,176243836.8,ipo,2021-09-22
605598,2021-09-17,599093387.29,ipo,2021-09-17
688697,2021-09-17,616583585.0,ipo,2021-09-17
301063,2021-09-24,366443999.99999994,ipo,2021-09-24
688701,2021-09-16,251098685.64000002,ipo,2021-09-16
301067,2021-09-22,642805800.0,ipo,2021-09-22
300854,2021-09-16,247008000.00000003,ipo,2021-09-16
301062,2021-09-14,160535000.0,ipo,2021-09-14
688707,2021-09-14,1301121010.25,ipo,2021-09-14
605033,2021-09-16,428922000.0,ipo,2021-09-16
600955,2021-09-15,4064500000.0,ipo,2021-09-15
301065,2021-09-14,751400000.0,ipo,2021-09-14
301060,2021-09-13,200418540.0,ipo,2021-09-13
688622,2021-09-13,309750000.0,ipo,2021-09-13
301059,2021-09-13,246178700.0,ipo,2021-09-13
688103,2021-09-10,287635600.0,ipo,2021-09-10
688767,2021-09-08,921333344.85,ipo,2021-09-08
688091,2021-09-09,1007745000.0,ipo,2021-09-09
301061,2021-09-13,1453800000.0,ipo,2021-09-13
301058,2021-09-09,361958000.0,ipo,2021-09-09
301057,2021-09-09,219218999.99999997,ipo,2021-09-09
001213,2021-09-08,1759999998.24,ipo,2021-09-08
688187,2021-09-07,7555057429.5,ipo,2021-09-07
688121,2021-09-06,920106672.72,ipo,2021-09-06
605599,2021-09-09,777778000.0,ipo,2021-09-09
001215,2021-09-06,334308800.0,ipo,2021-09-06
301056,2021-09-07,262117901.31,ipo,2021-09-07
301055,2021-09-06,269100000.0,ipo,2021-09-06
688711,2021-09-01,677387918.34,ipo,2021-09-01
301053,2021-09-01,242622799.99999997,ipo,2021-09-01
688776,2021-08-31,995617702.0799999,ipo,2021-08-31
920077,2021-08-31,141304351.50000003,ipo,2021-08-31
301052,2021-08-30,146061100.0,ipo,2021-08-30
688786,2021-08-26,251195952.0,ipo,2021-08-26
301050,2021-08-24,1467488000.0,ipo,2021-08-24
301049,2021-08-24,455714879.56,ipo,2021-08-24
605577,2021-08-24,266222225.54999995,ipo,2021-08-24
001212,2021-08-23,717958900.0,ipo,2021-08-23
301051,2021-08-27,1976000000.0,ipo,2021-08-27
688766,2021-08-23,1348614102.0,ipo,2021-08-23
920305,2021-08-26,348000000.0,ipo,2021-08-26
688728,2021-08-18,3593399764.84,ipo,2021-08-18
605580,2021-08-19,419000000.00000006,ipo,2021-08-19
601728,2021-08-20,47094492759.51,ipo,2021-08-20
301048,2021-08-18,550666942.0,ipo,2021-08-18
688733,2021-08-17,705431406.65,ipo,2021-08-17
301046,2021-08-17,311665800.0,ipo,2021-08-17
920174,2021-08-20,86160000.0,ipo,2021-08-20
605069,2021-08-16,615959109.4300001,ipo,2021-08-16
920039,2021-08-18,52920000.0,ipo,2021-08-18
688798,2021-08-16,3201044000.0,ipo,2021-08-16
601825,2021-08-19,8583555560.5,ipo,2021-08-19
301045,2021-08-13,407739900.0,ipo,2021-08-13
688787,2021-08-13,395258000.0,ipo,2021-08-13
301047,2021-08-16,4979640000.0,ipo,2021-08-16
300844,2021-08-13,810323000.0,ipo,2021-08-13
920642,2021-08-16,54695647.0,ipo,2021-08-16
300814,2021-08-12,369264000.0,ipo,2021-08-12
920566,2021-08-13,223043490.0,ipo,2021-08-13
688779,2021-08-11,2725003859.2000003,ipo,2021-08-11
605588,2021-08-12,501100500.00000006,ipo,2021-08-12
605589,2021-08-10,1946250600.0000002,ipo,2021-08-10
301041,2021-08-11,195030800.0,ipo,2021-08-11
300994,2021-08-12,577864000.0,ipo,2021-08-12
688148,2021-08-06,366400000.0,ipo,2021-08-06
688778,2021-08-05,1540880141.5,ipo,2021-08-05
301043,2021-08-11,454750000.0,ipo,2021-08-11
300964,2021-08-05,620706152.0,ipo,2021-08-05
301042,2021-08-05,720852000.0,ipo,2021-08-05
001211,2021-08-05,475200000.0,ipo,2021-08-05
688385,2021-08-04,747600000.0,ipo,2021-08-04
605507,2021-08-02,2730131395.0,ipo,2021-08-02
301040,2021-08-03,339250000.0,ipo,2021-08-03
300774,2021-08-04,186804992.62,ipo,2021-08-04
920553,2021-08-06,40680000.0,ipo,2021-08-06
688670,2021-08-02,1213960000.0,ipo,2021-08-02
688511,2021-07-30,561800000.0,ipo,2021-07-30
688509,2021-07-30,334900000.0,ipo,2021-07-30
301038,2021-08-04,220440000.0,ipo,2021-08-04
920090,2021-08-09,74500000.0,ipo,2021-08-09
688071,2021-07-29,250039776.0,ipo,2021-07-29
301037,2021-07-30,333820500.0,ipo,2021-07-30
301036,2021-07-29,584500000.0,ipo,2021-07-29
301035,2021-07-28,1521862000.0,ipo,2021-07-28
688718,2021-07-28,254115809.99999997,ipo,2021-07-28
301024,2021-07-28,514312000.00000006,ipo,2021-07-28
001210,2021-07-29,635546900.0,ipo,2021-07-29
688296,2021-07-27,334529693.40000004,ipo,2021-07-27
688768,2021-07-26,250115600.0,ipo,2021-07-26
605167,2021-07-26,543381388.88,ipo,2021-07-26
688303,2021-07-22,6447000000.0,ipo,2021-07-22
301033,2021-07-26,250048697.24000004,ipo,2021-07-26
301032,2021-07-22,299608498.0,ipo,2021-07-22
301030,2021-07-22,203333337.39999998,ipo,2021-07-22
688800,2021-07-22,405540000.0,ipo,2021-07-22
601921,2021-07-23,2284444452.44,ipo,2021-07-23
301029,2021-07-23,565741400.0,ipo,2021-07-23
605056,2021-07-20,546136500.0,ipo,2021-07-20
605365,2021-07-20,848500000.0,ipo,2021-07-20
301028,2021-07-20,504449999.99999994,ipo,2021-07-20
001209,2021-07-23,701776620.0,ipo,2021-07-23
688501,2021-07-16,250191900.0,ipo,2021-07-16
920146,2021-07-20,124152000.0,ipo,2021-07-20
301031,2021-07-15,443744600.0,ipo,2021-07-15
301027,2021-07-15,421360000.0,ipo,2021-07-15
301026,2021-07-16,510850012.02000004,ipo,2021-07-16
688793,2021-07-15,422234000.0,ipo,2021-07-15
301025,2021-07-19,62015500.0,ipo,2021-07-19
688799,2021-07-13,724270000.0,ipo,2021-07-13
688038,2021-07-13,250203240.0,ipo,2021-07-13
688305,2021-07-09,250160400.0,ipo,2021-07-09
605028,2021-07-12,567200000.0,ipo,2021-07-12
605020,2021-07-09,462023100.0,ipo,2021-07-09
688789,2021-07-08,575320000.0,ipo,2021-07-08
301039,2021-07-08,1758096000.0,ipo,2021-07-08
688087,2021-07-09,730348622.64,ipo,2021-07-09
605162,2021-07-07,486147514.0,ipo,2021-07-07
301023,2021-07-07,544236385.0,ipo,2021-07-07
688226,2021-07-07,250380000.0,ipo,2021-07-07
605287,2021-07-06,789000000.0,ipo,2021-07-06
301021,2021-07-06,359480000.00000006,ipo,2021-07-06
301020,2021-07-06,389424000.0,ipo,2021-07-06
301018,2021-07-07,497482899.99999994,ipo,2021-07-07
688239,2021-07-05,401800000.0,ipo,2021-07-05
920885,2021-07-08,146160000.0,ipo,2021-07-08
688499,2021-07-01,854700000.0,ipo,2021-07-01
688161,2021-06-30,1500022324.0,ipo,2021-06-30
301017,2021-07-05,359184400.0,ipo,2021-07-05
301016,2021-06-30,412500000.0,ipo,2021-06-30
605011,2021-06-30,247417000.0,ipo,2021-06-30
603171,2021-06-30,541064700.0,ipo,2021-06-30
301022,2021-07-02,516640000.0,ipo,2021-07-02
301015,2021-06-30,401864000.0,ipo,2021-06-30
920765,2021-07-05,121043482.8,ipo,2021-07-05
688367,2021-06-28,250085700.0,ipo,2021-06-28
301019,2021-06-28,578800000.0,ipo,2021-06-28
301013,2021-06-29,339706574.72,ipo,2021-06-29
688601,2021-06-28,583680000.0,ipo,2021-06-28
301004,2021-06-25,195250000.0,ipo,2021-06-25
920768,2021-06-28,243478900.0,ipo,2021-06-28
688276,2021-06-25,1500675944.5,ipo,2021-06-25
688690,2021-06-23,355080000.0,ipo,2021-06-23
688216,2021-06-23,393767400.0,ipo,2021-06-23
601528,2021-06-25,1225596195.04,ipo,2021-06-25
301012,2021-06-22,169050000.00000003,ipo,2021-06-22
001208,2021-06-24,490334020.0,ipo,2021-06-24
688621,2021-06-21,537800000.0,ipo,2021-06-21
688425,2021-06-22,3688466600.0,ipo,2021-06-22
001207,2021-06-23,649285000.0,ipo,2021-06-23
688517,2021-06-18,262350452.16,ipo,2021-06-18
300984,2021-06-18,371640000.0,ipo,2021-06-18
688597,2021-06-17,259415604.0,ipo,2021-06-17
601665,2021-06-18,2455326670.2400002,ipo,2021-06-18
301011,2021-06-17,308140000.0,ipo,2021-06-17
301010,2021-06-18,211410000.0,ipo,2021-06-18
301009,2021-06-17,852343800.0,ipo,2021-06-17
688700,2021-06-15,346288000.0,ipo,2021-06-15
688067,2021-06-16,250070000.0,ipo,2021-06-16
603529,2021-06-15,1810900000.0,ipo,2021-06-15
688681,2021-06-16,250185200.0,ipo,2021-06-16
301007,2021-06-16,202818600.0,ipo,2021-06-16
688345,2021-06-11,647750000.0,ipo,2021-06-11
605259,2021-06-15,596200000.0,ipo,2021-06-15
600905,2021-06-10,22713150000.0,ipo,2021-06-10
688269,2021-06-09,442438400.00000006,ipo,2021-06-09
688131,2021-06-08,1208814000.0,ipo,2021-06-08
301008,2021-06-11,626666679.2,ipo,2021-06-11
688625,2021-06-07,549334432.0,ipo,2021-06-07
688319,2021-06-08,400436400.00000006,ipo,2021-06-08
301006,2021-06-07,502104400.0,ipo,2021-06-07
605319,2021-06-07,561000000.0,ipo,2021-06-07
601156,2021-06-09,2503575118.12,ipo,2021-06-09
301002,2021-06-07,442117300.0,ipo,2021-06-07
920212,2021-06-08,111186000.0,ipo,2021-06-08
688117,2021-06-03,358000000.0,ipo,2021-06-03
300997,2021-06-02,444600000.00000006,ipo,2021-06-02
300996,2021-06-03,459901000.0,ipo,2021-06-03
920523,2021-06-03,151354840.0,ipo,2021-06-03
301005,2021-06-01,520568912.7000001,ipo,2021-06-01
300998,2021-06-02,160132000.0,ipo,2021-06-02
301003,2021-06-01,813985351.96,ipo,2021-06-01
605296,2021-05-28,2244882400.0,ipo,2021-05-28
605189,2021-05-28,622440000.0,ipo,2021-05-28
301001,2021-05-28,510800000.0,ipo,2021-05-28
301000,2021-05-28,857477385.0,ipo,2021-05-28
688538,2021-05-28,7105827196.25,ipo,2021-05-28
605499,2021-05-27,1851262700.0000002,ipo,2021-05-27
603836,2021-05-26,864060400.0,ipo,2021-05-26
603511,2021-05-31,839809899.9999999,ipo,2021-05-31
300614,2021-05-25,368610900.0,ipo,2021-05-25
920726,2021-05-27,211050000.0,ipo,2021-05-27
605090,2021-05-25,2868268267.62,ipo,2021-05-25
300995,2021-05-26,309708800.0,ipo,2021-05-26
300993,2021-05-24,398332000.0,ipo,2021-05-24
300992,2021-05-25,212472000.0,ipo,2021-05-25
688359,2021-05-21,254201538.31000003,ipo,2021-05-21
688613,2021-05-21,547666677.62,ipo,2021-05-21
688076,2021-05-20,829817941.5,ipo,2021-05-20
600032,2021-05-25,730080000.0,ipo,2021-05-25
300991,2021-05-20,293850000.0,ipo,2021-05-20
688660,2021-05-19,2901333696.0,ipo,2021-05-19
688314,2021-05-18,251603400.0,ipo,2021-05-18
688575,2021-05-17,606800000.0,ipo,2021-05-17
605339,2021-05-18,1078729415.76,ipo,2021-05-18
001206,2021-05-18,1051819640.0,ipo,2021-05-18
688217,2021-05-17,256038000.00000003,ipo,2021-05-17
688565,2021-05-13,251182500.00000003,ipo,2021-05-13
605488,2021-05-13,612900000.0,ipo,2021-05-13
688685,2021-05-13,252259336.34000003,ipo,2021-05-13
688355,2021-05-12,543090500.0,ipo,2021-05-12
001205,2021-05-13,496701338.84000003,ipo,2021-05-13
688097,2021-05-12,462070000.0,ipo,2021-05-12
688655,2021-05-11,253430100.0,ipo,2021-05-11
605196,2021-05-11,383800000.0,ipo,2021-05-11
300990,2021-05-12,1111500000.0,ipo,2021-05-12
300987,2021-05-11,226514400.0,ipo,2021-05-11
688113,2021-05-06,306240000.0,ipo,2021-05-06
605305,2021-05-06,1043349999.9999999,ipo,2021-05-06
300989,2021-05-07,774300000.0,ipo,2021-05-07
300988,2021-05-12,438454464.0,ipo,2021-05-12
605080,2021-05-06,787752844.0,ipo,2021-05-06
605300,2021-04-30,450112500.0,ipo,2021-04-30
001203,2021-05-10,1966081200.0,ipo,2021-05-10
688395,2021-04-29,342925000.0,ipo,2021-04-29
688383,2021-04-28,499947887.99999994,ipo,2021-04-28
688323,2021-04-28,268650000.0,ipo,2021-04-28
600906,2021-05-07,1880000000.0,ipo,2021-05-07
300986,2021-04-30,432854004.93,ipo,2021-04-30
300985,2021-04-29,830001660.0,ipo,2021-04-29
001202,2021-04-29,486531780.0,ipo,2021-04-29
605180,2021-04-30,559500000.0,ipo,2021-04-30
605089,2021-04-27,713250000.0,ipo,2021-04-27
300982,2021-04-27,555309545.61,ipo,2021-04-27
300981,2021-04-27,2024745300.0000002,ipo,2021-04-27
605289,2021-04-26,590940900.0,ipo,2021-04-26
001201,2021-04-28,2007244600.0,ipo,2021-04-28
300979,2021-04-26,3886740000.0,ipo,2021-04-26
300978,2021-04-26,357850000.0,ipo,2021-04-26
688639,2021-04-22,625320000.0,ipo,2021-04-22
300975,2021-04-21,276192000.0,ipo,2021-04-21
688682,2021-04-20,422910000.0,ipo,2021-04-20
688201,2021-04-21,623490326.4200001,ipo,2021-04-21
605016,2021-04-21,464916000.0,ipo,2021-04-21
605117,2021-04-20,1396917580.0,ipo,2021-04-20
300983,2021-04-20,2416000000.0,ipo,2021-04-20
300980,2021-04-21,589024823.7800001,ipo,2021-04-21
688533,2021-04-19,308800000.0,ipo,2021-04-19
605086,2021-04-16,411520000.0,ipo,2021-04-16
300977,2021-04-20,1004192000.0,ipo,2021-04-20
605098,2021-04-21,581662200.0,ipo,2021-04-21
300976,2021-04-19,2193016056.0,ipo,2021-04-19
300973,2021-04-15,1197375200.0,ipo,2021-04-15
300972,2021-04-19,275916250.0,ipo,2021-04-19
601279,2021-04-15,309310404.12,ipo,2021-04-15
300971,2021-04-15,383039999.99999994,ipo,2021-04-15
688663,2021-04-13,506655200.0,ipo,2021-04-13
300968,2021-04-15,710220600.0,ipo,2021-04-15
688315,2021-04-13,512952000.0,ipo,2021-04-13
300967,2021-04-13,213380000.0,ipo,2021-04-13
688683,2021-04-12,353201400.0,ipo,2021-04-12
688611,2021-04-12,467323999.99999994,ipo,2021-04-12
605378,2021-04-12,587450800.0,ipo,2021-04-12
688468,2021-04-09,293150000.0,ipo,2021-04-09
300970,2021-04-12,653194300.0,ipo,2021-04-12
300969,2021-04-12,413600000.0,ipo,2021-04-12
300966,2021-04-09,238960000.0,ipo,2021-04-09
688636,2021-04-08,431250000.0,ipo,2021-04-08
688191,2021-04-08,435416006.56,ipo,2021-04-08
300963,2021-04-09,363900000.0,ipo,2021-04-09
300962,2021-04-09,224401700.0,ipo,2021-04-09
003043,2021-04-06,396200000.0,ipo,2021-04-06
003042,2021-04-06,590744000.0,ipo,2021-04-06
003041,2021-04-06,450000000.0,ipo,2021-04-06
688662,2021-04-01,344356600.0,ipo,2021-04-01
688630,2021-04-01,459983283.04,ipo,2021-04-01
688260,2021-04-06,288900000.0,ipo,2021-04-06
300965,2021-04-02,925800000.0,ipo,2021-04-02
688659,2021-03-31,260000000.0,ipo,2021-03-31
603324,2021-04-07,615711769.48,ipo,2021-04-07
688626,2021-03-31,1152800000.0,ipo,2021-03-31
300961,2021-03-30,375871590.40000004,ipo,2021-03-30
688109,2021-03-30,680680000.0,ipo,2021-03-30
300960,2021-03-29,309248000.0,ipo,2021-03-29
688661,2021-03-29,354200000.0,ipo,2021-03-29
603759,2021-03-26,874380000.0000001,ipo,2021-03-26
688195,2021-03-26,439960000.0,ipo,2021-03-26
300958,2021-03-29,304214943.59999996,ipo,2021-03-29
300957,2021-03-25,3010188000.0,ipo,2021-03-25
688633,2021-03-24,611323689.0799999,ipo,2021-03-24
688606,2021-03-25,1804544999.9999998,ipo,2021-03-25
688329,2021-03-29,324433000.0,ipo,2021-03-29
300956,2021-03-26,424050000.0,ipo,2021-03-26
300955,2021-03-24,416556000.0,ipo,2021-03-24
688609,2021-03-23,399000000.0,ipo,2021-03-23
300959,2021-03-22,820000000.0,ipo,2021-03-22
688092,2021-03-19,282629217.78,ipo,2021-03-19
605389,2021-03-22,958735960.0,ipo,2021-03-22
605286,2021-03-22,633360000.0,ipo,2021-03-22
300953,2021-03-18,669477900.0,ipo,2021-03-18
003040,2021-03-22,362176191.3,ipo,2021-03-22
688616,2021-03-18,275625000.0,ipo,2021-03-18
688456,2021-03-17,318600000.0,ipo,2021-03-17
688316,2021-03-16,764400000.0,ipo,2021-03-16
688083,2021-03-11,2330643000.0,ipo,2021-03-11
688667,2021-03-12,972918000.0,ipo,2021-03-12
300952,2021-03-11,424639040.0,ipo,2021-03-11
688676,2021-03-09,429957000.0,ipo,2021-03-09
605122,2021-03-10,1324992000.0,ipo,2021-03-10
688328,2021-03-09,334087399.99999994,ipo,2021-03-09
605208,2021-03-08,629800000.0,ipo,2021-03-08
003039,2021-03-08,363320000.0,ipo,2021-03-08
300950,2021-03-03,210250000.0,ipo,2021-03-03
688696,2021-03-03,1671624999.9999998,ipo,2021-03-03
688079,2021-03-02,1022396673.4599999,ipo,2021-03-02
605060,2021-03-01,935400000.0,ipo,2021-03-01
605303,2021-03-01,660267185.76,ipo,2021-03-01
605298,2021-03-01,431730000.0,ipo,2021-03-01
300951,2021-02-26,1503600000.0000002,ipo,2021-02-26
688677,2021-02-26,778852800.0,ipo,2021-02-26
300949,2021-02-26,813450000.0,ipo,2021-02-26
300948,2021-02-25,303420000.0,ipo,2021-02-25
688183,2021-02-25,2066240880.0,ipo,2021-02-25
605268,2021-02-24,691440000.0,ipo,2021-02-24
688619,2021-02-23,904287299.9999999,ipo,2021-02-23
605133,2021-02-24,813600000.0,ipo,2021-02-24
920225,2021-02-25,99478262.39999999,ipo,2021-02-25
920832,2021-02-23,234204600.00000003,ipo,2021-02-23
300947,2021-02-10,693506780.0,ipo,2021-02-10
300945,2021-02-10,232559999.99999997,ipo,2021-02-10
300943,2021-02-10,332860000.0,ipo,2021-02-10
003038,2021-02-10,481108799.99999994,ipo,2021-02-10
920735,2021-02-19,278105100.0,ipo,2021-02-19
688665,2021-02-09,516775000.0,ipo,2021-02-09
688070,2021-02-10,507204000.0,ipo,2021-02-10
300942,2021-02-09,216966599.99999997,ipo,2021-02-09
300941,2021-02-09,727203750.0,ipo,2021-02-09
688059,2021-02-08,408064180.00000006,ipo,2021-02-08
605077,2021-02-09,1504498200.0,ipo,2021-02-09
300946,2021-02-08,490931500.0,ipo,2021-02-08
920599,2021-02-22,500000000.0,ipo,2021-02-22
688687,2021-02-08,805890800.0,ipo,2021-02-08
605337,2021-02-08,775548000.0,ipo,2021-02-08
600916,2021-02-05,898200000.0,ipo,2021-02-05
920239,2021-02-09,234831999.99999997,ipo,2021-02-09
003037,2021-02-04,433840000.0,ipo,2021-02-04
300940,2021-02-03,377777957.48,ipo,2021-02-03
688607,2021-02-01,511368684.97,ipo,2021-02-01
601963,2021-02-05,3762889283.22,ipo,2021-02-05
920427,2021-02-05,188870040.0,ipo,2021-02-05
688628,2021-02-01,525525000.0,ipo,2021-02-01
605368,2021-01-29,979880000.0,ipo,2021-01-29
605055,2021-01-29,385600000.0,ipo,2021-01-29
688350,2021-01-28,414869000.0,ipo,2021-01-28
003036,2021-01-28,308880000.0,ipo,2021-01-28
300939,2021-01-28,743600000.0,ipo,2021-01-28
300938,2021-01-27,606732000.0,ipo,2021-01-27
300937,2021-01-27,292979219.75,ipo,2021-01-27
688689,2021-01-27,449721000.0,ipo,2021-01-27
688680,2021-01-22,1469439400.0,ipo,2021-01-22
688669,2021-01-25,855166691.1,ipo,2021-01-25
300933,2021-01-22,309029000.0,ipo,2021-01-22
300932,2021-01-22,777735000.0,ipo,2021-01-22
920275,2021-01-25,52173915.0,ipo,2021-01-25
605398,2021-01-21,559431900.72,ipo,2021-01-21
300936,2021-01-26,571332000.0,ipo,2021-01-26
300931,2021-01-21,258772399.99999997,ipo,2021-01-21
300930,2021-01-21,327750000.0,ipo,2021-01-21
300935,2021-01-20,804844800.0,ipo,2021-01-20
300929,2021-01-20,286415500.0,ipo,2021-01-20
003035,2021-01-19,1060606059.8,ipo,2021-01-19
605228,2021-01-20,471200000.0,ipo,2021-01-20
605005,2021-01-19,255838000.0,ipo,2021-01-19
688317,2021-01-18,2103780523.36,ipo,2021-01-18
688819,2021-01-18,4872714000.0,ipo,2021-01-18
688656,2021-01-13,555859161.3199999,ipo,2021-01-13
003032,2021-01-12,340470585.00000006,ipo,2021-01-12
003033,2021-01-11,476076000.0,ipo,2021-01-11
920826,2021-01-12,74257402.32,ipo,2021-01-12
688617,2021-01-07,1241248200.0,ipo,2021-01-07
920344,2021-01-08,282750000.0,ipo,2021-01-08
300927,2021-01-07,268469500.0,ipo,2021-01-07
300926,2021-01-07,382339384.0,ipo,2021-01-07
920509,2021-01-11,137179400.0,ipo,2021-01-11
300928,2021-01-06,761000000.0,ipo,2021-01-06
605277,2021-01-06,565452000.0,ipo,2021-01-06
003030,2021-01-06,473616000.0,ipo,2021-01-06
688686,2020-12-31,1618463800.0,ipo,2020-12-31
605155,2020-12-31,508080000.00000006,ipo,2020-12-31
300894,2020-12-31,569835000.0,ipo,2020-12-31
003031,2021-01-04,407200005.09000003,ipo,2021-01-04
688618,2020-12-30,430498560.0,ipo,2020-12-30
688698,2020-12-29,483750000.0,ipo,2020-12-29
688063,2020-12-30,2167827200.0,ipo,2020-12-30
605377,2020-12-28,949509621.0,ipo,2020-12-28
300925,2020-12-30,649989600.0,ipo,2020-12-30
920675,2020-12-28,256320000.0,ipo,2020-12-28
605179,2020-12-28,561810000.0,ipo,2020-12-28
300922,2020-12-25,449432100.0,ipo,2020-12-25
920856,2020-12-25,58000000.0,ipo,2020-12-25
300920,2020-12-25,673250000.0,ipo,2020-12-25
003029,2020-12-24,508277000.0,ipo,2020-12-24
003028,2020-12-28,595950000.0,ipo,2020-12-28
920510,2020-12-28,44730000.0,ipo,2020-12-28
688679,2020-12-25,396715148.95000005,ipo,2020-12-25
688658,2020-12-24,2192400000.0,ipo,2020-12-24
688560,2020-12-24,651019140.0,ipo,2020-12-24
688678,2020-12-23,782467500.0,ipo,2020-12-23
300923,2020-12-24,555702000.0,ipo,2020-12-24
300919,2020-12-23,1401462000.0,ipo,2020-12-23
300918,2020-12-22,447300000.0,ipo,2020-12-22
605186,2020-12-22,482800000.0,ipo,2020-12-22
300917,2020-12-21,469500000.0,ipo,2020-12-21
688668,2020-12-21,427290300.0,ipo,2020-12-21
605500,2020-12-22,948500000.0,ipo,2020-12-22
300921,2020-12-22,593204200.0,ipo,2020-12-22
003026,2020-12-18,346513830.0,ipo,2020-12-18
920000,2020-12-23,125352000.0,ipo,2020-12-23
688699,2020-12-18,714490560.0,ipo,2020-12-18
003027,2020-12-18,869183700.0,ipo,2020-12-18
688608,2020-12-16,4862100000.0,ipo,2020-12-16
688510,2020-12-16,527782000.0,ipo,2020-12-16
003020,2020-12-15,535690800.0,ipo,2020-12-15
605299,2020-12-15,363500000.0,ipo,2020-12-15
605151,2020-12-15,537774200.0,ipo,2020-12-15
003025,2020-12-11,428934000.0,ipo,2020-12-11
003023,2020-12-11,484967000.0,ipo,2020-12-11
688308,2020-12-10,599750000.0,ipo,2020-12-10
688136,2020-12-14,1109249449.0,ipo,2020-12-14
688571,2020-12-11,426400000.0,ipo,2020-12-11
605376,2020-12-08,764526000.0,ipo,2020-12-08
688590,2020-12-07,488275088.0000001,ipo,2020-12-07
605183,2020-12-07,700598992.5,ipo,2020-12-07
300913,2020-12-07,404556250.0,ipo,2020-12-07
003022,2020-12-08,1688745600.0000002,ipo,2020-12-08
601686,2020-12-04,1826120000.0,ipo,2020-12-04
300912,2020-12-07,493360000.0,ipo,2020-12-07
003021,2020-12-04,2003450400.0000002,ipo,2020-12-04
920670,2020-12-08,86956525.0,ipo,2020-12-08
688557,2020-12-02,503309000.0,ipo,2020-12-02
300916,2020-12-02,601938000.0,ipo,2020-12-02
300911,2020-12-03,649334145.0,ipo,2020-12-03
688578,2020-12-02,2045700000.0,ipo,2020-12-02
605266,2020-12-01,965792500.0,ipo,2020-12-01
605258,2020-12-03,584320000.0,ipo,2020-12-03
300915,2020-12-02,1050450000.0,ipo,2020-12-02
300910,2020-11-27,1134750000.0,ipo,2020-11-27
003004,2020-11-26,414519600.00000006,ipo,2020-11-26
605177,2020-11-25,884092000.0,ipo,2020-11-25
688777,2020-11-24,1755414899.9999998,ipo,2020-11-24
605068,2020-11-23,961555000.0000001,ipo,2020-11-23
300908,2020-11-23,993500000.0,ipo,2020-11-23
920047,2020-11-24,222739999.99999997,ipo,2020-11-24
920030,2020-11-27,118800000.0,ipo,2020-11-27
300909,2020-11-18,745952513.62,ipo,2020-11-18
300907,2020-11-18,343200000.0,ipo,2020-11-18
688219,2020-11-18,380746137.55999994,ipo,2020-11-18
920396,2020-11-18,44283000.0,ipo,2020-11-18
300884,2020-11-12,746100000.0,ipo,2020-11-12
003019,2020-11-17,754560000.0,ipo,2020-11-17
688160,2020-11-12,427140000.0,ipo,2020-11-12
688057,2020-11-11,1782960000.0,ipo,2020-11-11
688135,2020-11-11,536052000.0,ipo,2020-11-11
688529,2020-11-09,646400000.0,ipo,2020-11-09
605007,2020-11-10,403700900.0,ipo,2020-11-10
003018,2020-11-06,580450000.0,ipo,2020-11-06
920839,2020-11-09,112000000.0,ipo,2020-11-09
300906,2020-11-05,528400000.00000006,ipo,2020-11-05
300903,2020-11-05,562886000.0,ipo,2020-11-05
300905,2020-11-05,887760000.0,ipo,2020-11-05
688133,2020-10-30,847701148.05,ipo,2020-10-30
605169,2020-10-30,888800000.0,ipo,2020-10-30
601995,2020-11-02,13198191420.0,ipo,2020-11-02
300902,2020-10-29,492083100.0,ipo,2020-10-29
689009,2020-10-29,1333549679.8000002,ipo,2020-10-29
688221,2020-10-28,1844180000.0,ipo,2020-10-28
300901,2020-10-29,537600000.0,ipo,2020-10-29
300900,2020-10-29,939247200.0,ipo,2020-10-29
003016,2020-10-26,958933633.0,ipo,2020-10-26
688179,2020-10-26,490284962.0,ipo,2020-10-26
003017,2020-10-26,432750000.0,ipo,2020-10-26
688129,2020-10-23,456600000.0,ipo,2020-10-23
601187,2020-10-27,1770854814.19,ipo,2020-10-27
688788,2020-10-22,2002412490.3200002,ipo,2020-10-22
605058,2020-10-21,651376130.0,ipo,2020-10-21
003015,2020-10-21,461652002.19,ipo,2020-10-21
003013,2020-10-22,537334300.0,ipo,2020-10-22
601568,2020-10-20,3672500009.04,ipo,2020-10-20
688386,2020-10-16,284900000.0,ipo,2020-10-16
300898,2020-10-16,334180000.0,ipo,2020-10-16
003012,2020-10-19,1623050000.0,ipo,2020-10-19
300999,2020-10-15,13933490257.8,ipo,2020-10-15
688330,2020-10-15,2205750000.0,ipo,2020-10-15
605336,2020-10-19,855008000.0,ipo,2020-10-19
003001,2020-10-13,732701852.48,ipo,2020-10-13
605338,2020-10-12,788640000.0,ipo,2020-10-12
300899,2020-10-16,389658500.0,ipo,2020-10-16
003011,2020-09-30,709207800.0,ipo,2020-09-30
688093,2020-09-30,754650000.0,ipo,2020-09-30
605099,2020-09-30,618989600.0,ipo,2020-09-30
688585,2020-09-28,107568000.00000001,ipo,2020-09-28
688013,2020-09-28,372400000.0,ipo,2020-09-28
605136,2020-09-29,489322300.0,ipo,2020-09-29
605018,2020-09-29,405129600.0,ipo,2020-09-29
300896,2020-09-28,3571754000.0,ipo,2020-09-28
688595,2020-09-28,570500000.0,ipo,2020-09-28
605218,2020-09-28,583695764.0500001,ipo,2020-09-28
605111,2020-09-28,503723000.0,ipo,2020-09-28
603565,2020-09-25,1479333340.73,ipo,2020-09-25
300897,2020-09-28,568820000.0,ipo,2020-09-28
003010,2020-09-25,462536000.0,ipo,2020-09-25
002998,2020-09-25,477357660.0,ipo,2020-09-25
300895,2020-09-24,306762500.0,ipo,2020-09-24
300893,2020-09-24,336750000.0,ipo,2020-09-24
003009,2020-09-25,502694414.0,ipo,2020-09-25
003008,2020-09-23,608400000.0,ipo,2020-09-23
003007,2020-09-23,468000000.0,ipo,2020-09-23
688526,2020-09-22,1227450000.0,ipo,2020-09-22
688156,2020-09-22,365293600.0,ipo,2020-09-22
688127,2020-09-21,630269000.0,ipo,2020-09-21
003005,2020-09-22,843495000.0,ipo,2020-09-22
688536,2020-09-21,2314200000.0,ipo,2020-09-21
605116,2020-09-21,343169999.99999994,ipo,2020-09-21
605050,2020-09-24,817500000.0,ipo,2020-09-24
300892,2020-09-24,666500000.0,ipo,2020-09-24
003006,2020-09-21,282761258.0,ipo,2020-09-21
003003,2020-09-21,463658000.0,ipo,2020-09-21
605198,2020-09-18,152000000.0,ipo,2020-09-18
300891,2020-09-17,364000000.0,ipo,2020-09-17
300890,2020-09-17,367250000.0,ipo,2020-09-17
003002,2020-09-22,411000000.00000006,ipo,2020-09-22
688301,2020-09-18,2176720000.0,ipo,2020-09-18
300889,2020-09-16,1090830000.0,ipo,2020-09-16
300888,2020-09-17,3715000000.0,ipo,2020-09-17
300887,2020-09-16,844930000.0,ipo,2020-09-16
688577,2020-09-16,447255000.00000006,ipo,2020-09-16
605369,2020-09-16,633000000.0,ipo,2020-09-16
300886,2020-09-16,266766500.0,ipo,2020-09-16
605128,2020-09-15,466200000.0,ipo,2020-09-15
003000,2020-09-14,200850199.99999997,ipo,2020-09-14
603112,2020-09-17,416024000.0,ipo,2020-09-17
605358,2020-09-11,199653600.0,ipo,2020-09-11
300883,2020-09-10,401360000.0,ipo,2020-09-10
002984,2020-09-11,1308240000.0,ipo,2020-09-11
688551,2020-09-10,758800000.0,ipo,2020-09-10
688095,2020-09-08,2871901200.0,ipo,2020-09-08
605009,2020-09-11,1660474200.0,ipo,2020-09-11
300885,2020-09-10,379400000.0,ipo,2020-09-10
605003,2020-09-08,566500000.0,ipo,2020-09-08
688559,2020-09-09,728000000.0,ipo,2020-09-09
601702,2020-09-07,921134700.0,ipo,2020-09-07
688390,2020-09-04,834460000.0,ipo,2020-09-04
300882,2020-09-10,406107422.0,ipo,2020-09-10
002999,2020-09-03,410969600.0,ipo,2020-09-03
002997,2020-09-03,572832000.0,ipo,2020-09-03
688378,2020-09-03,1144042394.0,ipo,2020-09-03
688056,2020-09-02,421600000.0,ipo,2020-09-02
605006,2020-09-03,384000000.0,ipo,2020-09-03
300881,2020-09-01,354250000.0,ipo,2020-09-01
300880,2020-09-01,324398200.0,ipo,2020-09-01
300879,2020-09-01,423200000.0,ipo,2020-09-01
688550,2020-09-02,1995786000.0,ipo,2020-09-02
603155,2020-09-01,1238646500.0,ipo,2020-09-01
688569,2020-08-31,1182894082.0,ipo,2020-08-31
688513,2020-09-02,1334792400.0,ipo,2020-09-02
688017,2020-08-28,1055453252.0000001,ipo,2020-08-28
002996,2020-08-28,445730000.0,ipo,2020-08-28
688408,2020-08-28,1431459025.3,ipo,2020-08-28
688289,2020-08-28,2019199999.9999998,ipo,2020-08-28
688215,2020-08-28,347647299.99999994,ipo,2020-08-28
688356,2020-08-26,617700000.0,ipo,2020-08-26
605255,2020-08-25,424363200.0,ipo,2020-08-25
605123,2020-08-25,818910000.0,ipo,2020-08-25
300878,2020-08-24,831347400.0000001,ipo,2020-08-24
300877,2020-08-24,916200000.0,ipo,2020-08-24
605008,2020-08-21,484839999.99999994,ipo,2020-08-21
300876,2020-08-24,482160000.0,ipo,2020-08-24
300873,2020-08-24,1024000020.48,ipo,2020-08-24
300872,2020-08-24,1199308000.0,ipo,2020-08-24
605178,2020-08-21,1140023370.0,ipo,2020-08-21
300871,2020-08-24,930997000.0,ipo,2020-08-24
300870,2020-08-24,931293000.0,ipo,2020-08-24
300864,2020-08-24,860519999.9999999,ipo,2020-08-24
688596,2020-08-20,1006569454.4900001,ipo,2020-08-20
688393,2020-08-20,713270400.0,ipo,2020-08-20
300869,2020-08-24,416560000.0,ipo,2020-08-24
300868,2020-08-24,1320320000.0,ipo,2020-08-24
300867,2020-08-24,1315120000.0,ipo,2020-08-24
688521,2020-08-18,1861742205.17,ipo,2020-08-18
688379,2020-08-19,369160000.0,ipo,2020-08-19
603931,2020-08-19,544204382.0,ipo,2020-08-19
300866,2020-08-24,2719119999.9999995,ipo,2020-08-24
300865,2020-08-24,483184000.0,ipo,2020-08-24
300863,2020-08-24,259489900.0,ipo,2020-08-24
688519,2020-08-18,1910360000.0,ipo,2020-08-18
688055,2020-08-17,406666747.99999994,ipo,2020-08-17
605388,2020-08-18,940100000.0,ipo,2020-08-18
605333,2020-08-18,212530000.0,ipo,2020-08-18
300875,2020-08-24,1019466900.0,ipo,2020-08-24
688335,2020-08-17,841204000.0,ipo,2020-08-17
688229,2020-08-17,730601999.9999999,ipo,2020-08-17
605088,2020-08-17,622800000.0,ipo,2020-08-17
300862,2020-08-24,1119331500.0,ipo,2020-08-24
300861,2020-08-24,1750837600.0,ipo,2020-08-24
300860,2020-08-24,2487120400.0,ipo,2020-08-24
688065,2020-08-12,5560621023.099999,ipo,2020-08-12
002993,2020-08-17,1214976000.0,ipo,2020-08-17
688313,2020-08-12,497720000.0,ipo,2020-08-12
688185,2020-08-13,5200808000.0,ipo,2020-08-13
605366,2020-08-12,828340000.0,ipo,2020-08-12
688155,2020-08-11,733140700.0,ipo,2020-08-11
688339,2020-08-10,1351379587.95,ipo,2020-08-10
688286,2020-08-10,833511000.0,ipo,2020-08-10
605100,2020-08-11,855631000.0,ipo,2020-08-11
605066,2020-08-07,711420000.0,ipo,2020-08-07
688556,2020-08-07,583070389.0,ipo,2020-08-07
605158,2020-08-05,841320000.0000001,ipo,2020-08-05
300859,2020-08-06,278612500.0,ipo,2020-08-06
688338,2020-08-06,1027744200.0,ipo,2020-08-06
605399,2020-08-04,605360000.0,ipo,2020-08-04
002992,2020-08-03,771075000.0,ipo,2020-08-03
688586,2020-07-31,1036613921.5899999,ipo,2020-07-31
688311,2020-07-31,1192098600.0,ipo,2020-07-31
002995,2020-08-05,547192800.0,ipo,2020-08-05
002991,2020-07-31,903263040.0,ipo,2020-07-31
605318,2020-08-03,422712594.92,ipo,2020-08-03
605222,2020-07-31,921500000.0,ipo,2020-07-31
601456,2020-07-31,2021805750.0,ipo,2020-07-31
688050,2020-07-29,882029499.9999999,ipo,2020-07-29
605118,2020-07-30,380480000.0,ipo,2020-07-30
603408,2020-07-30,698850000.0,ipo,2020-07-30
605188,2020-07-28,230547000.00000003,ipo,2020-07-28
300858,2020-07-27,488931000.0,ipo,2020-07-27
920961,2020-07-27,267719999.99999997,ipo,2020-07-27
920368,2020-07-27,568350000.0,ipo,2020-07-27
920263,2020-07-27,241081100.0,ipo,2020-07-27
920242,2020-07-27,196577780.0,ipo,2020-07-27
920198,2020-07-27,218160000.0,ipo,2020-07-27
920149,2020-07-27,100096000.0,ipo,2020-07-27
833994,2020-07-27,484700000.0,ipo,2020-07-27
688561,2020-07-22,5718922581.900001,ipo,2020-07-22
300857,2020-07-27,480246847.8,ipo,2020-07-27
300855,2020-07-23,525500000.0,ipo,2020-07-23
920964,2020-07-27,188000000.0,ipo,2020-07-27
920946,2020-07-27,324000000.0,ipo,2020-07-27
920640,2020-07-27,239400000.0,ipo,2020-07-27
920475,2020-07-27,142714000.0,ipo,2020-07-27
920433,2020-07-27,289598400.0,ipo,2020-07-27
920415,2020-07-27,271076800.0,ipo,2020-07-27
920278,2020-07-27,149625000.0,ipo,2020-07-27
688589,2020-07-22,483570000.0,ipo,2020-07-22
688508,2020-07-22,798060000.0,ipo,2020-07-22
688418,2020-07-22,786662500.0,ipo,2020-07-22
688336,2020-07-22,1736483781.56,ipo,2020-07-22
688077,2020-07-22,561400000.0,ipo,2020-07-22
688069,2020-07-22,999264000.0,ipo,2020-07-22
300856,2020-07-22,862403200.0,ipo,2020-07-22
300853,2020-07-24,620576870.0,ipo,2020-07-24
920729,2020-07-27,35856000.0,ipo,2020-07-27
920508,2020-07-27,99800000.0,ipo,2020-07-27
920021,2020-07-27,215400000.0,ipo,2020-07-27
920010,2020-07-27,249080000.0,ipo,2020-07-27
832317,2020-07-27,541987100.0,ipo,2020-07-27
920370,2020-07-27,352200000.0,ipo,2020-07-27
920266,2020-07-27,95817510.0,ipo,2020-07-27
920184,2020-07-27,397386000.0,ipo,2020-07-27
833874,2020-07-27,229880000.00000003,ipo,2020-07-27
688580,2020-07-21,1154716955.86,ipo,2020-07-21
688256,2020-07-20,2582039000.0,ipo,2020-07-20
300848,2020-07-20,469760600.0,ipo,2020-07-20
688981,2020-07-16,46287125200.0,ipo,2020-07-16
688500,2020-07-16,635232763.88,ipo,2020-07-16
688488,2020-07-20,839400000.0,ipo,2020-07-20
920185,2020-07-27,1672000000.0,ipo,2020-07-27
688579,2020-07-17,324881199.99999994,ipo,2020-07-17
688567,2020-07-17,3404729598.3,ipo,2020-07-17
605108,2020-07-16,835000000.0,ipo,2020-07-16
300851,2020-07-17,623531246.0,ipo,2020-07-17
920445,2020-07-27,183600000.0,ipo,2020-07-27
920418,2020-07-27,115600000.0,ipo,2020-07-27
920163,2020-07-27,126579900.00000001,ipo,2020-07-27
688309,2020-07-14,495866933.0,ipo,2020-07-14
688165,2020-07-15,828337421.3,ipo,2020-07-15
920682,2020-07-27,364000000.0,ipo,2020-07-27
920489,2020-07-27,202557100.0,ipo,2020-07-27
920167,2020-07-27,122160000.0,ipo,2020-07-27
688180,2020-07-15,4835715000.0,ipo,2020-07-15
300850,2020-07-13,520990000.0,ipo,2020-07-13
920819,2020-07-27,545000000.0,ipo,2020-07-27
920799,2020-07-27,221584000.0,ipo,2020-07-27
688060,2020-07-10,667050000.0,ipo,2020-07-10
605199,2020-07-10,208119000.00000003,ipo,2020-07-10
300852,2020-07-13,468129600.00000006,ipo,2020-07-13
300849,2020-07-10,349750000.0,ipo,2020-07-10
688568,2020-07-08,891550000.0,ipo,2020-07-08
688027,2020-07-09,723600000.0,ipo,2020-07-09
300840,2020-07-08,356400000.0,ipo,2020-07-08
688377,2020-07-08,799112140.0000001,ipo,2020-07-08
300847,2020-07-09,342419600.0,ipo,2020-07-09
688277,2020-07-07,504475999.99999994,ipo,2020-07-07
300845,2020-07-03,407076700.0,ipo,2020-07-03
688600,2020-07-03,516770000.0,ipo,2020-07-03
300843,2020-07-02,372672300.0,ipo,2020-07-02
300846,2020-07-01,168500000.0,ipo,2020-07-01
688558,2020-06-30,573210000.0,ipo,2020-06-30
688528,2020-07-01,475860000.0,ipo,2020-07-01
300839,2020-06-30,422760000.00000006,ipo,2020-06-30
603087,2020-06-29,2545464000.0,ipo,2020-06-29
600956,2020-06-29,428505000.0,ipo,2020-06-29
688518,2020-06-22,584188000.0,ipo,2020-06-22
300824,2020-06-19,321208500.0,ipo,2020-06-19
688520,2020-06-22,1282000000.0,ipo,2020-06-22
300842,2020-06-18,399000000.0,ipo,2020-06-18
688505,2020-06-19,1074000000.0,ipo,2020-06-19
605166,2020-06-18,556153350.0,ipo,2020-06-18
688106,2020-06-16,1874371032.0,ipo,2020-06-16
300841,2020-06-16,1055550000.0000001,ipo,2020-06-16
688004,2020-06-12,408534000.0,ipo,2020-06-12
002989,2020-06-10,928082000.0,ipo,2020-06-10
688599,2020-06-10,2531232000.0,ipo,2020-06-10
688312,2020-06-08,705921600.0,ipo,2020-06-08
688157,2020-06-09,686151999.9999999,ipo,2020-06-09
300838,2020-06-08,367436300.0,ipo,2020-06-08
300837,2020-06-05,439250000.0,ipo,2020-06-05
688360,2020-06-02,538049048.0,ipo,2020-06-02
601827,2020-06-05,2587353120.0,ipo,2020-06-05
002986,2020-06-02,1133316600.0,ipo,2020-06-02
605288,2020-06-01,1157375000.0,ipo,2020-06-01
600918,2020-06-03,3052258082.88,ipo,2020-06-03
605168,2020-05-28,1046707354.0,ipo,2020-05-28
300836,2020-05-28,347006547.4,ipo,2020-05-28
603950,2020-05-26,915090705.0,ipo,2020-05-26
300835,2020-05-25,353400000.0,ipo,2020-05-25
002990,2020-05-25,1161723600.0,ipo,2020-05-25
688516,2020-05-21,574317600.0,ipo,2020-05-21
605001,2020-05-22,1219538400.0,ipo,2020-05-22
300833,2020-05-20,1098161380.0,ipo,2020-05-20
002988,2020-05-18,636862713.48,ipo,2020-05-18
688598,2020-05-18,944000000.0,ipo,2020-05-18
688566,2020-05-18,1107161626.0,ipo,2020-05-18
601778,2020-05-19,2598371069.14,ipo,2020-05-19
300832,2020-05-12,1293268000.0,ipo,2020-05-12
688588,2020-05-11,459714900.0,ipo,2020-05-11
688466,2020-05-08,632230900.0,ipo,2020-05-08
002987,2020-05-07,925516800.0,ipo,2020-05-07
300831,2020-05-07,318400000.0,ipo,2020-05-07
688365,2020-04-29,433080000.0,ipo,2020-04-29
603212,2020-04-30,418504600.00000006,ipo,2020-04-30
300830,2020-05-06,378510000.00000006,ipo,2020-05-06
603439,2020-04-28,299439000.0,ipo,2020-04-28
002985,2020-04-29,845776200.0,ipo,2020-04-29
002983,2020-04-28,459397400.0,ipo,2020-04-28
688318,2020-04-27,1790524700.0,ipo,2020-04-27
603392,2020-04-29,381500000.0,ipo,2020-04-29
002982,2020-04-24,759416900.0,ipo,2020-04-24
300829,2020-04-22,637599000.0,ipo,2020-04-22
601609,2020-04-22,1585100000.0,ipo,2020-04-22
688126,2020-04-20,2412065298.0,ipo,2020-04-20
603682,2020-04-21,747495000.0,ipo,2020-04-21
300828,2020-04-21,338008200.0,ipo,2020-04-21
002981,2020-04-17,415680000.0,ipo,2020-04-17
002978,2020-04-17,1115282000.0,ipo,2020-04-17
603095,2020-04-15,863280000.0,ipo,2020-04-15
688222,2020-04-16,834753600.0,ipo,2020-04-16
300827,2020-04-10,396739104.0,ipo,2020-04-10
002980,2020-04-15,496334326.0,ipo,2020-04-15
688096,2020-04-09,384742200.0,ipo,2020-04-09
688085,2020-04-09,1075950160.0,ipo,2020-04-09
002979,2020-04-08,509600000.00000006,ipo,2020-04-08
603353,2020-04-07,927630200.0,ipo,2020-04-07
300826,2020-04-03,457600000.0,ipo,2020-04-03
300825,2020-03-27,469188100.0,ipo,2020-03-27
688228,2020-03-27,994581913.6,ipo,2020-03-27
688189,2020-03-26,1222900000.0,ipo,2020-03-26
603221,2020-03-23,774000000.0,ipo,2020-03-23
688051,2020-03-20,982360540.0,ipo,2020-03-20
300823,2020-03-19,387971999.99999994,ipo,2020-03-19
002977,2020-03-17,536642000.0,ipo,2020-03-17
300822,2020-03-13,628611900.0,ipo,2020-03-13
300821,2020-03-12,2070000000.0,ipo,2020-03-12
300819,2020-03-12,374790900.0,ipo,2020-03-12
603949,2020-03-10,474370200.0,ipo,2020-03-10
002976,2020-03-06,475250000.00000006,ipo,2020-03-06
603948,2020-03-02,570000000.0,ipo,2020-03-02
601696,2020-02-26,1520660000.0,ipo,2020-02-26
688396,2020-02-27,3750323827.2000003,ipo,2020-02-27
603719,2020-02-24,487900000.0,ipo,2020-02-24
688233,2020-02-21,866800000.0000001,ipo,2020-02-21
688177,2020-02-21,1965599999.9999998,ipo,2020-02-21
688169,2020-02-21,4518666757.04,ipo,2020-02-21
688200,2020-02-18,1642975260.77,ipo,2020-02-18
300817,2020-02-18,386872200.0,ipo,2020-02-18
688090,2020-02-17,463946049.85,ipo,2020-02-17
688208,2020-02-13,1218000000.0,ipo,2020-02-13
300820,2020-02-13,533174399.99999994,ipo,2020-02-13
300818,2020-02-12,369950000.0,ipo,2020-02-12
688398,2020-02-11,482400000.0,ipo,2020-02-11
688080,2020-02-12,362151853.11,ipo,2020-02-12
688186,2020-02-11,717288000.0,ipo,2020-02-11
603893,2020-02-07,406560000.0,ipo,2020-02-07
300816,2020-02-10,405600000.0,ipo,2020-02-10
688298,2020-02-05,637500000.0,ipo,2020-02-05
603195,2020-02-06,3567000000.0,ipo,2020-02-06
002975,2020-02-05,600887820.0,ipo,2020-02-05
603290,2020-02-04,509600000.0,ipo,2020-02-04
688266,2020-01-23,2025599999.9999998,ipo,2020-01-23
688159,2020-01-23,466422000.00000006,ipo,2020-01-23
300815,2020-01-23,1022430000.0,ipo,2020-01-23
688026,2020-01-22,412249999.99999994,ipo,2020-01-22
688158,2020-01-20,1943954999.9999998,ipo,2020-01-20
688278,2020-01-17,383160000.0,ipo,2020-01-17
688100,2020-01-21,689000000.0,ipo,2020-01-21
601816,2020-01-16,30673874400.0,ipo,2020-01-16
300813,2020-01-14,238550000.00000003,ipo,2020-01-14
688178,2020-01-14,535486417.2,ipo,2020-01-14
603551,2020-01-15,608552100.0,ipo,2020-01-15
002971,2020-01-13,432800000.0,ipo,2020-01-13
688181,2020-01-06,1060720810.92,ipo,2020-01-06
300812,2020-01-09,415894800.0,ipo,2020-01-09
002973,2020-01-06,234708600.0,ipo,2020-01-06
688081,2020-01-06,519064000.0,ipo,2020-01-06
300811,2019-12-30,377568000.0,ipo,2019-12-30
688078,2019-12-30,381927100.0,ipo,2019-12-30
603109,2019-12-31,673994600.0,ipo,2019-12-31
002972,2019-12-27,506479200.0,ipo,2019-12-27
688268,2019-12-26,664800000.0,ipo,2019-12-26
688123,2019-12-23,1004498027.75,ipo,2019-12-23
603995,2019-12-24,1298728400.0,ipo,2019-12-24
601512,2019-12-20,1449436300.0,ipo,2019-12-20
688089,2019-12-19,717000000.0,ipo,2019-12-19
300807,2019-12-19,300560000.0,ipo,2019-12-19
688037,2019-12-16,566370000.0,ipo,2019-12-16
002970,2019-12-17,820800000.0,ipo,2019-12-17
603053,2019-12-17,928900499.9999999,ipo,2019-12-17
688039,2019-12-11,1009599999.9999999,ipo,2019-12-11
601658,2019-12-10,28446903100.0,ipo,2019-12-10
688218,2019-12-11,509342400.0,ipo,2019-12-11
688198,2019-12-09,568320000.0,ipo,2019-12-09
688258,2019-12-09,575871408.0,ipo,2019-12-09
688399,2019-12-05,685794800.0,ipo,2019-12-05
688357,2019-12-04,625828800.0,ipo,2019-12-04
688118,2019-12-04,641565000.0,ipo,2019-12-04
688358,2019-12-03,1010600000.0,ipo,2019-12-03
300810,2019-12-06,484620000.0,ipo,2019-12-06
300809,2019-12-04,736347100.0,ipo,2019-12-04
688310,2019-12-03,518111000.0,ipo,2019-12-03
002968,2019-12-03,479289448.92,ipo,2019-12-03
300808,2019-11-29,441599999.99999994,ipo,2019-11-29
300801,2019-11-28,912600000.0,ipo,2019-11-28
002969,2019-12-02,349615577.0,ipo,2019-12-02
601916,2019-11-26,12597000000.000002,ipo,2019-11-26
603390,2019-11-25,885372526.0,ipo,2019-11-25
300806,2019-11-25,329196700.0,ipo,2019-11-25
300805,2019-11-21,431765999.99999994,ipo,2019-11-21
300798,2019-11-22,231043400.0,ipo,2019-11-22
688196,2019-11-21,1287900000.0,ipo,2019-11-21
688138,2019-11-20,586504000.0,ipo,2019-11-20
688111,2019-11-18,4631860000.0,ipo,2019-11-18
688101,2019-11-15,1524162200.0000002,ipo,2019-11-15
300803,2019-11-18,355625000.0,ipo,2019-11-18
688300,2019-11-15,586339952.0,ipo,2019-11-15
300802,2019-11-14,551000000.0,ipo,2019-11-14
300796,2019-11-15,431775000.0,ipo,2019-11-15
603489,2019-11-11,1303200000.0,ipo,2019-11-11
300564,2019-11-08,567250000.0,ipo,2019-11-08
002967,2019-11-08,614238100.0,ipo,2019-11-08
688389,2019-11-05,391300000.0,ipo,2019-11-05
688288,2019-11-06,624750000.0,ipo,2019-11-06
688202,2019-11-05,643250000.0,ipo,2019-11-05
688166,2019-11-08,521110000.00000006,ipo,2019-11-08
688128,2019-11-05,939500000.0,ipo,2019-11-05
688023,2019-11-05,1046296323.5,ipo,2019-11-05
688021,2019-11-06,523400000.00000006,ipo,2019-11-06
688363,2019-11-06,2368594551.2400002,ipo,2019-11-06
688299,2019-11-06,968504562.0000001,ipo,2019-11-06
688199,2019-11-05,1854157424.0000002,ipo,2019-11-05
300800,2019-11-06,1012800000.0,ipo,2019-11-06
688058,2019-11-01,793000000.0,ipo,2019-11-01
688025,2019-10-31,1012821435.84,ipo,2019-10-31
300797,2019-11-01,279225000.0,ipo,2019-11-01
688369,2019-10-31,950757500.0,ipo,2019-10-31
688366,2019-10-30,1588294000.0,ipo,2019-10-30
688108,2019-10-30,349500000.0,ipo,2019-10-30
603610,2019-10-29,1678465711.9999998,ipo,2019-10-29
688139,2019-10-25,1231031108.2,ipo,2019-10-25
688098,2019-10-28,440000000.00000006,ipo,2019-10-28
002965,2019-10-25,749455200.0,ipo,2019-10-25
002963,2019-10-28,889379400.0,ipo,2019-10-28
601077,2019-10-29,9987520000.0,ipo,2019-10-29
300795,2019-10-22,357335070.0,ipo,2019-10-22
603815,2019-10-21,256485999.99999997,ipo,2019-10-21
300793,2019-10-18,559762400.0,ipo,2019-10-18
688368,2019-10-14,872872000.0,ipo,2019-10-14
603786,2019-10-15,1078289000.0,ipo,2019-10-15
688036,2019-09-30,2812000000.0,ipo,2019-09-30
688068,2019-09-30,458103000.0,ipo,2019-09-30
688030,2019-09-30,948879360.0,ipo,2019-09-30
300792,2019-09-27,766000000.0,ipo,2019-09-27
688116,2019-09-25,927432464.0,ipo,2019-09-25
300791,2019-09-25,1094600000.0,ipo,2019-09-25
300790,2019-09-20,519012800.0,ipo,2019-09-20
002962,2019-09-17,725256000.0,ipo,2019-09-17
688168,2019-09-06,727779600.0,ipo,2019-09-06
603927,2019-09-09,686032000.0,ipo,2019-09-09
002961,2019-09-05,250650000.0,ipo,2019-09-05
603093,2019-08-30,338800000.0,ipo,2019-08-30
603755,2019-08-28,387162000.0,ipo,2019-08-28
603992,2019-08-26,555140000.0,ipo,2019-08-26
300789,2019-08-28,409170000.0,ipo,2019-08-28
002959,2019-08-23,1027500000.0,ipo,2019-08-23
003816,2019-08-26,12574154139.000002,ipo,2019-08-26
300787,2019-08-15,579942600.0,ipo,2019-08-15
688321,2019-08-12,1021500000.0,ipo,2019-08-12
603115,2019-08-09,529360000.0,ipo,2019-08-09
002960,2019-08-09,1040400000.0,ipo,2019-08-09
688188,2019-08-08,1714500000.0,ipo,2019-08-08
688099,2019-08-08,1583120000.0,ipo,2019-08-08
603662,2019-08-06,591927760.62,ipo,2019-08-06
603530,2019-08-05,237864270.60000002,ipo,2019-08-05
603613,2019-07-30,532727300.0,ipo,2019-07-30
002966,2019-08-02,2620000005.2400007,ipo,2019-08-02
603279,2019-07-29,549180000.0,ipo,2019-07-29
002957,2019-07-26,619100000.0,ipo,2019-07-26
603983,2019-07-25,842140000.0,ipo,2019-07-25
603687,2019-07-26,367500000.0,ipo,2019-07-26
688388,2019-07-22,1633428000.0,ipo,2019-07-22
688066,2019-07-22,715875000.0,ipo,2019-07-22
688033,2019-07-22,975315600.0,ipo,2019-07-22
688028,2019-07-22,533600000.0,ipo,2019-07-22
688022,2019-07-22,696330000.0,ipo,2019-07-22
688020,2019-07-22,1077600000.0,ipo,2019-07-22
688015,2019-07-22,647200000.0,ipo,2019-07-22
688122,2019-07-22,663000000.0,ipo,2019-07-22
688088,2019-07-22,1328480000.0,ipo,2019-07-22
688029,2019-07-22,1748683000.0,ipo,2019-07-22
688016,2019-07-22,832140000.0,ipo,2019-07-22
300786,2019-07-23,347367000.0,ipo,2019-07-23
688333,2019-07-22,660000000.0,ipo,2019-07-22
688019,2019-07-22,520329353.04999995,ipo,2019-07-22
688018,2019-07-22,1252000000.0,ipo,2019-07-22
688012,2019-07-22,1551635358.24,ipo,2019-07-22
688011,2019-07-22,952250000.0000001,ipo,2019-07-22
688010,2019-07-22,978536000.0,ipo,2019-07-22
688009,2019-07-22,10530000000.0,ipo,2019-07-22
688007,2019-07-22,1190000000.0,ipo,2019-07-22
688005,2019-07-22,1197900000.0,ipo,2019-07-22
603256,2019-07-19,388954000.0,ipo,2019-07-19
688008,2019-07-22,2801938447.2000003,ipo,2019-07-22
603236,2019-07-16,979639000.0,ipo,2019-07-16
688006,2019-07-22,1124630000.0,ipo,2019-07-22
300785,2019-07-15,378933352.28000003,ipo,2019-07-15
300783,2019-07-12,601880000.0,ipo,2019-07-12
688003,2019-07-22,1234200000.0,ipo,2019-07-22
688002,2019-07-22,1200000000.0,ipo,2019-07-22
688001,2019-07-22,972826000.0000001,ipo,2019-07-22
300788,2019-07-05,705937503.15,ipo,2019-07-05
601236,2019-07-05,1259440000.0,ipo,2019-07-05
601698,2019-06-28,1088000000.0,ipo,2019-06-28
603867,2019-06-27,570150000.0,ipo,2019-06-27
600968,2019-06-26,3804812565.96,ipo,2019-06-26
300594,2019-06-21,422751834.0,ipo,2019-06-21
603863,2019-06-21,512166299.99999994,ipo,2019-06-21
603217,2019-06-20,1250889600.0,ipo,2019-06-20
002956,2019-06-19,733199999.9999999,ipo,2019-06-19
603915,2019-06-14,873333000.0,ipo,2019-06-14
300782,2019-06-18,882250000.0,ipo,2019-06-18
300781,2019-06-06,349367418.15000004,ipo,2019-06-06
300780,2019-05-31,424638600.0,ipo,2019-05-31
603327,2019-05-23,430949999.99999994,ipo,2019-05-23
300779,2019-05-22,339750000.0,ipo,2019-05-22
603982,2019-05-22,489499999.99999994,ipo,2019-05-22
300775,2019-05-21,292840500.0,ipo,2019-05-21
002955,2019-05-23,1798187100.0,ipo,2019-05-23
300776,2019-05-17,954292560.0,ipo,2019-05-17
300777,2019-05-16,242460599.99999997,ipo,2019-05-16
603267,2019-05-15,836721599.9999999,ipo,2019-05-15
600989,2019-05-16,8154963199.999999,ipo,2019-05-16
300778,2019-05-10,546600000.0,ipo,2019-05-10
002953,2019-05-09,452570400.0,ipo,2019-05-09
603697,2019-05-08,625665000.0,ipo,2019-05-08
603967,2019-04-29,1021333844.0,ipo,2019-04-29
300772,2019-04-26,479154799.99999994,ipo,2019-04-26
300773,2019-04-25,1331532800.0,ipo,2019-04-25
300771,2019-04-22,756000000.0,ipo,2019-04-22
300770,2019-04-19,1161057000.0,ipo,2019-04-19
603317,2019-04-16,556167200.0,ipo,2019-04-16
300769,2019-04-15,446628200.0,ipo,2019-04-15
603068,2019-04-15,646058293.92,ipo,2019-04-15
300768,2019-04-12,449312300.0,ipo,2019-04-12
603379,2019-04-02,1937165869.2300003,ipo,2019-04-02
002952,2019-03-28,568616400.0,ipo,2019-03-28
603681,2019-03-26,416479010.0,ipo,2019-03-26
300767,2019-03-29,383800000.0,ipo,2019-03-29
300765,2019-03-22,1223500000.0,ipo,2019-03-22
002958,2019-03-26,2200000001.7599998,ipo,2019-03-26
300766,2019-03-25,524508000.0,ipo,2019-03-25
300763,2019-03-19,532800000.0,ipo,2019-03-19
002951,2019-03-15,447300000.0,ipo,2019-03-15
300762,2019-03-14,543100800.0,ipo,2019-03-14
002950,2019-03-11,529439999.99999994,ipo,2019-03-11
600928,2019-03-01,2080000002.6,ipo,2019-03-01
300758,2019-02-22,589361200.0,ipo,2019-02-22
002949,2019-02-26,515305300.0,ipo,2019-02-26
603956,2019-02-22,242797770.0,ipo,2019-02-22
300761,2019-02-18,1211568000.0,ipo,2019-02-18
601865,2019-02-15,300000000.0,ipo,2019-02-15
002947,2019-02-01,568676216.16,ipo,2019-02-01
300755,2019-01-29,971950718.9299998,ipo,2019-01-29
603351,2019-01-30,591667850.0,ipo,2019-01-30
002946,2019-01-25,465272315.15000004,ipo,2019-01-25
300759,2019-01-28,502725800.0,ipo,2019-01-28
601615,2019-01-23,1310525000.0,ipo,2019-01-23
603700,2019-01-22,650066700.0,ipo,2019-01-22
601298,2019-01-21,2094673360.0000002,ipo,2019-01-21
002945,2019-01-17,977400000.0,ipo,2019-01-17
603332,2019-01-17,578048400.0,ipo,2019-01-17
002948,2019-01-16,2038417174.52,ipo,2019-01-16
603739,2019-01-16,394016730.0,ipo,2019-01-16
603121,2019-01-11,530549999.99999994,ipo,2019-01-11
300757,2019-01-08,431200000.0,ipo,2019-01-08
603185,2018-12-28,1074150000.0,ipo,2018-12-28
300756,2018-12-28,538600000.0,ipo,2018-12-28
601860,2019-01-03,1149519111.46,ipo,2019-01-03
603629,2018-12-24,482250000.0,ipo,2018-12-24
300753,2018-12-13,319160000.0,ipo,2018-12-13
002942,2018-12-05,429900000.0,ipo,2018-12-05
300752,2018-11-30,379109811.0,ipo,2018-11-30
002943,2018-11-29,440250000.0,ipo,2018-11-29
603187,2018-11-29,645000000.0,ipo,2018-11-29
002941,2018-11-28,466700000.0,ipo,2018-11-28
603220,2018-11-15,662854000.0,ipo,2018-11-15
601319,2018-11-16,6012000000.0,ipo,2018-11-16
300751,2018-11-09,736840000.0,ipo,2018-11-09
300674,2018-11-07,334483600.0,ipo,2018-11-07
002939,2018-10-26,1958248782.1599998,ipo,2018-10-26
002940,2018-10-23,519075000.0,ipo,2018-10-23
601162,2018-10-19,927220000.0,ipo,2018-10-19
300760,2018-10-16,5934080000.0,ipo,2018-10-16
300694,2018-10-15,532378700.00000006,ipo,2018-10-15
300749,2018-09-25,348270000.0,ipo,2018-09-25
601577,2018-09-26,2733821454.2400007,ipo,2018-09-26
002937,2018-09-26,457240000.0,ipo,2018-09-26
603583,2018-09-21,880934000.0,ipo,2018-09-21
002936,2018-09-19,2754000000.0,ipo,2018-09-19
603810,2018-09-17,508600000.0,ipo,2018-09-17
300748,2018-09-21,224224000.0,ipo,2018-09-21
002938,2018-09-18,3714469327.7400002,ipo,2018-09-18
603790,2018-09-12,404064000.0,ipo,2018-09-12
603297,2018-09-10,543270000.0,ipo,2018-09-10
002935,2018-09-03,516864600.0,ipo,2018-09-03
601068,2018-08-31,1020878001.1500001,ipo,2018-08-31
603192,2018-08-28,522666673.2000001,ipo,2018-08-28
002933,2018-08-28,658907500.0,ipo,2018-08-28
603590,2018-08-27,973600000.0,ipo,2018-08-27
300724,2018-08-10,1132800000.0,ipo,2018-08-10
601606,2018-08-06,492840000.0,ipo,2018-08-06
603657,2018-07-30,443040000.0,ipo,2018-07-30
601869,2018-07-20,2024364522.1000001,ipo,2018-07-20
603713,2018-07-13,429612400.0,ipo,2018-07-13
002932,2018-07-10,340416569.15,ipo,2018-07-10
603706,2018-07-09,523600000.0,ipo,2018-07-09
603105,2018-07-09,425040000.0,ipo,2018-07-09
603693,2018-07-03,1062000000.0,ipo,2018-07-03
603650,2018-06-27,724416000.0,ipo,2018-06-27
300747,2018-06-25,1219520000.0,ipo,2018-06-25
603587,2018-06-22,1678720000.0,ipo,2018-06-22
601066,2018-06-20,2168000000.0,ipo,2018-06-20
601990,2018-06-13,1042325800.0,ipo,2018-06-13
603666,2018-06-12,604562794.0,ipo,2018-06-12
601330,2018-06-11,382298000.0,ipo,2018-06-11
300750,2018-06-11,5461507447.62,ipo,2018-06-11
601138,2018-06-08,27120428416.71,ipo,2018-06-08
603486,2018-05-28,802802000.0,ipo,2018-05-28
300746,2018-05-25,295612000.0,ipo,2018-05-25
300745,2018-05-23,333539500.0,ipo,2018-05-23
603045,2018-05-17,237197000.0,ipo,2018-05-17
300454,2018-05-16,1203100700.0,ipo,2018-05-16
603013,2018-05-09,700200000.0,ipo,2018-05-09
603259,2018-05-08,2250688809.6000004,ipo,2018-05-08
603596,2018-04-27,616986000.0,ipo,2018-04-27
603348,2018-04-26,839300000.0,ipo,2018-04-26
603733,2018-04-20,842580000.0,ipo,2018-04-20
603876,2018-04-18,880100000.0,ipo,2018-04-18
603773,2018-04-17,789163425.93,ipo,2018-04-17
300743,2018-04-27,242550000.0,ipo,2018-04-27
603301,2018-04-12,495500000.0,ipo,2018-04-12
603897,2018-04-10,787636000.0,ipo,2018-04-10
002931,2018-04-03,274639200.0,ipo,2018-04-03
603214,2018-03-30,498750000.0,ipo,2018-03-30
300504,2018-03-30,873087120.0,ipo,2018-03-30
600929,2018-03-26,556500000.0,ipo,2018-03-26
300634,2018-03-23,286871700.0,ipo,2018-03-23
002930,2018-03-28,518879899.99999994,ipo,2018-03-28
002928,2018-03-02,835920000.0,ipo,2018-03-02
300741,2018-03-01,2377374000.0,ipo,2018-03-01
002929,2018-03-01,1321719070.0,ipo,2018-03-01
603059,2018-03-02,481400000.0,ipo,2018-03-02
603680,2018-02-27,1372980000.0,ipo,2018-02-27
603712,2018-02-26,455000000.0,ipo,2018-02-26
600901,2018-03-01,3999998125.0,ipo,2018-03-01
002927,2018-02-23,346591000.0,ipo,2018-02-23
603156,2018-02-12,4236067650.0,ipo,2018-02-12
300740,2018-02-08,849200000.0,ipo,2018-02-08
603709,2018-02-08,397200000.0,ipo,2018-02-08
300644,2018-02-06,288480000.0,ipo,2018-02-06
603871,2018-02-06,837800000.0,ipo,2018-02-06
002926,2018-02-05,4966500000.0,ipo,2018-02-05
603516,2018-02-02,459314788.0,ipo,2018-02-02
603506,2018-02-01,322420637.5,ipo,2018-02-01
300739,2018-02-01,686840000.0,ipo,2018-02-01
601838,2018-01-31,2524963686.6600003,ipo,2018-01-31
300737,2018-01-25,1519032670.0,ipo,2018-01-25
603356,2018-01-24,340401400.0,ipo,2018-01-24
603895,2018-01-22,353768999.99999994,ipo,2018-01-22
300738,2018-01-19,296208000.0,ipo,2018-01-19
300624,2018-01-18,331000000.0,ipo,2018-01-18
300733,2018-01-16,516000000.0,ipo,2018-01-16
002925,2018-01-15,1687500000.0,ipo,2018-01-15
601828,2018-01-17,3222450000.0,ipo,2018-01-17
300736,2018-01-09,260410696.0,ipo,2018-01-09
603161,2018-01-05,559450000.0,ipo,2018-01-05
300664,2018-01-05,710400000.0000001,ipo,2018-01-05
002923,2018-01-05,425250000.00000006,ipo,2018-01-05
603080,2018-01-03,482800000.0,ipo,2018-01-03
603329,2017-12-29,347820000.0,ipo,2017-12-29
002922,2017-12-29,409530000.0,ipo,2017-12-29
603655,2017-12-29,171190000.0,ipo,2017-12-29
300735,2017-12-29,885913200.0,ipo,2017-12-29
002921,2017-12-27,231000000.0,ipo,2017-12-27
300684,2017-12-27,173760000.0,ipo,2017-12-27
002920,2017-12-26,2042000000.0000002,ipo,2017-12-26
603283,2017-12-25,276000000.0,ipo,2017-12-25
002919,2017-12-18,255721600.0,ipo,2017-12-18
002918,2017-12-19,1233764700.0,ipo,2017-12-19
603477,2017-12-18,334800000.0,ipo,2017-12-18
600025,2017-12-15,3906000000.0,ipo,2017-12-15
603890,2017-12-12,812410000.0,ipo,2017-12-12
300732,2017-12-12,745560000.0,ipo,2017-12-12
002916,2017-12-13,1351000000.0,ipo,2017-12-13
300731,2017-12-08,291280000.0,ipo,2017-12-08
002917,2017-12-08,329062800.0,ipo,2017-12-08
300730,2017-12-05,194286400.0,ipo,2017-12-05
002915,2017-12-05,180040000.0,ipo,2017-12-05
603917,2017-12-04,398160000.0,ipo,2017-12-04
300729,2017-12-01,345290000.0,ipo,2017-12-01
002913,2017-12-01,1094074940.0,ipo,2017-12-01
603848,2017-12-01,323490000.0,ipo,2017-12-01
603711,2017-11-30,567341800.0,ipo,2017-11-30
603809,2017-11-28,597141300.0,ipo,2017-11-28
603685,2017-11-27,526000000.0,ipo,2017-11-27
300727,2017-11-27,203496000.0,ipo,2017-11-27
300726,2017-11-21,447516000.0,ipo,2017-11-21
603661,2017-11-21,1422000000.0,ipo,2017-11-21
002912,2017-11-21,504674000.0,ipo,2017-11-21
002911,2017-11-22,780640000.0,ipo,2017-11-22
603365,2017-11-20,1066720000.0,ipo,2017-11-20
601019,2017-11-22,2711704000.0,ipo,2017-11-22
603970,2017-11-16,415667498.0,ipo,2017-11-16
600933,2017-11-17,1522022400.0,ipo,2017-11-17
300723,2017-11-16,682000000.0,ipo,2017-11-16
603605,2017-11-15,767000000.0,ipo,2017-11-15
300721,2017-11-15,335035500.0,ipo,2017-11-15
002864,2017-11-16,217350100.0,ipo,2017-11-16
603278,2017-11-13,796120000.0,ipo,2017-11-13
603076,2017-11-13,367591500.0,ipo,2017-11-13
300725,2017-11-10,207533340.88,ipo,2017-11-10
603916,2017-11-10,685520000.0,ipo,2017-11-10
603083,2017-11-10,368241729.45,ipo,2017-11-10
300722,2017-11-10,179800000.0,ipo,2017-11-10
300719,2017-11-09,511980000.0,ipo,2017-11-09
300716,2017-11-09,323895200.0,ipo,2017-11-09
600903,2017-11-07,269505955.15999997,ipo,2017-11-07
300720,2017-11-06,211320000.0,ipo,2017-11-06
300717,2017-11-06,227840000.0,ipo,2017-11-06
603856,2017-11-06,537203700.0,ipo,2017-11-06
603507,2017-11-06,824457375.0,ipo,2017-11-06
300718,2017-11-06,463999999.99999994,ipo,2017-11-06
603659,2017-11-03,1053008937.0000001,ipo,2017-11-03
603937,2017-11-02,500789800.0,ipo,2017-11-02
603912,2017-11-01,319680000.0,ipo,2017-11-01
300711,2017-11-01,301435000.0,ipo,2017-11-01
603289,2017-10-31,399330000.0,ipo,2017-10-31
300713,2017-11-01,535101562.5,ipo,2017-11-01
300712,2017-10-31,413936400.0,ipo,2017-10-31
603260,2017-10-30,1366400000.0,ipo,2017-10-30
002910,2017-10-31,349426400.0,ipo,2017-10-31
603722,2017-10-25,243908000.0,ipo,2017-10-25
603607,2017-10-25,365391200.0,ipo,2017-10-25
002909,2017-10-26,224100000.0,ipo,2017-10-26
601108,2017-10-24,4085420000.0000005,ipo,2017-10-24
300715,2017-10-26,225000000.0,ipo,2017-10-26
603922,2017-10-23,561280000.0,ipo,2017-10-23
002907,2017-10-20,181471800.0,ipo,2017-10-20
603683,2017-10-20,295797800.0,ipo,2017-10-20
603466,2017-10-20,596160000.0,ipo,2017-10-20
002908,2017-10-20,252717200.0,ipo,2017-10-20
603396,2017-10-18,367788300.0,ipo,2017-10-18
300710,2017-10-19,258125000.0,ipo,2017-10-19
300709,2017-10-19,851400000.0000001,ipo,2017-10-19
603829,2017-10-17,289200000.0,ipo,2017-10-17
300708,2017-10-16,181410600.0,ipo,2017-10-16
002905,2017-10-16,881160000.0,ipo,2017-10-16
603499,2017-10-16,231000000.0,ipo,2017-10-16
002906,2017-10-13,1000739000.0,ipo,2017-10-13
603110,2017-10-13,334693768.0,ipo,2017-10-13
002903,2017-10-13,319500000.0,ipo,2017-10-13
603103,2017-10-12,818850000.0,ipo,2017-10-12
300707,2017-10-10,296518500.0,ipo,2017-10-10
300705,2017-10-10,304255800.0,ipo,2017-10-10
601086,2017-09-29,505600000.0,ipo,2017-09-29
002902,2017-09-29,494550000.0,ipo,2017-09-29
603378,2017-09-28,634060000.0,ipo,2017-09-28
603367,2017-09-29,1166000000.0,ipo,2017-09-29
603136,2017-09-27,393600000.0,ipo,2017-09-27
300706,2017-09-26,195412000.0,ipo,2017-09-26
603363,2017-09-26,287400000.0,ipo,2017-09-26
300654,2017-09-26,180028500.0,ipo,2017-09-26
002901,2017-09-22,463556000.0,ipo,2017-09-22
002900,2017-09-22,953494269.0,ipo,2017-09-22
603055,2017-09-21,622596000.0,ipo,2017-09-21
603106,2017-09-20,752500000.0,ipo,2017-09-20
300703,2017-09-19,396599999.99999994,ipo,2017-09-19
603533,2017-09-21,166050000.0,ipo,2017-09-21
300702,2017-09-19,672300000.0,ipo,2017-09-19
603813,2017-09-18,224451900.0,ipo,2017-09-18
603321,2017-09-15,467390000.0,ipo,2017-09-15
002893,2017-09-15,256800000.00000003,ipo,2017-09-15
002899,2017-09-15,481500000.0,ipo,2017-09-15
300701,2017-09-15,262800000.0,ipo,2017-09-15
603648,2017-09-13,679268579.0,ipo,2017-09-13
603386,2017-09-12,314615000.0,ipo,2017-09-12
300700,2017-09-12,216094000.0,ipo,2017-09-12
603277,2017-09-11,816420000.0,ipo,2017-09-11
603882,2017-09-08,475952400.0,ipo,2017-09-08
002897,2017-09-07,551535600.0,ipo,2017-09-07
300695,2017-09-08,1045191459.0,ipo,2017-09-08
603725,2017-09-06,353595200.0,ipo,2017-09-06
603527,2017-09-07,412697000.0,ipo,2017-09-07
603183,2017-09-05,298320000.0,ipo,2017-09-05
300697,2017-09-07,305200000.0,ipo,2017-09-07
603500,2017-09-04,414855000.0,ipo,2017-09-04
300699,2017-09-01,1035920000.0,ipo,2017-09-01
603359,2017-09-01,1034442000.0,ipo,2017-09-01
300698,2017-08-31,201000000.0,ipo,2017-08-31
002896,2017-08-29,235000000.0,ipo,2017-08-29
002895,2017-08-25,281270300.0,ipo,2017-08-25
603127,2017-08-25,256455000.0,ipo,2017-08-25
603181,2017-08-24,518000000.0,ipo,2017-08-24
603079,2017-08-23,301800000.0,ipo,2017-08-23
300696,2017-08-22,386055000.0,ipo,2017-08-22
603976,2017-08-22,386640000.0,ipo,2017-08-22
300693,2017-08-22,328920200.0,ipo,2017-08-22
002891,2017-08-21,386500000.0,ipo,2017-08-21
601949,2017-08-21,1217430000.0,ipo,2017-08-21
300692,2017-08-21,234162599.99999997,ipo,2017-08-21
603557,2017-08-18,363310000.0,ipo,2017-08-18
603129,2017-08-18,454334242.0,ipo,2017-08-18
002892,2017-08-17,367004000.0,ipo,2017-08-17
603776,2017-08-17,644400000.0,ipo,2017-08-17
601326,2017-08-16,1305720000.0,ipo,2017-08-16
603619,2017-11-17,904402261.0,ipo,2017-11-17
300691,2017-08-11,341544000.0,ipo,2017-08-11
603721,2017-08-11,176250000.0,ipo,2017-08-11
300689,2017-08-09,244630000.0,ipo,2017-08-09
300688,2017-08-10,182750000.0,ipo,2017-08-10
603458,2017-08-09,911271775.12,ipo,2017-08-09
300690,2017-08-08,556960800.0,ipo,2017-08-08
603602,2017-08-10,303600000.0,ipo,2017-08-10
603535,2017-08-08,570392000.0,ipo,2017-08-08
300683,2017-08-08,851128754.4000001,ipo,2017-08-08
603978,2017-08-07,598600000.0,ipo,2017-08-07
603880,2017-08-07,293000000.0,ipo,2017-08-07
300686,2017-08-04,293907000.0,ipo,2017-08-04
300687,2017-08-03,442800000.0,ipo,2017-08-03
300685,2017-08-02,277200000.0,ipo,2017-08-02
002890,2017-08-02,212709200.0,ipo,2017-08-02
603860,2017-08-02,260541600.0,ipo,2017-08-02
603825,2017-08-02,586800000.0,ipo,2017-08-02
603357,2017-08-01,847728000.0,ipo,2017-08-01
300682,2017-08-01,247950000.0,ipo,2017-08-01
002887,2017-08-01,840200000.0,ipo,2017-08-01
603233,2017-07-31,989047200.0,ipo,2017-07-31
300679,2017-07-31,2031600000.0,ipo,2017-07-31
603730,2017-07-28,1196160000.0,ipo,2017-07-28
603063,2017-07-28,801600000.0,ipo,2017-07-28
002889,2017-07-31,446818200.0,ipo,2017-07-31
300681,2017-07-25,329994000.0,ipo,2017-07-25
300680,2017-07-25,147560000.0,ipo,2017-07-25
300678,2017-07-28,196250000.0,ipo,2017-07-28
300677,2017-07-21,495677372.53000003,ipo,2017-07-21
002888,2017-07-21,186396600.0,ipo,2017-07-21
603676,2017-07-21,348390000.0,ipo,2017-07-21
601619,2017-07-20,244077549.66,ipo,2017-07-20
603707,2017-07-19,457835000.0,ipo,2017-07-19
603612,2017-07-18,474376000.0,ipo,2017-07-18
603387,2017-07-17,734250000.0,ipo,2017-07-17
300676,2017-07-14,546964000.0,ipo,2017-07-14
300675,2017-07-19,134200122.0,ipo,2017-07-19
603595,2017-07-12,325250000.0,ipo,2017-07-12
300673,2017-07-11,446800000.0,ipo,2017-07-11
603757,2017-07-11,470820000.00000006,ipo,2017-07-11
002884,2017-07-11,563860700.0,ipo,2017-07-11
603305,2017-07-10,468416000.0,ipo,2017-07-10
300672,2017-07-12,236941096.16000003,ipo,2017-07-12
603933,2017-07-06,518534000.0,ipo,2017-07-06
603331,2017-07-05,306362079.0,ipo,2017-07-05
300671,2017-07-05,205588500.0,ipo,2017-07-05
300670,2017-07-03,295110000.0,ipo,2017-07-03
603617,2017-07-03,223250000.0,ipo,2017-07-03
603801,2017-06-30,938800000.0,ipo,2017-06-30
300669,2017-06-29,231550000.0,ipo,2017-06-29
603938,2017-06-28,362045624.0,ipo,2017-06-28
603286,2017-06-27,174610670.0,ipo,2017-06-27
603043,2017-06-27,659000000.0,ipo,2017-06-27
002885,2017-06-27,310600000.0,ipo,2017-06-27
002886,2017-06-27,259609920.0,ipo,2017-06-27
601878,2017-06-26,2816667229.999999,ipo,2017-06-26
002882,2017-07-17,496000000.0,ipo,2017-07-17
603380,2017-06-22,427200000.0,ipo,2017-06-22
603679,2017-06-21,236000000.0,ipo,2017-06-21
603335,2017-06-20,229290800.0,ipo,2017-06-20
002881,2017-06-22,238963200.00000003,ipo,2017-06-22
002883,2017-06-20,208935945.0,ipo,2017-06-20
603316,2017-06-19,346592400.0,ipo,2017-06-19
300667,2017-06-19,182750000.0,ipo,2017-06-19
300668,2017-06-19,221333600.00000003,ipo,2017-06-19
603980,2017-06-15,1720000000.0,ipo,2017-06-15
603226,2017-06-15,380525200.0,ipo,2017-06-15
300666,2017-06-15,253761599.99999997,ipo,2017-06-15
603879,2017-06-14,243000000.0,ipo,2017-06-14
002880,2017-06-16,677970000.0,ipo,2017-06-16
603767,2017-06-13,596762700.0,ipo,2017-06-13
603536,2017-06-13,228900000.0,ipo,2017-06-13
002879,2017-07-07,630700000.0,ipo,2017-07-07
300665,2017-06-13,192470000.0,ipo,2017-06-13
300663,2017-06-08,238892200.0,ipo,2017-06-08
300662,2017-06-08,294750000.0,ipo,2017-06-08
603496,2017-06-07,353500000.0,ipo,2017-06-07
002877,2017-06-05,256704000.0,ipo,2017-06-05
300661,2017-06-06,447300000.0,ipo,2017-06-06
603042,2017-06-02,382840000.0,ipo,2017-06-02
300660,2017-06-02,1268301300.0,ipo,2017-06-02
002878,2017-06-06,272803200.0,ipo,2017-06-06
603326,2017-06-16,394799999.99999994,ipo,2017-06-16
603200,2017-06-01,319760500.0,ipo,2017-06-01
002875,2017-06-01,426750000.0,ipo,2017-06-01
603196,2017-05-31,424800000.0,ipo,2017-05-31
300659,2017-05-26,262140000.0,ipo,2017-05-26
300658,2017-06-02,485250000.0,ipo,2017-06-02
002876,2017-05-25,382400000.0,ipo,2017-05-25
603580,2017-05-25,163532700.0,ipo,2017-05-25
603855,2017-05-24,628224300.0,ipo,2017-05-24
300657,2017-05-23,202020000.0,ipo,2017-05-23
300655,2017-05-23,152672500.0,ipo,2017-05-23
603383,2017-05-22,401002500.0,ipo,2017-05-22
002872,2017-05-19,1185610000.0,ipo,2017-05-19
603197,2017-05-19,669633600.0,ipo,2017-05-19
300656,2017-05-19,234000000.0,ipo,2017-05-19
002873,2017-05-19,317020200.0,ipo,2017-05-19
603758,2017-05-17,648000000.0,ipo,2017-05-17
603269,2017-05-17,200341200.0,ipo,2017-05-17
300652,2017-05-16,349360000.0,ipo,2017-05-16
603488,2017-05-16,398840000.0,ipo,2017-05-16
002870,2017-05-15,565574800.0,ipo,2017-05-15
601952,2017-05-15,2423200000.0,ipo,2017-05-15
300653,2017-05-16,234400000.0,ipo,2017-05-16
603180,2017-05-12,473450000.0,ipo,2017-05-12
002871,2017-05-11,261630000.0,ipo,2017-05-11
002869,2017-05-15,643536000.0,ipo,2017-05-15
603113,2017-05-11,1033500999.9999999,ipo,2017-05-11
603086,2017-05-11,352800000.0,ipo,2017-05-11
603926,2017-05-10,612000000.0,ipo,2017-05-10
603896,2017-05-10,403323000.0,ipo,2017-05-10
603728,2017-05-09,898400000.0,ipo,2017-05-09
603229,2017-05-09,312400000.0,ipo,2017-05-09
603985,2017-05-05,539400000.0,ipo,2017-05-05
300651,2017-05-09,259576914.00000003,ipo,2017-05-09
300649,2017-05-05,144640000.0,ipo,2017-05-05
603501,2017-05-04,292032000.0,ipo,2017-05-04
300650,2017-05-03,220228650.0,ipo,2017-05-03
300643,2017-05-05,215000000.0,ipo,2017-05-05
603505,2017-05-03,224400000.0,ipo,2017-05-03
300647,2017-05-03,268800000.0,ipo,2017-05-03
002868,2017-05-03,456000000.0,ipo,2017-05-03
603320,2017-05-02,248250000.0,ipo,2017-05-02
002867,2017-04-27,1530852000.0000002,ipo,2017-04-27
603787,2017-04-27,310590000.0,ipo,2017-04-27
300514,2017-04-26,211500000.00000003,ipo,2017-04-26
002866,2017-04-26,481149780.0,ipo,2017-04-26
603920,2017-04-26,1339104000.0,ipo,2017-04-26
603096,2017-04-25,718908000.0,ipo,2017-04-25
002865,2017-04-25,271500000.0,ipo,2017-04-25
300648,2017-04-25,267580000.0,ipo,2017-04-25
300645,2017-04-21,205833337.45,ipo,2017-04-21
300642,2017-04-21,541500000.0,ipo,2017-04-21
603232,2017-04-21,276025000.0,ipo,2017-04-21
300554,2017-04-21,194870000.0,ipo,2017-04-21
603139,2017-04-21,363812900.0,ipo,2017-04-21
603081,2017-04-20,539756000.0,ipo,2017-04-20
603803,2017-04-20,779296000.0,ipo,2017-04-20
603225,2017-04-18,2062364000.0,ipo,2017-04-18
300641,2017-04-18,772560000.0,ipo,2017-04-18
002863,2017-04-18,304140000.0,ipo,2017-04-18
300640,2017-04-17,188200000.0,ipo,2017-04-17
300604,2017-04-17,189357000.0,ipo,2017-04-17
603826,2017-04-14,611100000.0,ipo,2017-04-14
603050,2017-04-14,343068600.0,ipo,2017-04-14
002861,2017-04-13,529230000.0,ipo,2017-04-13
603797,2017-04-13,317906400.0,ipo,2017-04-13
300639,2017-04-12,413775000.0,ipo,2017-04-12
300637,2017-04-12,300600000.0,ipo,2017-04-12
601366,2017-04-12,1552320000.0,ipo,2017-04-12
002862,2017-04-11,223400000.0,ipo,2017-04-11
002860,2017-04-12,376284412.7,ipo,2017-04-12
603078,2017-04-10,362700000.0,ipo,2017-04-10
300638,2017-04-13,209000000.0,ipo,2017-04-13
603538,2017-04-07,420900000.0,ipo,2017-04-07
300633,2017-04-06,209252300.00000003,ipo,2017-04-06
300632,2017-04-06,213940500.0,ipo,2017-04-06
603906,2017-04-10,495040000.0,ipo,2017-04-10
603586,2017-04-06,1121925000.0,ipo,2017-04-06
300635,2017-03-31,262668000.0,ipo,2017-03-31
603385,2017-04-05,942700800.0,ipo,2017-04-05
002859,2017-04-07,762497400.0,ipo,2017-04-07
300636,2017-03-31,289400000.0,ipo,2017-03-31
603303,2017-03-30,1117800000.0,ipo,2017-03-30
603041,2017-03-30,323000000.0,ipo,2017-03-30
601228,2017-03-29,1599977200.0,ipo,2017-03-29
603833,2017-03-28,2078820800.0,ipo,2017-03-28
603178,2017-03-28,376500000.0,ipo,2017-03-28
603717,2017-03-27,631692677.0,ipo,2017-03-27
002858,2017-03-24,168586000.0,ipo,2017-03-24
002774,2017-03-24,510570000.0,ipo,2017-03-24
603768,2017-03-24,832320000.0,ipo,2017-03-24
300631,2017-03-23,192717000.0,ipo,2017-03-23
300629,2017-03-24,138000276.0,ipo,2017-03-24
300627,2017-03-21,380546000.0,ipo,2017-03-21
002857,2017-03-23,205200000.0,ipo,2017-03-23
603656,2017-03-21,416070900.0,ipo,2017-03-21
300626,2017-03-20,187500000.0,ipo,2017-03-20
002856,2017-03-20,294197400.0,ipo,2017-03-20
002855,2017-03-21,392400000.0,ipo,2017-03-21
603517,2017-03-17,804500000.0,ipo,2017-03-17
603179,2017-03-17,558298500.0,ipo,2017-03-17
300625,2017-03-17,1351000000.0,ipo,2017-03-17
300628,2017-03-17,1655468900.0,ipo,2017-03-17
603811,2017-03-15,335688000.0,ipo,2017-03-15
300623,2017-03-14,652068000.0,ipo,2017-03-14
300621,2017-03-16,292400000.0,ipo,2017-03-16
603960,2017-03-14,190200000.0,ipo,2017-03-14
603903,2017-03-14,253021860.00000003,ipo,2017-03-14
300622,2017-03-15,210853500.0,ipo,2017-03-15
603665,2017-03-13,534999999.99999994,ipo,2017-03-13
603630,2017-03-13,801804000.0,ipo,2017-03-13
300620,2017-03-10,251460000.0,ipo,2017-03-10
603955,2017-03-10,331905000.0,ipo,2017-03-10
002852,2017-03-10,1182500000.0,ipo,2017-03-10
603991,2017-03-08,198407000.0,ipo,2017-03-08
002853,2017-03-10,484068000.0,ipo,2017-03-10
603908,2017-03-07,273215300.0,ipo,2017-03-07
300618,2017-03-06,373500000.0,ipo,2017-03-06
300616,2017-03-07,1467450000.0,ipo,2017-03-07
603578,2017-03-06,269720000.0,ipo,2017-03-06
603138,2017-03-06,204795000.0,ipo,2017-03-06
002851,2017-03-06,541565000.0,ipo,2017-03-06
002850,2017-03-02,1319500000.0,ipo,2017-03-02
300619,2017-03-01,205106400.0,ipo,2017-03-01
300617,2017-02-28,406414600.0,ipo,2017-02-28
603345,2017-02-22,600591200.0,ipo,2017-02-22
603238,2017-02-22,399300000.0,ipo,2017-02-22
600939,2017-02-21,566280000.0,ipo,2017-02-21
300611,2017-02-20,267768900.0,ipo,2017-02-20
603817,2017-02-20,454500000.0,ipo,2017-02-20
300613,2017-02-20,618243860.0,ipo,2017-02-20
002849,2017-02-17,261733736.0,ipo,2017-02-17
601212,2017-02-15,1242440000.0,ipo,2017-02-15
300615,2017-02-15,287400000.0,ipo,2017-02-15
300612,2017-02-15,290520000.0,ipo,2017-02-15
300609,2017-02-15,202999999.99999997,ipo,2017-02-15
002848,2017-02-13,263757999.99999997,ipo,2017-02-13
603615,2017-02-13,502199999.99999994,ipo,2017-02-13
603330,2017-02-13,272850000.0,ipo,2017-02-13
300610,2017-02-13,264250000.0,ipo,2017-02-13
603839,2017-02-14,1195742800.0,ipo,2017-02-14
603208,2017-02-10,501814299.99999994,ipo,2017-02-10
300608,2017-02-13,272376800.0,ipo,2017-02-13
603626,2017-02-09,992767295.0000001,ipo,2017-02-09
603040,2017-02-09,246600000.00000003,ipo,2017-02-09
300607,2017-02-09,339568800.0,ipo,2017-02-09
603637,2017-02-08,354487518.0,ipo,2017-02-08
300605,2017-02-08,197400000.0,ipo,2017-02-08
300601,2017-02-07,138180000.0,ipo,2017-02-07
603177,2017-02-07,181800000.0,ipo,2017-02-07
002847,2017-02-08,283340000.0,ipo,2017-02-08
002846,2017-02-07,249900000.0,ipo,2017-02-07
603677,2017-02-06,422600000.0,ipo,2017-02-06
603360,2017-02-06,308061600.0,ipo,2017-02-06
300606,2017-02-08,186428000.0,ipo,2017-02-08
603881,2017-02-08,410670000.0,ipo,2017-02-08
300603,2017-01-26,116935000.0,ipo,2017-01-26
300602,2017-01-26,370500000.0,ipo,2017-01-26
603089,2017-01-26,310172100.0,ipo,2017-01-26
300600,2017-01-25,343250000.0,ipo,2017-01-25
300578,2017-01-25,174600000.0,ipo,2017-01-25
603966,2017-01-25,292800000.0,ipo,2017-01-25
603358,2017-01-25,1247200000.0,ipo,2017-01-25
002845,2017-01-25,383760000.0,ipo,2017-01-25
603429,2017-01-24,255000000.0,ipo,2017-01-24
300597,2017-01-23,331800000.0,ipo,2017-01-23
002839,2017-01-24,789921200.0,ipo,2017-01-24
601881,2017-01-23,4086000000.0,ipo,2017-01-23
300599,2017-01-23,535040000.0,ipo,2017-01-23
300598,2017-01-20,174600000.0,ipo,2017-01-20
603638,2017-01-20,289520000.0,ipo,2017-01-20
603037,2017-01-20,320200000.00000006,ipo,2017-01-20
002843,2017-01-20,212800000.0,ipo,2017-01-20
603337,2017-01-19,915592400.0,ipo,2017-01-19
300592,2017-01-20,159426000.0,ipo,2017-01-20
002841,2017-01-19,771930000.0,ipo,2017-01-19
601858,2017-01-18,892620000.0,ipo,2017-01-18
300596,2017-01-19,338700000.0,ipo,2017-01-19
300595,2017-01-17,404770000.0,ipo,2017-01-17
603668,2017-01-17,329130000.0,ipo,2017-01-17
603165,2017-01-17,330739200.0,ipo,2017-01-17
002842,2017-01-19,285500000.0,ipo,2017-01-19
603038,2017-01-16,388442000.0,ipo,2017-01-16
300593,2017-01-13,188651700.0,ipo,2017-01-13
300589,2017-01-13,137387800.0,ipo,2017-01-13
603690,2017-01-13,89960000.0,ipo,2017-01-13
603039,2017-01-13,248383000.0,ipo,2017-01-13
002824,2017-01-12,294000000.0,ipo,2017-01-12
603639,2017-01-12,748500000.0,ipo,2017-01-12
300584,2017-01-12,222200000.0,ipo,2017-01-12
300580,2017-01-11,479500000.0,ipo,2017-01-11
603628,2017-01-12,381266500.0,ipo,2017-01-12
603579,2017-01-11,781549999.9999999,ipo,2017-01-11
300590,2017-01-11,569600000.0,ipo,2017-01-11
603689,2017-01-10,661080000.0,ipo,2017-01-10
603266,2017-01-10,365750000.0,ipo,2017-01-10
300591,2017-01-10,184200000.0,ipo,2017-01-10
603877,2017-01-09,1171500000.0,ipo,2017-01-09
300583,2017-01-06,1074400013.43,ipo,2017-01-06
002840,2017-01-10,292566885.0,ipo,2017-01-10
603228,2017-01-06,1111680000.0,ipo,2017-01-06
300587,2017-01-05,366860000.0,ipo,2017-01-05
002838,2017-01-06,320880000.0,ipo,2017-01-06
603035,2017-01-05,730800000.0,ipo,2017-01-05
603032,2017-01-05,193705400.0,ipo,2017-01-05
300588,2017-01-05,123500000.00000001,ipo,2017-01-05
603444,2017-01-04,961200000.0,ipo,2017-01-04
603186,2017-01-03,173719500.0,ipo,2017-01-03
300586,2017-01-04,223200000.00000003,ipo,2017-01-04
603239,2016-12-30,492710400.0,ipo,2016-12-30
002836,2016-12-29,161800000.0,ipo,2016-12-29
603929,2016-12-30,263598400.00000003,ipo,2016-12-30
300585,2016-12-29,197200000.0,ipo,2016-12-29
603218,2016-12-28,979900000.0,ipo,2016-12-28
002837,2016-12-29,360000000.0,ipo,2016-12-29
002833,2016-12-28,337269600.0,ipo,2016-12-28
601375,2017-01-03,2800000000.0,ipo,2017-01-03
300582,2016-12-28,490050000.0,ipo,2016-12-28
603886,2016-12-28,609600000.0,ipo,2016-12-28
002835,2016-12-28,333180000.0,ipo,2016-12-28
603298,2016-12-27,1097982200.0,ipo,2016-12-27
002832,2016-12-23,697953900.0,ipo,2016-12-23
600996,2016-12-26,1873200000.0,ipo,2016-12-26
603058,2016-12-23,200681600.0,ipo,2016-12-23
300579,2016-12-23,266400000.0,ipo,2016-12-23
603577,2016-12-22,323898000.0,ipo,2016-12-22
300581,2016-12-20,273799000.0,ipo,2016-12-20
603416,2016-12-21,448035000.00000006,ipo,2016-12-21
300577,2016-12-21,326398600.0,ipo,2016-12-21
603823,2016-12-20,596250000.0,ipo,2016-12-20
300576,2016-12-20,164800000.0,ipo,2016-12-20
603878,2016-12-19,750935000.0,ipo,2016-12-19
300575,2016-12-20,409021500.0,ipo,2016-12-20
603389,2016-12-15,426498605.0,ipo,2016-12-15
002831,2016-12-16,1471167700.0000002,ipo,2016-12-16
603585,2016-12-14,669750000.0,ipo,2016-12-14
002829,2016-12-13,335350000.0,ipo,2016-12-13
603098,2016-12-16,573841800.0,ipo,2016-12-16
002830,2016-12-13,275555100.0,ipo,2016-12-13
603708,2016-12-13,1227600000.0,ipo,2016-12-13
300571,2016-12-13,120399999.99999999,ipo,2016-12-13
603928,2016-12-12,510047999.99999994,ipo,2016-12-12
300573,2016-12-08,103200000.0,ipo,2016-12-08
603036,2016-12-09,347745600.0,ipo,2016-12-09
002828,2016-12-08,352186000.0,ipo,2016-12-08
603990,2016-12-08,193800000.0,ipo,2016-12-08
002827,2016-12-09,378580000.0,ipo,2016-12-09
603033,2016-12-07,398385000.0,ipo,2016-12-07
300570,2016-12-06,657726960.0,ipo,2016-12-06
600909,2016-12-06,5128000000.0,ipo,2016-12-06
300572,2016-12-06,229879300.0,ipo,2016-12-06
002826,2016-12-09,287425800.0,ipo,2016-12-09
603319,2016-11-30,211605800.00000003,ipo,2016-11-30
300568,2016-12-01,649500000.0,ipo,2016-12-01
603559,2016-12-02,227480000.0,ipo,2016-12-02
002825,2016-11-29,254250000.0,ipo,2016-11-29
603660,2016-12-01,501874999.99999994,ipo,2016-12-01
002822,2016-11-29,767250000.0,ipo,2016-11-29
603323,2016-11-29,761545000.0,ipo,2016-11-29
300569,2016-11-25,866318800.0,ipo,2016-11-25
603819,2016-11-25,263100000.0,ipo,2016-11-25
002823,2016-11-24,494280000.0,ipo,2016-11-24
603336,2016-11-24,310488500.0,ipo,2016-11-24
603900,2016-11-23,866384325.0,ipo,2016-11-23
300567,2016-11-22,398400000.00000006,ipo,2016-11-22
603727,2016-11-22,1221547000.0,ipo,2016-11-22
300565,2016-11-22,351200000.0,ipo,2016-11-22
603987,2016-11-21,499700000.0,ipo,2016-11-21
002821,2016-11-18,861430663.75,ipo,2016-11-18
603858,2016-11-18,3900424000.0,ipo,2016-11-18
002820,2016-11-18,531200000.00000006,ipo,2016-11-18
603633,2016-11-17,203107500.0,ipo,2016-11-17
300562,2016-11-16,231324000.0,ipo,2016-11-16
300561,2016-11-17,365540000.0,ipo,2016-11-17
300566,2016-11-15,297306000.0,ipo,2016-11-15
601229,2016-11-16,10669996500.0,ipo,2016-11-16
300563,2016-11-14,176800000.0,ipo,2016-11-14
603977,2016-11-11,356556000.0,ipo,2016-11-11
603556,2016-11-10,2205624200.0,ipo,2016-11-10
603060,2016-11-09,552200000.0,ipo,2016-11-09
002819,2016-11-11,140566400.0,ipo,2016-11-11
603203,2016-11-08,379500000.0,ipo,2016-11-08
300558,2016-11-07,720370000.0,ipo,2016-11-07
300556,2016-11-04,154012000.0,ipo,2016-11-04
601882,2016-11-07,78300000.0,ipo,2016-11-07
002818,2016-11-09,1033559999.9999999,ipo,2016-11-09
300557,2016-11-01,194740000.0,ipo,2016-11-01
300560,2016-11-01,179857800.0,ipo,2016-11-01
603716,2016-10-31,342833400.0,ipo,2016-10-31
300559,2016-11-01,316080000.0,ipo,2016-11-01
603888,2016-10-28,1437192297.8400002,ipo,2016-10-28
603258,2016-10-26,937200000.0,ipo,2016-10-26
600926,2016-10-27,3766582500.0,ipo,2016-10-27
002817,2016-10-25,300779600.0,ipo,2016-10-25
603667,2016-10-25,445280000.00000006,ipo,2016-10-25
002816,2016-10-25,207249999.99999997,ipo,2016-10-25
603859,2016-10-21,214060600.0,ipo,2016-10-21
300552,2016-10-21,327075000.0,ipo,2016-10-21
300553,2016-10-21,168960000.0,ipo,2016-10-21
300550,2016-10-18,250600000.0,ipo,2016-10-18
300555,2016-10-18,308000000.0,ipo,2016-10-18
603160,2016-10-17,873900000.0000001,ipo,2016-10-17
300551,2016-10-18,229132800.0,ipo,2016-10-18
603816,2016-10-14,2034450000.0,ipo,2016-10-14
603313,2016-10-13,924600000.0,ipo,2016-10-13
300548,2016-10-12,242872500.0,ipo,2016-10-12
603777,2016-10-12,700200000.0,ipo,2016-10-12
002813,2016-10-12,206700000.0,ipo,2016-10-12
603421,2016-10-11,608468000.0,ipo,2016-10-11
002815,2016-10-12,815499999.9999999,ipo,2016-10-12
603887,2016-10-10,298398000.0,ipo,2016-10-10
300547,2016-09-30,329946500.0,ipo,2016-09-30
601128,2016-09-30,951327571.1600001,ipo,2016-09-30
300549,2016-09-30,250550100.0,ipo,2016-09-30
300546,2016-09-28,272536200.0,ipo,2016-09-28
603738,2016-09-28,269215200.0,ipo,2016-09-28
300545,2016-09-28,240705000.0,ipo,2016-09-28
600908,2016-09-23,826107324.54,ipo,2016-09-23
300536,2016-09-20,210888134.16000003,ipo,2016-09-20
601500,2016-09-19,860601898.1999999,ipo,2016-09-19
300542,2016-09-20,185135500.00000003,ipo,2016-09-20
603189,2016-09-14,400752000.0,ipo,2016-09-14
300541,2016-09-13,332100000.0,ipo,2016-09-13
603067,2016-09-13,337150000.0,ipo,2016-09-13
300534,2016-09-13,295578800.0,ipo,2016-09-13
603393,2016-09-12,1066400000.0,ipo,2016-09-12
002812,2016-09-14,783766800.0,ipo,2016-09-14
601163,2016-09-09,4414000000.0,ipo,2016-09-09
002811,2016-09-08,629550000.0,ipo,2016-09-08
300543,2016-09-08,337800000.0,ipo,2016-09-08
603843,2016-09-05,501491000.0,ipo,2016-09-05
002807,2016-09-02,971827119.9999999,ipo,2016-09-02
603658,2016-09-01,612360000.0,ipo,2016-09-01
300539,2016-08-30,145350000.0,ipo,2016-08-30
300537,2016-08-30,229750000.0,ipo,2016-08-30
603090,2016-08-31,211750000.00000003,ipo,2016-08-31
002810,2016-08-26,237641800.0,ipo,2016-08-26
603007,2016-08-26,388861000.0,ipo,2016-08-26
300538,2016-08-26,221900000.0,ipo,2016-08-26
002809,2016-08-23,449200000.0,ipo,2016-08-23
603031,2016-08-22,234200000.00000003,ipo,2016-08-22
300540,2016-08-23,333400000.00000006,ipo,2016-08-23
603515,2016-08-19,866520000.0,ipo,2016-08-19
300533,2016-08-18,925500000.0000001,ipo,2016-08-18
603986,2016-08-18,581500000.0,ipo,2016-08-18
601595,2016-08-17,952765000.0,ipo,2016-08-17
300532,2016-08-18,342720000.0,ipo,2016-08-18
601997,2016-08-16,4245000000.0,ipo,2016-08-16
600936,2016-08-15,1440000000.0,ipo,2016-08-15
603159,2016-08-12,172000000.0,ipo,2016-08-12
300535,2016-08-12,276390000.0,ipo,2016-08-12
603569,2016-08-10,617354300.0,ipo,2016-08-10
300530,2016-08-09,209125000.0,ipo,2016-08-09
600977,2016-08-09,4165640000.0,ipo,2016-08-09
601811,2016-08-08,702815200.0,ipo,2016-08-08
300531,2016-08-09,267200000.0,ipo,2016-08-09
300528,2016-08-08,513910600.0,ipo,2016-08-08
300527,2016-08-05,768248000.0,ipo,2016-08-05
300529,2016-08-02,453600000.00000006,ipo,2016-08-02
600919,2016-08-02,7238401499.999999,ipo,2016-08-02
603663,2016-08-01,177144000.0,ipo,2016-08-01
603322,2016-07-28,239800000.0,ipo,2016-07-28
300525,2016-07-26,199728000.0,ipo,2016-07-26
002806,2016-07-26,124000000.0,ipo,2016-07-26
300523,2016-07-26,438400000.00000006,ipo,2016-07-26
300517,2016-07-19,257023999.99999997,ipo,2016-07-19
002803,2016-07-12,184730000.0,ipo,2016-07-12
603069,2016-07-12,301780000.0,ipo,2016-07-12
300520,2016-07-08,231150000.00000003,ipo,2016-07-08
002805,2016-07-07,140528200.0,ipo,2016-07-07
300521,2016-07-05,225200000.0,ipo,2016-07-05
300522,2016-07-05,309228500.0,ipo,2016-07-05
601966,2016-07-06,2596000000.0,ipo,2016-07-06
603016,2016-07-01,314554500.0,ipo,2016-07-01
002802,2016-06-29,257040000.0,ipo,2016-06-29
603958,2016-06-29,497394000.0,ipo,2016-06-29
603909,2016-06-28,263750000.00000003,ipo,2016-06-28
300518,2016-06-24,518614800.0,ipo,2016-06-24
002801,2016-06-22,287187200.0,ipo,2016-06-22
300519,2016-06-24,244000000.0,ipo,2016-06-24
601127,2016-06-15,827925000.0,ipo,2016-06-15
300515,2016-06-08,214250000.0,ipo,2016-06-08
002799,2016-06-08,199500000.0,ipo,2016-06-08
603131,2016-06-07,252250000.0,ipo,2016-06-07
601611,2016-06-06,1821750000.0,ipo,2016-06-06
300516,2016-06-02,675000000.0,ipo,2016-06-02
603737,2016-06-03,398500000.0,ipo,2016-06-03
002800,2016-05-30,143836000.0,ipo,2016-05-30
300513,2016-05-30,223573800.0,ipo,2016-05-30
300512,2016-05-26,705712500.0,ipo,2016-05-26
002798,2016-05-25,228312000.0,ipo,2016-05-25
603339,2016-05-19,526823000.0,ipo,2016-05-19
603959,2016-05-17,337680000.0,ipo,2016-05-17
603779,2016-05-16,231422000.00000003,ipo,2016-05-16
002797,2016-05-11,2330160000.0,ipo,2016-05-11
002796,2016-05-10,259000000.0,ipo,2016-05-10
300510,2016-05-06,268140000.00000003,ipo,2016-05-06
603101,2016-05-06,528600000.00000006,ipo,2016-05-06
300511,2016-05-04,630750000.0,ipo,2016-05-04
603528,2016-05-03,488375999.99999994,ipo,2016-05-03
300507,2016-04-29,415416400.0,ipo,2016-04-29
002795,2016-04-28,371250000.0,ipo,2016-04-28
603822,2016-04-28,215796000.0,ipo,2016-04-28
603029,2016-04-27,208426200.0,ipo,2016-04-27
300509,2016-04-25,264400000.0,ipo,2016-04-25
603726,2016-04-21,277766400.0,ipo,2016-04-21
300508,2016-04-19,285336800.0,ipo,2016-04-19
002793,2016-04-15,299250000.0,ipo,2016-04-15
603868,2016-04-18,786108000.0,ipo,2016-04-18
603701,2016-04-12,264600000.0,ipo,2016-04-12
603798,2016-04-06,358250000.0,ipo,2016-04-06
300474,2016-03-31,456940000.0,ipo,2016-03-31
603028,2016-03-31,235152000.0,ipo,2016-03-31
002791,2016-03-29,1155936300.0,ipo,2016-03-29
002792,2016-03-28,860250000.0,ipo,2016-03-28
300506,2016-03-24,257400000.0,ipo,2016-03-24
300484,2016-03-22,243750000.0,ipo,2016-03-22
603861,2016-03-22,417350000.0,ipo,2016-03-22
300505,2016-03-15,239337500.0,ipo,2016-03-15
601020,2016-03-16,373360000.0,ipo,2016-03-16
002789,2016-03-11,457359000.0,ipo,2016-03-11
603919,2016-03-10,765800000.0,ipo,2016-03-10
300503,2016-03-09,193000000.0,ipo,2016-03-09
603520,2016-03-09,364500000.0,ipo,2016-03-09
002790,2016-03-08,663199999.9999999,ipo,2016-03-08
603027,2016-03-07,367600000.0,ipo,2016-03-07
300502,2016-03-03,416518000.0,ipo,2016-03-03
603608,2016-02-18,686000000.0,ipo,2016-02-18
002788,2016-02-18,597732500.0,ipo,2016-02-18
601900,2016-02-15,1036583000.0,ipo,2016-02-15
603377,2016-02-05,819999999.9999999,ipo,2016-02-05
300501,2016-02-04,294627600.0,ipo,2016-02-04
300500,2016-02-04,313650000.0,ipo,2016-02-04
300499,2016-02-02,258718400.0,ipo,2016-02-02
002778,2016-01-06,189550000.0,ipo,2016-01-06
603778,2015-12-31,379600000.0,ipo,2015-12-31
603299,2015-12-31,332100000.0,ipo,2015-12-31
300494,2015-12-31,543000000.0,ipo,2015-12-31
300491,2015-12-31,209600000.0,ipo,2015-12-31
300490,2015-12-31,227250000.0,ipo,2015-12-31
002787,2015-12-31,400224000.0,ipo,2015-12-31
002777,2015-12-31,229200000.00000003,ipo,2015-12-31
603866,2015-12-22,619373376.0,ipo,2015-12-22
603508,2015-12-24,1342400000.0,ipo,2015-12-24
300492,2015-12-23,143520000.0,ipo,2015-12-23
002786,2015-12-23,340681600.0,ipo,2015-12-23
002785,2015-12-23,114500000.0,ipo,2015-12-23
002782,2015-12-22,322908000.0,ipo,2015-12-22
300497,2015-12-22,275940000.0,ipo,2015-12-22
300496,2015-12-10,581750000.0,ipo,2015-12-10
603999,2015-12-10,586200000.0,ipo,2015-12-10
603936,2015-12-09,337311000.0,ipo,2015-12-09
603800,2015-12-10,569400000.0,ipo,2015-12-10
603696,2015-12-09,303000000.0,ipo,2015-12-09
603398,2015-12-09,335280000.0,ipo,2015-12-09
300493,2015-12-10,206100000.0,ipo,2015-12-10
002780,2015-12-09,160140000.0,ipo,2015-12-09
002779,2015-12-09,266420000.0,ipo,2015-12-09
002783,2015-12-09,598551600.0,ipo,2015-12-09
300488,2015-07-01,314319300.0,ipo,2015-07-01
300480,2015-07-02,167440000.0,ipo,2015-07-02
603979,2015-06-30,1633050000.0000002,ipo,2015-06-30
603223,2015-06-30,249300000.00000003,ipo,2015-06-30
603085,2015-06-30,181750000.0,ipo,2015-06-30
300489,2015-07-01,199306000.0,ipo,2015-07-01
300487,2015-07-02,296600000.0,ipo,2015-07-02
300486,2015-06-30,310396800.0,ipo,2015-06-30
300482,2015-06-30,352000000.0,ipo,2015-06-30
300481,2015-06-30,182600000.00000003,ipo,2015-06-30
603838,2015-07-01,257718200.0,ipo,2015-07-01
603589,2015-06-29,960000000.0,ipo,2015-06-29
603117,2015-06-29,355800000.0,ipo,2015-06-29
603116,2015-06-29,1040760000.0,ipo,2015-06-29
601211,2015-06-26,30057750000.0,ipo,2015-06-26
300483,2015-06-30,176545000.0,ipo,2015-06-30
002775,2015-06-29,507900000.0,ipo,2015-06-29
002771,2015-06-29,255600000.0,ipo,2015-06-29
002769,2015-06-29,527065000.0,ipo,2015-06-29
002768,2015-06-30,349400000.0,ipo,2015-06-30
300485,2015-06-26,1153800000.0,ipo,2015-06-26
002773,2015-06-26,621072000.0,ipo,2015-06-26
002772,2015-06-26,484250000.0,ipo,2015-06-26
603616,2015-06-11,416318000.0,ipo,2015-06-11
603066,2015-06-11,310750000.0,ipo,2015-06-11
601968,2015-06-11,641666564.0000001,ipo,2015-06-11
300479,2015-06-12,220400000.0,ipo,2015-06-12
300476,2015-06-11,576819100.0,ipo,2015-06-11
300473,2015-06-12,719000000.0,ipo,2015-06-12
300472,2015-06-11,189871300.0,ipo,2015-06-11
300471,2015-06-11,961378000.0,ipo,2015-06-11
300469,2015-06-11,169338000.0,ipo,2015-06-11
002767,2015-06-12,371750000.0,ipo,2015-06-12
002766,2015-06-11,344874000.0,ipo,2015-06-11
002760,2015-06-11,182820000.0,ipo,2015-06-11
601985,2015-06-10,13190490000.0,ipo,2015-06-10
601368,2015-06-12,945210000.0,ipo,2015-06-12
300478,2015-06-10,247382800.0,ipo,2015-06-10
300477,2015-06-10,286947450.0,ipo,2015-06-10
300475,2015-06-10,440000000.00000006,ipo,2015-06-10
300470,2015-06-12,461564000.0,ipo,2015-06-12
300464,2015-06-10,210834000.0,ipo,2015-06-10
002765,2015-06-12,398840000.0,ipo,2015-06-12
002763,2015-06-10,707400000.0,ipo,2015-06-10
002762,2015-06-10,442000000.0,ipo,2015-06-10
002761,2015-06-10,218400000.0,ipo,2015-06-10
603026,2015-05-29,329926800.0,ipo,2015-05-29
603918,2015-05-28,209000000.0,ipo,2015-05-28
603901,2015-05-29,395250000.0,ipo,2015-05-29
603669,2015-05-28,760500000.0,ipo,2015-05-28
603568,2015-05-28,516166000.0,ipo,2015-05-28
603300,2015-05-29,416507400.00000006,ipo,2015-05-29
603198,2015-05-28,944000000.0,ipo,2015-05-28
300465,2015-05-28,375408400.0,ipo,2015-05-28
603885,2015-05-27,760240000.0,ipo,2015-05-27
603598,2015-05-27,240048000.0,ipo,2015-05-27
603108,2015-05-27,401200000.0,ipo,2015-05-27
603023,2015-05-27,265000000.0,ipo,2015-05-27
300468,2015-05-27,469000000.00000006,ipo,2015-05-27
300467,2015-05-27,337500000.0,ipo,2015-05-27
300466,2015-05-28,205000000.0,ipo,2015-05-28
300463,2015-05-28,1300140000.0,ipo,2015-05-28
300462,2015-05-27,245385000.0,ipo,2015-05-27
002759,2015-05-28,288480000.0,ipo,2015-05-28
002758,2015-05-27,252560000.0,ipo,2015-05-27
002757,2015-05-27,353779600.0,ipo,2015-05-27
300461,2015-05-19,132105600.0,ipo,2015-05-19
603989,2015-05-15,1036999999.9999999,ipo,2015-05-15
603968,2015-05-18,500464799.99999994,ipo,2015-05-18
603566,2015-05-18,620800000.0,ipo,2015-05-18
603311,2015-05-18,282975000.0,ipo,2015-05-18
002753,2015-05-19,334932000.0,ipo,2015-05-19
603718,2015-05-15,476700000.0,ipo,2015-05-15
603227,2015-05-15,410103000.00000006,ipo,2015-05-15
603022,2015-05-18,286200000.0,ipo,2015-05-18
300458,2015-05-15,509200000.0,ipo,2015-05-15
300456,2015-05-14,294210000.0,ipo,2015-05-14
300455,2015-05-15,240800000.0,ipo,2015-05-15
300453,2015-05-15,255598199.99999997,ipo,2015-05-15
300450,2015-05-18,360570000.0,ipo,2015-05-18
002755,2015-05-15,189796600.0,ipo,2015-05-15
603599,2015-05-13,758136600.0,ipo,2015-05-13
603355,2015-05-13,782279999.9999999,ipo,2015-05-13
300460,2015-05-15,270574400.0,ipo,2015-05-15
300459,2015-05-15,207760000.0,ipo,2015-05-15
300457,2015-05-14,241995000.0,ipo,2015-05-14
300452,2015-05-15,173536000.0,ipo,2015-05-15
300451,2015-05-14,238340000.0,ipo,2015-05-14
300414,2015-05-13,310571800.0,ipo,2015-05-13
002756,2015-05-15,1087000000.0,ipo,2015-05-15
300442,2015-04-24,479250000.00000006,ipo,2015-04-24
300438,2015-04-24,312270000.0,ipo,2015-04-24
300434,2015-04-24,179690000.0,ipo,2015-04-24
300404,2015-04-24,214542900.0,ipo,2015-04-24
603315,2015-04-24,269250000.0,ipo,2015-04-24
603021,2015-04-23,230472000.0,ipo,2015-04-23
600959,2015-04-28,3265590000.0,ipo,2015-04-28
300448,2015-04-24,315800000.0,ipo,2015-04-24
300446,2015-04-23,136290000.0,ipo,2015-04-23
300444,2015-04-23,418320032.0,ipo,2015-04-23
300441,2015-04-23,207187200.0,ipo,2015-04-23
300440,2015-04-23,607600000.0,ipo,2015-04-23
300437,2015-04-23,175851000.0,ipo,2015-04-23
603883,2015-04-23,1099470000.0,ipo,2015-04-23
603818,2015-04-22,543469600.0,ipo,2015-04-22
603808,2015-04-22,766400000.0,ipo,2015-04-22
603789,2015-04-27,561500000.0,ipo,2015-04-27
603703,2015-04-23,260360000.0,ipo,2015-04-23
603567,2015-04-24,1524088000.0,ipo,2015-04-24
603318,2015-04-24,196252000.0,ipo,2015-04-24
603025,2015-04-22,569670000.0,ipo,2015-04-22
300447,2015-04-22,261427500.0,ipo,2015-04-22
300445,2015-04-24,184824000.0,ipo,2015-04-24
300443,2015-04-22,449395800.0,ipo,2015-04-22
300439,2015-04-22,779633400.0,ipo,2015-04-22
300436,2015-04-22,375725000.0,ipo,2015-04-22
300424,2015-04-22,388593600.0,ipo,2015-04-22
002752,2015-04-22,344400000.0,ipo,2015-04-22
300449,2015-04-22,314352000.0,ipo,2015-04-22
300435,2015-03-26,294600000.0,ipo,2015-03-26
603338,2015-03-25,480350000.0,ipo,2015-03-25
603869,2015-03-26,271921800.0,ipo,2015-03-26
603199,2015-03-26,334374400.0,ipo,2015-03-26
603158,2015-03-20,387515100.0,ipo,2015-03-20
603030,2015-03-20,394000000.0,ipo,2015-03-20
603020,2015-03-25,818800000.0,ipo,2015-03-25
603012,2015-03-20,1079376000.0,ipo,2015-03-20
300429,2015-03-24,317800000.0,ipo,2015-03-24
002749,2015-03-20,504750000.00000006,ipo,2015-03-20
002747,2015-03-20,204000000.0,ipo,2015-03-20
603729,2015-03-24,443588700.0,ipo,2015-03-24
603519,2015-03-19,273800000.0,ipo,2015-03-19
603268,2015-03-19,256520000.0,ipo,2015-03-19
601689,2015-03-19,1467867000.0,ipo,2015-03-19
600958,2015-03-23,10030000000.0,ipo,2015-03-23
300432,2015-03-19,419100000.0,ipo,2015-03-19
300430,2015-03-19,287432000.0,ipo,2015-03-19
300428,2015-03-19,297142000.0,ipo,2015-03-19
300374,2015-03-19,321531400.0,ipo,2015-03-19
002748,2015-03-19,461400000.0,ipo,2015-03-19
300433,2015-03-18,1548606400.0,ipo,2015-03-18
603997,2015-03-02,478200000.0,ipo,2015-03-02
603969,2015-02-27,689500000.0,ipo,2015-02-27
603828,2015-02-26,516000000.0,ipo,2015-02-26
603015,2015-03-03,531060000.0,ipo,2015-03-03
603939,2015-02-17,778800000.0,ipo,2015-02-17
603898,2015-02-17,479465000.0,ipo,2015-02-17
603618,2015-02-17,621527500.0,ipo,2015-02-17
603309,2015-03-02,385000000.0,ipo,2015-03-02
603222,2015-02-17,294400000.0,ipo,2015-02-17
603118,2015-02-25,896250000.0,ipo,2015-02-25
601198,2015-02-26,4590000000.0,ipo,2015-02-26
300427,2015-02-17,231898200.00000003,ipo,2015-02-17
300426,2015-02-17,456599999.99999994,ipo,2015-02-17
300423,2015-02-17,226600000.00000003,ipo,2015-02-17
300422,2015-02-17,155000000.0,ipo,2015-02-17
300421,2015-02-17,255640000.00000003,ipo,2015-02-17
300420,2015-02-17,165400000.0,ipo,2015-02-17
300394,2015-02-17,398011900.0,ipo,2015-02-17
002745,2015-02-17,956750000.0,ipo,2015-02-17
002743,2015-02-17,219054800.0,ipo,2015-02-17
002742,2015-02-17,488880000.0,ipo,2015-02-17
300425,2015-02-16,273780000.0,ipo,2015-02-16
002746,2015-02-16,210408000.0,ipo,2015-02-16
002741,2015-02-16,369300000.0,ipo,2015-02-16
603799,2015-01-29,434069999.99999994,ipo,2015-01-29
603698,2015-01-28,1030396000.0,ipo,2015-01-28
603899,2015-01-27,789000000.0,ipo,2015-01-27
603686,2015-01-26,495581000.0,ipo,2015-01-26
603600,2015-01-23,255500000.00000003,ipo,2015-01-23
603558,2015-01-27,385000000.0,ipo,2015-01-27
300419,2015-01-22,296743000.0,ipo,2015-01-22
300416,2015-01-22,180236000.0,ipo,2015-01-22
603678,2015-01-26,431808000.00000006,ipo,2015-01-26
603611,2015-01-28,367400000.0,ipo,2015-01-28
603601,2015-01-22,134300000.0,ipo,2015-01-22
601069,2015-01-22,449820000.0,ipo,2015-01-22
300417,2015-01-23,164015999.99999997,ipo,2015-01-23
300415,2015-01-23,399600000.0,ipo,2015-01-23
300364,2015-01-21,204300000.0,ipo,2015-01-21
002739,2015-01-22,1281000000.0,ipo,2015-01-22
002734,2015-01-27,267250000.0,ipo,2015-01-27
300418,2015-01-21,1421000000.0,ipo,2015-01-21
300413,2015-01-21,634200000.0,ipo,2015-01-21
603788,2015-01-20,351576000.0,ipo,2015-01-20
601021,2015-01-21,1816000000.0,ipo,2015-01-21
603889,2014-12-31,478906000.0,ipo,2014-12-31
603636,2014-12-30,373750000.0,ipo,2014-12-30
603017,2014-12-31,449550000.0,ipo,2014-12-31
603588,2014-12-29,736492000.0,ipo,2014-12-29
300412,2014-12-31,182240000.0,ipo,2014-12-31
300411,2014-12-31,256000000.0,ipo,2014-12-31
300410,2014-12-31,161850000.0,ipo,2014-12-31
002738,2014-12-30,227100000.0,ipo,2014-12-30
002736,2014-12-29,6996000000.0,ipo,2014-12-29
002737,2014-12-30,1333345000.0,ipo,2014-12-30
601226,2014-12-11,1500000000.0,ipo,2014-12-11
603998,2014-12-05,404811000.0,ipo,2014-12-05
601969,2014-12-09,1930167800.0,ipo,2014-12-09
300408,2014-12-03,1351940000.0,ipo,2014-12-03
603518,2014-12-03,740639900.0,ipo,2014-12-03
603368,2014-12-04,737437500.0,ipo,2014-12-04
300409,2014-12-03,281125000.0,ipo,2014-12-03
300407,2014-12-03,379780000.0,ipo,2014-12-03
002735,2014-12-03,184600000.0,ipo,2014-12-03
002733,2014-12-03,447440000.0,ipo,2014-12-03
002732,2014-12-05,398615500.00000006,ipo,2014-12-05
603166,2014-11-27,252300000.0,ipo,2014-11-27
603088,2014-11-11,171400000.0,ipo,2014-11-11
603011,2014-11-07,191700000.0,ipo,2014-11-07
603988,2014-11-04,297600000.0,ipo,2014-11-04
603688,2014-10-31,360877500.0,ipo,2014-10-31
603019,2014-11-06,396750000.0,ipo,2014-11-06
601015,2014-11-05,738000000.0,ipo,2014-11-05
002731,2014-11-04,449145600.0,ipo,2014-11-04
002724,2014-11-04,444000000.00000006,ipo,2014-11-04
300406,2014-10-30,445495200.0,ipo,2014-10-30
300405,2014-10-30,279650000.0,ipo,2014-10-30
300403,2014-10-30,656200000.0,ipo,2014-10-30
603606,2014-10-15,289870000.0,ipo,2014-10-15
300402,2014-10-10,227970000.0,ipo,2014-10-10
300400,2014-10-10,152000000.0,ipo,2014-10-10
603456,2014-10-10,801742800.0,ipo,2014-10-10
603169,2014-10-09,168000000.0,ipo,2014-10-09
603018,2014-10-13,838760000.0,ipo,2014-10-13
603010,2014-10-10,292500000.0,ipo,2014-10-10
300401,2014-10-09,159127000.0,ipo,2014-10-09
300399,2014-10-09,223800000.0,ipo,2014-10-09
300398,2014-10-09,363000000.0,ipo,2014-10-09
002730,2014-10-09,295926900.0,ipo,2014-10-09
600917,2014-09-30,507000000.0,ipo,2014-09-30
603306,2014-09-26,422800000.0,ipo,2014-09-26
601016,2014-09-29,385782600.0,ipo,2014-09-29
300396,2014-09-10,453143600.0,ipo,2014-09-10
603806,2014-09-05,1630800000.0,ipo,2014-09-05
603188,2014-09-09,1475280000.0,ipo,2014-09-09
300397,2014-09-10,721500000.0,ipo,2014-09-10
300395,2014-09-10,309906000.0,ipo,2014-09-10
300393,2014-09-12,490629600.00000006,ipo,2014-09-12
002729,2014-09-12,198492000.0,ipo,2014-09-12
601579,2014-08-25,443000000.0,ipo,2014-08-25
603099,2014-08-22,302681800.0,ipo,2014-08-22
603609,2014-08-08,470400000.0,ipo,2014-08-08
300389,2014-08-01,362333800.0,ipo,2014-08-01
300388,2014-08-01,267808400.0,ipo,2014-08-01
300384,2014-08-01,409004400.0,ipo,2014-08-01
603126,2014-07-31,276800000.0,ipo,2014-07-31
603111,2014-08-01,498147000.0,ipo,2014-08-01
603100,2014-08-05,672000000.0,ipo,2014-08-05
300390,2014-07-31,165165000.0,ipo,2014-07-31
002728,2014-07-31,350000000.0,ipo,2014-07-31
603009,2014-07-18,186956700.0,ipo,2014-07-18
300387,2014-07-02,312320000.0,ipo,2014-07-02
603369,2014-07-03,876974000.0,ipo,2014-07-03
002727,2014-07-02,794220000.0,ipo,2014-07-02
603168,2014-07-02,357247500.0,ipo,2014-07-02
603328,2014-07-01,1377900000.0,ipo,2014-07-01
603006,2014-06-30,198600000.0,ipo,2014-06-30
300386,2014-06-26,787168800.0000001,ipo,2014-06-26
300385,2014-06-26,294600000.0,ipo,2014-06-26
002726,2014-06-26,534436099.99999994,ipo,2014-06-26
002717,2014-02-19,478317600.0,ipo,2014-02-19
002715,2014-02-19,233680000.0,ipo,2014-02-19
002713,2014-02-19,655412499.0,ipo,2014-02-19
603288,2014-02-11,3836062500.0,ipo,2014-02-11
603005,2014-02-10,1085878419.24,ipo,2014-02-10
300383,2014-01-29,522603499.99999994,ipo,2014-01-29
300369,2014-01-29,867150000.0,ipo,2014-01-29
300363,2014-01-29,683975000.0,ipo,2014-01-29
300382,2014-01-29,467820032.04999995,ipo,2014-01-29
002725,2014-01-29,384000000.0,ipo,2014-01-29
002723,2014-01-29,312423000.0,ipo,2014-01-29
002722,2014-01-28,241248000.0,ipo,2014-01-28
002719,2014-01-28,581202000.0,ipo,2014-01-28
002718,2014-01-28,367062000.0,ipo,2014-01-28
601225,2014-01-28,4000000000.0,ipo,2014-01-28
300381,2014-01-28,319226000.0,ipo,2014-01-28
300380,2014-01-28,402012000.0,ipo,2014-01-28
300378,2014-01-27,623100000.0,ipo,2014-01-27
300376,2014-01-27,411975999.99999994,ipo,2014-01-27
002716,2014-01-28,820706864.6,ipo,2014-01-28
002714,2014-01-28,1456235000.0,ipo,2014-01-28
300377,2014-01-27,298883000.0,ipo,2014-01-27
300366,2014-01-27,258746625.0,ipo,2014-01-27
002721,2014-01-27,441121875.0,ipo,2014-01-27
300375,2014-01-27,434675999.99999994,ipo,2014-01-27
300373,2014-01-23,401700000.0,ipo,2014-01-23
300371,2014-01-23,478680000.0,ipo,2014-01-23
300368,2014-01-23,290465750.0,ipo,2014-01-23
300365,2014-01-23,521976800.0,ipo,2014-01-23
002707,2014-01-23,337411250.0,ipo,2014-01-23
603308,2014-01-22,662482800.0,ipo,2014-01-22
300370,2014-01-23,477609500.0,ipo,2014-01-23
300359,2014-01-21,494053000.0,ipo,2014-01-21
002712,2014-01-23,537086328.04,ipo,2014-01-23
002709,2014-01-23,411234300.0,ipo,2014-01-23
002708,2014-01-21,394416000.0,ipo,2014-01-21
300360,2014-01-21,1095586800.0,ipo,2014-01-21
002706,2014-01-21,411414000.00000006,ipo,2014-01-21
603699,2014-01-17,1456950000.0,ipo,2014-01-17
300358,2014-01-21,729992520.0,ipo,2014-01-21
300357,2014-01-21,506262500.0,ipo,2014-01-21
002705,2014-01-21,798000000.0,ipo,2014-01-21
002703,2012-11-02,38700000.0,ipo,2012-11-02
002702,2012-10-11,513300000.0,ipo,2012-10-11
002701,2012-10-11,1656072000.0,ipo,2012-10-11
603993,2012-10-09,600000000.0,ipo,2012-10-09
300355,2012-09-27,405448000.0,ipo,2012-09-27
300351,2012-09-20,620000000.0,ipo,2012-09-20
300353,2012-09-27,278050000.0,ipo,2012-09-27
002700,2012-09-21,398484740.0,ipo,2012-09-21
300354,2012-09-20,225237900.0,ipo,2012-09-20
300352,2012-09-12,417500000.0,ipo,2012-09-12
002698,2012-09-11,524800000.0,ipo,2012-09-11
002697,2012-09-05,938000000.0000001,ipo,2012-09-05
002695,2012-09-05,929400000.0,ipo,2012-09-05
002696,2012-09-05,525799999.99999994,ipo,2012-09-05
603167,2012-09-06,1111000000.0,ipo,2012-09-06
603399,2012-08-24,494208000.0,ipo,2012-08-24
300350,2012-08-21,205865000.0,ipo,2012-08-21
300349,2012-08-17,465000000.0,ipo,2012-08-17
300348,2012-08-17,260000000.0,ipo,2012-08-17
002694,2012-08-16,468000000.0,ipo,2012-08-16
300347,2012-08-17,507592000.00000006,ipo,2012-08-17
603766,2012-08-10,526400000.0,ipo,2012-08-10
002693,2012-08-08,600000000.0,ipo,2012-08-08
300346,2012-08-07,829620000.0,ipo,2012-08-07
002692,2012-08-08,680250000.0,ipo,2012-08-08
601038,2012-08-08,810000000.0,ipo,2012-08-08
300345,2012-08-01,412800000.0,ipo,2012-08-01
002691,2012-07-31,370000000.0,ipo,2012-07-31
300343,2012-08-01,281000000.0,ipo,2012-08-01
002690,2012-07-31,850000000.0,ipo,2012-07-31
603077,2012-07-31,1750000000.0,ipo,2012-07-31
300338,2012-07-26,405000000.0,ipo,2012-07-26
300342,2012-07-26,425000000.0,ipo,2012-07-26
300341,2012-07-26,299000000.0,ipo,2012-07-26
300340,2012-07-26,600000000.0,ipo,2012-07-26
300339,2012-07-18,391284100.0,ipo,2012-07-18
300337,2012-07-18,936000000.0,ipo,2012-07-18
002689,2012-07-17,620000000.0,ipo,2012-07-17
603008,2012-07-17,656250000.0,ipo,2012-07-17
002688,2012-07-13,490140000.0,ipo,2012-07-13
002687,2012-07-13,566950000.0,ipo,2012-07-13
300335,2012-07-10,486576000.0,ipo,2012-07-10
601608,2012-07-06,3198950000.0,ipo,2012-07-06
300334,2012-07-05,486620000.00000006,ipo,2012-07-05
002686,2012-07-03,362720000.0,ipo,2012-07-03
300333,2012-06-28,644000000.0,ipo,2012-06-28
300332,2012-06-28,654400000.0,ipo,2012-06-28
300331,2012-06-28,310000000.0,ipo,2012-06-28
300329,2012-06-19,352170000.0,ipo,2012-06-19
300328,2012-06-19,358400000.0,ipo,2012-06-19
300326,2012-06-13,378170000.0,ipo,2012-06-13
300327,2012-06-13,400000000.0,ipo,2012-06-13
002682,2012-06-12,424000000.0,ipo,2012-06-12
601339,2012-06-12,2040000000.0,ipo,2012-06-12
601965,2012-06-11,1574399999.9999998,ipo,2012-06-11
300324,2012-06-08,378000000.0,ipo,2012-06-08
002685,2012-06-12,499500000.0,ipo,2012-06-12
002683,2012-06-12,791829600.0,ipo,2012-06-12
300322,2012-06-08,333833500.0,ipo,2012-06-08
002681,2012-06-05,468000000.0,ipo,2012-06-05
300320,2012-06-01,330066000.0,ipo,2012-06-01
002679,2012-06-05,416160000.0,ipo,2012-06-05
300323,2012-06-01,1000000000.0,ipo,2012-06-01
002678,2012-05-30,648000000.0,ipo,2012-05-30
603128,2012-05-29,666000000.0,ipo,2012-05-29
300319,2012-05-23,204102000.0,ipo,2012-05-23
300318,2012-05-23,384000000.0,ipo,2012-05-23
002676,2012-05-25,632000000.0,ipo,2012-05-25
002675,2012-05-25,702000000.0,ipo,2012-05-25
300321,2012-05-23,255300000.0,ipo,2012-05-23
002677,2012-05-25,480000000.0,ipo,2012-05-25
603366,2012-05-21,2150000000.0,ipo,2012-05-21
603002,2012-05-18,360000000.0,ipo,2012-05-18
300317,2012-05-11,385000000.0,ipo,2012-05-11
300316,2012-05-11,1100550000.0,ipo,2012-05-11
300315,2012-05-11,654640000.0,ipo,2012-05-11
603333,2012-05-07,806031000.0000001,ipo,2012-05-07
002674,2012-05-07,720000000.0,ipo,2012-05-07
300314,2012-05-08,400000000.0,ipo,2012-05-08
002673,2012-05-03,1739999999.9999998,ipo,2012-05-03
603123,2012-05-03,693000000.0,ipo,2012-05-03
603001,2012-04-26,2065500000.0,ipo,2012-04-26
603000,2012-04-27,1382113820.0,ipo,2012-04-27
002671,2012-04-26,495600000.0,ipo,2012-04-26
300313,2012-04-25,295490000.0,ipo,2012-04-25
002672,2012-04-26,1075000000.0,ipo,2012-04-26
300311,2012-04-25,265500000.0,ipo,2012-04-25
300310,2012-04-25,374000000.0,ipo,2012-04-25
601388,2012-04-23,1365000000.0,ipo,2012-04-23
002670,2012-04-16,365000000.0,ipo,2012-04-16
002669,2012-04-16,300000000.0,ipo,2012-04-16
002668,2012-04-16,454850000.0,ipo,2012-04-16
601012,2012-04-11,1575000000.0,ipo,2012-04-11
300308,2012-04-10,333400000.0,ipo,2012-04-10
300306,2012-03-29,675000000.0,ipo,2012-03-29
002667,2012-03-29,425000000.0,ipo,2012-03-29
300307,2012-03-29,2135000000.0,ipo,2012-03-29
300305,2012-03-29,840000000.0,ipo,2012-03-29
002666,2012-03-27,680000000.0,ipo,2012-03-27
300304,2012-03-21,550000000.0,ipo,2012-03-21
300302,2012-03-21,315000000.0,ipo,2012-03-21
300301,2012-03-21,540000000.0,ipo,2012-03-21
300303,2012-03-19,511500000.0,ipo,2012-03-19
300299,2012-03-19,272000000.0,ipo,2012-03-19
300300,2012-03-19,396000000.0,ipo,2012-03-19
002660,2012-03-16,449180000.0,ipo,2012-03-16
300298,2012-03-19,638000000.0,ipo,2012-03-19
002663,2012-03-16,1310400000.0,ipo,2012-03-16
300296,2012-03-15,400000000.0,ipo,2012-03-15
002664,2012-03-16,533440000.0,ipo,2012-03-16
002661,2012-03-16,436170000.0,ipo,2012-03-16
002659,2012-03-09,393900000.0,ipo,2012-03-09
300295,2012-03-15,453900000.0,ipo,2012-03-15
300294,2012-03-08,475507775.0,ipo,2012-03-08
002662,2012-03-09,1500000000.0,ipo,2012-03-09
002658,2012-03-09,705133800.0,ipo,2012-03-09
300293,2012-03-08,372000000.0,ipo,2012-03-08
300292,2012-02-29,200400000.0,ipo,2012-02-29
002657,2012-02-28,383900000.0,ipo,2012-02-28
002656,2012-02-28,695000000.0,ipo,2012-02-28
601800,2012-03-09,7288571295.000001,ipo,2012-03-09
601929,2012-02-23,1960000000.0,ipo,2012-02-23
601231,2012-02-20,811680000.0,ipo,2012-02-20
002655,2012-02-17,330000000.0,ipo,2012-02-17
300290,2012-02-16,188870000.0,ipo,2012-02-16
300289,2012-02-16,499200000.0,ipo,2012-02-16
300288,2012-02-16,300696000.0,ipo,2012-02-16
601515,2012-02-16,739200000.0,ipo,2012-02-16
002654,2012-02-17,264000000.0,ipo,2012-02-17
300291,2012-02-09,675000000.0,ipo,2012-02-09
300287,2012-02-01,315000000.0,ipo,2012-02-01
002652,2012-01-19,269468000.0,ipo,2012-01-19
002653,2012-01-17,802000000.0,ipo,2012-01-17
300286,2012-01-13,260100000.0,ipo,2012-01-13
300285,2012-01-13,405600000.0,ipo,2012-01-13
300283,2012-01-10,354200000.0,ipo,2012-01-10
300284,2012-01-10,798000000.0,ipo,2012-01-10
002651,2012-01-06,1025000000.0,ipo,2012-01-06
002650,2012-01-06,1200000000.0,ipo,2012-01-06
002649,2012-01-06,550000000.0,ipo,2012-01-06
300279,2011-12-29,241800000.0,ipo,2011-12-29
300281,2011-12-29,375000000.0,ipo,2011-12-29
002647,2011-12-28,540544000.0,ipo,2011-12-28
002648,2011-12-28,2000000000.0,ipo,2011-12-28
002646,2011-12-22,960000000.0,ipo,2011-12-22
002644,2011-12-22,323200000.0,ipo,2011-12-22
002645,2011-12-20,450090000.0,ipo,2011-12-20
002643,2011-12-20,861500000.0,ipo,2011-12-20
002642,2011-12-20,625000000.0,ipo,2011-12-20
601336,2011-12-16,3686055000.0,ipo,2011-12-16
300278,2011-12-16,359352000.0,ipo,2011-12-16
601555,2011-12-12,3250000000.0,ipo,2011-12-12
002641,2011-12-08,900000000.0,ipo,2011-12-08
002640,2011-12-08,430086000.0,ipo,2011-12-08
002634,2011-12-05,302270000.0,ipo,2011-12-05
601928,2011-11-30,4479200000.0,ipo,2011-11-30
002639,2011-12-05,792000000.0,ipo,2011-12-05
002638,2011-11-25,1124040000.0,ipo,2011-11-25
002637,2011-11-25,720000000.0,ipo,2011-11-25
002636,2011-11-25,784000000.0,ipo,2011-11-25
002635,2011-11-25,690000000.0,ipo,2011-11-25
300277,2011-11-23,391000000.0,ipo,2011-11-23
002633,2011-11-22,350000000.0,ipo,2011-11-22
002632,2011-11-22,613410000.0,ipo,2011-11-22
002630,2011-11-11,714000000.0,ipo,2011-11-11
300276,2011-11-15,382500000.0,ipo,2011-11-15
002631,2011-11-11,880000000.0,ipo,2011-11-11
002592,2011-11-11,323379000.0,ipo,2011-11-11
002629,2011-11-03,429150000.0,ipo,2011-11-03
002625,2011-11-03,216198840.0,ipo,2011-11-03
300275,2011-11-02,381420000.0,ipo,2011-11-02
002628,2011-11-03,840000000.0,ipo,2011-11-03
300274,2011-11-02,1366400000.0,ipo,2011-11-02
300272,2011-11-02,316250000.0,ipo,2011-11-02
002627,2011-11-03,435500000.0,ipo,2011-11-03
601100,2011-10-28,2415000000.0,ipo,2011-10-28
002626,2011-10-28,805000000.0,ipo,2011-10-28
002624,2011-10-28,280000000.0,ipo,2011-10-28
300271,2011-10-26,569800000.0,ipo,2011-10-26
002622,2011-10-18,760000000.0,ipo,2011-10-18
601669,2011-10-18,13500000000.0,ipo,2011-10-18
300270,2011-10-12,350000000.0,ipo,2011-10-12
300269,2011-10-12,368000000.0,ipo,2011-10-12
002623,2011-10-13,1520000000.0,ipo,2011-10-13
601996,2011-09-29,820680000.0,ipo,2011-09-29
002620,2011-09-29,600000000.0,ipo,2011-09-29
601633,2011-09-28,3955159000.0,ipo,2011-09-28
300266,2011-09-27,364000000.0,ipo,2011-09-27
300268,2011-09-27,425000000.0,ipo,2011-09-27
300267,2011-09-27,826620000.0,ipo,2011-09-27
002616,2011-09-20,658600000.0,ipo,2011-09-20
002617,2011-09-20,540000000.0,ipo,2011-09-20
601677,2011-09-19,1200000000.0,ipo,2011-09-19
300263,2011-09-16,660000000.0,ipo,2011-09-16
300264,2011-09-16,429000000.0,ipo,2011-09-16
300265,2011-09-16,503300000.0,ipo,2011-09-16
002615,2011-09-09,410400000.0,ipo,2011-09-09
002614,2011-09-09,1560000000.0,ipo,2011-09-09
601908,2011-09-08,2520000000.0,ipo,2011-09-08
300261,2011-09-06,499400000.0,ipo,2011-09-06
300260,2011-09-06,450900000.0,ipo,2011-09-06
002613,2011-08-30,904500000.0,ipo,2011-08-30
002612,2011-08-30,1750000000.0,ipo,2011-08-30
300259,2011-08-31,416100000.0,ipo,2011-08-31
300258,2011-08-26,625000000.0,ipo,2011-08-26
002611,2011-08-30,527000000.0,ipo,2011-08-30
601886,2011-08-18,2200000000.0,ipo,2011-08-18
300257,2011-08-19,2268000000.0,ipo,2011-08-19
300256,2011-08-19,525000000.0,ipo,2011-08-19
300255,2011-08-19,756000000.0,ipo,2011-08-19
300254,2011-08-19,439400000.0,ipo,2011-08-19
601789,2011-08-16,639000000.0,ipo,2011-08-16
300253,2011-08-18,371250000.0,ipo,2011-08-18
601636,2011-08-12,1512000000.0,ipo,2011-08-12
002609,2011-08-15,435000000.0,ipo,2011-08-15
002608,2011-08-10,818070000.0,ipo,2011-08-10
601901,2011-08-10,5850000000.0,ipo,2011-08-10
601222,2011-08-08,1350000000.0,ipo,2011-08-08
300252,2011-08-18,437400000.0,ipo,2011-08-18
002607,2011-08-10,491700000.00000006,ipo,2011-08-10
002606,2011-08-05,425000000.0,ipo,2011-08-05
300251,2011-08-03,1438500000.0,ipo,2011-08-03
002605,2011-08-05,493500000.0,ipo,2011-08-05
300250,2011-08-03,250000000.0,ipo,2011-08-03
300249,2011-08-03,343000000.0,ipo,2011-08-03
300248,2011-07-29,336000000.0,ipo,2011-07-29
002603,2011-07-28,2246400000.0,ipo,2011-07-28
300247,2011-07-29,328000000.0,ipo,2011-07-29
002602,2011-07-28,1035000000.0,ipo,2011-07-28
300246,2011-07-19,262500000.0,ipo,2011-07-19
300245,2011-07-19,340000000.0,ipo,2011-07-19
300244,2011-07-19,300800000.0,ipo,2011-07-19
002601,2011-07-15,1320000000.0,ipo,2011-07-15
002600,2011-07-15,636000000.0,ipo,2011-07-15
002599,2011-07-15,330000000.0,ipo,2011-07-15
300243,2011-07-12,216000000.0,ipo,2011-07-12
300242,2011-07-12,190000000.0,ipo,2011-07-12
300241,2011-07-12,291600000.0,ipo,2011-07-12
002598,2011-07-07,400000000.0,ipo,2011-07-07
002597,2011-07-07,720250000.0,ipo,2011-07-07
300240,2011-07-06,540000000.0,ipo,2011-07-06
300239,2011-07-06,171000000.0,ipo,2011-07-06
300238,2011-07-06,278460000.0,ipo,2011-07-06
601058,2011-06-30,674240000.0,ipo,2011-06-30
002596,2011-07-07,413100000.0,ipo,2011-07-07
002594,2011-06-30,1422000000.0,ipo,2011-06-30
300237,2011-06-29,367939000.0,ipo,2011-06-29
300236,2011-06-29,238005000.0,ipo,2011-06-29
300235,2011-06-29,215600000.00000003,ipo,2011-06-29
002595,2011-06-28,1200000000.0,ipo,2011-06-28
002593,2011-06-28,682640000.0,ipo,2011-06-28
300234,2011-06-22,240000000.0,ipo,2011-06-22
300233,2011-06-22,576600000.0,ipo,2011-06-22
300232,2011-06-22,371400000.0,ipo,2011-06-22
601798,2011-06-22,880000000.0,ipo,2011-06-22
002591,2011-06-21,400000000.0,ipo,2011-06-21
300231,2011-06-15,196200000.0,ipo,2011-06-15
300230,2011-06-15,290250000.0,ipo,2011-06-15
300229,2011-06-15,450000000.0,ipo,2011-06-15
601567,2011-06-15,1340000000.0,ipo,2011-06-15
002590,2011-06-10,364104000.0,ipo,2011-06-10
002589,2011-06-10,476000000.0,ipo,2011-06-10
002588,2011-06-10,1137500000.0,ipo,2011-06-10
002587,2011-06-10,336000000.0,ipo,2011-06-10
300228,2011-06-08,424660000.0,ipo,2011-06-08
300227,2011-06-08,220660000.0,ipo,2011-06-08
300226,2011-06-08,230000000.0,ipo,2011-06-08
601311,2011-06-02,1543800000.0,ipo,2011-06-02
601010,2011-06-03,2200000000.0,ipo,2011-06-03
002586,2011-06-02,513000000.0,ipo,2011-06-02
002585,2011-06-02,2860000000.0,ipo,2011-06-02
002584,2011-06-02,625000000.0,ipo,2011-06-02
300225,2011-05-31,476000000.0,ipo,2011-05-31
300224,2011-05-31,843600000.0,ipo,2011-05-31
300223,2011-05-31,876000000.0,ipo,2011-05-31
601566,2011-05-30,2640000000.0,ipo,2011-05-30
601599,2011-05-27,530000000.0,ipo,2011-05-27
002583,2011-05-27,1393000000.0,ipo,2011-05-27
300222,2011-05-25,486000000.0,ipo,2011-05-25
300221,2011-05-25,450000000.0,ipo,2011-05-25
300220,2011-05-25,210240000.0,ipo,2011-05-25
601208,2011-05-20,1600000000.0,ipo,2011-05-20
002582,2011-05-20,855600000.0,ipo,2011-05-20
300219,2011-05-18,496000000.0,ipo,2011-05-18
300218,2011-05-18,475200000.0,ipo,2011-05-18
300217,2011-05-18,595240000.0,ipo,2011-05-18
601233,2011-05-18,3240000000.0,ipo,2011-05-18
002581,2011-05-20,514520000.0,ipo,2011-05-20
300215,2011-05-11,874000000.0,ipo,2011-05-11
300214,2011-05-11,770000000.0,ipo,2011-05-11
601218,2011-05-06,1143000000.0,ipo,2011-05-06
601113,2011-05-09,1120000000.0,ipo,2011-05-09
002580,2011-05-06,485040000.0,ipo,2011-05-06
002579,2011-05-06,413950000.0,ipo,2011-05-06
300213,2011-05-05,462000000.0,ipo,2011-05-05
300212,2011-05-05,517820000.0,ipo,2011-05-05
300211,2011-05-05,321875000.0,ipo,2011-05-05
002578,2011-04-28,652740000.0,ipo,2011-04-28
002577,2011-04-28,1216000000.0,ipo,2011-04-28
002576,2011-04-28,608000000.0,ipo,2011-04-28
300210,2011-04-26,418000000.0,ipo,2011-04-26
300209,2011-04-26,685600000.0,ipo,2011-04-26
002575,2011-04-22,676000000.0,ipo,2011-04-22
002574,2011-04-22,1920000000.0,ipo,2011-04-22
300207,2011-04-21,877020000.0,ipo,2011-04-21
300206,2011-04-21,950000000.0,ipo,2011-04-21
300205,2011-04-21,796400000.0,ipo,2011-04-21
002573,2011-04-22,1710000000.0,ipo,2011-04-22
300204,2011-04-15,876750000.0,ipo,2011-04-15
300203,2011-04-15,900000000.0,ipo,2011-04-15
002572,2011-04-12,1161000000.0,ipo,2011-04-12
002571,2011-04-12,633600000.0,ipo,2011-04-12
002570,2011-04-12,1806000000.0,ipo,2011-04-12
002569,2011-04-12,393979200.0,ipo,2011-04-12
300201,2011-04-07,420000000.0,ipo,2011-04-07
300200,2011-04-07,586384000.0,ipo,2011-04-07
300199,2011-04-07,754750000.0,ipo,2011-04-07
300198,2011-04-07,713000000.0,ipo,2011-04-07
300197,2011-03-29,1047490000.0,ipo,2011-03-29
300196,2011-03-29,557400000.0,ipo,2011-03-29
300195,2011-03-29,1000000000.0,ipo,2011-03-29
002568,2011-03-25,520000000.0,ipo,2011-03-25
002567,2011-03-25,945000000.0,ipo,2011-03-25
300194,2011-03-22,1398792000.0,ipo,2011-03-22
300193,2011-03-22,1470750000.0,ipo,2011-03-22
300192,2011-03-22,422170000.0,ipo,2011-03-22
601199,2011-03-17,1105440000.0,ipo,2011-03-17
002566,2011-03-18,1101240000.0,ipo,2011-03-18
002565,2011-03-18,1045200000.0,ipo,2011-03-18
300191,2011-03-16,829200000.0,ipo,2011-03-16
300190,2011-03-16,778050000.0,ipo,2011-03-16
300189,2011-03-16,960000000.0,ipo,2011-03-16
300188,2011-03-16,540000000.0,ipo,2011-03-16
002564,2011-03-10,1416000000.0,ipo,2011-03-10
002563,2011-03-11,4690000000.0,ipo,2011-03-11
002562,2011-03-10,560700000.0,ipo,2011-03-10
300187,2011-03-08,668000000.0,ipo,2011-03-08
300185,2011-03-08,2250000000.0,ipo,2011-03-08
601011,2011-03-09,1746000000.0,ipo,2011-03-09
002561,2011-03-03,1120000000.0,ipo,2011-03-03
002560,2011-03-03,576000000.0,ipo,2011-03-03
002559,2011-03-03,880000000.0,ipo,2011-03-03
601116,2011-03-02,708000000.0,ipo,2011-03-02
002558,2011-03-02,450000000.0,ipo,2011-03-02
002557,2011-03-02,2000000000.0,ipo,2011-03-02
002556,2011-03-02,1406250000.0,ipo,2011-03-02
002555,2011-03-02,595000000.0,ipo,2011-03-02
002554,2011-02-25,910000000.0,ipo,2011-02-25
002553,2011-02-25,374000000.0,ipo,2011-02-25
002552,2011-02-25,500000000.0,ipo,2011-02-25
002551,2011-02-25,943000000.0,ipo,2011-02-25
601216,2011-02-22,3000000000.0,ipo,2011-02-22
300184,2011-02-22,334000000.0,ipo,2011-02-22
300183,2011-02-22,1036250000.0000001,ipo,2011-02-22
300182,2011-02-22,770000000.0,ipo,2011-02-22
300181,2011-02-22,470000000.0,ipo,2011-02-22
300180,2011-02-22,789200000.0,ipo,2011-02-22
002550,2011-02-18,1280000000.0,ipo,2011-02-18
002549,2011-02-18,509600000.0,ipo,2011-02-18
002548,2011-02-18,576000000.0,ipo,2011-02-18
002547,2011-02-18,576000000.0,ipo,2011-02-18
601992,2011-03-01,3693641040.0,ipo,2011-03-01
300179,2011-02-15,495000000.0,ipo,2011-02-15
300177,2011-02-15,585000000.0,ipo,2011-02-15
300176,2011-02-15,364672000.0,ipo,2011-02-15
300175,2011-02-15,461700000.00000006,ipo,2011-02-15
601799,2011-02-01,1274400000.0,ipo,2011-02-01
601616,2011-02-01,1995000000.0,ipo,2011-02-01
002546,2011-02-11,709799999.9999999,ipo,2011-02-11
002545,2011-02-11,1717815000.0,ipo,2011-02-11
300174,2011-02-01,408000000.0,ipo,2011-02-01
300173,2011-02-01,380630000.0,ipo,2011-02-01
300172,2011-02-01,629000000.0,ipo,2011-02-01
300171,2011-02-01,1720000000.0,ipo,2011-02-01
300170,2011-02-01,759600000.0,ipo,2011-02-01
601519,2011-01-28,2552000000.0,ipo,2011-01-28
601137,2011-01-27,1485000000.0,ipo,2011-01-27
002544,2011-01-28,616000000.0,ipo,2011-01-28
002543,2011-01-28,1500000000.0,ipo,2011-01-28
002542,2011-01-28,621600000.0,ipo,2011-01-28
300169,2011-01-25,752000000.0,ipo,2011-01-25
300168,2011-01-25,840000000.0,ipo,2011-01-25
300167,2011-01-25,570233600.0,ipo,2011-01-25
300166,2011-01-25,563343360.0,ipo,2011-01-25
300165,2011-01-25,1202500000.0,ipo,2011-01-25
601700,2011-01-18,1921500000.0,ipo,2011-01-18
002541,2011-01-18,1394000000.0,ipo,2011-01-18
002540,2011-01-18,1600000000.0,ipo,2011-01-18
002539,2011-01-18,1422960000.0,ipo,2011-01-18
002538,2011-01-18,988000000.0,ipo,2011-01-18
300164,2011-01-13,868700000.0,ipo,2011-01-13
300163,2011-01-13,520000000.0,ipo,2011-01-13
300162,2011-01-13,638400000.0,ipo,2011-01-13
300161,2011-01-13,702000000.0,ipo,2011-01-13
300160,2011-01-13,819000000.0,ipo,2011-01-13
002537,2011-01-10,1000000000.0,ipo,2011-01-10
002536,2011-01-11,864000000.0,ipo,2011-01-11
002535,2011-01-11,1280000000.0,ipo,2011-01-11
002534,2011-01-10,1066000000.0,ipo,2011-01-10
601118,2011-01-07,4708140000.0,ipo,2011-01-07
300159,2011-01-07,741788000.0,ipo,2011-01-07
300158,2011-01-07,1396800000.0,ipo,2011-01-07
300157,2011-01-07,1266540000.0,ipo,2011-01-07
300155,2011-01-07,882000000.0,ipo,2011-01-07
601126,2010-12-31,1886000000.0,ipo,2010-12-31
002533,2010-12-31,1183000000.0,ipo,2010-12-31
002532,2010-12-31,657600000.0,ipo,2010-12-31
002531,2010-12-31,1294800000.0,ipo,2010-12-31
002530,2010-12-31,408000000.0,ipo,2010-12-31
300154,2010-12-29,1078000000.0,ipo,2010-12-29
300153,2010-12-29,800000000.0,ipo,2010-12-29
300152,2010-12-29,1092000000.0,ipo,2010-12-29
601890,2010-12-28,2025000000.0,ipo,2010-12-28
002529,2010-12-24,720000000.0,ipo,2010-12-24
002528,2010-12-24,1990600000.0,ipo,2010-12-24
002527,2010-12-24,800000000.0,ipo,2010-12-24
300151,2010-12-22,578000000.0,ipo,2010-12-22
300150,2010-12-22,1154650000.0,ipo,2010-12-22
300149,2010-12-22,476000000.0,ipo,2010-12-22
002526,2010-12-17,1340000000.0,ipo,2010-12-17
002524,2010-12-17,343068000.0,ipo,2010-12-17
601933,2010-12-15,2637800000.0,ipo,2010-12-15
300148,2010-12-15,415720000.0,ipo,2010-12-15
300147,2010-12-15,1053690000.0000001,ipo,2010-12-15
300146,2010-12-15,1504800000.0,ipo,2010-12-15
002523,2010-12-10,780000000.0,ipo,2010-12-10
002522,2010-12-10,800100000.0,ipo,2010-12-10
002521,2010-12-10,1535500000.0,ipo,2010-12-10
002520,2010-12-10,560000000.0,ipo,2010-12-10
300145,2010-12-09,756000000.0,ipo,2010-12-09
300144,2010-12-09,2226000000.0,ipo,2010-12-09
300143,2010-12-09,612000000.0,ipo,2010-12-09
002519,2010-12-07,647680000.0,ipo,2010-12-07
002518,2010-12-07,942500000.0,ipo,2010-12-07
002517,2010-12-07,442000000.0,ipo,2010-12-07
002516,2010-12-07,1005000000.0000001,ipo,2010-12-07
601880,2010-12-06,2894916000.0,ipo,2010-12-06
002515,2010-12-03,629000000.0,ipo,2010-12-03
002514,2010-12-03,391000000.0,ipo,2010-12-03
002513,2010-12-03,820800000.0,ipo,2010-12-03
002512,2010-12-03,780000000.0,ipo,2010-12-03
601777,2010-11-25,2900000000.0,ipo,2010-11-25
002511,2010-11-25,1520000000.0,ipo,2010-11-25
002510,2010-11-25,910000000.0,ipo,2010-11-25
002508,2010-11-23,960000000.0,ipo,2010-11-23
002507,2010-11-23,559600000.0,ipo,2010-11-23
002506,2010-11-18,2376000000.0,ipo,2010-11-18
002501,2010-11-17,826000000.0,ipo,2010-11-17
300142,2010-11-12,2375000000.0,ipo,2010-11-12
300141,2010-11-12,443520000.0,ipo,2010-11-12
300140,2010-11-12,619690000.0,ipo,2010-11-12
300139,2010-11-12,856250000.0,ipo,2010-11-12
002500,2010-11-15,3118440000.0,ipo,2010-11-15
002498,2010-11-09,1800000000.0,ipo,2010-11-09
002497,2010-11-09,1220000000.0,ipo,2010-11-09
002496,2010-11-09,1217250000.0,ipo,2010-11-09
600998,2010-11-02,1950000000.0,ipo,2010-11-02
300138,2010-11-05,690000000.0,ipo,2010-11-05
300137,2010-11-05,660000000.0,ipo,2010-11-05
300136,2010-11-05,529272500.0,ipo,2010-11-05
601098,2010-10-28,4242680000.0,ipo,2010-10-28
002495,2010-11-02,832000000.0,ipo,2010-11-02
002494,2010-11-02,627000000.0,ipo,2010-11-02
002493,2010-11-02,3012800000.0,ipo,2010-11-02
002492,2010-11-02,480000000.0,ipo,2010-11-02
300135,2010-10-26,729200000.0,ipo,2010-10-26
300134,2010-10-26,1980000000.0,ipo,2010-10-26
300133,2010-10-26,960160000.0,ipo,2010-10-26
300132,2010-10-26,391000000.0,ipo,2010-10-26
002491,2010-10-21,971500000.0,ipo,2010-10-21
002490,2010-10-21,1260000000.0,ipo,2010-10-21
002489,2010-10-21,2280000000.0,ipo,2010-10-21
002488,2010-10-21,660000000.0,ipo,2010-10-21
300131,2010-10-19,428400000.0,ipo,2010-10-19
300130,2010-10-19,693280000.0,ipo,2010-10-19
300129,2010-10-19,930000000.0,ipo,2010-10-19
601377,2010-10-13,2630000000.0,ipo,2010-10-13
601177,2010-10-11,837289999.9999999,ipo,2010-10-11
002487,2010-10-15,1158000000.0,ipo,2010-10-15
002486,2010-10-15,566800000.0,ipo,2010-10-15
002485,2010-10-15,1330000000.0,ipo,2010-10-15
300128,2010-10-13,875000000.0,ipo,2010-10-13
300127,2010-10-13,738000000.0,ipo,2010-10-13
300126,2010-10-13,715700000.0,ipo,2010-10-13
300125,2010-10-13,825000000.0,ipo,2010-10-13
002484,2010-09-29,820000000.0,ipo,2010-09-29
002483,2010-09-29,1450000000.0,ipo,2010-09-29
002482,2010-09-29,2079199999.9999998,ipo,2010-09-29
601018,2010-09-28,7400000000.0,ipo,2010-09-28
300124,2010-09-28,1940759999.9999998,ipo,2010-09-28
300123,2010-09-28,635360000.0,ipo,2010-09-28
300122,2010-09-28,1519199999.9999998,ipo,2010-09-28
002481,2010-09-21,597000000.0,ipo,2010-09-21
002480,2010-09-21,1330000000.0,ipo,2010-09-21
002479,2010-09-21,1393200000.0,ipo,2010-09-21
002478,2010-09-21,1166210000.0,ipo,2010-09-21
300121,2010-09-17,312000000.0,ipo,2010-09-17
300120,2010-09-17,462000000.0,ipo,2010-09-17
300119,2010-09-17,1116000000.0,ipo,2010-09-17
002476,2010-09-15,690000000.0,ipo,2010-09-15
002475,2010-09-15,1261440000.0,ipo,2010-09-15
002474,2010-09-15,962000000.0,ipo,2010-09-15
002472,2010-09-10,840000000.0,ipo,2010-09-10
002471,2010-09-10,592000000.0,ipo,2010-09-10
002470,2010-09-08,1500000000.0,ipo,2010-09-08
002469,2010-09-08,563238000.0,ipo,2010-09-08
002468,2010-09-08,500000000.0,ipo,2010-09-08
002467,2010-09-08,780000000.0,ipo,2010-09-08
300118,2010-09-02,1890000000.0,ipo,2010-09-02
300115,2010-09-02,924500000.0,ipo,2010-09-02
002466,2010-08-31,735000000.0,ipo,2010-08-31
002465,2010-08-31,3230000000.0,ipo,2010-08-31
300113,2010-08-27,644700000.0,ipo,2010-08-27
300112,2010-08-27,313740000.0,ipo,2010-08-27
300111,2010-08-27,856800000.0,ipo,2010-08-27
300110,2010-08-25,749864000.0,ipo,2010-08-25
300109,2010-08-25,270000000.0,ipo,2010-08-25
601818,2010-08-18,21700000000.0,ipo,2010-08-18
300107,2010-08-20,642200000.0,ipo,2010-08-20
300106,2010-08-20,357000000.0,ipo,2010-08-20
300105,2010-08-20,1166000000.0,ipo,2010-08-20
601718,2010-08-16,4049500000.0,ipo,2010-08-16
002463,2010-08-18,1280000000.0,ipo,2010-08-18
002462,2010-08-18,480000000.0,ipo,2010-08-18
002461,2010-08-18,406000000.0,ipo,2010-08-18
300103,2010-08-12,475785000.0,ipo,2010-08-12
300102,2010-08-12,1327500000.0,ipo,2010-08-12
002460,2010-08-10,517500000.0,ipo,2010-08-10
002459,2010-08-10,965780000.0,ipo,2010-08-10
002458,2010-08-10,648000000.0,ipo,2010-08-10
300101,2010-08-06,560000000.0,ipo,2010-08-06
300100,2010-08-06,491385000.0,ipo,2010-08-06
300099,2010-08-06,503041000.0,ipo,2010-08-06
002457,2010-08-03,875000000.0,ipo,2010-08-03
002456,2010-08-03,720000000.0,ipo,2010-08-03
002455,2010-08-03,440000000.0,ipo,2010-08-03
601717,2010-08-03,2800000000.0,ipo,2010-08-03
300098,2010-07-28,615600000.0,ipo,2010-07-28
300097,2010-07-28,290700000.0,ipo,2010-07-28
300096,2010-07-28,435600000.0,ipo,2010-07-28
300095,2010-07-28,439920000.0,ipo,2010-07-28
002454,2010-07-20,1092000000.0,ipo,2010-07-20
002453,2010-07-20,448800000.0,ipo,2010-07-20
002452,2010-07-20,647000000.0,ipo,2010-07-20
002451,2010-07-20,366000000.0,ipo,2010-07-20
601288,2010-07-15,68529175840.00001,ipo,2010-07-15
002449,2010-07-16,1540000000.0,ipo,2010-07-16
002448,2010-07-16,512300000.0,ipo,2010-07-16
002414,2010-07-16,1950000000.0,ipo,2010-07-16
002446,2010-07-13,463320000.0,ipo,2010-07-13
002445,2010-07-13,582800000.0,ipo,2010-07-13
002444,2010-07-13,1841500000.0,ipo,2010-07-13
300094,2010-07-08,1150400000.0,ipo,2010-07-08
300093,2010-07-08,486000000.0,ipo,2010-07-08
300092,2010-07-08,368000000.0,ipo,2010-07-08
002443,2010-07-06,737000000.0,ipo,2010-07-06
002442,2010-07-06,625000000.0,ipo,2010-07-06
002441,2010-07-06,1157100000.0,ipo,2010-07-06
002440,2010-07-06,2303184000.0,ipo,2010-07-06
601000,2010-07-05,1639999999.9999998,ipo,2010-07-05
300091,2010-06-25,592200000.0,ipo,2010-06-25
002439,2010-06-23,625000000.0,ipo,2010-06-23
002438,2010-06-23,572000000.0,ipo,2010-06-23
002437,2010-06-23,1750000000.0,ipo,2010-06-23
002396,2010-06-23,1020800000.0,ipo,2010-06-23
002436,2010-06-18,1019445000.0,ipo,2010-06-18
002434,2010-06-18,1275000000.0,ipo,2010-06-18
002432,2010-06-10,600780000.0,ipo,2010-06-10
002431,2010-06-10,1350000000.0,ipo,2010-06-10
002430,2010-06-10,1278000000.0,ipo,2010-06-10
002429,2010-06-10,1680000000.0,ipo,2010-06-10
002428,2010-06-08,960000000.0,ipo,2010-06-08
002427,2010-06-08,621000000.0,ipo,2010-06-08
002426,2010-06-08,560999000.0,ipo,2010-06-08
002425,2010-06-08,594000000.0,ipo,2010-06-08
002424,2010-06-03,1480000000.0,ipo,2010-06-03
002423,2010-06-03,711000000.0,ipo,2010-06-03
002422,2010-06-03,5001600000.0,ipo,2010-06-03
002421,2010-06-03,410000000.0,ipo,2010-06-03
002420,2010-06-01,869400000.0,ipo,2010-06-01
002419,2010-06-01,2004000000.0,ipo,2010-06-01
002418,2010-06-01,719280000.0,ipo,2010-06-01
002416,2010-05-28,2250000000.0,ipo,2010-05-28
002415,2010-05-28,3400000000.0,ipo,2010-05-28
002413,2010-05-28,666000000.0,ipo,2010-05-28
300088,2010-05-26,756000000.0,ipo,2010-05-26
300087,2010-05-26,469920000.0,ipo,2010-05-26
300086,2010-05-26,1500000000.0,ipo,2010-05-26
300085,2010-05-26,420000000.0,ipo,2010-05-26
002412,2010-05-25,680200000.0,ipo,2010-05-25
002410,2010-05-25,1450000000.0,ipo,2010-05-25
002409,2010-05-25,840000000.0,ipo,2010-05-25
300084,2010-05-20,528000000.0,ipo,2010-05-20
300083,2010-05-20,900000000.0,ipo,2010-05-20
300082,2010-05-20,2295000000.0,ipo,2010-05-20
300081,2010-05-20,659260000.0,ipo,2010-05-20
300080,2010-06-25,1519000000.0,ipo,2010-06-25
002408,2010-05-18,1877200000.0,ipo,2010-05-18
002407,2010-05-18,1063530000.0,ipo,2010-05-18
002406,2010-05-18,1250200000.0,ipo,2010-05-18
002405,2010-05-18,1433600000.0,ipo,2010-05-18
002404,2010-05-11,737000000.0,ipo,2010-05-11
002403,2010-05-11,1128000000.0,ipo,2010-05-11
002402,2010-05-11,584500000.0,ipo,2010-05-11
002401,2010-05-06,351120000.0,ipo,2010-05-06
002400,2010-05-06,819880000.0,ipo,2010-05-06
002399,2010-05-06,5934800000.0,ipo,2010-05-06
002398,2010-05-06,840000000.0,ipo,2010-05-06
300079,2010-04-30,1677200000.0,ipo,2010-04-30
300078,2010-04-30,986000000.0,ipo,2010-04-30
300077,2010-04-30,2380000000.0,ipo,2010-04-30
300076,2010-04-30,886600000.0,ipo,2010-04-30
002397,2010-04-29,816000000.0,ipo,2010-04-29
002395,2010-04-29,562500000.0,ipo,2010-04-29
601369,2010-04-28,1693395909.4999998,ipo,2010-04-28
300075,2010-04-27,756000000.0,ipo,2010-04-27
300074,2010-04-27,720000000.0,ipo,2010-04-27
300073,2010-04-27,720000000.0,ipo,2010-04-27
300072,2010-04-27,800000000.0,ipo,2010-04-27
002394,2010-04-23,1215000000.0,ipo,2010-04-23
002393,2010-04-23,2070000000.0,ipo,2010-04-23
002392,2010-04-23,1417500000.0,ipo,2010-04-23
300071,2010-04-21,325000000.0,ipo,2010-04-21
300070,2010-04-21,2553000000.0,ipo,2010-04-21
300069,2010-04-21,358500000.0,ipo,2010-04-21
300068,2010-04-21,2046000000.0,ipo,2010-04-21
300067,2010-04-21,572400000.0,ipo,2010-04-21
002391,2010-04-16,1275000000.0,ipo,2010-04-16
002390,2010-04-16,716100000.0,ipo,2010-04-16
002389,2010-04-13,510000000.0,ipo,2010-04-13
002388,2010-04-13,420000000.0,ipo,2010-04-13
002387,2010-04-13,904500000.0,ipo,2010-04-13
002386,2010-04-09,1536000000.0,ipo,2010-04-09
002385,2010-04-09,2128000000.0,ipo,2010-04-09
002384,2010-04-09,1040000000.0,ipo,2010-04-09
002383,2010-04-02,1110000000.0,ipo,2010-04-02
002382,2010-04-02,700000000.0,ipo,2010-04-02
002381,2010-04-02,640000000.0,ipo,2010-04-02
601101,2010-03-31,3278000000.0,ipo,2010-03-31
002380,2010-03-31,663000000.0,ipo,2010-03-31
002379,2010-03-31,643500000.0,ipo,2010-03-31
002378,2010-03-31,559000000.0,ipo,2010-03-31
300066,2010-03-26,637000000.0,ipo,2010-03-26
300065,2010-03-26,454279999.99999994,ipo,2010-03-26
300063,2010-03-26,489600000.0,ipo,2010-03-26
601158,2010-03-29,3490000000.0,ipo,2010-03-29
002377,2010-03-23,534600000.0,ipo,2010-03-23
002376,2010-03-23,858039999.9999999,ipo,2010-03-23
002375,2010-03-23,1688580000.0,ipo,2010-03-23
300062,2010-03-19,483600000.0,ipo,2010-03-19
300061,2010-03-19,270000000.0,ipo,2010-03-19
300059,2010-03-19,1420300000.0,ipo,2010-03-19
002374,2010-03-18,321300000.0,ipo,2010-03-18
002373,2010-03-18,490000000.0,ipo,2010-03-18
002372,2010-03-18,1139298000.0,ipo,2010-03-18
002371,2010-03-16,546480000.0,ipo,2010-03-16
002370,2010-03-16,480000000.0,ipo,2010-03-16
002369,2010-03-16,564500000.0,ipo,2010-03-16
002368,2010-03-12,725000000.0,ipo,2010-03-12
002367,2010-03-12,907850000.0,ipo,2010-03-12
002366,2010-03-12,502500000.0,ipo,2010-03-12
002365,2010-03-05,728500000.0,ipo,2010-03-05
002364,2010-03-05,375480000.0,ipo,2010-03-05
002363,2010-03-05,540000000.0,ipo,2010-03-05
601688,2010-02-26,15691225500.0,ipo,2010-02-26
002362,2010-03-03,1131300000.0,ipo,2010-03-03
002361,2010-03-03,340000000.0,ipo,2010-03-03
002360,2010-03-03,359700000.0,ipo,2010-03-03
601678,2010-02-23,2090000000.0,ipo,2010-02-23
300058,2010-02-26,677200000.0,ipo,2010-02-26
300057,2010-02-26,974140000.0,ipo,2010-02-26
300056,2010-02-26,280670000.0,ipo,2010-02-26
300055,2010-02-26,1445180000.0,ipo,2010-02-26
300054,2010-02-11,458250000.0,ipo,2010-02-11
300053,2010-02-11,425000000.0,ipo,2010-02-11
300052,2010-02-11,750000000.0,ipo,2010-02-11
300051,2010-02-11,459000000.0,ipo,2010-02-11
601106,2010-02-09,11400000000.0,ipo,2010-02-09
002358,2010-02-10,572000000.0,ipo,2010-02-10
002357,2010-02-10,314370000.0,ipo,2010-02-10
002356,2010-02-09,730000000.0,ipo,2010-02-09
002355,2010-02-09,762700000.0,ipo,2010-02-09
002354,2010-02-09,289755000.0,ipo,2010-02-09
002353,2010-02-05,1725500000.0,ipo,2010-02-05
002352,2010-02-05,624000000.0,ipo,2010-02-05
002351,2010-02-05,1239500000.0,ipo,2010-02-05
002350,2010-02-03,648000000.0,ipo,2010-02-03
002349,2010-02-03,396000000.0,ipo,2010-02-03
002348,2010-02-03,835240000.0,ipo,2010-02-03
601179,2010-01-28,10325300000.0,ipo,2010-01-28
002347,2010-01-28,585000000.0,ipo,2010-01-28
002346,2010-01-28,696500000.0,ipo,2010-01-28
002345,2010-01-28,990000000.0,ipo,2010-01-28
002344,2010-01-26,1400000000.0,ipo,2010-01-26
002343,2010-01-26,775000000.0,ipo,2010-01-26
002342,2010-01-26,1200000000.0,ipo,2010-01-26
601877,2010-01-21,2517900000.0,ipo,2010-01-21
002340,2010-01-22,746560000.0,ipo,2010-01-22
002339,2010-01-22,550000000.0,ipo,2010-01-22
300050,2010-01-20,1232000000.0,ipo,2010-01-20
300049,2010-01-20,550620000.0,ipo,2010-01-20
300048,2010-01-20,1024799999.9999999,ipo,2010-01-20
300047,2010-01-20,810000000.0,ipo,2010-01-20
300046,2010-01-20,619500000.0,ipo,2010-01-20
300045,2010-01-20,521900000.0,ipo,2010-01-20
300044,2010-01-20,440000000.0,ipo,2010-01-20
300043,2010-01-20,580536000.0,ipo,2010-01-20
601801,2010-01-18,1298000000.0,ipo,2010-01-18
002338,2010-01-15,440000000.0,ipo,2010-01-15
002337,2010-01-15,930000000.0,ipo,2010-01-15
002335,2010-01-13,533325000.0,ipo,2010-01-13
002334,2010-01-13,768000000.0,ipo,2010-01-13
920238,2026-07-15,341822106.0,secondary,
920176,2026-07-13,195672800.0,secondary,
920079,2026-07-08,718000000.0,secondary,
600358,2026-07-07,2106299996.8000002,secondary,
920117,2026-07-06,400461853.48999995,secondary,
300204,2026-07-03,1252999980.9,secondary,
920081,2026-07-01,735110000.0,secondary,
301489,2026-06-30,465913798.68,secondary,
920189,2026-06-29,172649400.0,secondary,
688401,2026-06-29,1001999954.08,secondary,
301160,2026-06-26,70299993.69,secondary,
002559,2026-06-25,657583954.02,secondary,
920136,2026-06-24,385600000.0,secondary,
920222,2026-06-22,129627239.0,secondary,
002128,2026-06-18,4499999946.0,secondary,
920193,2026-06-17,238560000.0,secondary,
688981,2026-06-17,40600909816.6,secondary,
603859,2026-06-17,999999959.04,secondary,
920072,2026-06-15,231176000.0,secondary,
002456,2026-06-12,1463150043.5800002,secondary,
603082,2026-06-12,111999941.9,secondary,
601005,2026-06-11,999999999.24,secondary,
688012,2026-06-11,1499999803.2,secondary,
688072,2026-06-11,4599999731.72,secondary,
920126,2026-06-03,362390800.0,secondary,
688012,2026-06-02,1523461161.25,secondary,
688322,2026-06-02,979999924.0,secondary,
300666,2026-06-01,1927828904.0,secondary,
920083,2026-06-01,215362610.85,secondary,
688590,2026-06-01,299999986.77,secondary,
601113,2026-06-01,707500000.0,secondary,
000599,2026-05-28,799999997.8,secondary,
920206,2026-05-27,241476944.0,secondary,
600889,2026-05-26,439999991.2,secondary,
688629,2026-05-25,972399876.5,secondary,
920211,2026-05-25,161216000.0,secondary,
601111,2026-05-22,19999999997.100002,secondary,
300249,2026-05-21,311219199.1,secondary,
300995,2026-05-20,274999993.17,secondary,
920218,2026-05-20,285463103.9,secondary,
002281,2026-05-19,3499999869.3,secondary,
301488,2026-05-18,1045939001.76,secondary,
920161,2026-05-18,313126185.0,secondary,
000958,2026-05-14,4999999997.8,secondary,
920220,2026-05-13,374595019.08,secondary,
002128,2026-05-12,9588305029.380001,secondary,
000722,2026-05-08,831844878.8,secondary,
920096,2026-05-06,259740000.0,secondary,
300984,2026-04-28,720509981.1899999,secondary,
920178,2026-04-27,405099924.59999996,secondary,
920200,2026-04-22,471487799.99999994,secondary,
920186,2026-04-20,842920000.0,secondary,
603906,2026-04-20,1879999986.5700002,secondary,
002858,2026-04-16,329999990.0,secondary,
603477,2026-04-15,227065985.49,secondary,
920156,2026-04-15,504831600.0,secondary,
002079,2026-04-15,886799998.26,secondary,
603215,2026-04-15,482474885.73999995,secondary,
603667,2026-04-14,999999968.0,secondary,
300782,2026-04-13,3474999922.64,secondary,
920125,2026-04-13,223695000.0,secondary,
600459,2026-04-13,1290999997.62,secondary,
003007,2026-04-13,661885597.76,secondary,
002239,2026-04-10,499649998.92,secondary,
002230,2026-04-10,3999999986.8399997,secondary,
300252,2026-04-10,277736898.21,secondary,
301607,2026-04-10,528222181.68,secondary,
920191,2026-04-09,341938500.0,secondary,
001216,2026-04-08,699999999.48,secondary,
920177,2026-04-07,285144000.0,secondary,
300735,2026-04-07,771863295.76,secondary,
688368,2026-04-03,1799999925.5,secondary,
300395,2026-04-02,299999948.48,secondary,
920012,2026-04-01,241408575.09999996,secondary,
000599,2026-03-30,4923775291.71,secondary,
920181,2026-03-30,302400000.0,secondary,
688520,2026-03-25,900000000.0,secondary,
920011,2026-03-25,320333338.5,secondary,
688293,2026-03-24,362049828.0,secondary,
601088,2026-03-24,19999999961.100002,secondary,
920055,2026-03-23,419900000.0,secondary,
920069,2026-03-18,194511864.0,secondary,
300779,2026-03-16,849999979.74,secondary,
920188,2026-03-16,308784499.91999996,secondary,
601088,2026-03-13,40079504312.4,secondary,
601121,2026-03-11,559999998.37,secondary,
920028,2026-03-11,386246000.0,secondary,
301358,2026-03-10,4787999968.93,secondary,
003013,2026-03-09,127774990.0,secondary,
920078,2026-03-09,160540000.0,secondary,
601868,2026-03-06,6499999997.849999,secondary,
688226,2026-03-06,295625377.68,secondary,
603578,2026-03-06,576238898.36,secondary,
000905,2026-03-06,5251268952.96,secondary,
002615,2026-03-06,754899999.3000001,secondary,
300650,2026-03-05,179999993.34,secondary,
300711,2026-03-05,749999993.74,secondary,
603089,2026-03-05,449999993.43,secondary,
688368,2026-03-05,2033356730.54,secondary,
000962,2026-03-03,1189899988.6799998,secondary,
600889,2026-03-02,875940624.13,secondary,
000151,2026-03-02,151462894.01999998,secondary,
920036,2026-02-26,292790360.0,secondary,
920183,2026-02-24,207487564.20000002,secondary,
600356,2026-02-13,254142289.5,secondary,
603318,2026-02-11,499999997.62000006,secondary,
000878,2026-02-11,1499999992.18,secondary,
920187,2026-02-11,462072000.0,secondary,
688609,2026-02-09,181769995.44,secondary,
603192,2026-02-09,579999999.5999999,secondary,
920168,2026-02-09,303889278.00000006,secondary,
688321,2026-02-06,949999997.4399999,secondary,
688400,2026-02-06,695281985.58,secondary,
688293,2026-02-05,511935079.04,secondary,
688293,2026-02-05,91420658.56,secondary,
920166,2026-02-04,142757651.52,secondary,
688216,2026-02-04,158869000.0,secondary,
603299,2026-02-03,1799999993.5200002,secondary,
003013,2026-02-03,511099996.86,secondary,
605218,2026-02-02,479999988.6100001,secondary,
300016,2026-02-02,158999999.6,secondary,
605488,2026-02-02,706999968.8399999,secondary,
600469,2026-02-02,1099999995.85,secondary,
920180,2026-02-02,226500944.54,secondary,
688386,2026-01-30,671498724.0,secondary,
300407,2026-01-30,299999998.17,secondary,
600418,2026-01-29,3499999991.52,secondary,
603256,2026-01-29,994606389.4499999,secondary,
300473,2026-01-29,82699997.10000001,secondary,
300277,2026-01-28,10985359552.75,secondary,
000973,2026-01-28,4679999799.24,secondary,
000973,2026-01-28,999999997.71,secondary,
301236,2026-01-26,3348320273.13,secondary,
600863,2026-01-23,2649999995.2400002,secondary,
002967,2026-01-23,1299999985.0600002,secondary,
600313,2026-01-22,406961072.84,secondary,
920119,2026-01-21,670080000.0,secondary,
601121,2026-01-19,595749998.1625,secondary,
603196,2026-01-19,155800000.0,secondary,
603196,2026-01-19,1160999954.44,secondary,
920159,2026-01-19,400000000.0,secondary,
002761,2026-01-15,449999996.52,secondary,
600733,2026-01-14,5999999995.08,secondary,
920076,2026-01-14,194162618.28,secondary,
603220,2026-01-14,1920234782.07,secondary,
002851,2026-01-14,2663010593.51,secondary,
920050,2026-01-12,270378947.32,secondary,
002761,2026-01-09,1283180289.05,secondary,
601789,2026-01-06,1527200571.63,secondary,
600863,2026-01-06,2670651180.38,secondary,
920086,2026-01-06,243927200.0,secondary,
000958,2025-12-31,40285426295.52,secondary,
002379,2025-12-31,63517935357.659996,secondary,
000878,2025-12-31,2323510478.92,secondary,
000713,2025-12-29,1088648559.54,secondary,
688378,2025-12-26,275712088.9,secondary,
920174,2025-12-25,2277786305.35,secondary,
300129,2025-12-24,1175929127.8799999,secondary,
002915,2025-12-24,185999996.35,secondary,
000032,2025-12-24,1199999996.58,secondary,
300827,2025-12-24,1648599970.5,secondary,
600819,2025-12-24,299999998.68,secondary,
920045,2025-12-23,323797500.0,secondary,
601003,2025-12-23,299999998.2,secondary,
300473,2025-12-20,269999998.8,secondary,
600004,2025-12-17,1599999994.0,secondary,
920121,2025-12-16,280261240.77000004,secondary,
688379,2025-12-16,198999977.47,secondary,
000065,2025-12-15,959999998.1,secondary,
603991,2025-12-12,999999990.0,secondary,
688126,2025-12-11,2104999989.78,secondary,
600575,2025-12-09,9940009248.15,secondary,
600789,2025-12-09,1199999995.74,secondary,
603685,2025-12-05,429528246.28,secondary,
600299,2025-12-05,2999999999.36,secondary,
603991,2025-12-05,2021542784.0,secondary,
601990,2025-12-05,4999999994.61,secondary,
603236,2025-12-04,2229584835.6499996,secondary,
688535,2025-12-04,799999920.84,secondary,
300913,2025-12-03,1194999961.18,secondary,
002753,2025-11-27,364999996.14,secondary,
002307,2025-11-27,1548584019.18,secondary,
002780,2025-11-25,72999991.53,secondary,
300903,2025-11-25,286999995.66999996,secondary,
688126,2025-11-20,6715556464.94,secondary,
300319,2025-11-19,101399996.28,secondary,
920035,2025-11-18,174966000.0,secondary,
002976,2025-11-17,632026479.2800001,secondary,
300011,2025-11-13,224205900.0,secondary,
603901,2025-11-13,299999991.22999996,secondary,
600918,2025-11-12,5999999994.799999,secondary,
688059,2025-11-11,199999984.42000002,secondary,
920124,2025-11-11,322007629.14,secondary,
600292,2025-11-07,23575999987.05,secondary,
301518,2025-11-07,155299977.85,secondary,
920091,2025-11-05,135000000.0,secondary,
920160,2025-11-03,189744000.0,secondary,
688535,2025-10-29,319999860.7,secondary,
920003,2025-10-28,199780000.0,secondary,
002953,2025-10-23,229999997.37,secondary,
603099,2025-10-23,235849472.79999998,secondary,
920009,2025-10-22,136800000.0,secondary,
000883,2025-10-17,2899999998.3999996,secondary,
600479,2025-10-16,619841380.59,secondary,
920020,2025-10-15,331875000.0,secondary,
603982,2025-10-14,199999995.54000002,secondary,
600684,2025-10-14,737631595.1999999,secondary,
600756,2025-10-13,278532300.0,secondary,
603329,2025-10-13,299999998.14,secondary,
688143,2025-10-09,140619953.2,secondary,
688361,2025-09-29,2499999950.0,secondary,
002553,2025-09-26,140812903.17000002,secondary,
300471,2025-09-26,421694471.25,secondary,
600933,2025-09-25,615037483.9,secondary,
920158,2025-09-24,159900000.0,secondary,
600026,2025-09-24,7999999994.88,secondary,
002562,2025-09-23,436749995.52,secondary,
688683,2025-09-23,159599722.16,secondary,
688018,2025-09-22,1777876643.52,secondary,
920080,2025-09-22,165000000.0,secondary,
688256,2025-09-22,3985327168.92,secondary,
601619,2025-09-22,1199999998.99,secondary,
000410,2025-09-19,1699999999.5400002,secondary,
688301,2025-09-19,1173622655.6,secondary,
605333,2025-09-19,884999989.5,secondary,
688102,2025-09-18,599999992.46,secondary,
001208,2025-09-17,1214899990.08,secondary,
920015,2025-09-16,592900006.05,secondary,
600025,2025-09-15,5824999992.110001,secondary,
603031,2025-09-11,204036785.76,secondary,
600150,2025-09-11,114769507202.70001,secondary,
300476,2025-09-10,1899999869.44,secondary,
002920,2025-09-10,4398799965.0,secondary,
688082,2025-09-10,4481999961.86,secondary,
688506,2025-09-09,3763999989.0,secondary,
920022,2025-09-09,171130000.0,secondary,
688093,2025-09-05,599999990.1999999,secondary,
600732,2025-09-04,3499999995.54,secondary,
000061,2025-09-03,1964139996.94,secondary,
001255,2025-09-02,142999973.12,secondary,
603009,2025-09-01,299999963.55,secondary,
600416,2025-08-29,1999999988.7,secondary,
688636,2025-08-29,208399976.80999997,secondary,
603031,2025-08-27,961950297.5400001,secondary,
002736,2025-08-27,5191837884.75,secondary,
920100,2025-08-26,158940000.0,secondary,
920112,2025-08-19,299820000.0,secondary,
002824,2025-08-15,499999994.97,secondary,
920056,2025-08-13,106563800.0,secondary,
301297,2025-08-12,782593771.77,secondary,
002922,2025-08-11,400000013.49,secondary,
920018,2025-08-11,281352316.91,secondary,
002278,2025-08-08,219999999.72,secondary,
688469,2025-08-08,5306951966.88,secondary,
301011,2025-08-07,148599987.39000002,secondary,
600498,2025-08-06,1099999990.46,secondary,
600027,2025-08-05,3427999998.84,secondary,
920101,2025-08-05,373992706.08,secondary,
000100,2025-08-05,4359411106.54,secondary,
603268,2025-08-04,3999999976.6400003,secondary,
000635,2025-07-31,683755617.71,secondary,
920007,2025-07-29,268759970.0,secondary,
603026,2025-07-28,999999976.34,secondary,
000707,2025-07-24,708959996.64,secondary,
688536,2025-07-23,383379903.0,secondary,
300539,2025-07-22,587999996.76,secondary,
920005,2025-07-22,223200000.0,secondary,
688172,2025-07-21,4019999989.96,secondary,
301162,2025-07-09,377661177.40000004,secondary,
301066,2025-07-09,599999995.98,secondary,
301297,2025-07-08,6190097242.1,secondary,
600272,2025-07-07,158984235.05,secondary,
688160,2025-07-03,464999940.36,secondary,
688196,2025-07-03,299999967.4,secondary,
600184,2025-07-02,1019999993.18,secondary,
000100,2025-07-01,4359411108.5199995,secondary,
600331,2025-06-27,2852928000.0,secondary,
600536,2025-06-25,1999999988.91,secondary,
601939,2025-06-23,104999999995.38,secondary,
002112,2025-06-23,197756409.94,secondary,
600458,2025-06-19,1299999998.6399999,secondary,
601658,2025-06-17,129999999989.34,secondary,
300073,2025-06-17,999999975.24,secondary,
920037,2025-06-17,200000000.0,secondary,
601328,2025-06-13,119999999988.78,secondary,
601988,2025-06-13,164999999997.88998,secondary,
600027,2025-06-13,3428259447.85,secondary,
601162,2025-06-12,3999999999.6,secondary,
600760,2025-06-12,4000000000.0,secondary,
002384,2025-06-12,1403999991.74,secondary,
688521,2025-06-12,1806856851.88,secondary,
000410,2025-06-06,1724152739.6200001,secondary,
000561,2025-06-04,889999974.86,secondary,
603079,2025-06-03,267609990.0,secondary,
603088,2025-05-29,179999997.12,secondary,
920027,2025-05-27,168182900.0,secondary,
001207,2025-05-26,299999985.32000005,secondary,
603268,2025-05-23,7493289671.76,secondary,
600935,2025-05-23,199999998.76,secondary,
603209,2025-05-21,642600000.0,secondary,
300757,2025-05-21,383999902.55,secondary,
300918,2025-05-09,999999994.0,secondary,
300757,2025-05-08,384229297.8,secondary,
603088,2025-05-06,179999985.96,secondary,
920068,2025-04-28,236400000.0,secondary,
603358,2025-04-22,296999983.5,secondary,
000998,2025-04-17,1199999994.81,secondary,
688138,2025-04-17,1200000000.0,secondary,
688116,2025-04-17,799999963.2199999,secondary,
603416,2025-04-16,385784789.90999997,secondary,
002840,2025-04-11,1599999993.0000002,secondary,
688192,2025-04-03,1795886744.0,secondary,
600648,2025-04-03,2474685295.88,secondary,
600875,2025-03-31,4123189647.33,secondary,
688525,2025-03-28,1899999971.52,secondary,
300648,2025-03-27,636999996.16,secondary,
601127,2025-03-25,8163951971.58,secondary,
688065,2025-03-24,5926068112.349999,secondary,
300537,2025-03-24,143499983.41,secondary,
000561,2025-03-22,897196841.97,secondary,
605133,2025-03-21,877900578.28,secondary,
300286,2025-03-21,799999995.4,secondary,
000657,2025-03-18,1799999998.0,secondary,
920029,2025-03-18,1016717343.4599999,secondary,
601211,2025-03-13,82784600521.56,secondary,
603358,2025-03-12,296999950.59000003,secondary,
600521,2025-03-10,599999994.54,secondary,
600548,2025-03-06,4702819999.17,secondary,
605020,2025-03-03,1735999999.0,secondary,
601211,2025-02-28,9999999993.720001,secondary,
605300,2025-02-28,724999998.01,secondary,
300034,2025-02-27,279999995.5,secondary,
688085,2025-02-27,213999988.12000003,secondary,
600428,2025-02-26,3499999996.6400003,secondary,
002046,2025-02-25,114741068.08999999,secondary,
000922,2025-02-21,1111526062.92,secondary,
601456,2025-02-20,1999999995.07,secondary,
600886,2025-02-19,6999999994.8,secondary,
300772,2025-02-17,699999993.0,secondary,
600057,2025-02-14,3219759787.86,secondary,
603321,2025-02-14,237999994.54,secondary,
301278,2025-02-12,186153987.0,secondary,
300426,2025-02-11,412635213.9,secondary,
688085,2025-02-08,214826821.4,secondary,
300682,2025-02-08,212399982.6,secondary,
300319,2025-01-22,101399958.7,secondary,
920108,2025-01-17,111400000.0,secondary,
300926,2025-01-17,299999983.40999997,secondary,
603856,2025-01-10,250773478.79999998,secondary,
302132,2025-01-06,17439142891.719997,secondary,
300848,2025-01-03,196989089.12,secondary,
301109,2024-12-30,768281696.0,secondary,
000657,2024-12-30,4794524089.84,secondary,
601456,2024-12-30,29491805456.05,secondary,
603683,2024-12-27,227390093.92,secondary,
601985,2024-12-25,13999999990.17,secondary,
600765,2024-12-24,1889392962.24,secondary,
920116,2024-12-24,190300000.0,secondary,
002978,2024-12-20,1703758992.0,secondary,
600378,2024-12-19,4499999977.6,secondary,
605007,2024-12-17,833934685.26,secondary,
920082,2024-12-17,116883000.0,secondary,
688027,2024-12-16,1775094651.1399999,secondary,
688017,2024-12-16,1413099192.6,secondary,
000791,2024-12-13,1899999995.67,secondary,
001309,2024-12-13,989598727.6,secondary,
688226,2024-12-13,578100000.0,secondary,
000737,2024-12-13,965499956.4,secondary,
300013,2024-12-12,418769171.25,secondary,
920106,2024-12-10,115947000.0,secondary,
601968,2024-12-05,697999998.54,secondary,
002006,2024-12-03,943001889.6,secondary,
688050,2024-11-28,284614308.0,secondary,
002521,2024-11-28,274575970.2,secondary,
605128,2024-11-28,380999996.52,secondary,
301109,2024-11-27,1537766819.68,secondary,
920098,2024-11-26,210000000.0,secondary,
600283,2024-11-26,581020898.64,secondary,
002188,2024-11-22,167295998.76,secondary,
000791,2024-11-22,6527929007.940001,secondary,
300811,2024-11-21,299999959.05,secondary,
601111,2024-11-20,5999999995.08,secondary,
920128,2024-11-18,164160000.0,secondary,
002062,2024-11-15,499999998.19,secondary,
300623,2024-11-14,478999463.6,secondary,
002170,2024-11-08,499999999.28000003,secondary,
920060,2024-11-08,345960000.0,secondary,
600549,2024-11-08,3527249980.8,secondary,
000875,2024-11-06,4252277256.16,secondary,
688408,2024-11-04,1101289994.0,secondary,
003005,2024-11-01,359999997.21,secondary,
688768,2024-10-30,159999991.89999998,secondary,
002319,2024-10-29,127499984.60000001,secondary,
000966,2024-10-29,2999999999.7,secondary,
920111,2024-10-29,242687500.0,secondary,
002957,2024-10-28,111749987.52,secondary,
300084,2024-10-25,443332598.52,secondary,
002613,2024-10-25,499999997.52,secondary,
600644,2024-10-24,199999996.59,secondary,
000088,2024-10-23,4002264398.1,secondary,
600405,2024-10-23,186999999.6,secondary,
920066,2024-10-22,143989296.99,secondary,
003043,2024-10-18,284171965.56,secondary,
920088,2024-10-18,153720000.0,secondary,
300143,2024-10-18,969999999.36,secondary,
002741,2024-10-17,699999955.56,secondary,
600373,2024-10-16,454233993.64,secondary,
688639,2024-10-14,699999981.4,secondary,
300474,2024-10-14,3833459312.79,secondary,
300729,2024-10-11,399999990.0,secondary,
300229,2024-10-11,899999991.69,secondary,
300623,2024-09-30,660399936.0400001,secondary,
000800,2024-09-27,1999999995.4,secondary,
603112,2024-09-26,209999998.48,secondary,
301029,2024-09-25,870010811.28,secondary,
603722,2024-09-24,215179854.12,secondary,
600720,2024-09-24,1632538458.84,secondary,
688337,2024-09-23,49999981.16,secondary,
300576,2024-09-23,243999990.32999998,secondary,
920019,2024-09-18,219386811.0,secondary,
003043,2024-09-18,284171894.40000004,secondary,
920099,2024-09-10,304000000.0,secondary,
920016,2024-09-03,112125000.0,secondary,
002666,2024-08-21,99999998.01,secondary,
920008,2024-08-20,92000000.0,secondary,
688337,2024-08-20,251999839.95375,secondary,
688559,2024-08-13,1019599999.9999999,secondary,
920118,2024-08-13,124100000.0,secondary,
002791,2024-08-13,601940691.93,secondary,
002590,2024-08-07,410999896.93,secondary,
002947,2024-07-24,755999869.63,secondary,
600217,2024-07-23,882299962.4799999,secondary,
600378,2024-07-23,7243863348.24,secondary,
002385,2024-07-22,699999998.22,secondary,
603619,2024-07-18,1184428859.0,secondary,
603823,2024-07-16,49199764.0,secondary,
600038,2024-07-11,2999999973.4599996,secondary,
300348,2024-07-05,417166857.6,secondary,
603348,2024-07-01,1046999809.92,secondary,
000925,2024-06-26,683599854.0,secondary,
601608,2024-06-25,828462796.8000001,secondary,
600663,2024-06-18,1799999998.1999998,secondary,
000736,2024-06-12,443799876.08,secondary,
605117,2024-06-07,1999999987.2,secondary,
000155,2024-05-30,2265209493.75,secondary,
300115,2024-05-24,1359999991.1999998,secondary,
603520,2024-05-23,934979955.0,secondary,
920002,2024-05-21,103699999.99999999,secondary,
603768,2024-05-21,399999995.46,secondary,
000949,2024-04-26,868999975.6800001,secondary,
002661,2024-04-22,97167315.0,secondary,
000537,2024-04-22,1799999994.24,secondary,
000582,2024-04-16,3599999996.2400002,secondary,
600792,2024-04-11,438000000.0,secondary,
603368,2024-04-11,699999995.0,secondary,
688155,2024-04-08,632399804.67,secondary,
002899,2024-04-03,386099996.64000005,secondary,
000155,2024-04-03,2265209491.16,secondary,
603997,2024-04-02,1183000000.0,secondary,
002783,2024-04-02,849999994.5600001,secondary,
002965,2024-03-29,875940000.0,secondary,
688305,2024-03-28,599999986.62,secondary,
920931,2024-03-27,155000000.0,secondary,
605589,2024-03-27,875265903.88,secondary,
002897,2024-03-21,533323791.23999995,secondary,
002996,2024-03-21,599999999.3000001,secondary,
603917,2024-03-21,596937600.0,secondary,
920123,2024-03-20,46160000.0,secondary,
300655,2024-03-20,449999995.5,secondary,
000919,2024-03-19,749999998.08,secondary,
603920,2024-03-19,1793056493.6,secondary,
600773,2024-03-15,999999997.1800001,secondary,
600933,2024-03-15,1199999992.4799998,secondary,
002716,2024-03-15,301732499.93,secondary,
002703,2024-03-14,349999995.66999996,secondary,
600038,2024-03-14,5078278817.099999,secondary,
600028,2024-03-13,11999999999.939999,secondary,
920438,2024-03-13,200000000.0,secondary,
000510,2024-03-08,132254085.6,secondary,
300659,2024-03-07,504999988.29,secondary,
300482,2024-03-05,699999990.0,secondary,
300972,2024-03-01,199999999.5,secondary,
688577,2024-02-29,138420008.91,secondary,
920706,2024-02-28,148961547.0,secondary,
002902,2024-02-27,416999994.29999995,secondary,
300612,2024-02-26,294903294.0,secondary,
300846,2024-02-23,353212797.0,secondary,
002716,2024-02-19,1206930088.9099998,secondary,
600729,2024-02-19,4717398860.66,secondary,
605008,2024-02-02,50004720.0,secondary,
002224,2024-02-01,724999999.46,secondary,
603398,2024-01-29,1417889324.86,secondary,
688519,2024-01-26,100092300.00000001,secondary,
920656,2024-01-24,398000000.0,secondary,
300616,2024-01-18,399999989.0,secondary,
920496,2024-01-17,149500000.0,secondary,
603185,2024-01-15,2699999985.7999997,secondary,
688566,2024-01-11,198161716.29,secondary,
000619,2024-01-10,499999998.96000004,secondary,
601689,2024-01-09,3514826899.52,secondary,
920403,2024-01-08,147392000.0,secondary,
000782,2024-01-08,594157072.5,secondary,
920047,2024-01-05,230799997.43,secondary,
603818,2024-01-05,545296465.94,secondary,
920806,2024-01-03,335520668.21,secondary,
603396,2024-01-03,999999986.44,secondary,
300565,2023-12-29,523809926.72,secondary,
300305,2023-12-28,693880187.4,secondary,
301045,2023-12-27,117059988.76,secondary,
300449,2023-12-27,517484178.0,secondary,
920690,2023-12-26,112080000.0,secondary,
001215,2023-12-26,589999978.36,secondary,
002909,2023-12-26,169602361.5,secondary,
300140,2023-12-25,2999999998.4,secondary,
000504,2023-12-25,275999987.12,secondary,
688707,2023-12-25,1093099957.0,secondary,
002109,2023-12-25,899999999.86,secondary,
002124,2023-12-21,1197979974.78,secondary,
002878,2023-12-21,599999999.4,secondary,
000819,2023-12-21,973536765.8000001,secondary,
003038,2023-12-21,879999982.08,secondary,
300701,2023-12-20,109139969.83,secondary,
002863,2023-12-20,518809319.6,secondary,
688121,2023-12-20,412527988.88,secondary,
000697,2023-12-19,1090032859.97,secondary,
300243,2023-12-19,104999993.27999999,secondary,
003029,2023-12-19,179708685.17000002,secondary,
600345,2023-12-19,649999990.52,secondary,
000926,2023-12-18,813509977.28,secondary,
920363,2023-12-18,139533335.76,secondary,
002439,2023-12-15,4062623721.45,secondary,
002572,2023-12-15,613699995.86,secondary,
002895,2023-12-14,660100000.0,secondary,
300620,2023-12-14,179999997.8,secondary,
000088,2023-12-14,8512831684.719999,secondary,
301160,2023-12-13,107171987.08999999,secondary,
300162,2023-12-12,461300000.0,secondary,
920061,2023-12-12,124515617.0,secondary,
002735,2023-12-11,929125801.95,secondary,
688016,2023-12-08,1809228682.98,secondary,
920284,2023-12-08,84000000.0,secondary,
600345,2023-12-08,1107073018.52,secondary,
002986,2023-12-08,954580300.8000001,secondary,
002045,2023-12-08,1384098595.72,secondary,
000531,2023-12-07,1350899999.68,secondary,
601279,2023-12-07,487869973.24,secondary,
920375,2023-12-06,115200000.0,secondary,
001201,2023-12-06,924755924.56,secondary,
300619,2023-12-01,642719699.92,secondary,
920547,2023-11-30,257868000.00000003,secondary,
688333,2023-11-29,3028546111.5,secondary,
300707,2023-11-29,355600000.0,secondary,
600596,2023-11-24,1799999994.47,secondary,
600720,2023-11-24,13072703083.83,secondary,
920703,2023-11-24,351750000.0,secondary,
002759,2023-11-23,894999954.1600001,secondary,
300404,2023-11-22,82669995.03,secondary,
920579,2023-11-22,249600000.0,secondary,
300520,2023-11-21,811547993.88,secondary,
002458,2023-11-20,1159999995.7,secondary,
603031,2023-11-20,1243872000.0,secondary,
000552,2023-11-16,1999999998.0000002,secondary,
920570,2023-11-15,152918000.0,secondary,
300629,2023-11-14,246000000.0,secondary,
603087,2023-11-14,773151876.0,secondary,
300340,2023-11-13,584010000.0,secondary,
300446,2023-11-10,2099999994.3,secondary,
000503,2023-11-10,794483087.84,secondary,
000831,2023-11-10,2096660658.6000001,secondary,
600460,2023-11-08,4960000000.0,secondary,
920132,2023-11-06,105600000.00000001,secondary,
000541,2023-11-03,1094551796.38,secondary,
002893,2023-11-02,425880000.0,secondary,
920522,2023-11-01,300000000.0,secondary,
000779,2023-10-31,759999995.04,secondary,
920833,2023-10-30,120000000.0,secondary,
300537,2023-10-27,99999998.07000001,secondary,
920679,2023-10-27,188305400.0,secondary,
603313,2023-10-26,799999995.48,secondary,
003031,2023-10-25,2499999936.5,secondary,
920130,2023-10-25,111505000.0,secondary,
688299,2023-10-25,49999990.95,secondary,
603659,2023-10-24,2820599750.64,secondary,
920493,2023-10-20,290000000.0,secondary,
000750,2023-10-19,3192189984.57,secondary,
300128,2023-10-17,738000000.0,secondary,
600367,2023-10-17,579999997.22,secondary,
300212,2023-10-17,1580699813.49,secondary,
600325,2023-10-16,5124450000.0,secondary,
688536,2023-10-16,1800998982.47,secondary,
002708,2023-10-13,569999999.1800001,secondary,
688360,2023-10-12,275674300.21999997,secondary,
002694,2023-10-12,467804160.0,secondary,
920693,2023-10-11,63600000.0,secondary,
002465,2023-10-09,1855449997.42,secondary,
300279,2023-10-09,47499996.18,secondary,
920026,2023-10-09,320320000.0,secondary,
300940,2023-09-28,519999995.2,secondary,
688315,2023-09-28,332160000.0,secondary,
300848,2023-09-27,234999998.08,secondary,
920786,2023-09-26,261350000.0,secondary,
300850,2023-09-26,349999976.64,secondary,
002785,2023-09-25,403999976.75,secondary,
603286,2023-09-22,398139992.58,secondary,
002864,2023-09-21,301999974.59999996,secondary,
603002,2023-09-21,1168299971.4,secondary,
000733,2023-09-20,2517999978.9500003,secondary,
920978,2023-09-20,132660000.0,secondary,
000962,2023-09-20,674627088.84,secondary,
002003,2023-09-19,1195399992.8500001,secondary,
688529,2023-09-19,832896000.0,secondary,
002695,2023-09-18,449999998.56,secondary,
002843,2023-09-15,608056184.0400001,secondary,
001979,2023-09-14,8499999997.83,secondary,
920665,2023-09-13,188400000.0,secondary,
688698,2023-09-11,788549809.64,secondary,
300909,2023-09-11,149999996.85999998,secondary,
688005,2023-09-08,1334091205.22,secondary,
920469,2023-09-06,129504000.0,secondary,
920519,2023-09-05,178600000.0,secondary,
605389,2023-09-01,205595949.9,secondary,
300850,2023-08-30,728816111.52,secondary,
920627,2023-08-30,138000000.0,secondary,
002536,2023-08-29,779999999.2199999,secondary,
002272,2023-08-24,255848129.99999997,secondary,
300438,2023-08-22,1520939825.52,secondary,
300464,2023-08-22,499999996.32,secondary,
300604,2023-08-22,276699996.0,secondary,
002182,2023-08-22,1104220000.0,secondary,
300151,2023-08-22,413700000.0,secondary,
688508,2023-08-18,968838792.46,secondary,
600986,2023-08-18,799999997.05,secondary,
600212,2023-08-17,452825000.0,secondary,
603668,2023-08-17,299999986.8,secondary,
603527,2023-08-17,725620224.0,secondary,
003031,2023-08-14,3830986563.7400002,secondary,
600072,2023-08-14,8742585440.75,secondary,
920976,2023-08-14,130810000.00000001,secondary,
002984,2023-08-11,2799999977.4300003,secondary,
000862,2023-08-11,1368458615.54,secondary,
300684,2023-08-11,299999993.28,secondary,
002009,2023-08-10,299999989.38,secondary,
688378,2023-08-10,91456033.53,secondary,
300067,2023-08-10,253999998.4,secondary,
002101,2023-08-09,2199999994.5,secondary,
300708,2023-08-09,1085600000.0,secondary,
920504,2023-08-08,73125000.0,secondary,
600361,2023-08-08,1499999999.85,secondary,
600237,2023-08-07,399999998.20000005,secondary,
002886,2023-08-07,599999989.68,secondary,
920953,2023-08-07,232575000.0,secondary,
002407,2023-08-07,1999999999.65,secondary,
002567,2023-08-04,299999997.0,secondary,
300541,2023-08-04,249999999.88,secondary,
002515,2023-08-04,1049999995.68,secondary,
300820,2023-08-04,249999940.17000002,secondary,
002116,2023-08-03,412768593.51000005,secondary,
000630,2023-08-02,5672263199.349999,secondary,
920748,2023-08-02,95200000.0,secondary,
002702,2023-08-01,375750000.0,secondary,
920274,2023-08-01,162666672.0,secondary,
002906,2023-07-31,1399999977.75,secondary,
688202,2023-07-31,999999974.0,secondary,
003037,2023-07-31,999999997.5,secondary,
920058,2023-07-31,231000000.0,secondary,
002922,2023-07-28,1182768878.84,secondary,
601677,2023-07-27,1280000000.0,secondary,
002728,2023-07-27,274999916.1,secondary,
603687,2023-07-27,647399992.5,secondary,
601949,2023-07-26,327501577.08,secondary,
300323,2023-07-26,2083597235.9999998,secondary,
002846,2023-07-25,499999999.46000004,secondary,
600626,2023-07-21,599999998.74,secondary,
920926,2023-07-21,138573918.23999998,secondary,
300402,2023-07-20,719999998.1,secondary,
300353,2023-07-20,874999990.0,secondary,
688630,2023-07-19,797685647.55,secondary,
300958,2023-07-18,224999998.0,secondary,
002850,2023-07-18,3509499986.1,secondary,
600663,2023-07-18,6743836587.22,secondary,
300700,2023-07-17,341642700.0,secondary,
300358,2023-07-17,47499988.7,secondary,
002877,2023-07-17,179999988.42,secondary,
000751,2023-07-14,499999997.88000005,secondary,
603667,2023-07-14,539999993.8000001,secondary,
601865,2023-07-13,5999999984.35,secondary,
301380,2023-07-12,78399969.36,secondary,
600879,2023-07-12,4135599996.5,secondary,
300802,2023-07-12,429999989.76,secondary,
300446,2023-07-12,3303349905.16,secondary,
688551,2023-07-12,188302621.57,secondary,
920077,2023-07-11,804080000.0,secondary,
603683,2023-07-11,436222997.1,secondary,
002549,2023-07-11,699999992.77,secondary,
002324,2023-07-10,1079026992.21,secondary,
688233,2023-07-10,299999974.96,secondary,
920982,2023-07-10,245000000.0,secondary,
000702,2023-07-07,338359273.56000006,secondary,
301012,2023-07-06,509999993.09999996,secondary,
300779,2023-07-06,316440000.0,secondary,
002379,2023-07-06,799999998.9300001,secondary,
300505,2023-07-06,710999928.08,secondary,
300548,2023-07-05,381700000.00000006,secondary,
300636,2023-07-05,799999997.1400001,secondary,
300471,2023-07-04,219999996.44,secondary,
920751,2023-07-04,109443482.8,secondary,
300756,2023-07-04,274999998.4,secondary,
920701,2023-07-03,215600000.00000003,secondary,
600699,2023-07-03,365146101.81,secondary,
603027,2023-07-03,799999998.72,secondary,
688286,2023-06-30,126199960.38000001,secondary,
688337,2023-06-29,289999983.96,secondary,
000422,2023-06-29,1584000000.0,secondary,
300604,2023-06-28,276699921.86,secondary,
001979,2023-06-28,8927792758.16,secondary,
920576,2023-06-27,121550000.0,secondary,
002151,2023-06-26,944999970.12,secondary,
600929,2023-06-26,1105837497.8,secondary,
920592,2023-06-26,114180000.00000001,secondary,
300140,2023-06-26,10088556825.539999,secondary,
600509,2023-06-26,1499999918.1,secondary,
688205,2023-06-21,219999973.70999998,secondary,
300945,2023-06-21,690599877.12,secondary,
300576,2023-06-21,399999984.71999997,secondary,
300745,2023-06-21,1359472341.99,secondary,
300444,2023-06-19,269999999.2,secondary,
603600,2023-06-19,199999994.88,secondary,
600372,2023-06-16,4999999975.2,secondary,
688556,2023-06-16,915550820.36,secondary,
688201,2023-06-16,239000012.39999998,secondary,
300265,2023-06-16,779999996.5999999,secondary,
920717,2023-06-16,145407600.0,secondary,
300638,2023-06-16,169999996.32,secondary,
920175,2023-06-15,403200000.0,secondary,
600975,2023-06-13,1550579366.8300002,secondary,
000837,2023-06-13,1229999995.77,secondary,
000629,2023-06-12,2279999998.22,secondary,
920651,2023-06-09,137172000.0,secondary,
002317,2023-06-09,598569999.36,secondary,
300569,2023-06-08,1499999999.98,secondary,
920455,2023-06-08,135450000.0,secondary,
603725,2023-06-08,79690000.0,secondary,
000701,2023-06-07,708796898.7,secondary,
300443,2023-06-07,2151799984.92,secondary,
300905,2023-06-02,232199992.25,secondary,
002060,2023-06-02,1907989883.93,secondary,
688093,2023-06-01,389999994.48,secondary,
688290,2023-05-31,211060461.78,secondary,
301063,2023-05-30,499999991.40000004,secondary,
603787,2023-05-29,399999987.0,secondary,
605319,2023-05-26,234999987.35999998,secondary,
002812,2023-05-26,7499999973.599999,secondary,
300752,2023-05-26,299999958.96000004,secondary,
002865,2023-05-25,2776000000.0,secondary,
920221,2023-05-25,107640000.00000001,secondary,
001207,2023-05-22,268769998.72,secondary,
002121,2023-05-22,828093534.4799999,secondary,
300022,2023-05-22,416100000.0,secondary,
920779,2023-05-19,284620000.0,secondary,
688156,2023-05-17,113179187.29,secondary,
920017,2023-05-16,376380000.0,secondary,
000868,2023-05-16,999999999.9499999,secondary,
920471,2023-05-12,141768000.0,secondary,
920719,2023-05-11,341653512.0,secondary,
600733,2023-05-05,6045107283.3,secondary,
920006,2023-05-05,168000000.0,secondary,
600961,2023-04-28,1170956567.6000001,secondary,
300197,2023-04-27,299999998.34,secondary,
300905,2023-04-27,232199967.2,secondary,
600861,2023-04-26,1596696897.6000001,secondary,
688239,2023-04-25,149999996.0,secondary,
920578,2023-04-25,110000000.0,secondary,
600305,2023-04-24,1142900000.0,secondary,
920699,2023-04-21,112750000.0,secondary,
300554,2023-04-21,119999987.91,secondary,
300602,2023-04-20,999999994.89,secondary,
600816,2023-04-20,9013139290.1,secondary,
002672,2023-04-19,1199999997.0,secondary,
300469,2023-04-18,699999995.52,secondary,
300020,2023-04-18,999999993.6,secondary,
000983,2023-04-17,4399999999.679999,secondary,
920837,2023-04-17,78600000.0,secondary,
301057,2023-04-17,119999992.53999999,secondary,
002096,2023-04-14,1338999994.08,secondary,
688071,2023-04-12,565889737.14,secondary,
920394,2023-04-12,229250000.0,secondary,
600032,2023-04-11,2999999993.76,secondary,
920694,2023-04-11,297153000.0,secondary,
688266,2023-04-10,1199999955.0,secondary,
002265,2023-04-07,999999990.99,secondary,
603227,2023-04-07,799999994.35,secondary,
600855,2023-04-07,325258995.28000003,secondary,
600301,2023-04-06,599999987.13,secondary,
603612,2023-04-06,683839584.72,secondary,
920304,2023-04-06,119400000.0,secondary,
920896,2023-04-04,139964300.0,secondary,
600861,2023-04-03,2443577986.08,secondary,
920208,2023-03-30,319084855.5,secondary,
688256,2023-03-30,1671911686.1999998,secondary,
600900,2023-03-29,16096765580.61,secondary,
920593,2023-03-29,354103200.0,secondary,
300120,2023-03-29,715000000.0,secondary,
300738,2023-03-29,1226157058.49,secondary,
603708,2023-03-28,408419999.27,secondary,
603995,2023-03-24,1199999999.94,secondary,
002236,2023-03-23,5099999160.0,secondary,
002043,2023-03-22,466428568.63,secondary,
301018,2023-03-22,799999981.44,secondary,
920895,2023-03-21,92400000.0,secondary,
603936,2023-03-21,1499999992.67,secondary,
920261,2023-03-20,323573005.88,secondary,
000411,2023-03-20,1355750004.18,secondary,
000411,2023-03-20,399999995.9,secondary,
300998,2023-03-17,799999980.0,secondary,
603612,2023-03-15,797812915.2800001,secondary,
920792,2023-03-15,173600000.0,secondary,
688022,2023-03-14,953089944.6899999,secondary,
920809,2023-03-13,650000000.0,secondary,
002738,2023-03-10,2999999957.64,secondary,
301030,2023-03-09,419999986.08,secondary,
300293,2023-03-07,397999994.65,secondary,
300530,2023-03-07,309999979.44,secondary,
601500,2023-03-06,1017999997.8,secondary,
002386,2023-03-06,1999999997.98,secondary,
002815,2023-03-06,1999999994.1599998,secondary,
920556,2023-03-06,133200000.0,secondary,
002885,2023-03-03,435499974.90000004,secondary,
002829,2023-03-03,599999971.6800001,secondary,
920575,2023-03-03,294000000.0,secondary,
920057,2023-03-02,151200000.0,secondary,
603912,2023-03-02,911274198.5999999,secondary,
300111,2023-03-02,374999999.36,secondary,
002128,2023-03-02,4000000000.0,secondary,
300857,2023-03-01,718794995.2,secondary,
920663,2023-03-01,153252000.0,secondary,
300909,2023-02-28,342559931.28999996,secondary,
688625,2023-02-27,97959917.75999999,secondary,
603656,2023-02-27,350579992.02,secondary,
920541,2023-02-24,101400000.0,secondary,
000523,2023-02-24,599999999.63,secondary,
601658,2023-02-23,44999999995.119995,secondary,
920974,2023-02-23,62600000.0,secondary,
300375,2023-02-22,278999998.2,secondary,
600970,2023-02-20,3100119995.7,secondary,
002881,2023-02-20,603593995.38,secondary,
002281,2023-02-20,1573099990.7,secondary,
002775,2023-02-20,292000000.0,secondary,
300583,2023-02-17,261590392.14,secondary,
920422,2023-02-17,170000000.0,secondary,
688277,2023-02-17,370199990.22999996,secondary,
300765,2023-02-16,499999998.48,secondary,
605319,2023-02-15,461664000.0,secondary,
920770,2023-02-15,119600000.00000001,secondary,
002421,2023-02-14,699999999.3000001,secondary,
300603,2023-02-14,947096001.1800001,secondary,
920478,2023-02-13,111056000.0,secondary,
600301,2023-02-13,2264849599.32,secondary,
600961,2023-02-11,3399417703.7,secondary,
002145,2023-02-10,5287744000.0,secondary,
920906,2023-02-10,88000000.0,secondary,
300490,2023-02-09,909999997.37,secondary,
300996,2023-02-09,85674257.50999999,secondary,
300092,2023-02-08,580688998.12,secondary,
600587,2023-02-08,1283564291.24,secondary,
920273,2023-02-07,153630000.0,secondary,
920249,2023-02-06,99000000.0,secondary,
300598,2023-02-03,199999968.0,secondary,
920407,2023-02-02,58700000.0,secondary,
920367,2023-01-31,161358750.0,secondary,
002765,2023-01-29,586429998.0,secondary,
300902,2023-01-19,91626603.52,secondary,
002333,2023-01-18,99998976.00000001,secondary,
002782,2023-01-17,225434992.72,secondary,
000913,2023-01-17,504599999.99999994,secondary,
600425,2023-01-17,679999999.2099999,secondary,
300055,2023-01-17,348990383.02,secondary,
003000,2023-01-17,284999996.05,secondary,
920802,2023-01-16,75928065.0,secondary,
002653,2023-01-16,800000000.0,secondary,
300442,2023-01-12,4699999994.099999,secondary,
920425,2023-01-12,115200000.0,secondary,
601778,2023-01-12,2996899997.04,secondary,
002096,2023-01-12,5376842285.1,secondary,
600900,2023-01-11,16096765540.5,secondary,
920023,2023-01-11,180000000.0,secondary,
688063,2023-01-11,4999999865.0,secondary,
688518,2023-01-11,989999993.75,secondary,
603260,2023-01-11,6999999973.56,secondary,
600731,2023-01-11,699999995.76,secondary,
002722,2023-01-10,317854601.13,secondary,
603456,2023-01-10,2499999971.42,secondary,
300264,2023-01-10,94469995.76,secondary,
300164,2023-01-10,159999998.9,secondary,
002060,2023-01-10,10497057795.93,secondary,
688789,2023-01-10,999999936.0,secondary,
920252,2023-01-06,114161970.0,secondary,
300763,2023-01-06,2925000000.0,secondary,
002254,2023-01-06,2986959994.7,secondary,
688019,2023-01-06,207136218.9,secondary,
920371,2023-01-05,112500000.0,secondary,
300252,2023-01-04,532100000.0,secondary,
300118,2023-01-04,4999999983.549999,secondary,
600975,2022-12-31,1959784302.1799998,secondary,
603330,2022-12-30,986495918.2,secondary,
603222,2022-12-30,489999998.40000004,secondary,
600335,2022-12-30,282899989.07,secondary,
000552,2022-12-30,7529422126.04,secondary,
000983,2022-12-30,5985640922.4800005,secondary,
000791,2022-12-29,1199999997.9,secondary,
002859,2022-12-29,484999998.81000006,secondary,
600726,2022-12-29,2679999999.43,secondary,
300775,2022-12-28,1682999999.9999998,secondary,
002160,2022-12-28,825453184.68,secondary,
300168,2022-12-28,1978399952.46,secondary,
600728,2022-12-28,1827099961.2800002,secondary,
688131,2022-12-28,49999961.519999996,secondary,
600420,2022-12-28,1199999998.87,secondary,
601111,2022-12-27,14999999994.349998,secondary,
603229,2022-12-27,484903079.52,secondary,
920950,2022-12-27,141050000.0,secondary,
603990,2022-12-26,238843092.76000002,secondary,
603227,2022-12-26,1340668111.16,secondary,
600207,2022-12-23,1167999952.8,secondary,
688131,2022-12-23,262760965.12,secondary,
600115,2022-12-23,14999999999.88,secondary,
600908,2022-12-23,1999999989.0900002,secondary,
601669,2022-12-23,13395999918.84,secondary,
300733,2022-12-22,335999985.0,secondary,
300171,2022-12-22,2468400000.0,secondary,
600576,2022-12-22,299999995.2,secondary,
300858,2022-12-22,699999976.06,secondary,
603311,2022-12-21,313971791.91,secondary,
920392,2022-12-21,120000000.0,secondary,
600732,2022-12-21,1649999990.79,secondary,
920195,2022-12-20,156530000.0,secondary,
600221,2022-12-20,10870393721.93,secondary,
920262,2022-12-20,120000000.0,secondary,
601611,2022-12-20,2508566395.5,secondary,
688365,2022-12-19,176999996.92,secondary,
920855,2022-12-19,140124997.5,secondary,
920351,2022-12-19,182270880.0,secondary,
300279,2022-12-16,259254297.96,secondary,
920227,2022-12-16,200000000.0,secondary,
600726,2022-12-16,10732540418.98,secondary,
002943,2022-12-16,342000000.0,secondary,
920001,2022-12-15,327287714.52,secondary,
301073,2022-12-15,516999976.29,secondary,
300188,2022-12-15,677509997.17,secondary,
600506,2022-12-15,307082582.72999996,secondary,
601100,2022-12-15,1999999948.8,secondary,
603517,2022-12-15,1180363993.26,secondary,
002539,2022-12-15,1995999996.2,secondary,
920781,2022-12-14,232190400.0,secondary,
605050,2022-12-14,649999994.44,secondary,
300608,2022-12-14,606203763.2199999,secondary,
300065,2022-12-14,299999992.59000003,secondary,
920247,2022-12-13,186443200.0,secondary,
920190,2022-12-13,312500000.0,secondary,
300160,2022-12-13,923999997.93,secondary,
002011,2022-12-13,809999999.62,secondary,
920526,2022-12-12,72000000.0,secondary,
920718,2022-12-12,147333550.0,secondary,
002487,2022-12-12,3065999835.15,secondary,
002213,2022-12-09,313200000.0,secondary,
300345,2022-12-09,549120000.0,secondary,
300988,2022-12-09,143999999.33,secondary,
603318,2022-12-09,109999995.7,secondary,
920505,2022-12-09,131264000.0,secondary,
920807,2022-12-08,318290000.0,secondary,
920879,2022-12-08,84500000.0,secondary,
002265,2022-12-08,4264716696.14,secondary,
920810,2022-12-07,160000000.0,secondary,
920033,2022-12-06,221550000.0,secondary,
920608,2022-12-06,155600000.0,secondary,
300390,2022-12-06,2765999436.9,secondary,
605090,2022-12-06,119999319.96,secondary,
000563,2022-12-06,3518869986.7200003,secondary,
000920,2022-12-05,407499999.90000004,secondary,
002799,2022-12-05,750481200.0,secondary,
920571,2022-12-05,577200000.0,secondary,
920429,2022-12-02,163920000.0,secondary,
688668,2022-12-02,799999551.04,secondary,
300982,2022-12-02,1388630568.8799999,secondary,
920957,2022-12-02,101218871.0,secondary,
300806,2022-12-02,499999977.32,secondary,
920075,2022-12-01,152963400.0,secondary,
920014,2022-12-01,339780000.0,secondary,
300729,2022-12-01,298985922.12,secondary,
000100,2022-11-30,9596959415.28,secondary,
300461,2022-11-30,469766863.44,secondary,
002240,2022-11-29,2000000030.13,secondary,
920866,2022-11-29,323965600.0,secondary,
920414,2022-11-29,149880000.0,secondary,
300083,2022-11-29,1301695994.5,secondary,
002567,2022-11-29,1139619299.0,secondary,
920942,2022-11-28,198800000.0,secondary,
300672,2022-11-28,2294650383.44,secondary,
920087,2022-11-25,198240000.0,secondary,
920300,2022-11-25,90000000.0,secondary,
300014,2022-11-24,8999999962.45,secondary,
688097,2022-11-24,999999990.0,secondary,
600703,2022-11-24,7899999994.5,secondary,
300057,2022-11-24,1592599993.6000001,secondary,
920110,2022-11-24,120000000.0,secondary,
300181,2022-11-24,909999997.47,secondary,
600866,2022-11-24,4584593646.5,secondary,
300395,2022-11-24,299999950.83,secondary,
920230,2022-11-24,231500556.8,secondary,
002714,2022-11-23,5999999982.48,secondary,
603218,2022-11-23,801379110.02,secondary,
600039,2022-11-23,1799999993.6000001,secondary,
603078,2022-11-23,646210313.3199999,secondary,
603318,2022-11-22,457689577.97999996,secondary,
601021,2022-11-21,2999999965.44,secondary,
920199,2022-11-21,359340000.0,secondary,
920641,2022-11-21,100800000.0,secondary,
600500,2022-11-18,4975325406.0,secondary,
300094,2022-11-18,999999999.7599999,secondary,
600039,2022-11-18,7048639986.01,secondary,
920374,2022-11-17,115000000.0,secondary,
300638,2022-11-16,175779975.0,secondary,
603982,2022-11-16,1192915725.0400002,secondary,
300664,2022-11-15,299999998.12,secondary,
688180,2022-11-15,3776500000.0,secondary,
920237,2022-11-15,181800000.0,secondary,
600744,2022-11-15,840000000.0,secondary,
300919,2022-11-14,4307296507.200001,secondary,
920662,2022-11-14,136500000.0,secondary,
920634,2022-11-14,108288000.0,secondary,
688308,2022-11-10,799999963.4599999,secondary,
002140,2022-11-09,906108173.28,secondary,
688560,2022-11-09,1675382473.64,secondary,
600330,2022-11-09,2344999991.4,secondary,
300597,2022-11-09,213333696.5,secondary,
600361,2022-11-08,11481999956.4,secondary,
920357,2022-11-08,190400000.0,secondary,
600366,2022-11-08,1044999992.8000001,secondary,
600029,2022-11-08,4499999996.8,secondary,
600529,2022-11-08,1866494691.5400002,secondary,
920339,2022-11-07,139416000.0,secondary,
300873,2022-11-04,329999983.95,secondary,
920808,2022-11-03,227520000.0,secondary,
600155,2022-11-01,3026828565.2,secondary,
920198,2022-11-01,159005474.32,secondary,
300765,2022-11-01,799999997.1400001,secondary,
920914,2022-10-31,405000000.0,secondary,
688567,2022-10-28,3318000000.0,secondary,
300953,2022-10-28,799999982.5,secondary,
000878,2022-10-28,2674757800.0,secondary,
600821,2022-10-28,2696305657.5,secondary,
002960,2022-10-28,1786876589.8200002,secondary,
603168,2022-10-28,317999993.22,secondary,
603679,2022-10-27,209999997.36,secondary,
600328,2022-10-27,2022127446.33,secondary,
920876,2022-10-27,127680000.0,secondary,
002928,2022-10-27,2434999935.2,secondary,
688520,2022-10-27,483300000.0,secondary,
002849,2022-10-26,379383393.76,secondary,
300099,2022-10-25,393705900.0,secondary,
300683,2022-10-24,294999984.56,secondary,
600552,2022-10-24,1499999995.3000002,secondary,
600995,2022-10-21,8001999833.67,secondary,
688596,2022-10-20,182999989.06,secondary,
000017,2022-10-20,293592780.18,secondary,
688028,2022-10-20,486949965.66,secondary,
000409,2022-10-19,867561104.02,secondary,
600416,2022-10-19,2999999992.0000005,secondary,
600461,2022-10-18,368198994.9,secondary,
600577,2022-10-14,297499998.81,secondary,
601069,2022-10-13,399999996.0,secondary,
300680,2022-10-13,715610991.7,secondary,
600015,2022-10-11,7999999992.6,secondary,
600576,2022-10-11,1631815597.9799998,secondary,
920753,2022-10-11,130000000.0,secondary,
000410,2022-10-11,1499999996.46,secondary,
601698,2022-10-10,2154099955.2,secondary,
920527,2022-10-10,148284773.0,secondary,
688388,2022-09-29,3407488410.5,secondary,
300593,2022-09-28,1580576787.36,secondary,
920992,2022-09-27,386923744.0,secondary,
002156,2022-09-27,2692999921.02,secondary,
920476,2022-09-26,108800000.00000001,secondary,
688033,2022-09-26,2319041594.48,secondary,
920046,2022-09-26,75000000.0,secondary,
002472,2022-09-26,1988499992.45,secondary,
920139,2022-09-23,540000000.0,secondary,
920826,2022-09-23,77399970.48,secondary,
688166,2022-09-23,226613081.88,secondary,
002552,2022-09-22,299999994.84000003,secondary,
002552,2022-09-22,1197357494.52,secondary,
603300,2022-09-22,600000000.0,secondary,
605123,2022-09-22,1599999960.16,secondary,
002675,2022-09-21,250000003.43,secondary,
300015,2022-09-21,3535553677.6499996,secondary,
600009,2022-09-20,4999999990.73,secondary,
920685,2022-09-20,332850000.0,secondary,
688683,2022-09-19,120999981.97,secondary,
920402,2022-09-19,442791472.94,secondary,
603773,2022-09-19,170499997.44,secondary,
920971,2022-09-16,308014561.84,secondary,
688733,2022-09-16,950985900.0,secondary,
688661,2022-09-15,699999973.17,secondary,
601018,2022-09-14,14113777882.23,secondary,
300666,2022-09-14,1648499945.0,secondary,
603813,2022-09-14,147263210.0,secondary,
600874,2022-09-14,830499999.0,secondary,
001872,2022-09-13,10669126434.5,secondary,
603301,2022-09-13,976452074.0799999,secondary,
920207,2022-09-13,112000000.0,secondary,
920122,2022-09-13,74000000.0,secondary,
002805,2022-09-13,939999994.4399999,secondary,
300926,2022-09-09,201029706.0,secondary,
300496,2022-09-08,3099999961.0,secondary,
601069,2022-09-05,2613861159.0,secondary,
600995,2022-09-02,13585746094.619999,secondary,
600063,2022-09-01,794999972.18,secondary,
001267,2022-09-01,337999997.44000006,secondary,
600850,2022-09-01,2336487777.5,secondary,
600063,2022-09-01,198749998.46,secondary,
002431,2022-09-01,1078499997.65,secondary,
688800,2022-08-31,682999966.88,secondary,
603566,2022-08-30,897999976.3399999,secondary,
600353,2022-08-29,549999989.69,secondary,
600166,2022-08-26,2999999998.8,secondary,
920167,2022-08-26,78480000.0,secondary,
002548,2022-08-25,699999998.88,secondary,
002053,2022-08-24,1865890488.6399999,secondary,
920270,2022-08-24,189600000.0,secondary,
603507,2022-08-24,571999996.0,secondary,
600980,2022-08-23,67999979.52,secondary,
688028,2022-08-23,487549596.33000004,secondary,
600120,2022-08-23,2351334420.63,secondary,
601228,2022-08-23,3999999998.96,secondary,
920790,2022-08-23,125280000.0,secondary,
920152,2022-08-22,151766860.0,secondary,
688516,2022-08-22,529999984.32000005,secondary,
920395,2022-08-22,120700000.0,secondary,
301071,2022-08-19,3912345791.9199996,secondary,
600526,2022-08-19,798116008.86,secondary,
300761,2022-08-18,1269999997.71,secondary,
002166,2022-08-16,967999997.25,secondary,
603337,2022-08-15,699999987.96,secondary,
000425,2022-08-13,38686182853.35,secondary,
002993,2022-08-12,1676900000.0,secondary,
300731,2022-08-11,44135563.06,secondary,
688133,2022-08-10,1003512562.5600001,secondary,
600803,2022-08-10,4274999987.08,secondary,
688778,2022-08-10,3499999894.08,secondary,
600742,2022-08-09,635033590.3199999,secondary,
920834,2022-08-08,156000000.0,secondary,
688168,2022-08-04,135284774.32,secondary,
300665,2022-08-04,109499994.96000001,secondary,
300382,2022-08-04,837479998.4,secondary,
300217,2022-08-04,297999996.19,secondary,
600980,2022-08-04,170858301.0,secondary,
601956,2022-08-03,588000000.0,secondary,
002756,2022-08-01,1099999982.83,secondary,
600860,2022-08-01,158966094.76,secondary,
300658,2022-07-29,399999997.48,secondary,
300767,2022-07-28,249999975.35999998,secondary,
603885,2022-07-28,3301509998.52,secondary,
000893,2022-07-28,1679999977.1999998,secondary,
002514,2022-07-28,491360000.0,secondary,
603588,2022-07-28,2758000000.0,secondary,
002706,2022-07-27,1520499985.54,secondary,
600711,2022-07-26,2224922994.88,secondary,
002264,2022-07-26,169999998.19000003,secondary,
920985,2022-07-26,487088629.40000004,secondary,
600481,2022-07-25,3487999998.19,secondary,
300442,2022-07-25,13666380261.66,secondary,
600319,2022-07-22,299999997.44,secondary,
600009,2022-07-21,19132384839.25,secondary,
002669,2022-07-21,699999987.96,secondary,
300121,2022-07-21,285059996.68,secondary,
605111,2022-07-20,1417999990.0,secondary,
002824,2022-07-19,294246558.47999996,secondary,
603223,2022-07-19,2399999995.48,secondary,
688221,2022-07-18,200200002.03,secondary,
002840,2022-07-15,922756000.0,secondary,
000905,2022-07-15,799999994.5,secondary,
002436,2022-07-15,1999999997.76,secondary,
600196,2022-07-15,4483779972.0,secondary,
002939,2022-07-14,7615756728.9,secondary,
300025,2022-07-13,344800800.0,secondary,
002108,2022-07-13,1238199535.6200001,secondary,
000893,2022-07-12,1683999961.95,secondary,
688598,2022-07-11,3102916254.85,secondary,
002312,2022-07-11,955749894.84,secondary,
000591,2022-07-11,5981117981.67,secondary,
300316,2022-07-08,1419999969.5,secondary,
300568,2022-07-07,3499999984.65,secondary,
300681,2022-07-07,976315782.21,secondary,
300890,2022-07-06,219999966.05999997,secondary,
603187,2022-07-05,999999980.4100001,secondary,
300657,2022-07-05,299249965.04,secondary,
000420,2022-07-05,1199999997.0,secondary,
300657,2022-07-05,180999994.5,secondary,
002841,2022-07-05,1995494337.08,secondary,
300473,2022-07-05,249999995.00000003,secondary,
920871,2022-07-04,99545600.0,secondary,
600021,2022-07-01,1231405194.16,secondary,
300903,2022-06-30,149999995.47,secondary,
300045,2022-06-30,329999994.69,secondary,
920725,2022-06-29,309980000.0,secondary,
920062,2022-06-28,151964150.0,secondary,
920639,2022-06-28,200666668.1,secondary,
603085,2022-06-27,149691332.62,secondary,
002838,2022-06-27,771499939.36,secondary,
601127,2022-06-27,7129999969.179999,secondary,
002617,2022-06-24,2567449999.08,secondary,
688568,2022-06-24,1549999988.16,secondary,
603392,2022-06-23,3499999867.65,secondary,
605333,2022-06-23,702999991.65,secondary,
920821,2022-06-23,162000000.0,secondary,
920870,2022-06-22,340000000.0,secondary,
688303,2022-06-21,10999999974.85,secondary,
002245,2022-06-21,2499999986.61,secondary,
300131,2022-06-21,289999995.27000004,secondary,
603633,2022-06-21,699999991.2,secondary,
600860,2022-06-18,158966093.88,secondary,
002353,2022-06-17,2499999974.82,secondary,
000301,2022-06-17,4088727290.97,secondary,
603817,2022-06-16,509999994.9,secondary,
300750,2022-06-15,44999999770.0,secondary,
605368,2022-06-14,399999989.59999996,secondary,
920943,2022-06-13,80500000.0,secondary,
000798,2022-06-10,399999997.43999994,secondary,
002660,2022-06-09,456755631.59999996,secondary,
001896,2022-06-09,830544197.04,secondary,
920378,2022-06-06,101499999.99999999,secondary,
688305,2022-06-02,159999980.7,secondary,
000010,2022-06-02,749949998.0600001,secondary,
688037,2022-06-01,999999928.71,secondary,
600298,2022-05-31,1409999977.92,secondary,
300769,2022-05-30,3199999845.0,secondary,
920564,2022-05-30,147808102.75,secondary,
920491,2022-05-30,344347828.0,secondary,
300595,2022-05-27,1503171409.54,secondary,
920299,2022-05-24,117445800.8,secondary,
000978,2022-05-23,478572899.99999994,secondary,
920223,2022-05-23,121659000.0,secondary,
003038,2022-05-20,779999960.5,secondary,
920271,2022-05-19,141750000.0,secondary,
300596,2022-05-17,416999967.12,secondary,
300640,2022-05-17,134082496.35000001,secondary,
300581,2022-05-13,249999997.82999998,secondary,
300129,2022-05-13,1080887339.76,secondary,
300471,2022-05-13,155124289.08,secondary,
603906,2022-05-12,2199999977.01,secondary,
920267,2022-05-11,106470000.0,secondary,
920533,2022-05-10,107500000.0,secondary,
300553,2022-05-10,308448000.0,secondary,
688690,2022-05-10,196742392.5,secondary,
600526,2022-05-07,915425572.67,secondary,
920970,2022-05-05,150000000.0,secondary,
300389,2022-04-29,259530000.0,secondary,
920580,2022-04-25,92000000.0,secondary,
300596,2022-04-22,417090400.055,secondary,
300647,2022-04-21,199999994.81,secondary,
002163,2022-04-19,599999992.83,secondary,
002459,2022-04-19,4999999985.28,secondary,
600109,2022-04-18,5817000000.0,secondary,
300796,2022-04-14,399999985.2,secondary,
000959,2022-04-14,291199983.58,secondary,
002870,2022-04-12,599999977.08,secondary,
603363,2022-04-12,1439999988.8400002,secondary,
603041,2022-04-12,426029708.16,secondary,
605266,2022-04-11,419999981.48,secondary,
600461,2022-04-07,575900995.86,secondary,
000959,2022-04-02,5858958219.129999,secondary,
000636,2022-03-31,4999999910.0,secondary,
603956,2022-03-31,969899908.3199999,secondary,
300903,2022-03-31,997318231.3199999,secondary,
688188,2022-03-31,977499805.88,secondary,
600629,2022-03-30,947012897.9399999,secondary,
920169,2022-03-29,120000000.0,secondary,
000756,2022-03-25,249999999.12,secondary,
600395,2022-03-25,3499999994.96,secondary,
601607,2022-03-24,13974553186.44,secondary,
000852,2022-03-24,999999995.04,secondary,
601966,2022-03-24,2404999997.4,secondary,
300591,2022-03-23,419999999.51,secondary,
300737,2022-03-23,393652820.19,secondary,
603010,2022-03-23,1492617987.0900002,secondary,
300546,2022-03-18,199999979.0,secondary,
300887,2022-03-17,1239752451.0,secondary,
002908,2022-03-14,202148000.0,secondary,
300035,2022-03-11,2205999995.2,secondary,
600735,2022-03-09,359999994.86,secondary,
600055,2022-03-08,2062132157.89,secondary,
920689,2022-03-07,108000000.0,secondary,
002270,2022-03-04,499999998.65,secondary,
002064,2022-03-04,2799999992.7599998,secondary,
605018,2022-03-03,759999198.51,secondary,
300654,2022-03-03,244116394.4,secondary,
300777,2022-03-03,1999999982.85,secondary,
605377,2022-03-03,819999991.8,secondary,
300102,2022-03-03,1500000000.0,secondary,
300432,2022-03-02,1499999996.88,secondary,
600480,2022-03-01,1379999998.07,secondary,
920419,2022-02-28,93912480.0,secondary,
300557,2022-02-28,420893698.5,secondary,
300511,2022-02-28,397999996.02,secondary,
300254,2022-02-25,109999994.52000001,secondary,
603518,2022-02-25,464725093.96999997,secondary,
600110,2022-02-23,2288200000.0,secondary,
002921,2022-02-22,423699992.40000004,secondary,
002901,2022-02-21,496320000.0,secondary,
920179,2022-02-21,300000000.0,secondary,
600259,2022-02-18,1396081181.89,secondary,
603903,2022-02-18,480852652.96000004,secondary,
601011,2022-02-17,1237211425.16,secondary,
603345,2022-02-17,5674555941.76,secondary,
300551,2022-02-16,552600004.18,secondary,
920857,2022-02-15,192000000.0,secondary,
600784,2022-02-15,450317865.89000005,secondary,
920346,2022-02-10,185360877.0,secondary,
688126,2022-02-10,4999999851.169999,secondary,
600713,2022-02-08,997999996.64,secondary,
601615,2022-01-27,1999999998.8799999,secondary,
002916,2022-01-25,2549999937.6,secondary,
002015,2022-01-24,3764999897.8,secondary,
600540,2022-01-24,559999990.2900001,secondary,
300540,2022-01-24,496080000.0,secondary,
603883,2022-01-21,1740453673.8000002,secondary,
300493,2022-01-21,139999965.3,secondary,
002187,2022-01-21,699999999.3,secondary,
300468,2022-01-20,399999988.40000004,secondary,
000528,2022-01-20,7428449262.22,secondary,
300246,2022-01-19,539999995.2,secondary,
688158,2022-01-19,699999981.87,secondary,
300463,2022-01-19,1574160000.0,secondary,
002330,2022-01-18,985199993.0999999,secondary,
300846,2022-01-18,715000000.0,secondary,
300678,2022-01-17,171057682.29000002,secondary,
002047,2022-01-13,706805158.88,secondary,
600477,2022-01-13,831342640.26,secondary,
688357,2022-01-11,193999926.12,secondary,
600588,2022-01-11,5298435087.3,secondary,
300062,2022-01-10,399999990.52000004,secondary,
300674,2022-01-10,1114999984.8000002,secondary,
000877,2022-01-07,4247327974.5,secondary,
000066,2022-01-05,3987019987.96,secondary,
000721,2022-01-04,303925055.28,secondary,
920204,2022-01-04,153816724.0,secondary,
000301,2021-12-31,12271272719.039999,secondary,
603011,2021-12-30,440618194.05,secondary,
300695,2021-12-30,229999983.48000002,secondary,
002917,2021-12-30,695584196.64,secondary,
002048,2021-12-30,1617545150.34,secondary,
300668,2021-12-30,239999993.46,secondary,
300656,2021-12-28,499999979.64,secondary,
600884,2021-12-27,3052517287.5,secondary,
603309,2021-12-27,399442298.64,secondary,
600929,2021-12-24,1927889093.79,secondary,
002135,2021-12-24,1199999991.0,secondary,
300021,2021-12-24,300000000.0,secondary,
300164,2021-12-23,119999990.19999999,secondary,
000737,2021-12-23,499999998.96000004,secondary,
688122,2021-12-23,2012999958.91,secondary,
002438,2021-12-22,370499998.05,secondary,
920245,2021-12-22,82069566.48,secondary,
000401,2021-12-22,1999999993.6,secondary,
002730,2021-12-22,374749918.8,secondary,
002154,2021-12-22,730000002.1,secondary,
600198,2021-12-20,999999996.5600001,secondary,
000155,2021-12-20,617534594.35,secondary,
300573,2021-12-17,599669492.1,secondary,
002179,2021-12-17,3399999849.12,secondary,
603338,2021-12-17,1499999945.2,secondary,
600198,2021-12-16,1408450329.0,secondary,
300633,2021-12-15,773999993.55,secondary,
300571,2021-12-15,584869965.3000001,secondary,
300416,2021-12-15,599999981.51,secondary,
002055,2021-12-15,1672199988.21,secondary,
600877,2021-12-14,899999989.8499999,secondary,
000911,2021-12-14,599999993.47,secondary,
000966,2021-12-14,1199999998.21,secondary,
002875,2021-12-13,321515326.6,secondary,
600956,2021-12-13,4595799887.51,secondary,
600796,2021-12-13,2103199996.9699998,secondary,
300070,2021-12-13,3573753172.09,secondary,
300691,2021-12-13,474999987.90999997,secondary,
600098,2021-12-10,5258833157.809999,secondary,
600796,2021-12-10,356257333.42,secondary,
300726,2021-12-10,999999997.1,secondary,
601866,2021-12-09,1463999998.32,secondary,
603871,2021-12-08,583829996.54,secondary,
300552,2021-12-08,399999987.92,secondary,
603629,2021-12-08,519299999.99999994,secondary,
300655,2021-12-08,241000127.35999998,secondary,
603169,2021-12-07,1329999999.84,secondary,
002026,2021-12-06,158901498.2,secondary,
600419,2021-12-06,567499999.0,secondary,
300095,2021-12-03,599999995.0,secondary,
002215,2021-12-03,349999996.35999995,secondary,
300566,2021-12-03,698000000.0,secondary,
002639,2021-12-03,669999994.8,secondary,
600597,2021-12-02,1929999992.08,secondary,
300383,2021-12-02,2999999997.54,secondary,
300751,2021-12-02,2811559515.0,secondary,
300671,2021-12-01,899999998.29,secondary,
600859,2021-11-30,6752978179.74,secondary,
603333,2021-11-29,615999995.52,secondary,
000807,2021-11-29,2999999996.67,secondary,
300412,2021-11-29,269999995.98,secondary,
000546,2021-11-29,496031745.0,secondary,
600418,2021-11-29,1999999997.12,secondary,
603536,2021-11-26,34830000.0,secondary,
600886,2021-11-25,3632999988.0,secondary,
300588,2021-11-24,299999997.0,secondary,
000737,2021-11-24,3176225994.08,secondary,
600887,2021-11-23,12047249968.65,secondary,
002723,2021-11-23,572999999.68,secondary,
300619,2021-11-23,107178500.0,secondary,
002227,2021-11-23,359699939.40000004,secondary,
300589,2021-11-23,374999996.09999996,secondary,
600233,2021-11-23,3789999986.7599998,secondary,
600203,2021-11-23,1049999997.7800001,secondary,
300353,2021-11-22,159999995.6,secondary,
002180,2021-11-19,4999999980.3,secondary,
603138,2021-11-19,360540460.0,secondary,
300491,2021-11-19,249999991.28,secondary,
002132,2021-11-18,638203698.0,secondary,
300408,2021-11-18,3899999968.0399995,secondary,
300793,2021-11-18,991200000.0,secondary,
300587,2021-11-18,809999999.78,secondary,
300479,2021-11-18,309999996.40000004,secondary,
600258,2021-11-18,2999999995.2999997,secondary,
002115,2021-11-18,467799971.59999996,secondary,
603178,2021-11-18,443819990.12,secondary,
300687,2021-11-17,649999992.0,secondary,
600877,2021-11-16,947932195.38,secondary,
000401,2021-11-16,13623327189.539999,secondary,
603693,2021-11-15,749999994.39,secondary,
300081,2021-11-15,699999998.5,secondary,
300494,2021-11-15,486383585.28,secondary,
000155,2021-11-12,617534554.35,secondary,
002100,2021-11-12,2066999996.8,secondary,
300919,2021-11-11,4999999756.400001,secondary,
300073,2021-11-10,4644999930.24,secondary,
002792,2021-11-08,811699922.24,secondary,
603115,2021-11-08,686400000.0,secondary,
300631,2021-11-08,102999996.0,secondary,
603595,2021-11-08,468409992.0,secondary,
002074,2021-11-08,7302945207.460001,secondary,
300294,2021-11-05,2456539997.75,secondary,
300669,2021-11-05,250999994.19,secondary,
601866,2021-11-05,3561877096.74,secondary,
002728,2021-11-04,196999934.04,secondary,
920720,2021-11-03,220815000.0,secondary,
002197,2021-11-03,563489966.4,secondary,
300757,2021-11-03,200000036.6,secondary,
300207,2021-11-03,3915061962.7,secondary,
600970,2021-11-02,2687372895.8399997,secondary,
920260,2021-11-01,114325000.0,secondary,
300476,2021-10-29,1999999998.18,secondary,
300678,2021-10-29,171566995.67,secondary,
603290,2021-10-28,3499999800.0,secondary,
300538,2021-10-28,621555121.0,secondary,
300506,2021-10-28,255469995.9,secondary,
300223,2021-10-28,1306725592.86,secondary,
000063,2021-10-27,2610826975.8,secondary,
600975,2021-10-27,1029989989.0799999,secondary,
002852,2021-10-27,791700000.0,secondary,
920932,2021-10-26,234000000.0,secondary,
920981,2021-10-26,217610456.0,secondary,
002819,2021-10-25,599999991.48,secondary,
600115,2021-10-25,10827999997.5,secondary,
002389,2021-10-25,910699984.04,secondary,
603617,2021-10-22,517599236.3,secondary,
002352,2021-10-22,19999999955.46,secondary,
603020,2021-10-21,749999999.64,secondary,
300119,2021-10-20,1335999993.12,secondary,
002129,2021-10-19,8999999997.390001,secondary,
002819,2021-10-19,2979784811.0400004,secondary,
920436,2021-10-18,156240000.0,secondary,
002932,2021-10-18,466103109.78,secondary,
920454,2021-10-18,98750000.0,secondary,
920873,2021-10-15,150210000.0,secondary,
002185,2021-10-15,5099999996.52,secondary,
920171,2021-10-15,98806958.0,secondary,
002180,2021-10-13,5015999442.719999,secondary,
603393,2021-10-13,806752001.1999999,secondary,
601880,2021-10-13,2099999999.02,secondary,
920092,2021-10-11,140800000.0,secondary,
920089,2021-10-11,200000000.0,secondary,
000032,2021-10-11,1009999895.5200001,secondary,
920145,2021-10-08,136000000.0,secondary,
920924,2021-10-08,70608701.2,secondary,
920925,2021-10-08,182616000.0,secondary,
920892,2021-10-08,79128000.0,secondary,
920405,2021-10-08,310696000.0,secondary,
002371,2021-09-30,8499999904.0,secondary,
300422,2021-09-30,756559364.4,secondary,
300293,2021-09-30,119999996.36999999,secondary,
300308,2021-09-29,2699480000.0,secondary,
603985,2021-09-29,1473695275.08,secondary,
300366,2021-09-29,728980000.0,secondary,
002361,2021-09-28,649999996.3000001,secondary,
002292,2021-09-28,544499970.5600001,secondary,
601515,2021-09-28,1219999999.9199998,secondary,
600706,2021-09-28,228769969.74999997,secondary,
002347,2021-09-28,228999977.58,secondary,
000738,2021-09-27,4297880878.2,secondary,
605358,2021-09-27,5199999934.36,secondary,
603567,2021-09-27,1237999917.28,secondary,
601198,2021-09-27,4493371652.610001,secondary,
600841,2021-09-24,1999999995.9,secondary,
300217,2021-09-24,608834399.25,secondary,
300155,2021-09-24,99999995.19999999,secondary,
300501,2021-09-23,601599986.9,secondary,
002065,2021-09-23,613800000.0,secondary,
600662,2021-09-22,960666317.28,secondary,
300729,2021-09-22,699999997.1199999,secondary,
002570,2021-09-22,258854998.5,secondary,
000877,2021-09-22,94171070287.2,secondary,
300480,2021-09-16,549999974.2,secondary,
300745,2021-09-16,254899885.5,secondary,
002291,2021-09-16,2972074686.7999997,secondary,
300825,2021-09-16,788815169.5200001,secondary,
600027,2021-09-15,30003610.320000004,secondary,
300274,2021-09-15,3637585152.0,secondary,
002800,2021-09-14,49184236.61000001,secondary,
001896,2021-09-14,832299999.9999999,secondary,
002837,2021-09-14,308999851.52,secondary,
603577,2021-09-14,376444401.0,secondary,
600310,2021-09-14,740000000.0,secondary,
688023,2021-09-14,1333321626.3300002,secondary,
300683,2021-09-13,599972000.0,secondary,
601456,2021-09-13,5089999764.96,secondary,
601233,2021-09-13,1969999988.6399999,secondary,
601828,2021-09-13,3701299898.79,secondary,
002780,2021-09-10,193179907.83,secondary,
600460,2021-09-10,1121999965.8,secondary,
002218,2021-09-09,999999998.7,secondary,
002042,2021-09-09,1140999953.6000001,secondary,
002261,2021-09-07,915899976.0,secondary,
002760,2021-09-06,353999983.26,secondary,
603825,2021-09-06,384119908.8,secondary,
300284,2021-09-02,2357602313.46,secondary,
603129,2021-09-02,1727008140.0,secondary,
000755,2021-08-31,480057413.0,secondary,
603663,2021-08-30,219999992.23999998,secondary,
300428,2021-08-30,309999988.14,secondary,
300585,2021-08-30,143999998.56,secondary,
300768,2021-08-27,1014999990.03,secondary,
002453,2021-08-26,639999996.88,secondary,
688015,2021-08-26,759999988.76,secondary,
603386,2021-08-25,190099972.99999997,secondary,
603565,2021-08-25,2747999647.44,secondary,
600081,2021-08-24,1479179474.1499999,secondary,
002452,2021-08-23,375854699.5,secondary,
603030,2021-08-23,139999987.76,secondary,
600774,2021-08-20,915735180.0,secondary,
603535,2021-08-20,133999978.56,secondary,
002020,2021-08-20,499999995.8,secondary,
603158,2021-08-20,594316296.72,secondary,
002717,2021-08-19,374999988.55,secondary,
601117,2021-08-19,9999999998.0,secondary,
600218,2021-08-19,749999991.1800001,secondary,
920077,2021-08-19,141304351.5,secondary,
300222,2021-08-19,625799995.52,secondary,
603189,2021-08-18,739999937.8199999,secondary,
000837,2021-08-18,799280000.0,secondary,
600460,2021-08-18,1122430500.0,secondary,
300456,2021-08-17,2345032978.35,secondary,
002593,2021-08-17,329399929.32,secondary,
300289,2021-08-16,556600000.32,secondary,
000099,2021-08-16,1103048160.5,secondary,
600841,2021-08-16,4382402055.36,secondary,
300649,2021-08-16,66999958.53,secondary,
601969,2021-08-16,756889989.5,secondary,
600843,2021-08-13,814655556.0,secondary,
002456,2021-08-13,3529999976.64,secondary,
600845,2021-08-12,786957464.3,secondary,
300590,2021-08-11,335999980.74,secondary,
603530,2021-08-11,423999894.92,secondary,
600100,2021-08-11,2496136002.52,secondary,
603496,2021-08-11,346899907.64,secondary,
300397,2021-08-11,589999985.1899999,secondary,
600753,2021-08-10,99999996.25,secondary,
002947,2021-08-09,349999993.5,secondary,
300007,2021-08-09,599999996.37,secondary,
002025,2021-08-09,1430619997.76,secondary,
920305,2021-08-09,348000000.0,secondary,
603890,2021-08-06,526999990.00999993,secondary,
603926,2021-08-06,169999985.15,secondary,
002520,2021-08-05,698869964.0,secondary,
920174,2021-08-05,86160000.0,secondary,
600662,2021-08-05,3057167418.84,secondary,
300786,2021-08-05,359999983.36,secondary,
300706,2021-08-05,299999999.43,secondary,
920039,2021-08-04,52920000.0,secondary,
002409,2021-08-03,1189749925.0,secondary,
300413,2021-08-03,4499999972.24,secondary,
300578,2021-08-03,599945988.6,secondary,
000755,2021-08-02,2923277997.75,secondary,
300696,2021-08-02,499999995.28,secondary,
920642,2021-08-02,54695647.0,secondary,
002226,2021-08-02,3169226681.28,secondary,
920566,2021-07-30,223043490.0,secondary,
600876,2021-07-30,1999999993.29,secondary,
002915,2021-07-29,441849999.8,secondary,
603843,2021-07-28,439799966.55,secondary,
300850,2021-07-28,1459999939.7099998,secondary,
300346,2021-07-27,612999993.6400001,secondary,
300604,2021-07-27,371799956.25,secondary,
002789,2021-07-26,198999999.08,secondary,
002646,2021-07-23,411999905.24,secondary,
002165,2021-07-23,508868797.14,secondary,
000725,2021-07-23,20332599995.83,secondary,
002726,2021-07-22,620399977.44,secondary,
002240,2021-07-22,949999986.1299999,secondary,
603626,2021-07-22,501299972.09999996,secondary,
600626,2021-07-21,869337139.6,secondary,
300792,2021-07-21,895301784.8100001,secondary,
300331,2021-07-21,799999991.0,secondary,
920553,2021-07-21,40680000.0,secondary,
600452,2021-07-21,1796762419.2,secondary,
300650,2021-07-21,419999983.81,secondary,
603616,2021-07-20,383714880.0,secondary,
920090,2021-07-19,74500000.0,secondary,
300662,2021-07-16,759999973.6,secondary,
002273,2021-07-16,2249999995.89,secondary,
300415,2021-07-16,179997984.36,secondary,
002892,2021-07-15,499999987.2,secondary,
300087,2021-07-15,549999989.24,secondary,
002092,2021-07-15,3812094480.7200003,secondary,
603038,2021-07-15,249999984.7,secondary,
600538,2021-07-14,68099987.4,secondary,
600186,2021-07-13,993545246.4,secondary,
300036,2021-07-13,723294999.0,secondary,
300569,2021-07-12,1001095860.97,secondary,
300447,2021-07-12,319999991.2,secondary,
300507,2021-07-09,475999950.62,secondary,
300592,2021-07-09,499999896.0,secondary,
688066,2021-07-09,700109965.1600001,secondary,
000803,2021-07-09,605299998.4,secondary,
600370,2021-07-08,581191043.6700001,secondary,
002297,2021-07-07,631096598.8000001,secondary,
600152,2021-07-06,699999994.35,secondary,
920146,2021-07-06,124152000.0,secondary,
600619,2021-07-05,1593999992.9,secondary,
002230,2021-07-05,2549999942.2400002,secondary,
603668,2021-07-02,559999999.1999999,secondary,
600234,2021-07-02,479999993.07,secondary,
603738,2021-07-02,639281994.0,secondary,
002183,2021-07-01,2224519865.6800003,secondary,
603042,2021-07-01,251799961.6,secondary,
603727,2021-06-30,772949908.48,secondary,
002688,2021-06-30,819999997.95,secondary,
600882,2021-06-29,2999999990.42,secondary,
688186,2021-06-28,1313126400.0,secondary,
603808,2021-06-28,482819924.4,secondary,
300080,2021-06-28,326999976.75,secondary,
002551,2021-06-25,111999968.44000001,secondary,
002627,2021-06-25,815937571.67,secondary,
603166,2021-06-25,290999983.17,secondary,
600679,2021-06-25,499999991.17,secondary,
300643,2021-06-25,297600000.0,secondary,
000596,2021-06-23,5000000000.0,secondary,
603396,2021-06-23,379999974.64,secondary,
002858,2021-06-22,390499837.56,secondary,
600095,2021-06-22,1736599964.9599998,secondary,
688012,2021-06-22,8206658677.150001,secondary,
688339,2021-06-21,199999904.82000002,secondary,
603477,2021-06-21,419999954.0,secondary,
603612,2021-06-21,264999996.45,secondary,
920885,2021-06-21,146160000.0,secondary,
300586,2021-06-18,465538995.59999996,secondary,
603180,2021-06-17,285999996.15000004,secondary,
920765,2021-06-17,121043482.8,secondary,
300124,2021-06-17,2130469978.0,secondary,
300319,2021-06-16,1339999993.0,secondary,
920768,2021-06-15,243478900.0,secondary,
603797,2021-06-11,828344940.29,secondary,
300592,2021-06-11,1267791826.4,secondary,
300436,2021-06-10,514489800.0,secondary,
300404,2021-06-10,343202991.84,secondary,
601500,2021-06-10,884999999.1899999,secondary,
300627,2021-06-10,799999991.6,secondary,
603717,2021-06-10,402272000.0,secondary,
601008,2021-06-09,499999998.02,secondary,
300450,2021-06-09,2499999994.05,secondary,
300617,2021-06-08,1481501632.58,secondary,
603815,2021-06-08,870649946.1,secondary,
000570,2021-06-07,634999996.4000001,secondary,
000949,2021-06-04,990999995.46,secondary,
603006,2021-06-04,548999996.16,secondary,
002747,2021-06-04,794999996.0,secondary,
603260,2021-06-04,2499999993.72,secondary,
603859,2021-06-03,799999988.84,secondary,
601127,2021-06-03,2592969998.0,secondary,
600765,2021-06-03,1909999999.7599998,secondary,
002390,2021-06-03,1512000000.0,secondary,
002162,2021-06-01,199993750.0,secondary,
300790,2021-05-31,145170000.0,secondary,
600821,2021-05-28,1334999997.6000001,secondary,
002623,2021-05-28,1000000000.0,secondary,
002187,2021-05-27,2209828786.33,secondary,
300715,2021-05-27,1499999963.8400002,secondary,
000821,2021-05-27,539999997.24,secondary,
002709,2021-05-24,1665307488.0,secondary,
920212,2021-05-24,111186000.0,secondary,
300634,2021-05-24,504252606.00000006,secondary,
920523,2021-05-21,151354840.0,secondary,
002805,2021-05-20,449999999.1,secondary,
300481,2021-05-20,799999981.5600001,secondary,
300239,2021-05-19,407281700.0,secondary,
300212,2021-05-18,499999973.9,secondary,
002079,2021-05-18,301249399.96,secondary,
601599,2021-05-18,599911175.36,secondary,
600980,2021-05-17,189739543.32000002,secondary,
000151,2021-05-17,249999997.12,secondary,
002294,2021-05-17,1951871177.95,secondary,
920726,2021-05-13,211050000.0,secondary,
300350,2021-05-11,399999997.74,secondary,
000338,2021-04-30,12999999986.4,secondary,
300758,2021-04-30,592531200.0,secondary,
300599,2021-04-29,500716994.75,secondary,
002139,2021-04-29,1049999998.2,secondary,
000959,2021-04-28,823399977.75,secondary,
300708,2021-04-28,701550160.85,secondary,
300477,2021-04-27,1004382966.18,secondary,
600375,2021-04-27,589473997.0600001,secondary,
002967,2021-04-27,1499999995.0,secondary,
300146,2021-04-26,3125351075.7999997,secondary,
300214,2021-04-23,287100000.0,secondary,
300166,2021-04-22,799999994.96,secondary,
300241,2021-04-22,699182796.0,secondary,
000959,2021-04-22,5569394422.349999,secondary,
000021,2021-04-21,1473915712.5,secondary,
601162,2021-04-19,8179141852.559999,secondary,
603398,2021-04-19,337174944.03000003,secondary,
300572,2021-04-16,1148799990.0,secondary,
603197,2021-04-16,917999988.1,secondary,
002298,2021-04-16,330999954.65999997,secondary,
300503,2021-04-16,221499982.41,secondary,
300473,2021-04-16,299040000.0,secondary,
000032,2021-04-15,7428953413.929999,secondary,
000680,2021-04-14,681712130.88,secondary,
002507,2021-04-14,3299999985.98,secondary,
300567,2021-04-14,1493999982.61,secondary,
300161,2021-04-14,428385984.59999996,secondary,
002407,2021-04-13,1149999992.8000002,secondary,
601878,2021-04-13,2804999864.22,secondary,
000701,2021-04-13,582471348.8,secondary,
601208,2021-04-13,766999995.3399999,secondary,
300762,2021-04-13,999999975.0,secondary,
600059,2021-04-12,959099888.88,secondary,
300647,2021-04-12,529999906.73999995,secondary,
300133,2021-04-12,727000000.0,secondary,
688396,2021-04-09,4999999968.0,secondary,
600584,2021-04-09,4999999993.5,secondary,
600733,2021-04-09,5499999995.49,secondary,
600248,2021-04-09,2129677896.58,secondary,
300460,2021-04-07,499999989.27,secondary,
601997,2021-04-06,4499999902.32,secondary,
603739,2021-04-02,499999984.00000006,secondary,
300390,2021-04-02,779999997.84,secondary,
000966,2021-04-02,5203368796.78,secondary,
300724,2021-04-02,2499999930.45,secondary,
600161,2021-04-02,3339999994.1099997,secondary,
300067,2021-04-01,449999999.46,secondary,
300545,2021-04-01,599999993.0,secondary,
300001,2021-04-01,999999988.84,secondary,
300428,2021-03-31,310504464.59999996,secondary,
300292,2021-03-29,179999999.62,secondary,
300733,2021-03-29,144999999.12,secondary,
002531,2021-03-26,152919997.65,secondary,
603666,2021-03-26,707737764.22,secondary,
603882,2021-03-25,149999977.96,secondary,
002414,2021-03-25,2499999985.65,secondary,
002307,2021-03-23,600086469.86,secondary,
300232,2021-03-23,883499999.7,secondary,
603289,2021-03-23,194100000.0,secondary,
300236,2021-03-23,791999812.2400001,secondary,
300034,2021-03-17,299999992.05,secondary,
603918,2021-03-16,356745647.7,secondary,
300046,2021-03-16,349999996.45,secondary,
300290,2021-03-16,175999997.16000003,secondary,
002786,2021-03-15,540979560.0,secondary,
601658,2021-03-15,29999999997.75,secondary,
601058,2021-03-15,1226913966.0,secondary,
002234,2021-03-15,569999997.0,secondary,
603222,2021-03-12,241246532.84,secondary,
600228,2021-03-12,3020304955.9500003,secondary,
300548,2021-03-12,625584728.5600001,secondary,
300439,2021-03-11,599999925.0,secondary,
000875,2021-03-10,2240751795.12,secondary,
601577,2021-03-10,5880000000.0,secondary,
300228,2021-03-10,471073599.21000004,secondary,
002573,2021-03-10,1579999997.1000001,secondary,
300640,2021-03-08,342274995.71999997,secondary,
600746,2021-03-08,992999993.0400001,secondary,
603329,2021-03-05,258999967.6,secondary,
603236,2021-03-05,1063466336.8,secondary,
002057,2021-03-04,950203999.9999999,secondary,
002271,2021-03-04,7999999962.5,secondary,
002152,2021-03-04,699999991.27,secondary,
600754,2021-03-02,4999999985.8,secondary,
000589,2021-03-02,999999995.4,secondary,
600446,2021-03-02,1001338197.14,secondary,
300006,2021-03-02,1084331500.0,secondary,
603093,2021-03-02,364999941.02000004,secondary,
300358,2021-03-01,339999991.35,secondary,
300083,2021-03-01,399999999.99,secondary,
300487,2021-03-01,128249982.9,secondary,
002312,2021-03-01,1975629824.0,secondary,
601968,2021-02-27,1160466670.2,secondary,
002432,2021-02-26,315999996.90000004,secondary,
603713,2021-02-26,1099999958.2,secondary,
600617,2021-02-22,1011989997.3000001,secondary,
300472,2021-02-22,465099975.59999996,secondary,
600267,2021-02-20,699999990.0799999,secondary,
600267,2021-02-18,1885448499.1000001,secondary,
603076,2021-02-09,417999977.28,secondary,
002601,2021-02-08,2264799993.9700003,secondary,
600416,2021-02-08,1081137862.75,secondary,
300275,2021-02-05,154289966.85,secondary,
002555,2021-02-04,2932861457.68,secondary,
603330,2021-02-04,386999774.64,secondary,
300409,2021-02-04,1199999997.0,secondary,
300185,2021-02-03,943558939.5,secondary,
920225,2021-02-02,99478262.39999999,secondary,
603533,2021-02-01,1061111380.0,secondary,
920832,2021-02-01,234204600.0,secondary,
300019,2021-02-01,839999991.06,secondary,
002425,2021-01-29,900399994.1999999,secondary,
002913,2021-01-29,448470000.00000006,secondary,
920735,2021-01-29,278105100.0,secondary,
002752,2021-01-29,745999955.3100001,secondary,
000526,2021-01-29,830999705.0600001,secondary,
002333,2021-01-29,505500000.0,secondary,
600079,2021-01-29,999999999.85,secondary,
300688,2021-01-29,218399935.84,secondary,
002606,2021-01-29,129980398.39999999,secondary,
000951,2021-01-29,5013087912.0,secondary,
300531,2021-01-28,101548200.0,secondary,
002405,2021-01-28,4000000000.0,secondary,
002567,2021-01-27,1549999926.8,secondary,
000403,2021-01-27,1599999984.0,secondary,
920599,2021-01-27,500000000.0,secondary,
600456,2021-01-27,2004999605.8000002,secondary,
603456,2021-01-26,999999985.39,secondary,
601689,2021-01-26,1999999977.5,secondary,
920239,2021-01-26,234831999.99999997,secondary,
300562,2021-01-26,395499894.40000004,secondary,
603799,2021-01-26,6017999988.0,secondary,
300177,2021-01-26,509999927.66999996,secondary,
603185,2021-01-25,2999999953.0,secondary,
002617,2021-01-25,642649983.72,secondary,
600810,2021-01-25,599999997.3299999,secondary,
601038,2021-01-22,699999997.0,secondary,
002825,2021-01-22,275829922.08,secondary,
002413,2021-01-22,602399996.24,secondary,
603227,2021-01-21,198268700.0,secondary,
300091,2021-01-21,799999998.8399999,secondary,
300676,2021-01-21,2003077125.0,secondary,
000516,2021-01-20,999999997.4399999,secondary,
920427,2021-01-20,188870040.0,secondary,
300444,2021-01-20,599999996.9,secondary,
002214,2021-01-20,969999983.3800001,secondary,
000403,2021-01-19,3347180285.6499996,secondary,
600076,2021-01-19,859473489.26,secondary,
002239,2021-01-18,441999971.65000004,secondary,
300782,2021-01-18,3005537172.4,secondary,
002637,2021-01-18,409997370.0,secondary,
600803,2021-01-15,3073389450.0,secondary,
300751,2021-01-15,608499997.5,secondary,
000157,2021-01-14,5198999994.63,secondary,
300197,2021-01-14,1407000000.0,secondary,
603067,2021-01-11,438899994.02,secondary,
300227,2021-01-11,195999985.3,secondary,
920275,2021-01-11,52173915.0,secondary,
300394,2021-01-08,785999962.9799999,secondary,
300373,2021-01-07,1490478992.0,secondary,
002282,2021-01-06,425484896.13,secondary,
300737,2021-01-06,230572000.0,secondary,
300397,2021-01-05,589999902.36,secondary,
300748,2021-01-05,520999795.86,secondary,
002054,2020-12-31,462201986.4,secondary,
601865,2020-12-31,2499999996.79,secondary,
300648,2020-12-29,399999840.79999995,secondary,
600169,2020-12-29,1246082130.0,secondary,
920826,2020-12-28,74257402.32,secondary,
300073,2020-12-28,410615689.5,secondary,
300721,2020-12-28,161999831.62,secondary,
002149,2020-12-28,785000000.0,secondary,
002853,2020-12-28,599999999.04,secondary,
300576,2020-12-28,20799965.89,secondary,
603002,2020-12-25,119999999.10000001,secondary,
920344,2020-12-25,282750000.0,secondary,
601908,2020-12-25,2499999998.7999997,secondary,
002157,2020-12-25,7499999952.76,secondary,
603123,2020-12-25,338599980.71999997,secondary,
300702,2020-12-24,899999995.3000001,secondary,
300257,2020-12-24,1099999995.98,secondary,
300470,2020-12-24,459999965.04,secondary,
002497,2020-12-24,1499999997.81,secondary,
000830,2020-12-24,3295936747.5,secondary,
600755,2020-12-24,583374899.16,secondary,
920509,2020-12-24,137179400.0,secondary,
300686,2020-12-23,1078749669.6,secondary,
600538,2020-12-23,197533558.85999998,secondary,
000420,2020-12-23,329999994.28999996,secondary,
002587,2020-12-23,204999984.8,secondary,
600096,2020-12-22,1900229096.6100001,secondary,
000509,2020-12-22,247644935.0,secondary,
603068,2020-12-22,761243080.0,secondary,
300497,2020-12-22,1004149995.1999999,secondary,
002580,2020-12-22,494368070.56,secondary,
002159,2020-12-22,363165794.6,secondary,
600119,2020-12-21,249999998.4,secondary,
603706,2020-12-21,356999975.1,secondary,
002909,2020-12-21,299999988.75,secondary,
603703,2020-12-21,662225100.0,secondary,
600310,2020-12-18,744882649.14,secondary,
002705,2020-12-18,965999733.75,secondary,
300291,2020-12-17,399999997.48,secondary,
002673,2020-12-16,7499999996.25,secondary,
603690,2020-12-16,1374712740.19,secondary,
920675,2020-12-16,256320000.0,secondary,
600248,2020-12-16,8518711696.799999,secondary,
603385,2020-12-16,85000002.8,secondary,
300433,2020-12-15,14999999987.04,secondary,
920856,2020-12-15,58000000.0,secondary,
002362,2020-12-15,569356788.42,secondary,
601985,2020-12-15,7599999997.259999,secondary,
603179,2020-12-15,1198939096.05,secondary,
603319,2020-12-15,367469989.84000003,secondary,
002554,2020-12-15,698496188.76,secondary,
002506,2020-12-14,2512999983.0,secondary,
920510,2020-12-14,44730000.0,secondary,
603378,2020-12-11,399999980.93,secondary,
300080,2020-12-11,261985839.75,secondary,
603828,2020-12-11,208999980.0,secondary,
600800,2020-12-11,706018058.9,secondary,
300165,2020-12-11,32391990.4,secondary,
300322,2020-12-11,679999932.81,secondary,
002544,2020-12-10,1375555444.28,secondary,
300285,2020-12-09,836499996.9300001,secondary,
000723,2020-12-08,1098299977.6,secondary,
603005,2020-12-08,1028999666.41,secondary,
300725,2020-12-08,934999975.0,secondary,
920000,2020-12-08,125352000.0,secondary,
000859,2020-12-08,707499965.3199999,secondary,
601066,2020-12-08,3883999572.39,secondary,
002548,2020-12-07,652777495.5600001,secondary,
002562,2020-12-07,542699967.33,secondary,
601360,2020-12-07,4930312827.9,secondary,
688001,2020-12-07,336999659.29999995,secondary,
000927,2020-12-04,1574436757.74,secondary,
002686,2020-12-04,551429801.18,secondary,
000890,2020-12-03,115202243.52000001,secondary,
603123,2020-12-03,1361714682.3,secondary,
603055,2020-12-03,299999998.92,secondary,
002469,2020-12-03,308237296.2,secondary,
600679,2020-12-02,723099959.86,secondary,
002635,2020-12-02,1013799890.22,secondary,
603229,2020-12-01,419999994.64,secondary,
600812,2020-12-01,615710897.25,secondary,
000909,2020-12-01,499999999.5,secondary,
601231,2020-12-01,327881246.08000004,secondary,
002746,2020-12-01,1044999753.0,secondary,
600596,2020-11-30,319999994.15000004,secondary,
600278,2020-11-30,1258080343.6299999,secondary,
300041,2020-11-30,49999995.78,secondary,
603778,2020-11-27,509999996.94,secondary,
300785,2020-11-27,728499320.56,secondary,
300323,2020-11-27,1499999993.1200001,secondary,
600075,2020-11-27,314999994.75,secondary,
002398,2020-11-27,99999994.38000001,secondary,
600817,2020-11-26,299999993.93,secondary,
300620,2020-11-25,709999981.08,secondary,
002167,2020-11-24,411400000.0,secondary,
920670,2020-11-23,86956525.0,secondary,
000933,2020-11-23,2048653597.71,secondary,
002910,2020-11-23,377540000.0,secondary,
002079,2020-11-20,391756721.88,secondary,
600158,2020-11-20,537125298.4599999,secondary,
300769,2020-11-20,1199999910.0,secondary,
600110,2020-11-20,1419999978.5,secondary,
601966,2020-11-20,1991135580.0,secondary,
002532,2020-11-19,4999999995.9,secondary,
603002,2020-11-18,1028999995.1,secondary,
603659,2020-11-18,4591499925.05,secondary,
002469,2020-11-18,308236965.8,secondary,
300558,2020-11-18,1001999913.43,secondary,
300454,2020-11-18,888389898.4799999,secondary,
300677,2020-11-17,499999981.14,secondary,
600438,2020-11-17,5983390000.0,secondary,
300502,2020-11-16,1649999594.24,secondary,
601330,2020-11-16,1816116800.0,secondary,
000927,2020-11-13,12128713615.75,secondary,
600487,2020-11-12,5039999998.2300005,secondary,
002758,2020-11-12,2667224400.0,secondary,
300227,2020-11-12,195999985.5,secondary,
000156,2020-11-11,3465735260.4,secondary,
603078,2020-11-11,289999974.0,secondary,
002743,2020-11-11,654999998.76,secondary,
002863,2020-11-11,599999902.26,secondary,
603990,2020-11-10,727599565.44,secondary,
920047,2020-11-10,222739999.99999997,secondary,
002810,2020-11-09,149999987.7,secondary,
603218,2020-11-09,2799999986.28,secondary,
920030,2020-11-09,118800000.0,secondary,
600596,2020-11-09,657280000.0,secondary,
002936,2020-11-05,4640000000.0,secondary,
600469,2020-11-04,625965899.02,secondary,
300763,2020-11-04,724468668.12,secondary,
603317,2020-11-04,1629999987.0,secondary,
920396,2020-11-03,44283000.0,secondary,
603613,2020-11-03,2466066635.5,secondary,
000785,2020-11-03,3594999993.8799996,secondary,
600817,2020-11-03,2199999994.06,secondary,
300115,2020-11-02,1899999987.84,secondary,
300258,2020-11-02,1007999986.8900001,secondary,
600039,2020-10-30,4246456368.21,secondary,
002568,2020-10-30,1005999959.68,secondary,
603113,2020-10-29,999999994.84,secondary,
002850,2020-10-28,1385999671.97,secondary,
603936,2020-10-28,842999937.0500001,secondary,
300283,2020-10-28,121799996.80000001,secondary,
600141,2020-10-28,792880000.0,secondary,
002332,2020-10-28,999999990.0,secondary,
603313,2020-10-28,693249976.8399999,secondary,
920839,2020-10-27,112000000.0,secondary,
000628,2020-10-27,271728000.0,secondary,
603658,2020-10-27,3079999881.6,secondary,
000650,2020-10-26,833846495.28,secondary,
000498,2020-10-26,999999995.0999999,secondary,
600079,2020-10-23,2405649995.04,secondary,
002453,2020-10-23,971365208.7300001,secondary,
300577,2020-10-23,673506673.2,secondary,
002940,2020-10-22,275099846.94,secondary,
300268,2020-10-22,416070000.0,secondary,
002036,2020-10-21,1070999914.15,secondary,
600826,2020-10-21,1158550000.3500001,secondary,
300381,2020-10-21,99999997.39999999,secondary,
600004,2020-10-20,3199999994.44,secondary,
601615,2020-10-20,5803112316.26,secondary,
300738,2020-10-20,479999963.52000004,secondary,
002721,2020-10-20,386891864.07,secondary,
002648,2020-10-19,2999999996.5499997,secondary,
300692,2020-10-19,549999913.5400001,secondary,
002180,2020-10-19,341645310.15,secondary,
000100,2020-10-19,1999999998.41,secondary,
300663,2020-10-16,315999852.35,secondary,
002254,2020-10-16,499999995.04,secondary,
300014,2020-10-15,2499999960.64,secondary,
300408,2020-10-15,2174999993.6,secondary,
600699,2020-10-15,2499999992.49,secondary,
601990,2020-10-15,4375299842.7,secondary,
603019,2020-10-14,4779999982.65,secondary,
300358,2020-10-13,349999993.2,secondary,
000909,2020-10-13,499999989.33000004,secondary,
000625,2020-09-28,5999999994.099999,secondary,
002845,2020-09-28,819999999.36,secondary,
002156,2020-09-25,3271701762.96,secondary,
300443,2020-09-25,499999990.20000005,secondary,
002683,2020-09-25,1767532875.6,secondary,
603583,2020-09-25,1484999997.3600001,secondary,
300550,2020-09-25,507164762.38,secondary,
603737,2020-09-25,399999969.35,secondary,
300254,2020-09-25,139999997.52,secondary,
600566,2020-09-24,1404999983.48,secondary,
002891,2020-09-24,651499200.0,secondary,
002739,2020-09-24,2928999938.04,secondary,
002374,2020-09-24,479999998.2,secondary,
300680,2020-09-23,229999985.27999997,secondary,
000498,2020-09-23,1074757114.84,secondary,
300632,2020-09-23,1030803595.51,secondary,
002560,2020-09-22,599999999.67,secondary,
300483,2020-09-18,828261776.0999999,secondary,
002151,2020-09-18,756999826.75,secondary,
000876,2020-09-17,3999999988.4399996,secondary,
002459,2020-09-17,5199999991.5,secondary,
002821,2020-09-17,2310571937.0,secondary,
002922,2020-09-16,479329496.25000006,secondary,
300180,2020-09-16,399999998.20000005,secondary,
300165,2020-09-15,144403216.4,secondary,
002237,2020-09-15,2504455776.0,secondary,
002579,2020-09-14,1199999997.1000001,secondary,
000559,2020-09-14,2819235276.8,secondary,
000895,2020-09-14,6999999957.45,secondary,
002145,2020-09-11,1599999997.7,secondary,
002254,2020-09-11,2373938012.6099997,secondary,
002886,2020-09-10,357999752.63,secondary,
600821,2020-09-10,489531430.64,secondary,
600370,2020-09-10,7349999994.889999,secondary,
600893,2020-09-09,8489610670.960001,secondary,
600810,2020-09-08,1668938774.52,secondary,
603881,2020-09-07,1692149095.3999999,secondary,
002493,2020-09-07,7999999995.000001,secondary,
002895,2020-09-03,909622739.9999999,secondary,
603259,2020-09-02,6527939897.7,secondary,
600727,2020-09-02,548999951.7,secondary,
600651,2020-09-02,799999996.88,secondary,
300639,2020-09-01,1049999991.04,secondary,
600803,2020-08-28,13253959995.6,secondary,
600556,2020-08-27,2119999994.5499997,secondary,
300223,2020-08-25,1499999985.0,secondary,
300457,2020-08-21,1999999978.54,secondary,
601016,2020-08-19,2069468880.0000002,secondary,
002282,2020-08-19,426816585.59999996,secondary,
002671,2020-08-18,338268450.52,secondary,
002207,2020-08-18,102951000.0,secondary,
600651,2020-08-18,4494963655.7699995,secondary,
002822,2020-08-17,117599999.51,secondary,
601018,2020-08-17,9668870288.869999,secondary,
603232,2020-08-17,644799983.9,secondary,
000803,2020-08-14,289999981.4,secondary,
600496,2020-08-13,999999996.0600001,secondary,
000050,2020-08-12,5595472172.6,secondary,
002812,2020-08-11,4999999968.0,secondary,
600821,2020-08-11,2428847075.97,secondary,
002782,2020-08-10,489306899.15,secondary,
300560,2020-08-07,449999990.15999997,secondary,
603300,2020-08-07,1099999992.72,secondary,
603588,2020-08-06,169999440.0,secondary,
300290,2020-08-06,117599997.74000001,secondary,
002866,2020-08-06,599999986.08,secondary,
603085,2020-08-05,499999995.61999995,secondary,
002124,2020-08-04,2665599933.3,secondary,
002822,2020-08-03,117599957.86,secondary,
300445,2020-08-03,297030590.0,secondary,
600732,2020-07-30,2499999989.27,secondary,
002373,2020-07-27,1899999991.2,secondary,
002733,2020-07-27,651999853.4399999,secondary,
600489,2020-07-24,1999999993.3,secondary,
300451,2020-07-23,1317609591.0900002,secondary,
300075,2020-07-23,600000000.0,secondary,
600150,2020-07-21,3866799992.16,secondary,
300422,2020-07-20,579999997.49,secondary,
002129,2020-07-17,4999999992.42,secondary,
002736,2020-07-17,14999999983.74,secondary,
600095,2020-07-17,999999937.74,secondary,
603520,2020-07-16,671999962.0600001,secondary,
601375,2020-07-16,3644663940.0,secondary,
300401,2020-07-16,909399988.56,secondary,
002208,2020-07-15,999999996.91,secondary,
301321,2020-07-14,484700000.0,secondary,
920149,2020-07-14,100096000.0,secondary,
920368,2020-07-14,568350000.0,secondary,
920961,2020-07-14,267719999.99999997,secondary,
920263,2020-07-14,241081100.0,secondary,
920198,2020-07-14,218160000.0,secondary,
920242,2020-07-14,196577780.0,secondary,
920946,2020-07-13,324000000.0,secondary,
920640,2020-07-13,239400000.0,secondary,
920475,2020-07-13,142714000.0,secondary,
920433,2020-07-13,289598400.0,secondary,
600745,2020-07-13,5799999939.099999,secondary,
920415,2020-07-13,271076800.0,secondary,
920964,2020-07-13,188000000.0,secondary,
300496,2020-07-13,1700907779.6,secondary,
600369,2020-07-13,4900000000.0,secondary,
920278,2020-07-13,149625000.0,secondary,
920010,2020-07-10,249080000.0,secondary,
300659,2020-07-10,712999980.0,secondary,
920021,2020-07-10,215400000.0,secondary,
688287,2020-07-10,541987100.0,secondary,
600562,2020-07-10,599999985.45,secondary,
603477,2020-07-10,1702499868.6299999,secondary,
920508,2020-07-10,99800000.0,secondary,
920729,2020-07-10,35856000.0,secondary,
920266,2020-07-08,95817510.0,secondary,
301192,2020-07-08,229880000.00000003,secondary,
920184,2020-07-08,397386000.0,secondary,
300406,2020-07-08,1199999995.52,secondary,
920370,2020-07-08,352200000.0,secondary,
002384,2020-07-07,2892255800.0,secondary,
300618,2020-07-07,1901275999.1999998,secondary,
002856,2020-07-07,181999850.23999998,secondary,
300750,2020-07-06,19699999928.0,secondary,
920185,2020-07-06,1672000000.0,secondary,
600727,2020-07-03,549433505.64,secondary,
920163,2020-07-03,126579900.00000001,secondary,
920445,2020-07-03,183600000.0,secondary,
920418,2020-07-03,115600000.0,secondary,
920167,2020-07-02,122160000.0,secondary,
920682,2020-07-02,364000000.0,secondary,
300143,2020-07-02,732939997.0600001,secondary,
300173,2020-07-02,399999997.0,secondary,
920489,2020-07-02,202557100.0,secondary,
000803,2020-07-01,352699777.2,secondary,
002797,2020-07-01,4200000000.0,secondary,
920819,2020-07-01,545000000.0,secondary,
920799,2020-07-01,221584000.0,secondary,
603818,2020-06-30,659487490.1,secondary,
600282,2020-06-30,4585042187.1,secondary,
600745,2020-06-29,6183715171.4800005,secondary,
600860,2020-06-29,214830000.0,secondary,
002307,2020-06-28,841709699.46,secondary,
603588,2020-06-24,397354392.53999996,secondary,
600561,2020-06-22,235167488.0,secondary,
603183,2020-06-19,199150296.49,secondary,
300015,2020-06-18,710199998.67,secondary,
000301,2020-06-18,3610031685.1200004,secondary,
688001,2020-06-18,727999954.5600001,secondary,
002532,2020-06-17,15539199958.26,secondary,
002659,2020-06-17,471644367.81000006,secondary,
300174,2020-06-15,883449989.76,secondary,
300684,2020-06-12,830999999.13,secondary,
600116,2020-06-11,499999994.64,secondary,
600029,2020-06-10,12782393520.97,secondary,
300802,2020-06-10,79999962.83999999,secondary,
603838,2020-06-09,333350000.0,secondary,
300015,2020-06-08,1652879995.0,secondary,
600703,2020-06-05,6999999994.8,secondary,
002724,2020-06-05,135659999.62,secondary,
000657,2020-06-05,888286956.3,secondary,
603959,2020-06-04,284999995.52,secondary,
600095,2020-06-04,10608378148.233002,secondary,
002266,2020-06-02,12919999990.53,secondary,
002600,2020-06-02,2999999992.36,secondary,
603960,2020-06-02,49999999.72,secondary,
002313,2020-05-28,1160640000.0,secondary,
002765,2020-05-28,311999997.69,secondary,
002410,2020-05-27,2699999983.9199996,secondary,
600499,2020-05-27,1145268355.3600001,secondary,
600278,2020-05-26,2138069495.04,secondary,
600609,2020-05-26,653414943.74,secondary,
600483,2020-05-26,1530690617.04,secondary,
300671,2020-05-25,349999983.0,secondary,
601388,2020-05-25,243329998.67999998,secondary,
600158,2020-05-25,537125288.46,secondary,
600562,2020-05-23,6822341826.440001,secondary,
603955,2020-05-21,304465200.0,secondary,
600116,2020-05-19,6170965861.86,secondary,
603986,2020-05-19,4324023511.06,secondary,
002876,2020-05-19,874224000.0,secondary,
002243,2020-05-19,499999999.2,secondary,
603305,2020-05-15,1047999583.2599999,secondary,
603186,2020-05-13,649999974.4000001,secondary,
300655,2020-05-12,299999997.21999997,secondary,
300563,2020-05-12,349999988.59000003,secondary,
000505,2020-05-11,249017316.35,secondary,
300173,2020-04-30,464639980.0,secondary,
600075,2020-04-30,2299999992.84,secondary,
600133,2020-04-28,219999980.64000002,secondary,
603363,2020-04-27,1389999984.8400002,secondary,
600517,2020-04-27,2237676903.0,secondary,
300629,2020-04-24,182199876.32,secondary,
300609,2020-04-22,617722044.0,secondary,
600131,2020-04-20,1480972288.26,secondary,
601009,2020-04-20,11619044953.380001,secondary,
600926,2020-04-17,7159999999.999999,secondary,
300192,2020-04-16,299999997.0,secondary,
603960,2020-04-16,67157989.21000001,secondary,
002340,2020-04-15,2424909962.88,secondary,
600328,2020-04-15,799999999.26,secondary,
300601,2020-04-14,2999999970.0,secondary,
300673,2020-04-14,530640000.0,secondary,
601002,2020-04-14,792690000.0,secondary,
002125,2020-04-14,527999985.3,secondary,
600746,2020-04-14,281500000.0,secondary,
300602,2020-04-13,699999984.99,secondary,
002724,2020-04-13,203489998.04000002,secondary,
603083,2020-04-10,749999993.76,secondary,
300037,2020-04-10,1139999976.0,secondary,
601127,2020-04-10,3849999995.52,secondary,
603799,2020-04-10,799999997.74,secondary,
300302,2020-04-10,229599956.94,secondary,
300420,2020-04-08,759999575.0699999,secondary,
300667,2020-04-08,124999997.85,secondary,
600984,2020-04-07,1505747998.82,secondary,
002142,2020-04-07,7999999991.06,secondary,
300735,2020-04-02,2183693824.0,secondary,
300223,2020-04-01,5584695395.8,secondary,
002645,2020-03-31,317999996.82000005,secondary,
600489,2020-03-30,7935170786.1,secondary,
002556,2020-03-26,129999994.92,secondary,
002645,2020-03-24,509447985.2,secondary,
002612,2020-03-23,49999998.18,secondary,
600150,2020-03-19,37368461602.44,secondary,
000800,2020-03-18,19920870296.16,secondary,
000952,2020-03-18,363999986.77,secondary,
002240,2020-03-18,659999996.2900001,secondary,
002483,2020-03-13,990316378.25,secondary,
000948,2020-03-11,649999987.14,secondary,
002602,2020-03-11,3099999996.9,secondary,
002252,2020-03-10,13246243560.0,secondary,
300192,2020-03-09,290260737.0,secondary,
600487,2020-03-06,702708998.0,secondary,
000953,2020-03-06,119999995.52,secondary,
600026,2020-03-06,5099999987.52,secondary,
600482,2020-03-02,9420820841.11,secondary,
300290,2020-02-28,117599991.6,secondary,
002480,2020-02-27,522361909.99999994,secondary,
600163,2020-02-26,2338549999.62,secondary,
300655,2020-02-24,299999988.52,secondary,
603799,2020-02-13,804999988.4000001,secondary,
600517,2020-02-10,14397719973.0,secondary,
002082,2020-02-04,2729999912.22,secondary,
600686,2020-01-20,715904799.94,secondary,
002208,2020-01-20,1286228895.4199998,secondary,
600764,2020-01-20,2113002996.48,secondary,
002533,2020-01-19,692048393.61,secondary,
600135,2020-01-13,349999993.97999996,secondary,
600988,2020-01-13,509999998.76000005,secondary,
600800,2020-01-13,1881360403.3899999,secondary,
600030,2020-01-10,13459999993.980001,secondary,
002413,2020-01-10,113749993.5,secondary,
300164,2020-01-09,300999986.6,secondary,
600973,2020-01-08,499999998.85,secondary,
000063,2020-01-07,11512999823.28,secondary,
300531,2020-01-06,150000005.28,secondary,
002793,2019-12-31,6635659901.57,secondary,
002556,2019-12-31,607154681.0699999,secondary,
002064,2019-12-30,1821004800.0,secondary,
000932,2019-12-26,8734825666.08,secondary,
002761,2019-12-26,7282238231.62,secondary,
000953,2019-12-26,161702415.0,secondary,
000905,2019-12-25,599999995.14,secondary,
300483,2019-12-23,610014367.1999999,secondary,
600250,2019-12-23,79999999.75999999,secondary,
000757,2019-12-23,236999997.24,secondary,
600250,2019-12-20,271903597.28000003,secondary,
000958,2019-12-20,15112442887.82,secondary,
002825,2019-12-20,31709993.240000002,secondary,
000004,2019-12-20,1280999867.8,secondary,
600131,2019-12-18,3353909293.7599998,secondary,
600746,2019-12-18,3715641599.7000003,secondary,
600855,2019-12-17,961057893.44,secondary,
000807,2019-12-17,2137607811.8999999,secondary,
600328,2019-12-16,3347625494.52,secondary,
603638,2019-12-16,699999982.01,secondary,
300455,2019-12-16,616999982.4,secondary,
600556,2019-12-10,3994999977.0,secondary,
601872,2019-12-10,3609999969.52,secondary,
300623,2019-12-10,755299916.46,secondary,
600136,2019-12-09,826260985.76,secondary,
600745,2019-12-09,6496769502.690001,secondary,
300670,2019-12-05,247519981.01,secondary,
601619,2019-12-05,483973000.0,secondary,
603977,2019-12-05,28492111.349999998,secondary,
000785,2019-12-04,35649999930.54,secondary,
603183,2019-12-04,203350623.84,secondary,
300667,2019-12-04,402999577.47,secondary,
300531,2019-12-03,488999795.49,secondary,
600765,2019-12-02,1327273459.1999998,secondary,
002243,2019-12-02,5501640868.64,secondary,
600279,2019-11-29,1857092993.36,secondary,
002915,2019-11-27,269999915.9,secondary,
603859,2019-11-25,299996840.0,secondary,
002240,2019-11-22,922499972.84,secondary,
300435,2019-11-22,351999984.0,secondary,
600764,2019-11-21,5940496326.599999,secondary,
000661,2019-11-21,999999123.6899999,secondary,
600141,2019-11-20,899999974.95,secondary,
001914,2019-11-20,2989723294.4,secondary,
603225,2019-11-19,2216666652.48,secondary,
300124,2019-11-15,319999999.20000005,secondary,
601899,2019-11-15,7999999997.55,secondary,
600295,2019-11-15,499999995.8,secondary,
002371,2019-11-15,1999999909.2700002,secondary,
002064,2019-11-15,10799999990.52,secondary,
000661,2019-11-15,5186787924.01,secondary,
300520,2019-11-14,185999981.04,secondary,
300054,2019-11-14,198239993.2,secondary,
000713,2019-11-14,79999994.88,secondary,
002579,2019-11-14,213000017.18,secondary,
300607,2019-11-13,649999974.54,secondary,
601008,2019-11-12,282999999.6,secondary,
300638,2019-11-11,699999854.4,secondary,
002459,2019-11-08,7499999969.53,secondary,
600988,2019-11-07,509999996.88,secondary,
002291,2019-11-06,449359978.2,secondary,
600848,2019-11-01,4766645602.4,secondary,
600461,2019-10-31,893999994.36,secondary,
000031,2019-10-31,2425781396.73,secondary,
300455,2019-10-29,824825231.64,secondary,
300078,2019-10-29,572999971.8000001,secondary,
002044,2019-10-25,2045959989.15,secondary,
600704,2019-10-25,3815273096.15,secondary,
300035,2019-10-25,532883699.28000003,secondary,
600698,2019-10-24,249999998.4,secondary,
300571,2019-10-22,199999915.5,secondary,
300462,2019-10-17,699999646.5,secondary,
001872,2019-10-17,2212829121.36,secondary,
603308,2019-10-17,615799983.1999999,secondary,
603887,2019-10-16,187999971.67999998,secondary,
002753,2019-10-10,319999983.59999996,secondary,
300375,2019-10-09,59499993.199999996,secondary,
603997,2019-10-08,2915999982.39,secondary,
600135,2019-09-27,649053597.9399999,secondary,
002301,2019-09-26,959999966.97,secondary,
300464,2019-09-24,279999983.74,secondary,
300629,2019-09-23,325000004.66999996,secondary,
600378,2019-09-20,706725643.62,secondary,
603577,2019-09-19,313182843.48,secondary,
300578,2019-09-19,49999992.0,secondary,
300395,2019-09-18,699999953.2800001,secondary,
300525,2019-09-17,449998776.71000004,secondary,
002462,2019-09-17,595062632.25,secondary,
300080,2019-09-17,5765566974.83,secondary,
000035,2019-09-16,444764074.36,secondary,
603595,2019-09-16,319999976.6,secondary,
300435,2019-09-16,855000000.0,secondary,
600732,2019-09-12,5367999982.0,secondary,
600745,2019-09-12,9955926536.52,secondary,
601390,2019-09-10,11654737245.0,secondary,
300034,2019-09-09,119999992.47,secondary,
002160,2019-09-04,107599993.8,secondary,
000895,2019-09-01,39091177698.7,secondary,
002915,2019-08-30,399999983.2,secondary,
600133,2019-08-28,237214424.12,secondary,
600521,2019-08-27,984999963.78,secondary,
002627,2019-08-26,41999994.28,secondary,
600115,2019-08-26,7459214730.4,secondary,
000708,2019-08-23,23179394682.399998,secondary,
603885,2019-08-21,2109059579.6000001,secondary,
300657,2019-08-19,722368989.2399999,secondary,
603386,2019-08-19,358199983.36,secondary,
002627,2019-08-16,90798088.06,secondary,
300120,2019-08-16,403762500.0,secondary,
600141,2019-08-12,1782470540.82,secondary,
002714,2019-08-12,4999999992.0,secondary,
603501,2019-08-08,404147090.48,secondary,
002612,2019-08-05,316338110.88,secondary,
603315,2019-08-02,1136333487.15,secondary,
300146,2019-07-31,1399999976.94,secondary,
300604,2019-07-26,490458673.8,secondary,
002617,2019-07-26,165199993.3,secondary,
300568,2019-07-25,859008000.0,secondary,
603501,2019-07-22,13512063763.900002,secondary,
002825,2019-07-19,53000021.1,secondary,
002128,2019-07-19,1034999992.0400001,secondary,
300746,2019-07-19,302931978.0,secondary,
600645,2019-07-17,446999922.07,secondary,
300227,2019-07-11,275999983.38,secondary,
603986,2019-07-09,977799961.27,secondary,
603429,2019-07-09,400999937.79999995,secondary,
300124,2019-07-09,1218816180.9599998,secondary,
603283,2019-07-05,139999937.0,secondary,
000757,2019-07-03,948911913.06,secondary,
600682,2019-07-03,499999996.08,secondary,
300388,2019-07-01,941998208.58,secondary,
601368,2019-06-28,812335228.0799999,secondary,
600877,2019-06-28,752628474.9,secondary,
002225,2019-06-28,616999986.6300001,secondary,
002230,2019-06-27,2926800000.0,secondary,
000411,2019-06-26,467177276.14,secondary,
002059,2019-06-25,1856022341.83,secondary,
002157,2019-06-25,992744892.42,secondary,
600848,2019-06-21,16106150010.8,secondary,
600711,2019-06-20,815999985.32,secondary,
600888,2019-06-20,751491370.1600001,secondary,
300596,2019-06-20,599999975.8,secondary,
600959,2019-06-18,299999998.96999997,secondary,
600642,2019-06-17,1983600000.0,secondary,
601212,2019-06-10,710099983.8,secondary,
300229,2019-06-05,47999996.46,secondary,
002602,2019-06-03,26873052837.37,secondary,
002171,2019-06-03,747499997.32,secondary,
000538,2019-06-01,51027961162.64,secondary,
300682,2019-05-31,3752959830.48,secondary,
603986,2019-05-31,1444999611.6599998,secondary,
600071,2019-05-30,399999997.31,secondary,
000543,2019-05-29,2301337314.9900002,secondary,
002015,2019-05-27,4397119589.940001,secondary,
603283,2019-05-27,20999958.569999997,secondary,
300109,2019-05-24,1699999930.8600001,secondary,
002765,2019-05-20,433657418.40000004,secondary,
601137,2019-05-20,494999983.94,secondary,
002128,2019-05-17,1395162498.1000001,secondary,
600569,2019-05-17,1618130711.86,secondary,
600982,2019-05-15,1139573523.894,secondary,
300413,2019-05-14,1999999969.03,secondary,
002051,2019-05-09,19999994.130000003,secondary,
002739,2019-05-08,10523929456.400002,secondary,
603919,2019-05-08,366799972.0,secondary,
002617,2019-05-07,1485230760.0,secondary,
600318,2019-05-07,201439982.94,secondary,
600711,2019-04-26,1618745958.72,secondary,
603887,2019-04-24,1950817921.5,secondary,
300132,2019-04-24,1510439842.16,secondary,
600793,2019-04-23,379290600.00000006,secondary,
000507,2019-04-23,1019999986.24,secondary,
600579,2019-04-18,6302798968.5,secondary,
603690,2019-04-17,429999943.55999994,secondary,
600490,2019-04-16,599999989.16,secondary,
002803,2019-04-15,515999963.68,secondary,
603609,2019-04-12,777777738.32,secondary,
603131,2019-04-11,142999985.72,secondary,
002738,2019-04-10,429222499.2,secondary,
600866,2019-04-10,167899998.42000002,secondary,
300603,2019-04-10,443799938.34,secondary,
300014,2019-04-09,2499999996.0,secondary,
600335,2019-04-04,3105296996.7799997,secondary,
300271,2019-04-04,1054999977.98,secondary,
300513,2019-04-02,108659968.3,secondary,
600295,2019-04-01,2452994879.94,secondary,
600478,2019-03-26,820668335.8199999,secondary,
600199,2019-03-25,576423294.3000001,secondary,
002291,2019-03-22,1299457205.0,secondary,
002051,2019-03-21,1270896894.7,secondary,
600737,2019-03-18,654029988.9599999,secondary,
601212,2019-03-15,1472123187.6000001,secondary,
300428,2019-03-15,515999984.49,secondary,
002281,2019-03-14,813749914.4,secondary,
002189,2019-03-13,350629995.75,secondary,
601500,2019-03-12,937642982.25,secondary,
300302,2019-03-11,347999983.76,secondary,
300308,2019-03-11,1555949999.8799999,secondary,
300523,2019-03-08,172999978.2,secondary,
300239,2019-03-08,232200000.0,secondary,
300009,2019-03-04,682039998.08,secondary,
002053,2019-03-04,1369908794.8,secondary,
002669,2019-02-28,124999963.0,secondary,
300491,2019-02-25,240681589.85,secondary,
300479,2019-02-21,57479994.0,secondary,
300209,2019-02-21,2978574377.2400002,secondary,
600985,2019-02-21,516869200.26,secondary,
300140,2019-02-20,409999999.65000004,secondary,
002560,2019-02-19,79999997.44,secondary,
601600,2019-02-18,12713248290.0,secondary,
300427,2019-02-11,57999997.44,secondary,
000031,2019-02-02,14447028995.279999,secondary,
600309,2019-01-31,52217581968.58,secondary,
300094,2019-01-30,609999995.75,secondary,
603859,2019-01-30,213999970.75000003,secondary,
300456,2019-01-29,1227790738.2,secondary,
600866,2019-01-28,256099970.79000002,secondary,
603690,2019-01-28,431987683.14000005,secondary,
002196,2019-01-25,141000000.0,secondary,
300505,2019-01-24,153999961.78,secondary,
300290,2019-01-24,162899995.24,secondary,
300503,2019-01-24,271529992.56,secondary,
000703,2019-01-24,2949999987.0,secondary,
000711,2019-01-21,876196013.84,secondary,
600559,2019-01-21,282999925.11,secondary,
002607,2019-01-21,17484897412.83,secondary,
601113,2019-01-15,339019991.78,secondary,
600733,2019-01-15,1064988540.0,secondary,
600740,2019-01-14,639999974.6,secondary,
601919,2019-01-14,7723503408.599999,secondary,
000035,2019-01-11,6403696008.38,secondary,
300603,2019-01-08,1418139228.0,secondary,
002423,2019-01-07,19524129938.32,secondary,
002787,2019-01-07,47464410.0,secondary,
603033,2019-01-04,1469999911.25,secondary,
603299,2019-01-03,2201840893.72,secondary,
002596,2019-01-03,482999989.36,secondary,
300486,2018-12-28,224999998.31,secondary,
600015,2018-12-28,29235725562.0,secondary,
000547,2018-12-28,299999993.71999997,secondary,
300464,2018-12-28,890523464.0,secondary,
000779,2018-12-27,2204523592.2599998,secondary,
603936,2018-12-27,128999987.36,secondary,
300483,2018-12-26,1043999889.6,secondary,
300091,2018-12-26,199999997.6,secondary,
002755,2018-12-25,7067499981.849999,secondary,
600691,2018-12-25,1999999998.58,secondary,
600378,2018-12-25,5983119193.56,secondary,
300578,2018-12-24,640411455.55,secondary,
300732,2018-12-21,286762035.31,secondary,
300428,2018-12-21,2549999968.56,secondary,
300140,2018-12-21,499868771.21999997,secondary,
002520,2018-12-21,1249999986.6,secondary,
000878,2018-12-21,2118932604.8000002,secondary,
300520,2018-12-20,690999911.84,secondary,
002171,2018-12-20,796499985.1999999,secondary,
300343,2018-12-19,512722502.08,secondary,
603508,2018-12-19,981999967.41,secondary,
002189,2018-12-19,518127463.59999996,secondary,
000713,2018-12-18,188499994.83,secondary,
002707,2018-12-18,358199955.54,secondary,
300244,2018-12-18,1074758489.64,secondary,
600987,2018-12-17,1069999994.8800001,secondary,
002819,2018-12-13,142761898.16,secondary,
300523,2018-12-11,287709098.25,secondary,
300474,2018-12-10,1087999947.44,secondary,
600626,2018-12-07,718765410.0,secondary,
600798,2018-12-06,799358801.15,secondary,
002176,2018-12-05,1339860599.8500001,secondary,
002037,2018-12-04,1125005185.98,secondary,
000547,2018-12-03,1449764095.4199998,secondary,
000703,2018-11-29,4494999964.53,secondary,
002160,2018-11-29,221759995.8,secondary,
000967,2018-11-27,15249999966.16,secondary,
603131,2018-11-26,479999919.14,secondary,
600248,2018-11-23,1619559976.3200002,secondary,
000716,2018-11-19,110006999.10000001,secondary,
001872,2018-11-16,24649999986.08,secondary,
300409,2018-11-16,1484999950.2,secondary,
600675,2018-11-15,1994019428.52,secondary,
000582,2018-11-15,1647064529.6799998,secondary,
300034,2018-11-14,372299971.09999996,secondary,
000930,2018-11-13,8284727997.56,secondary,
300229,2018-11-13,63782600.0,secondary,
002331,2018-11-09,182499993.2,secondary,
000733,2018-11-07,481002772.0,secondary,
603559,2018-11-06,93379990.08,secondary,
603939,2018-11-06,598744495.64,secondary,
000998,2018-11-05,1386899739.68,secondary,
603667,2018-10-31,463478319.21,secondary,
600008,2018-10-26,2689633998.13,secondary,
300647,2018-10-25,171499988.0,secondary,
300065,2018-10-19,663153587.6,secondary,
000019,2018-10-18,5875546440.960001,secondary,
300375,2018-10-18,479999991.46,secondary,
000987,2018-10-17,527999999.11,secondary,
000697,2018-10-12,1596207502.6,secondary,
603977,2018-10-09,853994691.0,secondary,
000987,2018-10-08,5764383581.28,secondary,
300383,2018-09-27,580749977.9200001,secondary,
600011,2018-09-21,3259999969.45,secondary,
002796,2018-09-21,213619897.44,secondary,
300490,2018-09-18,369604902.92,secondary,
002203,2018-09-12,2077999980.71,secondary,
600029,2018-09-12,9499999995.779999,secondary,
002675,2018-09-11,217999989.6,secondary,
000889,2018-09-10,725199987.98,secondary,
002806,2018-09-07,827359983.26,secondary,
300323,2018-08-28,186999970.07999998,secondary,
600584,2018-08-23,3618724919.28,secondary,
601116,2018-08-22,1466408916.0,secondary,
603901,2018-08-22,315899988.52,secondary,
002382,2018-08-22,1837023179.9999998,secondary,
601996,2018-08-21,644670216.0,secondary,
002851,2018-08-20,883109479.36,secondary,
600711,2018-08-17,1199999994.55,secondary,
600645,2018-08-15,1199999994.0,secondary,
002340,2018-08-13,1835999987.64,secondary,
002738,2018-08-09,1400777347.6799998,secondary,
000301,2018-08-03,12732999999.810001,secondary,
600985,2018-08-02,20405649435.14,secondary,
603936,2018-08-02,1054999953.09,secondary,
300383,2018-08-01,580749989.9599999,secondary,
002470,2018-08-01,967999974.57,secondary,
600682,2018-07-30,5967999996.920001,secondary,
600021,2018-07-30,1352945952.9599998,secondary,
600733,2018-07-26,28662467954.12,secondary,
300680,2018-07-26,194999951.69,secondary,
600673,2018-07-24,3221087998.5,secondary,
601688,2018-07-23,14207942160.0,secondary,
002745,2018-07-23,395999959.12,secondary,
600550,2018-07-23,1117193943.32,secondary,
600959,2018-07-23,7771261950.679999,secondary,
002386,2018-07-20,689999973.52,secondary,
002812,2018-07-19,4999459717.440001,secondary,
002407,2018-07-17,704999978.76,secondary,
002061,2018-07-17,646999985.9,secondary,
000425,2018-07-13,2543897587.0,secondary,
300394,2018-07-13,189999987.0,secondary,
002129,2018-07-12,396849983.9,secondary,
600657,2018-07-12,7832947102.700001,secondary,
300320,2018-07-12,221999995.44,secondary,
002129,2018-07-02,644150660.79,secondary,
600655,2018-07-02,23976961359.04,secondary,
300100,2018-06-28,1622419949.8600001,secondary,
000868,2018-06-28,194859995.4,secondary,
601872,2018-06-28,3586447497.875,secondary,
601288,2018-06-26,99999999985.81,secondary,
300413,2018-06-22,11550751187.98,secondary,
002528,2018-06-22,599999997.15,secondary,
002493,2018-06-19,5999999995.0,secondary,
002110,2018-06-12,2761545796.23,secondary,
300091,2018-06-12,784999953.64,secondary,
600490,2018-06-07,1508819997.05,secondary,
300416,2018-06-06,221999975.75,secondary,
300363,2018-06-04,1486800000.0,secondary,
300149,2018-05-31,1240499965.24,secondary,
603716,2018-05-31,625959956.79,secondary,
300270,2018-05-30,399999969.59999996,secondary,
002787,2018-05-29,338676598.1,secondary,
300510,2018-05-25,707999958.75,secondary,
002172,2018-05-25,383999492.00000006,secondary,
002045,2018-05-24,486999976.98,secondary,
300285,2018-05-23,809999699.6400001,secondary,
300449,2018-05-23,266999958.0,secondary,
002564,2018-05-22,1071269472.0,secondary,
300493,2018-05-21,235499973.75,secondary,
601518,2018-05-18,449999996.88,secondary,
300429,2018-05-17,388640000.0,secondary,
002586,2018-05-16,881369579.6199999,secondary,
002382,2018-05-14,3986315924.5,secondary,
002608,2018-05-11,3999999983.2200003,secondary,
300276,2018-05-11,939999993.6600001,secondary,
002837,2018-05-04,285722866.55,secondary,
600875,2018-04-27,6792666597.63,secondary,
000597,2018-04-24,850581876.4800001,secondary,
300506,2018-04-23,879999982.1,secondary,
600675,2018-04-23,14851324699.820002,secondary,
002409,2018-04-20,2467287839.6419997,secondary,
603009,2018-04-19,109999991.97,secondary,
300513,2018-04-19,1583054612.8999999,secondary,
600855,2018-04-18,277032000.0,secondary,
300479,2018-04-17,134119895.48,secondary,
600496,2018-04-16,957000000.0,secondary,
600491,2018-04-16,2866616698.05,secondary,
600855,2018-04-13,126999981.36000001,secondary,
002086,2018-04-13,573914000.0,secondary,
002565,2018-04-11,155999994.15,secondary,
000858,2018-04-11,1853277407.4,secondary,
002094,2018-04-10,344174157.59999996,secondary,
002640,2018-04-10,659499985.06,secondary,
002669,2018-04-09,205197233.82,secondary,
603600,2018-04-09,536000000.00000006,secondary,
002675,2018-04-04,823204688.6999999,secondary,
601113,2018-04-03,2625278572.95,secondary,
002255,2018-04-02,750967769.1999999,secondary,
002757,2018-04-02,637399878.5,secondary,
002745,2018-04-02,2745999997.92,secondary,
002402,2018-04-02,109999994.75999999,secondary,
600406,2018-04-02,6103279992.42,secondary,
002479,2018-04-02,782000000.0,secondary,
300294,2018-03-30,999999998.62,secondary,
600889,2018-03-30,376999983.72,secondary,
300482,2018-03-29,719999952.3499999,secondary,
002076,2018-03-29,77999990.11,secondary,
002355,2018-03-29,1037499986.46,secondary,
600346,2018-03-29,7183955000.0,secondary,
000567,2018-03-28,3799999987.6200004,secondary,
300423,2018-03-28,518417827.84,secondary,
300323,2018-03-27,1649999994.6000001,secondary,
002373,2018-03-23,4337041935.42,secondary,
603559,2018-03-23,223600004.42999998,secondary,
600559,2018-03-23,779999984.44,secondary,
600876,2018-03-23,774565600.1999999,secondary,
300207,2018-03-22,2554200000.0,secondary,
600853,2018-03-21,470236800.0,secondary,
000682,2018-03-21,1740306297.6,secondary,
300053,2018-03-20,1081999997.3999999,secondary,
300457,2018-03-20,1412655000.0,secondary,
002120,2018-03-19,3915193660.5,secondary,
601991,2018-03-15,8333999997.820001,secondary,
002526,2018-03-14,10029600.0,secondary,
600789,2018-03-14,883599969.25,secondary,
002376,2018-03-13,420249991.35999995,secondary,
300073,2018-03-09,1499999981.59,secondary,
603223,2018-03-09,389520000.0,secondary,
300313,2018-03-08,1795650146.71,secondary,
300486,2018-03-07,499999938.88,secondary,
600740,2018-03-07,4292057784.0000005,secondary,
300290,2018-03-07,167999979.0,secondary,
300364,2018-03-05,1023039663.9200001,secondary,
600080,2018-02-27,637599993.94,secondary,
002076,2018-02-27,194999987.1,secondary,
601360,2018-02-22,50234625792.36,secondary,
600749,2018-02-14,581031720.9599999,secondary,
300298,2018-02-14,502649986.28000003,secondary,
300472,2018-02-14,369999989.73,secondary,
603861,2018-02-12,617305890.8000001,secondary,
002768,2018-02-12,750000000.0,secondary,
300328,2018-02-09,430000000.0,secondary,
603111,2018-02-07,1112640000.0,secondary,
603009,2018-02-06,250824968.94,secondary,
603300,2018-02-06,371999990.88,secondary,
603518,2018-02-05,521724439.34000003,secondary,
300500,2018-02-05,394372355.52000004,secondary,
300510,2018-02-02,1061746693.6700001,secondary,
600595,2018-02-02,1249999991.26,secondary,
002387,2018-02-02,14999999919.599998,secondary,
600189,2018-02-01,422280000.0,secondary,
000761,2018-02-01,3999999988.12,secondary,
600346,2018-02-01,11519999986.1,secondary,
600141,2018-01-31,1399999988.1000001,secondary,
002404,2018-01-31,409999978.79,secondary,
300320,2018-01-31,222188587.82999998,secondary,
601021,2018-01-29,3499999984.17,secondary,
002115,2018-01-26,325372314.78,secondary,
000821,2018-01-26,97999999.2,secondary,
002596,2018-01-26,690399997.6800001,secondary,
300045,2018-01-26,400000000.0,secondary,
002226,2018-01-26,2498999965.2000003,secondary,
600731,2018-01-24,210151758.0,secondary,
000599,2018-01-24,899999995.02,secondary,
002777,2018-01-24,447949946.24,secondary,
002331,2018-01-23,429999914.93,secondary,
002293,2018-01-23,464999980.48,secondary,
000560,2018-01-22,1659999991.7,secondary,
600711,2018-01-22,1438966678.77,secondary,
002602,2018-01-22,4149999953.04,secondary,
002600,2018-01-19,20729999988.36,secondary,
300481,2018-01-19,200900000.0,secondary,
300334,2018-01-18,59599994.55,secondary,
000050,2018-01-18,11109407351.19,secondary,
600871,2018-01-18,3999999996.7200003,secondary,
600643,2018-01-16,1699999993.6,secondary,
002602,2018-01-16,4163399956.3500004,secondary,
300296,2018-01-15,1219999974.39,secondary,
300423,2018-01-15,1429999981.0800002,secondary,
000582,2018-01-15,1685439717.12,secondary,
601118,2018-01-12,1797001976.52,secondary,
002796,2018-01-12,674999995.53,secondary,
300298,2018-01-11,527925805.0,secondary,
002654,2018-01-11,584299962.24,secondary,
600713,2018-01-10,938648555.4599999,secondary,
002282,2018-01-10,325000017.3,secondary,
000975,2018-01-10,4030999936.9199996,secondary,
000166,2018-01-08,11999999995.279999,secondary,
002798,2018-01-05,1744963765.5,secondary,
002063,2018-01-05,59599987.839999996,secondary,
002046,2018-01-02,548450291.2,secondary,
300339,2018-01-02,805128795.9,secondary,
600859,2017-12-31,4211706489.8300004,secondary,
002190,2017-12-29,399999987.94,secondary,
600129,2017-12-28,1996749987.84,secondary,
300334,2017-12-28,358668428.04,secondary,
002246,2017-12-27,418949989.25,secondary,
000821,2017-12-26,727199979.8000001,secondary,
000700,2017-12-25,749999996.6800001,secondary,
002309,2017-12-25,3106144500.0,secondary,
000639,2017-12-25,1669999918.72,secondary,
600572,2017-12-22,1092999596.0,secondary,
000716,2017-12-22,537920560.64,secondary,
300112,2017-12-22,185388994.35,secondary,
600406,2017-12-22,24166224654.08,secondary,
601169,2017-12-22,20641160698.5,secondary,
603599,2017-12-21,1434999926.45,secondary,
300459,2017-12-21,4199999969.3399997,secondary,
002389,2017-12-20,3136319954.6,secondary,
002156,2017-12-20,1921199999.3799999,secondary,
002712,2017-12-20,739648800.0,secondary,
002397,2017-12-20,570279987.2,secondary,
000560,2017-12-20,3923573545.8999996,secondary,
002632,2017-12-20,126480450.24,secondary,
002292,2017-12-19,699999971.64,secondary,
300472,2017-12-18,422928355.08,secondary,
300401,2017-12-18,421999986.65999997,secondary,
002526,2017-12-15,524999989.69,secondary,
600460,2017-12-15,731999965.92,secondary,
603025,2017-12-14,105499993.6,secondary,
600958,2017-12-14,11058275884.320002,secondary,
300098,2017-12-14,329999995.0,secondary,
002713,2017-12-13,239999971.3,secondary,
300261,2017-12-13,867109999.0400001,secondary,
600446,2017-12-13,259000002.32000002,secondary,
002640,2017-12-13,1163499984.68,secondary,
002727,2017-12-12,899999993.8799999,secondary,
300015,2017-12-12,1720271098.8000002,secondary,
300393,2017-12-12,1366517503.5,secondary,
603169,2017-12-12,305999993.88,secondary,
600268,2017-12-11,384120000.0,secondary,
002255,2017-12-11,759599994.33,secondary,
000100,2017-12-11,4033999995.1,secondary,
300098,2017-12-08,580966967.55,secondary,
002048,2017-12-08,2043828485.0,secondary,
002780,2017-12-08,260473376.94,secondary,
000553,2017-12-07,1559999931.8,secondary,
000877,2017-12-06,1149999994.0,secondary,
000967,2017-12-05,629999996.75,secondary,
002798,2017-12-05,454500981.2,secondary,
300044,2017-12-04,481999986.0,secondary,
603111,2017-12-04,2337362597.24,secondary,
002717,2017-12-01,228499982.54999998,secondary,
603606,2017-12-01,709999983.5,secondary,
002001,2017-12-01,4900000000.0,secondary,
002551,2017-12-01,367999989.06,secondary,
600171,2017-11-30,353999886.52000004,secondary,
603608,2017-11-30,513499979.78999996,secondary,
600241,2017-11-30,796887000.0,secondary,
601677,2017-11-29,1078237990.1000001,secondary,
002302,2017-11-28,2025058235.2,secondary,
002354,2017-11-28,1043999981.3100001,secondary,
002180,2017-11-28,1432499980.1999998,secondary,
002583,2017-11-27,753486335.52,secondary,
002115,2017-11-24,890999061.0500001,secondary,
600760,2017-11-24,1667999954.84,secondary,
002721,2017-11-24,700796657.4,secondary,
603686,2017-11-24,729827090.05,secondary,
600499,2017-11-23,1199967591.2,secondary,
002174,2017-11-23,699999905.84,secondary,
300420,2017-11-23,56999998.410000004,secondary,
600021,2017-11-23,2674886309.7200003,secondary,
002324,2017-11-23,19999982.34,secondary,
300067,2017-11-22,419040000.0,secondary,
300385,2017-11-22,299999848.0,secondary,
000812,2017-11-22,491399994.59999996,secondary,
600497,2017-11-22,3836641505.62,secondary,
603866,2017-11-21,738000000.0,secondary,
300467,2017-11-21,2374999212.95,secondary,
600760,2017-11-20,7979777690.5199995,secondary,
600998,2017-11-20,3599999963.2499995,secondary,
600133,2017-11-17,841999980.4,secondary,
002307,2017-11-16,49999989.42,secondary,
300360,2017-11-16,637099965.5,secondary,
300276,2017-11-16,1689999972.16,secondary,
002343,2017-11-16,931699964.16,secondary,
002034,2017-11-16,1476242294.72,secondary,
300375,2017-11-16,248015493.32999998,secondary,
002282,2017-11-15,916799952.12,secondary,
603883,2017-11-15,799999958.28,secondary,
601058,2017-11-15,1299999993.71,secondary,
600448,2017-11-15,605689996.47,secondary,
601233,2017-11-14,999999993.6,secondary,
000739,2017-11-13,253549997.82,secondary,
603558,2017-11-13,192334996.0,secondary,
601238,2017-11-13,14999999957.14,secondary,
002061,2017-11-10,5238476080.200001,secondary,
600681,2017-11-10,878999989.0500001,secondary,
600097,2017-11-09,599999997.7,secondary,
600478,2017-11-08,749999978.9999999,secondary,
002642,2017-11-07,545999981.85,secondary,
603338,2017-11-06,879999969.0,secondary,
002363,2017-11-06,346699985.19,secondary,
000903,2017-11-03,284999994.87,secondary,
000829,2017-11-03,15075000.000000002,secondary,
300245,2017-11-03,603029998.5,secondary,
600509,2017-11-02,1692999989.59,secondary,
600527,2017-11-02,832000000.0,secondary,
002240,2017-11-01,658431990.75,secondary,
002044,2017-10-31,509999987.37,secondary,
002228,2017-10-31,552999980.66,secondary,
002046,2017-10-30,981376793.6000001,secondary,
300490,2017-10-27,582799926.72,secondary,
603318,2017-10-27,523399964.85,secondary,
300447,2017-10-27,271359986.1,secondary,
000988,2017-10-27,1807299985.0,secondary,
002685,2017-10-27,822999973.95,secondary,
603779,2017-10-27,574799974.4,secondary,
000829,2017-10-26,1059999993.1500001,secondary,
300266,2017-10-26,549999856.22,secondary,
600079,2017-10-26,1194114986.0,secondary,
002540,2017-10-25,1479999390.0,secondary,
000993,2017-10-25,699999989.2,secondary,
600050,2017-10-25,61725129814.36,secondary,
600782,2017-10-24,1759999999.92,secondary,
000981,2017-10-24,399999984.59999996,secondary,
300120,2017-10-23,532319872.34999996,secondary,
002299,2017-10-23,2019999922.0700002,secondary,
000981,2017-10-23,7980586291.8,secondary,
002034,2017-10-20,3052499953.92,secondary,
002084,2017-10-20,404116548.0,secondary,
603315,2017-10-19,342955988.19,secondary,
300411,2017-10-18,985100850.72,secondary,
300420,2017-10-18,199999701.72,secondary,
000728,2017-10-17,4213935322.3500004,secondary,
600189,2017-10-16,1686482068.59,secondary,
601015,2017-10-16,2459999996.0,secondary,
002191,2017-10-16,1649999970.68,secondary,
601727,2017-10-13,2999999995.65,secondary,
300358,2017-10-13,560000000.0,secondary,
002717,2017-10-13,247499986.285,secondary,
002478,2017-10-12,992125862.6999999,secondary,
600061,2017-10-12,7999999990.14,secondary,
002047,2017-10-11,727999974.6600001,secondary,
000505,2017-10-11,431874898.56,secondary,
002005,2017-10-11,1999977600.0,secondary,
002044,2017-10-11,2347416983.44,secondary,
601106,2017-10-11,1550947195.9499998,secondary,
601727,2017-10-10,6628280945.3,secondary,
002127,2017-10-09,391492980.47999996,secondary,
600773,2017-09-30,1167671815.71,secondary,
000537,2017-09-29,9111171188.25,secondary,
002721,2017-09-28,1830552115.06,secondary,
300130,2017-09-28,455500000.0,secondary,
002455,2017-09-28,428999991.42,secondary,
002127,2017-09-27,573599980.55,secondary,
000903,2017-09-26,500999992.96,secondary,
002685,2017-09-26,2123999998.3200002,secondary,
300398,2017-09-26,472499978.16,secondary,
600764,2017-09-25,1064573085.6800001,secondary,
300123,2017-09-25,3341999921.3999996,secondary,
300411,2017-09-22,1805837412.0,secondary,
002377,2017-09-22,1817139961.3199997,secondary,
002233,2017-09-22,2999999993.76,secondary,
000756,2017-09-20,234602589.65,secondary,
002627,2017-09-20,999999939.5100001,secondary,
600707,2017-09-19,19219999976.56,secondary,
300365,2017-09-19,749999988.54,secondary,
002681,2017-09-15,909999987.12,secondary,
000711,2017-09-15,529330643.07,secondary,
300477,2017-09-14,467649100.0,secondary,
000505,2017-09-14,1699543575.68,secondary,
600893,2017-09-14,9629999886.0,secondary,
300047,2017-09-14,715534528.58,secondary,
002135,2017-09-13,1384999000.0,secondary,
300450,2017-09-12,620999940.03,secondary,
000711,2017-09-12,509499997.0,secondary,
002057,2017-09-11,282800788.79,secondary,
002097,2017-09-11,1978891999.7,secondary,
300271,2017-09-11,489999991.2,secondary,
300466,2017-09-11,131779980.86,secondary,
600498,2017-09-08,1801999991.99,secondary,
002339,2017-09-07,159396000.0,secondary,
300398,2017-09-07,607999923.7900001,secondary,
600282,2017-09-07,1787620000.0,secondary,
300427,2017-09-07,1158624088.3799999,secondary,
002164,2017-09-04,359999990.0,secondary,
300150,2017-09-01,408660840.18,secondary,
000997,2017-08-31,1578629284.07,secondary,
300449,2017-08-30,488678937.36,secondary,
002696,2017-08-29,536999941.2800001,secondary,
600337,2017-08-28,1599999996.4,secondary,
600152,2017-08-25,904139965.5400001,secondary,
600152,2017-08-25,513614850.0,secondary,
600000,2017-08-25,14829999996.240002,secondary,
002544,2017-08-24,1700219796.93,secondary,
600039,2017-08-24,2309999996.58,secondary,
600602,2017-08-24,340999963.65,secondary,
002050,2017-08-24,1322310000.0,secondary,
000720,2017-08-23,2429288483.4,secondary,
601011,2017-08-23,1199999999.92,secondary,
000950,2017-08-22,6697255783.73,secondary,
300510,2017-08-22,497473995.26,secondary,
600797,2017-08-22,749999973.1999999,secondary,
600797,2017-08-22,1071763484.8199999,secondary,
002246,2017-08-21,985434036.02,secondary,
300271,2017-08-21,1011839908.1999999,secondary,
002552,2017-08-21,79399986.12,secondary,
002635,2017-08-17,1508269977.54,secondary,
300537,2017-08-16,313999985.40000004,secondary,
002696,2017-08-15,559999991.97,secondary,
300450,2017-08-14,742499953.1,secondary,
603558,2017-08-14,695999985.45,secondary,
002632,2017-08-14,181999989.44,secondary,
000923,2017-08-11,2599999956.2,secondary,
300068,2017-08-11,1469999991.33,secondary,
600545,2017-08-10,7525099928.89,secondary,
000568,2017-08-10,3000000000.0,secondary,
300050,2017-08-10,100249994.67999999,secondary,
300477,2017-08-09,506331530.64000005,secondary,
300120,2017-08-08,621569766.4,secondary,
002567,2017-08-08,263959995.79000002,secondary,
300281,2017-08-07,461168766.63,secondary,
002681,2017-08-07,2026499993.6,secondary,
300466,2017-08-04,144649959.06,secondary,
002396,2017-08-04,773399977.95,secondary,
300091,2017-08-04,436574491.0,secondary,
603306,2017-08-02,717729998.92,secondary,
002050,2017-08-02,2149999997.4,secondary,
000960,2017-08-02,2399999994.2,secondary,
300308,2017-08-01,489999980.71999997,secondary,
000546,2017-08-01,1211999989.9,secondary,
002635,2017-08-01,2380000007.7,secondary,
002020,2017-07-28,1099999993.1200001,secondary,
300476,2017-07-27,1081524198.06,secondary,
002055,2017-07-27,479999981.76,secondary,
002377,2017-07-27,2192599960.32,secondary,
300434,2017-07-26,799999935.5799999,secondary,
002678,2017-07-26,1092999980.1000001,secondary,
002138,2017-07-26,1131099990.0,secondary,
603788,2017-07-26,883919991.49,secondary,
000826,2017-07-25,4589041362.51,secondary,
002656,2017-07-24,229999992.76000002,secondary,
002019,2017-07-24,1804999990.0,secondary,
300050,2017-07-24,466199998.26,secondary,
002352,2017-07-21,7999999974.089999,secondary,
000923,2017-07-21,3097556436.4500003,secondary,
601900,2017-07-20,1137060942.46,secondary,
300011,2017-07-18,411499986.66,secondary,
002430,2017-07-17,956359994.4,secondary,
002164,2017-07-17,1814399966.74,secondary,
300097,2017-07-14,479999934.65999997,secondary,
603889,2017-07-14,891068794.68,secondary,
603898,2017-07-13,598209999.6600001,secondary,
600502,2017-07-13,1385199965.04,secondary,
300214,2017-07-13,160049001.66,secondary,
002709,2017-07-13,620999991.8199999,secondary,
600487,2017-07-13,3061023463.2599998,secondary,
002068,2017-07-13,688800000.0,secondary,
301321,2017-07-12,300000000.0,secondary,
603993,2017-07-12,17999999996.88,secondary,
603025,2017-07-11,108999991.25,secondary,
300448,2017-07-10,350479188.64,secondary,
600777,2017-07-07,8165299987.35,secondary,
300480,2017-07-07,150999998.6,secondary,
002648,2017-07-06,2999999993.18,secondary,
000553,2017-07-04,18471006997.8,secondary,
300213,2017-07-04,233208345.68,secondary,
300308,2017-07-03,2799999804.72,secondary,
300085,2017-06-30,361801988.34000003,secondary,
000710,2017-06-30,4299999986.1,secondary,
600273,2017-06-30,1798246002.58,secondary,
300447,2017-06-30,464639933.8,secondary,
002345,2017-06-30,599999994.65,secondary,
300075,2017-06-29,538099989.35,secondary,
300537,2017-06-28,395999922.64,secondary,
300041,2017-06-28,249529600.32,secondary,
600488,2017-06-28,724605411.6,secondary,
600475,2017-06-27,214424988.4,secondary,
600333,2017-06-26,525699999.12,secondary,
002741,2017-06-26,249999980.86,secondary,
000980,2017-06-26,1999999991.9700003,secondary,
300180,2017-06-26,250850301.70000002,secondary,
300180,2017-06-23,1758849679.25,secondary,
000035,2017-06-23,745560294.5999999,secondary,
002388,2017-06-22,599999616.0,secondary,
002555,2017-06-22,455962496.88,secondary,
300284,2017-06-20,338014534.3,secondary,
600475,2017-06-20,5583105796.32,secondary,
000430,2017-06-20,865859956.47,secondary,
002276,2017-06-19,874799978.8,secondary,
300200,2017-06-16,322006094.28000003,secondary,
002431,2017-06-16,995399997.5000001,secondary,
002465,2017-06-16,698746216.56,secondary,
600715,2017-06-14,2299999910.0,secondary,
000060,2017-06-14,1524519993.6,secondary,
300310,2017-06-13,481999990.79999995,secondary,
600661,2017-06-12,592577597.28,secondary,
002057,2017-06-12,442605695.84000003,secondary,
000925,2017-06-09,475999917.25,secondary,
600881,2017-06-08,3050148899.7000003,secondary,
600409,2017-06-08,1424999980.26,secondary,
600502,2017-06-07,3031644893.1,secondary,
300219,2017-06-07,539999986.54,secondary,
002126,2017-06-07,720814992.64,secondary,
600584,2017-06-07,2654999969.6000004,secondary,
300434,2017-06-06,1230456306.18,secondary,
600584,2017-06-02,2654999968.14,secondary,
600738,2017-05-24,408560198.2,secondary,
600682,2017-05-24,349999995.78000003,secondary,
600120,2017-05-22,1199999971.75,secondary,
300044,2017-05-22,762999952.6600001,secondary,
600511,2017-05-22,1029999754.8,secondary,
002094,2017-05-22,351972634.0,secondary,
002465,2017-05-22,975887436.4399999,secondary,
300190,2017-05-19,699999685.3,secondary,
300510,2017-05-16,1119999966.12,secondary,
601899,2017-05-16,4635377999.51,secondary,
600511,2017-05-11,6144529325.4,secondary,
300200,2017-05-11,363999978.9,secondary,
002591,2017-05-11,121999987.2,secondary,
600990,2017-05-10,1121890482.8799999,secondary,
600990,2017-05-10,259999780.72,secondary,
002555,2017-05-09,784907459.49,secondary,
600621,2017-05-08,1272000000.0,secondary,
600963,2017-05-05,2290548040.0,secondary,
600167,2017-05-03,3869999995.8399997,secondary,
601689,2017-05-03,2395141174.16,secondary,
002384,2017-05-02,4499999925.76,secondary,
600621,2017-04-28,3997274464.19,secondary,
000590,2017-04-28,286646400.0,secondary,
300227,2017-04-27,132299995.56,secondary,
600211,2017-04-26,1241421878.3999999,secondary,
300045,2017-04-25,239999973.55208787,secondary,
600738,2017-04-19,2607633270.46,secondary,
002663,2017-04-19,574799984.04,secondary,
600603,2017-04-18,1399999999.02,secondary,
300347,2017-04-18,629999999.3000001,secondary,
002591,2017-04-18,431751970.65000004,secondary,
600063,2017-04-18,1302000000.0,secondary,
300310,2017-04-17,559999991.94,secondary,
002714,2017-04-14,3076774286.13,secondary,
002656,2017-04-14,293999973.6,secondary,
601669,2017-04-13,11999999965.8,secondary,
600986,2017-04-13,763195922.34,secondary,
600985,2017-04-12,422999985.24,secondary,
300227,2017-04-11,132599817.48,secondary,
601718,2017-04-11,4378614818.759999,secondary,
000980,2017-04-11,11599999923.6,secondary,
300430,2017-04-11,308766626.0,secondary,
002488,2017-04-10,2699999984.46,secondary,
002101,2017-04-10,978000985.0,secondary,
000524,2017-04-10,1499999995.88,secondary,
002716,2017-04-07,1219740912.12,secondary,
002611,2017-04-06,2944999994.0,secondary,
000925,2017-04-05,681999925.1999999,secondary,
600392,2017-03-30,665551502.0,secondary,
002611,2017-03-30,2899999994.49,secondary,
601166,2017-03-30,25999995400.0,secondary,
600217,2017-03-30,462435909.78,secondary,
600986,2017-03-28,752695987.68,secondary,
002766,2017-03-27,229999970.5,secondary,
002101,2017-03-27,986821482.5,secondary,
300184,2017-03-27,1304999956.58,secondary,
600578,2017-03-24,2999999998.8199997,secondary,
002522,2017-03-24,399999984.86,secondary,
600226,2017-03-22,1499999998.56,secondary,
002445,2017-03-22,400949952.73999995,secondary,
300384,2017-03-22,752999977.6,secondary,
600120,2017-03-21,1626215185.86,secondary,
300118,2017-03-20,3199999999.02,secondary,
300369,2017-03-20,788840000.0,secondary,
300441,2017-03-17,139109998.15,secondary,
002766,2017-03-17,506264822.02000004,secondary,
300195,2017-03-17,1491429998.52,secondary,
002491,2017-03-17,446999986.35,secondary,
000968,2017-03-16,1317109998.3,secondary,
600528,2017-03-16,5999999985.75,secondary,
600226,2017-03-15,799999998.72,secondary,
300081,2017-03-14,989999998.37,secondary,
002491,2017-03-13,647999992.5600001,secondary,
002405,2017-03-10,3351629885.5,secondary,
601717,2017-03-10,157359997.76,secondary,
002752,2017-03-10,95999994.2,secondary,
002061,2017-03-09,967229999.18,secondary,
300414,2017-03-09,80999934.0,secondary,
002121,2017-03-08,1815607186.1999998,secondary,
300338,2017-03-07,469999973.41999996,secondary,
300184,2017-03-06,1314999964.1499999,secondary,
002230,2017-03-03,299999952.84000003,secondary,
002405,2017-03-02,330506665.46,secondary,
002682,2017-03-02,579999990.7,secondary,
002585,2017-03-01,1999999993.1799998,secondary,
300235,2017-02-28,238606577.0,secondary,
002268,2017-02-28,2692809990.4,secondary,
300441,2017-02-28,229499944.25,secondary,
600629,2017-02-28,279999989.59,secondary,
002712,2017-02-27,891155893.65,secondary,
600629,2017-02-27,970711193.0,secondary,
300233,2017-02-27,299999985.12,secondary,
300488,2017-02-27,139999995.01,secondary,
300438,2017-02-24,886799976.6600001,secondary,
300338,2017-02-24,810999923.62,secondary,
002369,2017-02-24,755767483.24,secondary,
601111,2017-02-24,11218099969.99,secondary,
002567,2017-02-24,415599996.87999994,secondary,
002682,2017-02-23,621074961.1800001,secondary,
600187,2017-02-23,951892320.0,secondary,
002042,2017-02-23,2199999975.68,secondary,
300410,2017-02-23,254999960.39999998,secondary,
002320,2017-02-23,54999986.4,secondary,
002586,2017-02-21,2469999995.81,secondary,
600170,2017-02-21,1259479997.97,secondary,
300457,2017-02-21,146399958.54,secondary,
600490,2017-02-21,1699999991.9499998,secondary,
002705,2017-02-21,912999628.0,secondary,
300058,2017-02-20,1749999971.6100001,secondary,
002461,2017-02-17,4311939991.92,secondary,
300418,2017-02-17,599999990.4000001,secondary,
300035,2017-02-17,293240593.14,secondary,
002320,2017-02-17,1015870228.0,secondary,
000778,2017-02-16,1789999997.2500002,secondary,
600640,2017-02-16,3761788672.2,secondary,
002603,2017-02-16,1306108798.84,secondary,
001896,2017-02-16,690463592.1,secondary,
600035,2017-02-15,405220948.64,secondary,
000524,2017-02-13,2937926175.36,secondary,
300348,2017-02-13,178880596.94,secondary,
002438,2017-02-10,462999998.59999996,secondary,
000882,2017-02-10,859999998.86,secondary,
300233,2017-02-10,1879999979.94,secondary,
600392,2017-02-09,2825983313.637,secondary,
002124,2017-02-08,1479999989.6499999,secondary,
002102,2017-02-07,495233083.40999997,secondary,
300457,2017-02-06,306599932.17,secondary,
002752,2017-01-25,95999982.39,secondary,
600162,2017-01-25,2349999756.0,secondary,
600734,2017-01-24,194999967.42000002,secondary,
600522,2017-01-24,4379999997.099999,secondary,
600997,2017-01-23,1899999998.3799999,secondary,
002547,2017-01-23,1120162292.1000001,secondary,
002668,2017-01-23,1904168883.32,secondary,
300430,2017-01-23,503152751.2,secondary,
002625,2017-01-22,6893999958.95,secondary,
002301,2017-01-20,1099999995.3,secondary,
600682,2017-01-20,5085999776.76,secondary,
001896,2017-01-20,1865817920.56,secondary,
600035,2017-01-20,881998710.56,secondary,
000885,2017-01-20,299999530.0,secondary,
600879,2017-01-20,2257929368.5499997,secondary,
300410,2017-01-20,414899771.36999995,secondary,
002354,2017-01-20,2088508334.78,secondary,
002599,2017-01-19,304529907.6,secondary,
002686,2017-01-19,217499986.07,secondary,
000058,2017-01-19,4481520955.66,secondary,
600728,2017-01-19,218099999.04,secondary,
000981,2017-01-19,2845161438.4500003,secondary,
601877,2017-01-18,4359999995.58,secondary,
000882,2017-01-18,862964796.8000001,secondary,
600848,2017-01-18,1499999998.56,secondary,
000931,2017-01-18,709999980.94,secondary,
002587,2017-01-18,143601291.54,secondary,
601969,2017-01-17,892830183.96,secondary,
002091,2017-01-17,2802821992.88,secondary,
002114,2017-01-17,861474692.4000001,secondary,
603611,2017-01-16,238999997.85999998,secondary,
002686,2017-01-16,217499994.39999998,secondary,
300221,2017-01-16,387199995.41,secondary,
002654,2017-01-16,335999990.40000004,secondary,
600667,2017-01-12,2065999991.2800002,secondary,
002212,2017-01-12,2119999970.6,secondary,
601766,2017-01-12,11999999975.05,secondary,
300224,2017-01-11,754999996.5,secondary,
002599,2017-01-11,399469912.43,secondary,
600578,2017-01-11,5491552499.06,secondary,
300221,2017-01-11,715069982.01,secondary,
300054,2017-01-11,990858238.0,secondary,
300451,2017-01-10,81899993.67999999,secondary,
002265,2017-01-09,119999993.92,secondary,
601717,2017-01-09,549999994.2,secondary,
002265,2017-01-06,349197325.28000003,secondary,
600339,2017-01-06,5999999999.84,secondary,
600390,2017-01-06,14999999966.35,secondary,
000876,2017-01-05,400399961.50000006,secondary,
600528,2017-01-05,4459787292.66,secondary,
600390,2017-01-05,18465884565.8,secondary,
000066,2017-01-03,1542762191.36,secondary,
300332,2016-12-30,524158784.72,secondary,
600104,2016-12-30,14999999980.800001,secondary,
002501,2016-12-30,2999999992.6800003,secondary,
600309,2016-12-30,2499999984.0,secondary,
600848,2016-12-30,1662192992.88,secondary,
002102,2016-12-30,1402906899.9,secondary,
000881,2016-12-29,2799999963.6600003,secondary,
000630,2016-12-29,2675514255.71,secondary,
002439,2016-12-28,386099962.52000004,secondary,
002212,2016-12-28,3620620144.2200003,secondary,
002439,2016-12-28,169738806.87,secondary,
600721,2016-12-28,631232167.88,secondary,
600490,2016-12-27,1699999991.9499998,secondary,
002171,2016-12-27,1352829991.8,secondary,
002250,2016-12-27,1119359930.64,secondary,
000617,2016-12-27,18999999963.39,secondary,
000862,2016-12-26,1173964993.94,secondary,
600339,2016-12-26,19066473006.570004,secondary,
600258,2016-12-26,3873273501.5,secondary,
000767,2016-12-26,2979999996.78,secondary,
600603,2016-12-26,4159999999.36,secondary,
000617,2016-12-26,69010668404.08,secondary,
601618,2016-12-26,6228569996.2,secondary,
000968,2016-12-24,1716542099.0900002,secondary,
002352,2016-12-23,42503999993.479996,secondary,
000519,2016-12-23,2047592689.8200002,secondary,
000909,2016-12-23,271799991.84000003,secondary,
600155,2016-12-23,7359999933.95,secondary,
600734,2016-12-23,216909980.0,secondary,
600816,2016-12-22,4990999962.42,secondary,
002040,2016-12-22,335499989.44,secondary,
600699,2016-12-22,8320013591.999999,secondary,
000753,2016-12-22,600000000.34,secondary,
603611,2016-12-22,323999976.95,secondary,
300451,2016-12-22,1176099970.6299999,secondary,
002217,2016-12-21,2642352999.8999996,secondary,
000605,2016-12-21,896299960.5,secondary,
300161,2016-12-21,124999994.75,secondary,
000519,2016-12-21,2050592744.96,secondary,
600967,2016-12-20,1949999998.0400002,secondary,
300425,2016-12-20,174216486.98000002,secondary,
600438,2016-12-20,2999999997.3999996,secondary,
002157,2016-12-19,1685369195.1999998,secondary,
002326,2016-12-19,399999990.06,secondary,
002608,2016-12-19,21013024594.32,secondary,
002468,2016-12-16,4799999937.15,secondary,
300331,2016-12-16,416507956.8,secondary,
300306,2016-12-16,714000011.1999999,secondary,
002587,2016-12-16,224999988.75,secondary,
000892,2016-12-16,1529999977.3600001,secondary,
000028,2016-12-16,273614889.5,secondary,
000028,2016-12-16,3230369750.5,secondary,
600960,2016-12-16,1692466191.3600001,secondary,
300003,2016-12-16,718999997.76,secondary,
601877,2016-12-15,9370938957.8,secondary,
002120,2016-12-15,17085999900.49,secondary,
600420,2016-12-15,99999993.36,secondary,
600336,2016-12-15,746088399.72,secondary,
300099,2016-12-14,179999992.01999998,secondary,
600143,2016-12-14,845069996.54,secondary,
300331,2016-12-14,416507936.0,secondary,
000881,2016-12-14,4200770065.8199997,secondary,
002093,2016-12-14,1439999989.2,secondary,
000875,2016-12-13,3839929995.9999995,secondary,
600420,2016-12-13,7673435568.36,secondary,
002040,2016-12-13,1262236430.08,secondary,
002468,2016-12-13,14899999970.23,secondary,
000426,2016-12-13,1196325492.12,secondary,
300432,2016-12-12,921250069.2,secondary,
600967,2016-12-12,6984403349.56,secondary,
300332,2016-12-12,524158784.72,secondary,
603799,2016-12-12,1831524095.52,secondary,
600960,2016-12-10,1978155180.1999998,secondary,
002091,2016-12-08,5134810401.0,secondary,
600771,2016-12-08,862039999.0799999,secondary,
002542,2016-12-08,430499999.99999994,secondary,
600529,2016-12-08,675999979.6800001,secondary,
600169,2016-12-07,571200000.0,secondary,
601000,2016-12-07,999999998.4,secondary,
000065,2016-12-07,194999994.0,secondary,
002434,2016-12-06,1512044629.9199998,secondary,
300078,2016-12-06,599999960.6999999,secondary,
603168,2016-12-06,504999986.4,secondary,
300319,2016-12-06,849999969.0,secondary,
600531,2016-12-06,1533677295.0,secondary,
000813,2016-12-06,1505953364.55,secondary,
300161,2016-12-06,167999924.4,secondary,
002409,2016-12-05,129999970.1,secondary,
300081,2016-12-05,1289999948.51,secondary,
000903,2016-12-05,649999998.15,secondary,
300432,2016-12-02,1547588211.3000002,secondary,
600633,2016-12-01,1949999989.08,secondary,
002759,2016-12-01,439999995.32,secondary,
000555,2016-12-01,575999996.86,secondary,
600219,2016-12-01,7159999996.83,secondary,
601000,2016-12-01,1197080900.86,secondary,
300425,2016-11-30,107249983.5,secondary,
600771,2016-11-29,1291999987.62,secondary,
300465,2016-11-29,57899910.65,secondary,
002109,2016-11-29,2047636630.28,secondary,
300465,2016-11-28,234599982.22,secondary,
002759,2016-11-28,2294999985.55,secondary,
000990,2016-11-25,12391500898.0,secondary,
300366,2016-11-25,799999977.0,secondary,
002426,2016-11-25,3399999992.3999996,secondary,
300349,2016-11-24,990628290.3000001,secondary,
002568,2016-11-24,771498000.0,secondary,
600072,2016-11-23,1641743589.08,secondary,
600114,2016-11-23,599999990.2,secondary,
000555,2016-11-22,576169327.05,secondary,
002669,2016-11-21,849999987.6,secondary,
002251,2016-11-21,1249999981.44,secondary,
002717,2016-11-21,169999982.68,secondary,
002230,2016-11-18,352800037.66,secondary,
600710,2016-11-17,2857034900.06,secondary,
002344,2016-11-16,1741371992.1999998,secondary,
600117,2016-11-15,1750458240.0,secondary,
300340,2016-11-15,141937202.0,secondary,
600728,2016-11-15,199999983.72000003,secondary,
002638,2016-11-14,1799999980.3799999,secondary,
300248,2016-11-14,325000000.0,secondary,
000426,2016-11-12,3260550663.8399997,secondary,
000892,2016-11-11,2999999780.8,secondary,
300053,2016-11-09,434000004.47999996,secondary,
600710,2016-11-09,1499999974.2,secondary,
300340,2016-11-09,321092609.05,secondary,
300324,2016-11-09,1299999987.6,secondary,
603108,2016-11-09,1140031555.2,secondary,
000928,2016-11-08,802649989.26,secondary,
300053,2016-11-08,202999986.09,secondary,
600382,2016-11-07,1999999490.58,secondary,
300247,2016-11-01,447999996.78999996,secondary,
002530,2016-11-01,1199999961.6000001,secondary,
000901,2016-10-31,966336061.4399999,secondary,
300140,2016-10-28,902299977.52,secondary,
000786,2016-10-27,4195498999.9999995,secondary,
002108,2016-10-27,548799985.9599999,secondary,
002675,2016-10-26,379999987.5,secondary,
002530,2016-10-26,1799999969.69,secondary,
002605,2016-10-26,236999984.22,secondary,
300352,2016-10-26,1262170000.0,secondary,
300349,2016-10-26,720121243.98,secondary,
600259,2016-10-26,1355059876.75,secondary,
002429,2016-10-26,2570780042.52,secondary,
300061,2016-10-25,1229999978.82,secondary,
600676,2016-10-25,1425301191.6,secondary,
002537,2016-10-25,1870419985.4799998,secondary,
600196,2016-10-24,2299999994.9,secondary,
002434,2016-10-21,1599999998.08,secondary,
002531,2016-10-21,1999999995.84,secondary,
002456,2016-10-20,1366585673.7,secondary,
600667,2016-10-20,2295259197.2999997,secondary,
002516,2016-10-20,1169999995.04,secondary,
000711,2016-10-20,1569999956.0,secondary,
002494,2016-10-20,599999995.24,secondary,
600312,2016-10-19,3521943562.8,secondary,
000810,2016-10-19,440592271.08000004,secondary,
002235,2016-10-19,999999996.39,secondary,
002009,2016-10-19,84999989.25,secondary,
002150,2016-10-19,383499997.65,secondary,
002374,2016-10-18,780999992.64,secondary,
603869,2016-10-18,999999969.8899999,secondary,
002579,2016-10-17,226863600.0,secondary,
000901,2016-10-17,1670553784.32,secondary,
002239,2016-10-14,330735044.40000004,secondary,
600072,2016-10-14,1641743591.29,secondary,
600258,2016-10-14,3873273440.88,secondary,
600515,2016-10-14,15999999928.5,secondary,
002303,2016-10-14,1407999957.3,secondary,
000807,2016-10-14,3682781190.4,secondary,
002130,2016-10-13,819999985.98,secondary,
300366,2016-10-13,599999781.25,secondary,
002675,2016-10-12,242229981.48000002,secondary,
300213,2016-10-12,676339986.6999999,secondary,
300247,2016-10-12,302400000.0,secondary,
300056,2016-10-11,199999986.34,secondary,
300061,2016-10-11,1459500480.84,secondary,
002734,2016-10-11,759900567.5100001,secondary,
300099,2016-10-10,644999996.22,secondary,
000820,2016-10-10,3246023191.9799995,secondary,
600257,2016-10-10,549999958.2,secondary,
600521,2016-10-09,209007007.74,secondary,
300184,2016-10-09,179999982.60000002,secondary,
600227,2016-09-30,1969999996.21,secondary,
002310,2016-09-30,1048499999.52,secondary,
300316,2016-09-30,1320000000.0,secondary,
000711,2016-09-30,1114999961.68,secondary,
300324,2016-09-29,1799999939.3999999,secondary,
002609,2016-09-29,999999985.6,secondary,
300199,2016-09-28,659999947.4,secondary,
002545,2016-09-27,599999996.34,secondary,
601198,2016-09-27,4776999958.17,secondary,
600547,2016-09-27,1679182447.8000002,secondary,
002073,2016-09-27,1268943695.1000001,secondary,
002578,2016-09-27,466026798.56,secondary,
603077,2016-09-26,3931009997.6,secondary,
600438,2016-09-26,4983668796.6,secondary,
002475,2016-09-26,4599999997.799999,secondary,
600233,2016-09-26,2299999990.75,secondary,
603869,2016-09-24,1649999727.4299998,secondary,
002310,2016-09-23,672657820.4699999,secondary,
600410,2016-09-23,2419999992.4,secondary,
002170,2016-09-23,159999995.88,secondary,
300421,2016-09-22,569999984.64,secondary,
600289,2016-09-22,1111432955.025,secondary,
300184,2016-09-22,359999996.4,secondary,
300012,2016-09-21,919999989.02,secondary,
600162,2016-09-21,1650000002.7,secondary,
002221,2016-09-21,2899999991.2,secondary,
600547,2016-09-20,4473855507.150001,secondary,
300422,2016-09-20,549999994.0,secondary,
000656,2016-09-20,4499999998.83,secondary,
300252,2016-09-20,1199999966.8,secondary,
002155,2016-09-19,799999993.2,secondary,
002290,2016-09-19,375512667.6,secondary,
000703,2016-09-19,3799999992.0,secondary,
300291,2016-09-19,2190686194.6,secondary,
002290,2016-09-19,375512667.6,secondary,
002717,2016-09-19,225000000.0,secondary,
600103,2016-09-18,2099999994.7500002,secondary,
600233,2016-09-14,17499999998.16,secondary,
002519,2016-09-14,1519999915.2,secondary,
600864,2016-09-14,4999999994.99,secondary,
600056,2016-09-13,786408482.7,secondary,
300134,2016-09-13,3513199923.7799997,secondary,
300164,2016-09-12,49999986.4,secondary,
000564,2016-09-12,26799999996.0,secondary,
002132,2016-09-12,968657995.8000001,secondary,
600512,2016-09-12,2549999997.1699996,secondary,
000949,2016-09-12,999999997.64,secondary,
000625,2016-09-09,1999999986.93,secondary,
002383,2016-09-09,958075405.4999999,secondary,
300259,2016-09-09,772179991.0,secondary,
300458,2016-09-09,400999857.84000003,secondary,
603011,2016-09-09,659999984.3199999,secondary,
002626,2016-09-09,671999988.2,secondary,
002605,2016-09-09,152999991.29999998,secondary,
002298,2016-09-09,1049999282.0,secondary,
000536,2016-09-08,9999999996.48,secondary,
600094,2016-09-08,4799999990.25,secondary,
300405,2016-09-08,189999936.0,secondary,
300232,2016-09-08,329319999.36,secondary,
002169,2016-09-07,1516799992.5,secondary,
002383,2016-09-07,672299589.08,secondary,
600628,2016-09-07,1315319983.02,secondary,
002194,2016-09-07,129999988.38,secondary,
300194,2016-09-07,706749968.5500001,secondary,
603085,2016-09-06,507099964.65,secondary,
300405,2016-09-06,149499971.25,secondary,
600227,2016-09-06,1969999996.1999998,secondary,
600859,2016-09-05,2974320767.0800004,secondary,
002235,2016-09-05,1030732541.36,secondary,
000521,2016-09-02,1569999998.84,secondary,
000683,2016-09-02,2605066656.7200003,secondary,
002517,2016-09-02,1902999983.5,secondary,
002226,2016-09-01,976800000.0000001,secondary,
002601,2016-09-01,10070999967.18,secondary,
600155,2016-09-01,7364987165.969999,secondary,
600416,2016-09-01,2499999990.15,secondary,
600201,2016-09-01,1249999980.0,secondary,
002414,2016-08-31,620954393.6,secondary,
300412,2016-08-31,344700000.0,secondary,
300238,2016-08-31,450000011.02,secondary,
300238,2016-08-31,299999994.21,secondary,
002370,2016-08-31,1324135369.08,secondary,
600160,2016-08-31,3199983000.48,secondary,
603030,2016-08-30,499999996.8,secondary,
600221,2016-08-29,16553699973.2,secondary,
002746,2016-08-29,837759987.25,secondary,
000513,2016-08-29,1457819970.3,secondary,
601727,2016-08-27,6317239481.7,secondary,
300382,2016-08-26,343272572.64,secondary,
601012,2016-08-26,2979999986.7999997,secondary,
002400,2016-08-26,2239259990.38,secondary,
600293,2016-08-26,2559999977.15,secondary,
300437,2016-08-26,410949981.0,secondary,
002099,2016-08-26,1026869436.4399999,secondary,
002582,2016-08-26,959999942.43,secondary,
601579,2016-08-25,1327990400.0,secondary,
002317,2016-08-25,999999988.0,secondary,
600721,2016-08-25,1233634260.48,secondary,
002364,2016-08-25,999999984.0,secondary,
603117,2016-08-25,850381494.12,secondary,
300148,2016-08-25,1143502840.76,secondary,
600831,2016-08-25,754999983.36,secondary,
002110,2016-08-24,2999999989.0,secondary,
600179,2016-08-23,699999994.3199999,secondary,
600844,2016-08-22,1779519092.5600002,secondary,
002131,2016-08-19,724999986.14,secondary,
002747,2016-08-19,950329999.0500001,secondary,
600400,2016-08-19,1809999994.74,secondary,
300477,2016-08-18,105485035.12,secondary,
603618,2016-08-18,634999992.48,secondary,
600579,2016-08-18,496930000.0,secondary,
002640,2016-08-18,2077860194.41,secondary,
601801,2016-08-17,1999999991.3400002,secondary,
600658,2016-08-16,2409999995.16,secondary,
603017,2016-08-16,597999984.64,secondary,
000566,2016-08-16,2999999432.0,secondary,
600335,2016-08-16,1069999990.04,secondary,
300370,2016-08-16,399999997.44,secondary,
002111,2016-08-15,539999995.0799999,secondary,
000408,2016-08-15,1999999995.0,secondary,
002528,2016-08-15,751999998.12,secondary,
600604,2016-08-15,2699999995.13,secondary,
600303,2016-08-12,386406605.85,secondary,
002582,2016-08-12,815999966.37,secondary,
002197,2016-08-12,1511601887.6000001,secondary,
002638,2016-08-11,1499999974.2,secondary,
603678,2016-08-11,1026499936.1999999,secondary,
002545,2016-08-11,3481633755.54,secondary,
002541,2016-08-11,1217999989.02,secondary,
000544,2016-08-10,1142499961.6299999,secondary,
300296,2016-08-10,1499999988.3999999,secondary,
600332,2016-08-10,7885807628.44,secondary,
601018,2016-08-10,3012610296.72,secondary,
600794,2016-08-09,138078380.0,secondary,
600327,2016-08-08,409999986.88,secondary,
300215,2016-08-08,529999995.21,secondary,
300376,2016-08-05,1941999977.32,secondary,
000813,2016-08-05,7570210967.700001,secondary,
300148,2016-08-04,1081097141.0,secondary,
601933,2016-08-04,6351600272.099999,secondary,
002772,2016-08-03,1127349993.0,secondary,
300119,2016-08-03,228979955.44,secondary,
300084,2016-08-03,708000000.0,secondary,
600246,2016-08-03,3599999998.6,secondary,
002733,2016-08-02,935199988.4,secondary,
601799,2016-08-02,1499999982.88,secondary,
600418,2016-08-02,4567439999.5199995,secondary,
300373,2016-08-01,999999990.6899999,secondary,
300019,2016-08-01,35925568.980000004,secondary,
601137,2016-08-01,599999978.76,secondary,
002674,2016-08-01,715978285.6800001,secondary,
300456,2016-07-29,749875092.72,secondary,
300222,2016-07-29,789999994.2800001,secondary,
002643,2016-07-29,1029999979.1600001,secondary,
600075,2016-07-29,1799999956.4599998,secondary,
002484,2016-07-28,1199999990.43,secondary,
601137,2016-07-28,1499999995.1999998,secondary,
300255,2016-07-28,599999995.92,secondary,
002371,2016-07-28,923672167.5600001,secondary,
002371,2016-07-28,923672167.5600001,secondary,
002743,2016-07-28,1147259308.0,secondary,
300143,2016-07-28,679999964.7,secondary,
600185,2016-07-27,2999999999.28,secondary,
300196,2016-07-27,799999981.38,secondary,
002358,2016-07-27,2159999972.9,secondary,
600754,2016-07-27,4518180715.0,secondary,
002589,2016-07-27,3099999981.6,secondary,
002193,2016-07-26,1837999988.5,secondary,
002229,2016-07-26,783599980.8,secondary,
002637,2016-07-26,770044000.0,secondary,
002583,2016-07-25,2109029492.7,secondary,
300047,2016-07-25,449999996.94000006,secondary,
600864,2016-07-25,9834129679.689999,secondary,
002367,2016-07-25,909999995.83,secondary,
300364,2016-07-22,1999999965.6,secondary,
002239,2016-07-22,282702116.94,secondary,
300158,2016-07-21,1197999983.25,secondary,
002149,2016-07-21,940505283.9,secondary,
600879,2016-07-21,3014094655.7999997,secondary,
300123,2016-07-20,34000000.0,secondary,
300230,2016-07-20,1369999987.77,secondary,
000603,2016-07-19,1218348008.3200002,secondary,
300437,2016-07-19,322280000.0,secondary,
002656,2016-07-19,851559796.3900001,secondary,
600515,2016-07-19,23999999992.98,secondary,
600867,2016-07-18,1040979911.68,secondary,
600568,2016-07-18,1299999975.84,secondary,
002309,2016-07-18,1175999957.1999998,secondary,
600179,2016-07-17,3649999998.86,secondary,
000783,2016-07-15,8310720000.0,secondary,
002092,2016-07-14,2759999997.6,secondary,
600207,2016-07-13,1099999994.64,secondary,
300164,2016-07-13,201599752.64000002,secondary,
002131,2016-07-13,414699975.69000006,secondary,
000055,2016-07-12,469899992.59999996,secondary,
300443,2016-07-12,448754248.95000005,secondary,
002537,2016-07-12,3038834178.7599998,secondary,
603939,2016-07-12,1354701498.34,secondary,
000678,2016-07-11,190825000.0,secondary,
300466,2016-07-08,303999993.99,secondary,
002413,2016-07-08,889999995.0,secondary,
600151,2016-07-08,2033999909.5000002,secondary,
002659,2016-07-07,1749999988.71,secondary,
603128,2016-07-06,1199999991.3300002,secondary,
002572,2016-07-06,1099999972.75,secondary,
002416,2016-07-04,399606400.0,secondary,
002594,2016-07-04,14472999877.0,secondary,
300123,2016-07-01,176582195.52,secondary,
300032,2016-06-30,2499999982.6000004,secondary,
300355,2016-06-30,262499998.2,secondary,
002718,2016-06-30,335758853.2,secondary,
300351,2016-06-29,849999971.1,secondary,
000603,2016-06-28,1658807262.0,secondary,
000408,2016-06-28,8938963066.5,secondary,
600869,2016-06-27,1199999996.8000002,secondary,
000065,2016-06-27,1510570848.2800002,secondary,
002206,2016-06-24,599999990.1999999,secondary,
300381,2016-06-24,520000000.27000004,secondary,
002620,2016-06-24,850000000.0,secondary,
002445,2016-06-23,869999983.2,secondary,
600567,2016-06-23,1999999998.7499998,secondary,
603009,2016-06-22,736279986.1400001,secondary,
002413,2016-06-22,536999993.64,secondary,
600575,2016-06-22,941422991.28,secondary,
603308,2016-06-21,864530016.4200001,secondary,
600518,2016-06-21,8099999953.5199995,secondary,
600376,2016-06-21,3999999992.7,secondary,
300068,2016-06-20,2450000000.0,secondary,
002639,2016-06-20,449999975.5,secondary,
300274,2016-06-20,2649600000.0,secondary,
002247,2016-06-20,302599994.40000004,secondary,
000429,2016-06-20,1649999989.3000002,secondary,
300323,2016-06-20,599999991.16,secondary,
600438,2016-06-17,1999999999.87,secondary,
600482,2016-06-17,13482272986.4,secondary,
603021,2016-06-16,629999976.0,secondary,
600115,2016-06-16,8548499933.68,secondary,
300429,2016-06-16,101999810.22,secondary,
300313,2016-06-15,38999986.48,secondary,
600562,2016-06-15,499999898.63,secondary,
300317,2016-06-15,799999981.1999999,secondary,
002305,2016-06-14,1533999996.6,secondary,
002376,2016-06-14,354893314.3,secondary,
002432,2016-06-13,924249999.1999999,secondary,
300036,2016-06-13,467999879.52,secondary,
000429,2016-06-12,2468420598.02,secondary,
002151,2016-06-08,1679999965.02,secondary,
300269,2016-06-08,1119999978.66,secondary,
000078,2016-06-08,2999999990.4,secondary,
300201,2016-06-08,159999991.54999998,secondary,
000795,2016-06-08,612999987.87,secondary,
600048,2016-06-07,9000000598.68,secondary,
300353,2016-06-07,449999995.20000005,secondary,
603019,2016-06-03,1399999983.8,secondary,
002026,2016-06-02,139999991.3,secondary,
002223,2016-06-02,2559999974.32,secondary,
603118,2016-06-02,1595316570.0,secondary,
300010,2016-06-02,1795999991.6299999,secondary,
300317,2016-06-01,1104999980.8400002,secondary,
000863,2016-06-01,1859999999.0,secondary,
002624,2016-06-01,4999999907.1454,secondary,
300054,2016-06-01,754130846.36,secondary,
002061,2016-05-31,822145500.1199999,secondary,
002165,2016-05-31,374555569.62,secondary,
000626,2016-05-30,1316414052.0,secondary,
300036,2016-05-30,356943407.28,secondary,
002277,2016-05-30,1487202800.0000002,secondary,
002683,2016-05-30,1047766582.7199999,secondary,
300459,2016-05-26,2105732165.34,secondary,
002551,2016-05-26,199999980.51999998,secondary,
300198,2016-05-26,401279644.0,secondary,
000593,2016-05-25,564999994.26,secondary,
601233,2016-05-25,2999999834.0,secondary,
600167,2016-05-25,4752481983.54,secondary,
601567,2016-05-25,2999999991.82,secondary,
300209,2016-05-24,999999963.3000001,secondary,
000530,2016-05-24,579999999.44,secondary,
002077,2016-05-23,1067500000.0,secondary,
000795,2016-05-23,612999992.88,secondary,
300021,2016-05-20,721355637.0,secondary,
000626,2016-05-20,2978400000.84,secondary,
002600,2016-05-20,1174999995.0,secondary,
600827,2016-05-20,926935645.9499999,secondary,
002024,2016-05-20,29232536980.85,secondary,
300219,2016-05-20,725494298.76,secondary,
600157,2016-05-20,4899999996.44,secondary,
000863,2016-05-19,949999999.0,secondary,
000631,2016-05-19,1599999995.61,secondary,
002003,2016-05-18,152999965.56,secondary,
300326,2016-05-18,480878536.32,secondary,
300459,2016-05-18,2029999921.4399998,secondary,
300031,2016-05-17,599999995.14,secondary,
002425,2016-05-17,728999968.0,secondary,
300419,2016-05-17,132318471.05000001,secondary,
300383,2016-05-17,2908999576.0,secondary,
002256,2016-05-17,1528999997.04,secondary,
002671,2016-05-16,349999986.06,secondary,
300351,2016-05-16,625799998.5,secondary,
300194,2016-05-16,960262752.0,secondary,
300466,2016-05-13,306499922.95,secondary,
600126,2016-05-13,2474999973.6,secondary,
300326,2016-05-13,339999953.52000004,secondary,
600734,2016-05-12,687999974.5500001,secondary,
002247,2016-05-12,2889999941.4,secondary,
300158,2016-05-11,2016719994.3,secondary,
300269,2016-05-10,1318199289.64467,secondary,
300441,2016-05-10,372022693.84000003,secondary,
002529,2016-05-09,603600000.0,secondary,
002745,2016-05-06,2348019983.1800003,secondary,
002259,2016-05-06,761967786.33,secondary,
600566,2016-05-05,642259994.4,secondary,
002003,2016-05-05,78299990.34,secondary,
300005,2016-05-05,1270400000.0,secondary,
002184,2016-05-05,322706991.36,secondary,
002077,2016-05-05,1012499999.88,secondary,
300185,2016-05-04,1404219981.92,secondary,
603885,2016-05-04,3367799675.1,secondary,
002670,2016-05-04,6929999978.5,secondary,
300355,2016-05-03,204749963.36,secondary,
300222,2016-04-29,1108999987.48,secondary,
300441,2016-04-29,137495994.44,secondary,
000676,2016-04-29,2818244943.36,secondary,
300190,2016-04-28,1140000000.0,secondary,
600203,2016-04-28,653507497.5,secondary,
002094,2016-04-28,592639997.2,secondary,
600482,2016-04-28,13482272903.88,secondary,
002403,2016-04-28,306566408.0,secondary,
601222,2016-04-28,2799999860.84,secondary,
002445,2016-04-28,435000002.5,secondary,
300095,2016-04-28,399999995.02,secondary,
600285,2016-04-27,474999970.4,secondary,
002671,2016-04-26,250000005.0,secondary,
600777,2016-04-26,2099999974.86,secondary,
300059,2016-04-25,3999999940.88,secondary,
300410,2016-04-25,319999973.0,secondary,
002600,2016-04-25,1224999980.3999999,secondary,
603601,2016-04-25,777699000.0,secondary,
002092,2016-04-22,2767877782.0,secondary,
002639,2016-04-22,225000002.04000002,secondary,
002080,2016-04-22,1978844961.45,secondary,
000420,2016-04-22,1720000000.0,secondary,
600346,2016-04-22,1599999828.0,secondary,
000676,2016-04-22,1300074835.95,secondary,
600979,2016-04-21,1534100000.0,secondary,
600734,2016-04-21,1199999989.09,secondary,
600461,2016-04-21,524149994.88,secondary,
300279,2016-04-20,539999936.7,secondary,
000938,2016-04-20,22084653708.420002,secondary,
002624,2016-04-20,11999999978.19,secondary,
300323,2016-04-20,925787106.26,secondary,
002558,2016-04-20,4999999966.0,secondary,
300429,2016-04-19,172999873.5,secondary,
002297,2016-04-18,607500004.9200001,secondary,
002654,2016-04-18,444999990.53999996,secondary,
002094,2016-04-18,461159957.70000005,secondary,
002708,2016-04-15,549999952.6899999,secondary,
300301,2016-04-15,760000000.0,secondary,
300300,2016-04-15,1396580700.08,secondary,
000544,2016-04-15,3231643992.1,secondary,
300420,2016-04-14,295999965.73,secondary,
300157,2016-04-14,719999993.9699999,secondary,
300058,2016-04-14,829999928.06,secondary,
002335,2016-04-13,1657997977.9999998,secondary,
300342,2016-04-13,239599574.9,secondary,
002034,2016-04-13,399909599.99999994,secondary,
002670,2016-04-12,3464999942.14,secondary,
002141,2016-04-12,1011749992.47,secondary,
300166,2016-04-12,1795651091.52,secondary,
300266,2016-04-12,662599996.5,secondary,
002607,2016-04-12,999999703.9999999,secondary,
000887,2016-04-12,1959239993.75,secondary,
002425,2016-04-12,620999998.02,secondary,
600497,2016-04-11,2583983995.67,secondary,
300055,2016-04-11,2369900000.0,secondary,
002712,2016-04-08,289999842.6,secondary,
002558,2016-04-08,13124239866.599998,secondary,
002110,2016-04-08,2324736625.84,secondary,
600575,2016-04-07,3029293248.86,secondary,
002026,2016-04-07,485999963.02000004,secondary,
000591,2016-04-06,4756029200.0,secondary,
300343,2016-04-05,1228839760.0,secondary,
600177,2016-04-01,4999999988.88,secondary,
000690,2016-04-01,3099999997.8,secondary,
000969,2016-04-01,307559993.14,secondary,
600900,2016-04-01,24160000000.0,secondary,
000815,2016-04-01,1945299999.8999999,secondary,
000407,2016-04-01,649999993.4399999,secondary,
300343,2016-04-01,973224898.75,secondary,
300008,2016-04-01,698000000.0,secondary,
300342,2016-03-31,256999996.07999998,secondary,
002160,2016-03-31,679999982.3199999,secondary,
600900,2016-03-31,42280000000.0,secondary,
002527,2016-03-31,527754850.0,secondary,
300008,2016-03-30,1101999608.0,secondary,
002546,2016-03-30,1349999998.96,secondary,
600075,2016-03-29,924809645.76,secondary,
300287,2016-03-29,2244999348.0,secondary,
300157,2016-03-29,686831935.5999999,secondary,
002014,2016-03-28,142999992.56,secondary,
300388,2016-03-25,522935983.85,secondary,
300304,2016-03-25,549999994.0,secondary,
603128,2016-03-25,599999967.72,secondary,
600497,2016-03-24,2002338994.56,secondary,
002617,2016-03-24,1318559999.75,secondary,
002175,2016-03-24,590521147.05,secondary,
600681,2016-03-24,873600000.0,secondary,
300433,2016-03-23,3167999968.1600003,secondary,
000735,2016-03-23,1649999994.24,secondary,
002139,2016-03-23,597499987.7,secondary,
002080,2016-03-22,3850458389.6,secondary,
000501,2016-03-22,827191632.6,secondary,
600461,2016-03-22,577798793.4200001,secondary,
300285,2016-03-21,795599969.36,secondary,
300353,2016-03-21,516999422.24,secondary,
002654,2016-03-21,314999987.95,secondary,
002027,2016-03-18,4999999989.6,secondary,
002616,2016-03-16,208999680.00000003,secondary,
300234,2016-03-16,405999949.2,secondary,
603558,2016-03-15,1001946000.0,secondary,
600000,2016-03-15,16351989031.519999,secondary,
002706,2016-03-15,509999925.59999996,secondary,
002441,2016-03-15,1011224297.8900001,secondary,
002182,2016-03-15,400000015.84,secondary,
000762,2016-03-14,468623593.34999996,secondary,
000802,2016-03-14,2894182263.4,secondary,
300250,2016-03-14,249999966.85999998,secondary,
600346,2016-03-14,9188499996.0,secondary,
002380,2016-03-14,936142790.49,secondary,
002011,2016-03-13,849999974.4,secondary,
300313,2016-03-11,116999989.92,secondary,
300279,2016-03-11,434406408.04,secondary,
300377,2016-03-10,2085599962.0800002,secondary,
300310,2016-03-10,999999957.1500001,secondary,
002244,2016-03-10,2754320696.4,secondary,
600653,2016-03-10,518000000.0,secondary,
300236,2016-03-10,299999993.12,secondary,
002712,2016-03-09,144999945.43,secondary,
000987,2016-03-08,9999999967.800001,secondary,
600681,2016-03-08,3931689095.3399997,secondary,
300031,2016-03-07,923649993.72,secondary,
300113,2016-03-04,370999973.84999996,secondary,
300180,2016-03-04,1036000000.0,secondary,
002292,2016-03-04,903999987.47,secondary,
300410,2016-03-04,264999967.67999998,secondary,
002176,2016-03-03,1392245000.0,secondary,
300056,2016-02-29,574393587.2,secondary,
002685,2016-02-29,489293999.46,secondary,
002046,2016-02-26,104999997.9,secondary,
002722,2016-02-26,389549995.25,secondary,
300261,2016-02-26,159999992.76000002,secondary,
002152,2016-02-26,3137191200.0,secondary,
300197,2016-02-24,844999988.63,secondary,
300261,2016-02-24,78400000.2,secondary,
600828,2016-02-24,8560571091.93,secondary,
300142,2016-02-23,597999998.44,secondary,
300253,2016-02-23,820017268.38,secondary,
300142,2016-02-23,598000003.0400001,secondary,
300182,2016-02-22,2599999998.24,secondary,
601599,2016-02-19,999999987.65,secondary,
002176,2016-02-19,716553609.21,secondary,
300266,2016-02-19,931500000.0,secondary,
300250,2016-02-18,461999991.42,secondary,
600884,2016-02-18,3445499990.94,secondary,
002501,2016-02-18,171323084.44,secondary,
000034,2016-02-17,2199999989.29,secondary,
600568,2016-02-16,1899999975.55,secondary,
300010,2016-02-15,1597999855.0600002,secondary,
300310,2016-02-15,499999993.2,secondary,
002717,2016-02-05,1049999933.1899999,secondary,
300197,2016-02-05,676000014.4,secondary,
300017,2016-02-04,3569549602.9500003,secondary,
000969,2016-02-04,1025879996.1899999,secondary,
300383,2016-02-03,2077021251.46,secondary,
002292,2016-02-03,327851876.38,secondary,
603368,2016-02-03,1649999872.32,secondary,
301192,2016-02-03,16562000.0,secondary,
000766,2016-02-02,1687999987.57,secondary,
600756,2016-02-01,999999979.65,secondary,
000008,2016-02-01,495897222.6,secondary,
002611,2016-01-29,499999993.44,secondary,
300201,2016-01-29,259999990.54999998,secondary,
600438,2016-01-29,2059126963.2,secondary,
600622,2016-01-28,1819346857.67,secondary,
002173,2016-01-28,1499999974.1399999,secondary,
600590,2016-01-28,637956395.4399999,secondary,
600428,2016-01-28,2499999991.44,secondary,
002173,2016-01-28,1499999974.1399999,secondary,
000791,2016-01-28,1809999541.0,secondary,
600491,2016-01-27,1374365000.0,secondary,
600328,2016-01-26,725999995.5999999,secondary,
002590,2016-01-26,845259987.6,secondary,
600136,2016-01-26,599999915.9,secondary,
000639,2016-01-25,494568480.0,secondary,
002657,2016-01-22,971999988.9599999,secondary,
002390,2016-01-22,1849999956.35,secondary,
002043,2016-01-22,499999996.26,secondary,
300113,2016-01-22,148399870.03,secondary,
002688,2016-01-21,473399999.1,secondary,
300244,2016-01-21,1003184000.0,secondary,
600126,2016-01-21,6811986778.08,secondary,
002462,2016-01-21,399999970.0,secondary,
000701,2016-01-20,1299999996.54,secondary,
600876,2016-01-20,214999983.9,secondary,
002374,2016-01-20,244965500.0,secondary,
300241,2016-01-19,199999975.32,secondary,
000525,2016-01-19,1038187458.88,secondary,
002264,2016-01-18,547155825.92,secondary,
600358,2016-01-18,379999998.6,secondary,
000963,2016-01-18,3499999986.27,secondary,
600589,2016-01-18,839999989.41,secondary,
002195,2016-01-18,1670000000.0,secondary,
600055,2016-01-15,879999981.66,secondary,
600973,2016-01-15,1211375000.0,secondary,
600748,2016-01-15,3902140154.17,secondary,
300070,2016-01-14,1122300000.0,secondary,
002458,2016-01-14,592684103.5500001,secondary,
002381,2016-01-13,475850000.0,secondary,
300419,2016-01-13,744999953.36,secondary,
600468,2016-01-13,1099999988.45,secondary,
600580,2016-01-13,1599999979.5,secondary,
300241,2016-01-12,105999992.64,secondary,
600340,2016-01-12,6999999996.56,secondary,
300409,2016-01-12,512299999.99999994,secondary,
002321,2016-01-11,857079690.0,secondary,
600483,2016-01-11,2699999909.2,secondary,
002249,2016-01-11,2033192631.47,secondary,
600728,2016-01-11,1100000003.74,secondary,
000899,2016-01-11,2158240000.0,secondary,
000523,2016-01-11,649959976.0500001,secondary,
000557,2016-01-08,4328448080.64,secondary,
000977,2016-01-08,999999999.36,secondary,
600136,2016-01-08,808999958.43,secondary,
600136,2016-01-08,808999958.43,secondary,
300347,2016-01-08,499999990.64,secondary,
000998,2016-01-07,3076919993.42,secondary,
601555,2016-01-07,3540000000.0,secondary,
600096,2016-01-07,1641812485.1200001,secondary,
002264,2016-01-06,459999985.28000003,secondary,
002444,2016-01-05,1033248699.0000001,secondary,
002137,2016-01-04,575999972.6,secondary,
002249,2016-01-04,2700672460.71,secondary,
000766,2015-12-31,999999996.57,secondary,
300003,2015-12-31,1279999997.27,secondary,
601998,2015-12-31,11918455941.449999,secondary,
603011,2015-12-30,429000000.0,secondary,
300006,2015-12-30,669112704.0,secondary,
000008,2015-12-30,2204949997.0,secondary,
002439,2015-12-29,74499997.39,secondary,
000415,2015-12-29,15999999983.1,secondary,
002555,2015-12-29,2799999911.94,secondary,
002127,2015-12-29,2343823984.9500003,secondary,
600741,2015-12-29,8969999991.75,secondary,
002439,2015-12-29,309644973.1,secondary,
300143,2015-12-29,1125001072.0,secondary,
300182,2015-12-29,1919999983.54,secondary,
002127,2015-12-29,299999999.59999996,secondary,
600892,2015-12-28,1538657992.3500001,secondary,
002661,2015-12-28,1199999970.0,secondary,
300065,2015-12-28,550599972.84,secondary,
002493,2015-12-28,4000000000.0,secondary,
600716,2015-12-25,1512860059.44,secondary,
300315,2015-12-25,1499999998.59,secondary,
002270,2015-12-25,349999989.78000003,secondary,
000926,2015-12-25,2999999991.84,secondary,
002592,2015-12-25,590485993.5600001,secondary,
002125,2015-12-25,623335560.0,secondary,
600745,2015-12-25,1825799998.82,secondary,
600184,2015-12-25,1223100000.0,secondary,
000958,2015-12-24,1299999933.47,secondary,
000591,2015-12-24,8033799950.54,secondary,
300188,2015-12-24,807309981.8599999,secondary,
600458,2015-12-24,1499999996.6,secondary,
601608,2015-12-24,847999995.6,secondary,
300138,2015-12-24,347800000.0,secondary,
002438,2015-12-24,197999983.79999998,secondary,
603169,2015-12-23,1249999989.3400002,secondary,
600176,2015-12-23,4799999997.72,secondary,
002714,2015-12-22,999999975.7800001,secondary,
000069,2015-12-22,5799999999.33,secondary,
600057,2015-12-22,1499999989.05,secondary,
002135,2015-12-22,499999984.0,secondary,
600517,2015-12-22,1129852793.9599998,secondary,
002512,2015-12-22,680399996.49,secondary,
600510,2015-12-22,1599999987.0,secondary,
000050,2015-12-22,4799999993.58,secondary,
600463,2015-12-21,600000000.0,secondary,
601216,2015-12-21,4899999994.0,secondary,
300329,2015-12-21,215579985.2,secondary,
002739,2015-12-21,2179999997.76,secondary,
600396,2015-12-21,2857120698.63,secondary,
600243,2015-12-21,1088780000.0,secondary,
300345,2015-12-21,168999996.49,secondary,
300129,2015-12-21,178200000.0,secondary,
002500,2015-12-18,3878100000.0,secondary,
300296,2015-12-18,238267104.23,secondary,
002472,2015-12-18,1200000000.0,secondary,
002146,2015-12-18,5031159984.0,secondary,
601016,2015-12-18,3000000000.0,secondary,
603166,2015-12-18,1029999999.25,secondary,
000723,2015-12-18,2472000000.0,secondary,
600797,2015-12-17,199999987.32999998,secondary,
001979,2015-12-17,11854164902.800001,secondary,
000883,2015-12-17,6059999995.84,secondary,
600477,2015-12-17,304729360.0,secondary,
002446,2015-12-17,266799999.01999998,secondary,
300335,2015-12-17,749999984.7,secondary,
002027,2015-12-17,39889799755.72,secondary,
002390,2015-12-16,1799569971.75,secondary,
300009,2015-12-16,101249993.50999999,secondary,
000026,2015-12-15,599999993.5500001,secondary,
002050,2015-12-15,399999999.46000004,secondary,
002196,2015-12-15,629999960.17,secondary,
002157,2015-12-15,1137673586.7,secondary,
600366,2015-12-15,426310199.0,secondary,
002098,2015-12-14,309600000.0,secondary,
600876,2015-12-14,90000000.0,secondary,
002085,2015-12-14,1749999985.1100001,secondary,
300294,2015-12-14,499999976.0,secondary,
300348,2015-12-11,116345619.0,secondary,
300287,2015-12-11,1322499302.74,secondary,
002542,2015-12-11,737870000.0,secondary,
000042,2015-12-11,1999999993.2900002,secondary,
600172,2015-12-10,419999995.8,secondary,
300381,2015-12-10,524999984.49,secondary,
300366,2015-12-10,244719998.1,secondary,
002506,2015-12-09,630000000.0,secondary,
000032,2015-12-09,908077773.75,secondary,
300170,2015-12-09,55282500.0,secondary,
601608,2015-12-09,317999979.15000004,secondary,
002004,2015-12-09,1937853440.0,secondary,
002513,2015-12-09,529999955.52,secondary,
600351,2015-12-09,779339980.1999999,secondary,
600162,2015-12-09,2449999734.0,secondary,
300368,2015-12-09,139999967.25,secondary,
002513,2015-12-08,825999893.52,secondary,
300059,2015-12-08,4404629955.24,secondary,
300390,2015-12-08,97735355.89999999,secondary,
000718,2015-12-08,3799999992.2,secondary,
002421,2015-12-08,247493673.51999998,secondary,
002722,2015-12-08,565799951.76,secondary,
300048,2015-12-08,387999991.59999996,secondary,
600862,2015-12-08,588994086.72,secondary,
300242,2015-12-08,489999985.6,secondary,
002261,2015-12-07,437907936.00000006,secondary,
002739,2015-12-07,1839999877.2,secondary,
002020,2015-12-07,290349985.97999996,secondary,
002171,2015-12-07,129999989.08,secondary,
300315,2015-12-07,2197940608.14,secondary,
000792,2015-12-07,4899999989.16,secondary,
300048,2015-12-07,388241369.82,secondary,
600869,2015-12-07,779999994.92,secondary,
002467,2015-12-04,783999998.4000001,secondary,
300129,2015-12-04,247500000.0,secondary,
002506,2015-12-04,2022880000.0,secondary,
002020,2015-12-04,415799995.46,secondary,
600231,2015-12-03,1999999997.35,secondary,
000010,2015-12-03,813399999.76,secondary,
300390,2015-12-03,357999997.2,secondary,
000723,2015-12-03,7644000000.0,secondary,
600559,2015-12-03,825299936.67,secondary,
300097,2015-12-03,401650000.0,secondary,
002270,2015-12-03,2599999992.62,secondary,
300366,2015-12-03,655499952.0,secondary,
600679,2015-12-02,529999999.35,secondary,
002548,2015-12-02,339929996.73,secondary,
600037,2015-12-02,3299999922.66,secondary,
002520,2015-12-02,999999991.38,secondary,
002171,2015-12-02,389999900.15999997,secondary,
300232,2015-12-02,214999986.56,secondary,
600602,2015-12-02,1080322219.08,secondary,
600236,2015-12-02,16871814395.96,secondary,
000989,2015-12-02,6517807218.360001,secondary,
000090,2015-12-01,2199999999.7799997,secondary,
600282,2015-12-01,197672800.0,secondary,
000636,2015-12-01,185455295.37,secondary,
002196,2015-12-01,731999912.38,secondary,
300267,2015-11-30,1999999993.3,secondary,
300420,2015-11-30,373999801.44,secondary,
300083,2015-11-30,1899999893.55,secondary,
600062,2015-11-30,3008133508.27,secondary,
300083,2015-11-30,1499999975.3700001,secondary,
600703,2015-11-27,3509999989.4700003,secondary,
002517,2015-11-27,5629999954.96,secondary,
600758,2015-11-27,1983792468.78,secondary,
300162,2015-11-27,159994800.0,secondary,
002548,2015-11-27,341119992.0,secondary,
000663,2015-11-27,415999991.70000005,secondary,
600617,2015-11-27,1005210000.0,secondary,
603010,2015-11-26,111113390.94000001,secondary,
600787,2015-11-26,1992239723.14,secondary,
600552,2015-11-26,444240237.77,secondary,
600522,2015-11-26,599999994.0,secondary,
300159,2015-11-26,984028997.14,secondary,
002131,2015-11-26,1757799983.68,secondary,
002596,2015-11-25,249999998.85999998,secondary,
300009,2015-11-25,252978069.5,secondary,
600862,2015-11-25,1766982244.56,secondary,
002446,2015-11-25,697499991.05,secondary,
300294,2015-11-25,519999986.5,secondary,
600076,2015-11-25,999999996.91,secondary,
300022,2015-11-24,179982194.4,secondary,
601992,2015-11-24,4699999999.84,secondary,
300348,2015-11-24,50350880.25,secondary,
603456,2015-11-24,799999974.0,secondary,
300359,2015-11-24,926599989.92,secondary,
002036,2015-11-24,199999993.5,secondary,
000563,2015-11-24,3199999996.16,secondary,
000592,2015-11-23,1999999994.56,secondary,
603006,2015-11-23,514999995.29,secondary,
002279,2015-11-23,89999856.47999999,secondary,
300144,2015-11-23,649999988.28,secondary,
300098,2015-11-20,1199999984.8,secondary,
002010,2015-11-20,4402499953.5,secondary,
002129,2015-11-20,3524999989.9100003,secondary,
002373,2015-11-19,1799999964.3200002,secondary,
300237,2015-11-19,811945296.7199999,secondary,
300334,2015-11-19,398799989.64,secondary,
002349,2015-11-19,78000025.6,secondary,
002261,2015-11-19,1430983555.5000002,secondary,
600981,2015-11-19,1999999987.6799998,secondary,
002052,2015-11-19,628740000.0,secondary,
002349,2015-11-18,461066674.32,secondary,
300232,2015-11-18,214999986.56,secondary,
600623,2015-11-18,3733316678.0,secondary,
601908,2015-11-18,2154999997.16,secondary,
300040,2015-11-18,449675773.68,secondary,
300303,2015-11-18,599999998.95,secondary,
300145,2015-11-17,49999983.15,secondary,
300359,2015-11-17,572999930.6,secondary,
300097,2015-11-17,331999984.3,secondary,
600480,2015-11-17,1199999961.6,secondary,
300355,2015-11-17,499999991.28000003,secondary,
002279,2015-11-16,509999240.29999995,secondary,
002253,2015-11-16,449999983.16,secondary,
600584,2015-11-16,328778267.13,secondary,
600797,2015-11-16,495752395.24,secondary,
002153,2015-11-16,2388879301.4,secondary,
600777,2015-11-14,2209999955.88,secondary,
002137,2015-11-13,380899982.71999997,secondary,
002642,2015-11-13,1000379963.4,secondary,
002036,2015-11-13,2359999915.65,secondary,
601677,2015-11-13,736450000.0,secondary,
000070,2015-11-13,109999996.41,secondary,
300425,2015-11-13,208399964.14000002,secondary,
002009,2015-11-13,533224984.19,secondary,
000636,2015-11-13,556365969.86,secondary,
002645,2015-11-12,311999991.96,secondary,
300133,2015-11-12,1999999936.2,secondary,
300145,2015-11-12,1793797990.14,secondary,
002512,2015-11-12,721999996.17,secondary,
300162,2015-11-12,160999959.23999998,secondary,
600325,2015-11-12,4312000000.0,secondary,
002185,2015-11-12,1999999919.12,secondary,
002421,2015-11-12,546685039.6,secondary,
002174,2015-11-12,526499918.99999994,secondary,
002124,2015-11-10,449999971.37,secondary,
002361,2015-11-10,425000004.82000005,secondary,
603010,2015-11-09,244999947.88000003,secondary,
002086,2015-11-09,1373000000.0,secondary,
300368,2015-11-09,329999942.17999995,secondary,
600970,2015-11-09,1007470090.5,secondary,
300159,2015-11-06,3218072797.3450003,secondary,
002174,2015-11-06,271499813.97,secondary,
002645,2015-11-06,512999944.47,secondary,
300001,2015-11-06,229999989.1,secondary,
300026,2015-11-06,1568999876.0,secondary,
600172,2015-11-06,419999995.52,secondary,
002188,2015-11-06,343940000.0,secondary,
600584,2015-11-06,328778274.1,secondary,
002188,2015-11-05,1358978835.32,secondary,
000070,2015-11-05,294999968.28,secondary,
300324,2015-11-05,464099970.25,secondary,
002596,2015-11-05,450000003.96,secondary,
600208,2015-11-04,4999999997.2,secondary,
300217,2015-11-04,599999999.91,secondary,
002010,2015-11-04,19999999968.48,secondary,
300016,2015-11-04,249999974.70000002,secondary,
600522,2015-11-04,2249230006.08,secondary,
000428,2015-11-04,1653000000.0,secondary,
002131,2015-11-04,1789199982.57,secondary,
002567,2015-11-03,579999974.85,secondary,
300324,2015-11-03,91899994.34,secondary,
300271,2015-11-03,87828000.0,secondary,
002562,2015-11-03,799999948.1,secondary,
600076,2015-11-03,3290667994.2000003,secondary,
002340,2015-11-02,2417204757.0,secondary,
600708,2015-10-30,2608705556.8,secondary,
600704,2015-10-30,2626614888.4300003,secondary,
002169,2015-10-30,141659964.38,secondary,
002354,2015-10-30,919336576.34,secondary,
600984,2015-10-29,634999996.36,secondary,
300425,2015-10-29,191374677.72,secondary,
002332,2015-10-28,881463431.23,secondary,
300271,2015-10-27,137812463.04999998,secondary,
002312,2015-10-27,2940239984.74,secondary,
300363,2015-10-27,64997309.99999999,secondary,
600682,2015-10-27,193333297.20000002,secondary,
300014,2015-10-27,599999981.4,secondary,
600576,2015-10-26,302347956.69,secondary,
300242,2015-10-26,938279938.8000001,secondary,
600980,2015-10-26,399999938.8,secondary,
300063,2015-10-23,189999989.34,secondary,
600326,2015-10-23,966799998.72,secondary,
600422,2015-10-23,1249999984.1699998,secondary,
300239,2015-10-23,375592996.68,secondary,
600313,2015-10-22,379286996.73,secondary,
002217,2015-10-22,884333325.9,secondary,
000796,2015-10-22,799966487.4,secondary,
300051,2015-10-21,69999999.89999999,secondary,
000685,2015-10-21,883248399.28,secondary,
300353,2015-10-21,482999995.54999995,secondary,
002169,2015-10-21,420749984.93,secondary,
002709,2015-10-21,260999970.0,secondary,
300098,2015-10-20,1162840262.21,secondary,
300024,2015-10-20,2999999995.2000003,secondary,
000062,2015-10-20,258500005.87,secondary,
002507,2015-10-20,32062505.87,secondary,
300353,2015-10-19,160999994.95,secondary,
600299,2015-10-19,699999988.5,secondary,
300102,2015-10-16,794999978.34,secondary,
002385,2015-10-16,2199999959.6400003,secondary,
002407,2015-10-16,601249991.4,secondary,
600619,2015-10-16,372999993.1,secondary,
300370,2015-10-15,81299998.80000001,secondary,
300001,2015-10-15,689998447.46,secondary,
002176,2015-10-15,155249995.46,secondary,
300247,2015-10-14,202499994.04999998,secondary,
600354,2015-10-14,480000000.0,secondary,
002255,2015-10-13,139999994.28,secondary,
002354,2015-10-13,2758009912.35,secondary,
600845,2015-10-13,1179999989.2,secondary,
000062,2015-10-13,775499972.84,secondary,
600313,2015-10-12,126428996.34,secondary,
300063,2015-10-12,1170000015.1200001,secondary,
002482,2015-10-12,1199999985.81,secondary,
000703,2015-10-12,999999997.0,secondary,
000010,2015-10-10,813399995.84,secondary,
002176,2015-10-09,359999997.65999997,secondary,
000967,2015-10-09,424999983.17999995,secondary,
600162,2015-10-08,2150000001.14,secondary,
600299,2015-10-08,8597954796.960001,secondary,
002507,2015-10-08,66199993.2,secondary,
002255,2015-10-08,499999983.08,secondary,
600848,2015-09-29,946000004.4,secondary,
002329,2015-09-29,218989992.45000002,secondary,
300018,2015-09-29,530002012.56,secondary,
000615,2015-09-28,1481118059.7,secondary,
600981,2015-09-28,6182366334.99,secondary,
002217,2015-09-25,2652999910.8300004,secondary,
002389,2015-09-25,1137773102.4,secondary,
000796,2015-09-25,2399999992.0499997,secondary,
002180,2015-09-25,749999998.29,secondary,
600704,2015-09-24,145427568.91000003,secondary,
600758,2015-09-24,5950782257.28,secondary,
300370,2015-09-24,244999996.8,secondary,
603766,2015-09-24,490874992.272,secondary,
002675,2015-09-23,79999986.10000001,secondary,
002180,2015-09-23,2249999994.87,secondary,
000957,2015-09-23,699999989.52,secondary,
000698,2015-09-23,707292966.82,secondary,
300210,2015-09-18,249999996.97500002,secondary,
300001,2015-09-18,49948934.0,secondary,
002084,2015-09-18,289499990.4,secondary,
000838,2015-09-17,1049999998.41,secondary,
600848,2015-09-17,2665200510.0,secondary,
002675,2015-09-17,750328113.0400001,secondary,
002145,2015-09-16,769999992.3000001,secondary,
002322,2015-09-16,427499982.59999996,secondary,
000663,2015-09-15,1249989968.75,secondary,
000967,2015-09-15,1318361907.1799998,secondary,
002053,2015-09-15,923804293.5,secondary,
000960,2015-09-14,3785849188.6000004,secondary,
300352,2015-09-14,79999995.4,secondary,
300212,2015-09-14,1392579937.3,secondary,
002559,2015-09-11,35179991.35,secondary,
300013,2015-09-11,239999993.8,secondary,
600571,2015-09-10,60340183.36000001,secondary,
300030,2015-09-10,47499990.120000005,secondary,
601113,2015-09-10,999999000.0,secondary,
300072,2015-09-10,1999654773.27,secondary,
300247,2015-09-09,567000000.0,secondary,
002663,2015-09-09,129999997.64999999,secondary,
300339,2015-09-09,549436673.42,secondary,
300248,2015-09-08,79999979.92999999,secondary,
300051,2015-09-01,388599996.78,secondary,
002123,2015-09-01,718499994.24,secondary,
300109,2015-09-01,180999975.2,secondary,
600708,2015-08-29,5053116127.24,secondary,
300041,2015-08-28,401139565.2,secondary,
002123,2015-08-28,2216499918.34,secondary,
002559,2015-08-28,105552874.43,secondary,
000833,2015-08-27,575787398.9399999,secondary,
002663,2015-08-27,331499971.36,secondary,
600807,2015-08-26,1063650595.0,secondary,
600629,2015-08-26,120005090.45,secondary,
002538,2015-08-25,1069499999.84,secondary,
600699,2015-08-25,1128369639.6,secondary,
300311,2015-08-25,200849973.66,secondary,
600229,2015-08-24,424999995.55,secondary,
002600,2015-08-24,387499998.0,secondary,
600571,2015-08-21,274167946.59,secondary,
600744,2015-08-21,940619998.92,secondary,
601788,2015-08-21,7999999994.43,secondary,
600027,2015-08-21,7146999994.809999,secondary,
600229,2015-08-21,1157785296.15,secondary,
600986,2015-08-21,741704000.0,secondary,
300109,2015-08-20,543199753.0,secondary,
002581,2015-08-20,2932999829.43,secondary,
000811,2015-08-20,99999999.64,secondary,
002408,2015-08-19,218999996.7,secondary,
002044,2015-08-19,399999988.90000004,secondary,
002600,2015-08-19,1084999971.32,secondary,
300073,2015-08-19,103249994.64999999,secondary,
603399,2015-08-19,1099999998.89,secondary,
300073,2015-08-18,309749983.95,secondary,
300339,2015-08-18,1077511988.22,secondary,
300311,2015-08-18,389999974.97999996,secondary,
002426,2015-08-17,458758385.36,secondary,
300112,2015-08-17,151200519.47,secondary,
600419,2015-08-17,87999982.0,secondary,
002460,2015-08-17,119999989.92,secondary,
000795,2015-08-14,229999999.0,secondary,
300030,2015-08-14,113999986.53,secondary,
600241,2015-08-14,349999995.15000004,secondary,
002274,2015-08-14,927450000.0,secondary,
600715,2015-08-13,3889999080.0000005,secondary,
600479,2015-08-13,499999998.78000003,secondary,
300248,2015-08-13,155999967.24,secondary,
600588,2015-08-12,1649999971.7,secondary,
002539,2015-08-12,1116900000.0,secondary,
600338,2015-08-12,3151072934.1,secondary,
002178,2015-08-12,89805986.12,secondary,
002584,2015-08-12,535499998.99,secondary,
002023,2015-08-12,1656404660.0,secondary,
000795,2015-08-12,699999999.88,secondary,
300013,2015-08-11,719999997.7,secondary,
300317,2015-08-11,1599999996.8,secondary,
600986,2015-08-11,2225204935.3999996,secondary,
600623,2015-08-11,11646918114.300001,secondary,
002396,2015-08-11,224630920.02,secondary,
600984,2015-08-10,1905000003.0,secondary,
002465,2015-08-10,1172543981.32,secondary,
002044,2015-08-10,5074770395.759999,secondary,
300332,2015-08-10,249999961.8,secondary,
002483,2015-08-10,646199992.0,secondary,
600525,2015-08-07,479999987.65999997,secondary,
300254,2015-08-07,200987750.0,secondary,
002298,2015-08-07,1164999993.82,secondary,
300222,2015-08-07,186934974.7,secondary,
600576,2015-08-07,906757335.08,secondary,
002523,2015-08-06,156000001.71,secondary,
002426,2015-08-05,1376275203.0,secondary,
000906,2015-08-05,449999979.74,secondary,
600105,2015-08-05,171499990.42,secondary,
002322,2015-08-05,1170316521.1499999,secondary,
300027,2015-08-05,3599999986.67,secondary,
600419,2015-08-04,264998087.9,secondary,
600639,2015-08-04,2719909334.65,secondary,
002366,2015-08-03,299999999.44,secondary,
300131,2015-08-03,214999998.84,secondary,
600619,2015-08-03,1119999997.4,secondary,
600604,2015-08-03,475883323.47,secondary,
300292,2015-07-31,337499991.18,secondary,
002528,2015-07-31,121799995.89999999,secondary,
000833,2015-07-31,1727362195.3,secondary,
002202,2015-07-31,346871910.0,secondary,
600022,2015-07-31,4999999999.68,secondary,
002329,2015-07-30,656969909.4,secondary,
600444,2015-07-30,516531492.04,secondary,
300066,2015-07-30,128297340.0,secondary,
002178,2015-07-30,245275647.20000002,secondary,
601872,2015-07-29,1999999999.471,secondary,
002298,2015-07-29,429999994.58,secondary,
600054,2015-07-29,498067500.0,secondary,
002408,2015-07-29,442499972.20000005,secondary,
002230,2015-07-28,2151864000.0,secondary,
600744,2015-07-28,2821888679.1499996,secondary,
300131,2015-07-28,956249997.56,secondary,
300144,2015-07-27,987999857.44,secondary,
000811,2015-07-27,310936100.64,secondary,
600105,2015-07-27,514499994.99,secondary,
300350,2015-07-27,341499978.82,secondary,
300332,2015-07-27,499999962.3,secondary,
600682,2015-07-27,579999994.5,secondary,
000893,2015-07-27,3689999959.68,secondary,
300341,2015-07-27,649999986.21,secondary,
300187,2015-07-24,327492401.5,secondary,
002343,2015-07-24,996298400.0,secondary,
000056,2015-07-24,3097374470.4199996,secondary,
000936,2015-07-24,600300000.0,secondary,
600525,2015-07-23,1685599964.6000001,secondary,
300319,2015-07-23,196999996.16,secondary,
300020,2015-07-23,997999992.0,secondary,
300363,2015-07-23,159999912.3072,secondary,
300350,2015-07-23,890999969.86,secondary,
002323,2015-07-23,2708390083.92,secondary,
300070,2015-07-22,6231273085.2,secondary,
300375,2015-07-22,86699994.0,secondary,
600771,2015-07-22,639200000.0,secondary,
300112,2015-07-22,55795740.0,secondary,
600400,2015-07-21,782999984.58,secondary,
002273,2015-07-21,1221449983.0,secondary,
000768,2015-07-21,2999999985.06,secondary,
002523,2015-07-17,469577000.13,secondary,
000564,2015-07-16,899999995.8,secondary,
002100,2015-07-15,1839605281.2,secondary,
300343,2015-07-14,335999957.32,secondary,
002151,2015-07-13,309999964.05,secondary,
300136,2015-07-13,89999992.65,secondary,
600965,2015-07-13,1499999997.8400002,secondary,
601186,2015-07-10,9936000000.0,secondary,
000158,2015-07-10,548699988.96,secondary,
300183,2015-07-10,187135556.58,secondary,
300136,2015-07-10,399999992.8,secondary,
300184,2015-07-09,141749974.07999998,secondary,
000564,2015-07-09,444999999.2,secondary,
300256,2015-07-09,1189999993.48,secondary,
300296,2015-07-08,714824902.8599999,secondary,
000681,2015-07-07,579999672.0,secondary,
002366,2015-07-06,2748291338.56,secondary,
601390,2015-07-06,11999999989.109999,secondary,
002050,2015-07-03,1280000003.68,secondary,
300010,2015-07-02,99712473.52000001,secondary,
002479,2015-07-02,477878306.32490003,secondary,
002151,2015-07-02,1199999874.8500001,secondary,
300343,2015-07-02,855999995.65,secondary,
600590,2015-07-02,849895200.0,secondary,
002460,2015-07-01,256899986.46,secondary,
000750,2015-06-30,5000000000.0,secondary,
300056,2015-06-30,62999993.800000004,secondary,
600390,2015-06-29,667799999.22,secondary,
600816,2015-06-29,3122307681.9,secondary,
600816,2015-06-29,3122307681.9,secondary,
002210,2015-06-29,1499999995.84,secondary,
002201,2015-06-26,449999994.08000004,secondary,
600606,2015-06-26,64540081999.840004,secondary,
002065,2015-06-26,199999987.74,secondary,
002090,2015-06-26,219999984.72,secondary,
300182,2015-06-25,359999944.92,secondary,
002635,2015-06-25,819809970.48,secondary,
300319,2015-06-25,592000000.9,secondary,
002314,2015-06-25,1389999996.5500002,secondary,
300263,2015-06-24,711079991.44,secondary,
300228,2015-06-24,798999936.0,secondary,
300358,2015-06-24,139999978.35,secondary,
002073,2015-06-24,600071963.89,secondary,
300290,2015-06-23,389999954.28,secondary,
600180,2015-06-23,1499999995.1999998,secondary,
002535,2015-06-23,1112999994.0,secondary,
000547,2015-06-19,540508966.4,secondary,
600329,2015-06-19,836079987.6800001,secondary,
300056,2015-06-19,163799999.1,secondary,
002427,2015-06-19,971499998.52,secondary,
002639,2015-06-19,430000000.0,secondary,
002111,2015-06-18,619999971.84,secondary,
600498,2015-06-18,214999995.0,secondary,
002172,2015-06-18,209999994.75,secondary,
300010,2015-06-18,297209970.40000004,secondary,
300057,2015-06-18,468999935.55,secondary,
600446,2015-06-18,250208000.0,secondary,
000547,2015-06-18,1621526899.7,secondary,
300289,2015-06-16,340589987.6,secondary,
300182,2015-06-16,1767841596.12,secondary,
002262,2015-06-15,551409979.64,secondary,
600501,2015-06-15,960000000.0,secondary,
002170,2015-06-15,47533325.32,secondary,
000333,2015-06-12,1210550000.0,secondary,
002449,2015-06-11,410849987.62,secondary,
600502,2015-06-11,602599989.9000001,secondary,
300292,2015-06-11,944999932.8,secondary,
300318,2015-06-10,662400005.63,secondary,
002413,2015-06-10,196424200.0,secondary,
601669,2015-06-09,14665856198.519999,secondary,
002172,2015-06-09,649999976.7,secondary,
600604,2015-06-09,1427649971.8799999,secondary,
600636,2015-06-08,1499999988.7199998,secondary,
601012,2015-06-08,1959999997.5,secondary,
300049,2015-06-06,49999994.4,secondary,
601009,2015-06-05,7999999989.799999,secondary,
002065,2015-06-04,559999917.9799999,secondary,
002413,2015-06-04,589431823.63,secondary,
300037,2015-06-02,170999997.52,secondary,
002568,2015-06-02,4944960000.000001,secondary,
000582,2015-06-01,2699999988.2999997,secondary,
600478,2015-06-01,611892794.24,secondary,
300358,2015-05-29,419999969.31,secondary,
600498,2015-05-29,649999994.08,secondary,
002160,2015-05-28,337329989.04,secondary,
002074,2015-05-28,820799997.54,secondary,
300299,2015-05-27,185999964.87,secondary,
300053,2015-05-27,174999975.13,secondary,
600018,2015-05-26,1749309100.0,secondary,
002654,2015-05-26,707502600.0,secondary,
002291,2015-05-26,217699997.4,secondary,
002170,2015-05-26,134599860.05,secondary,
300230,2015-05-25,361999960.68,secondary,
300197,2015-05-22,979999996.8000001,secondary,
002632,2015-05-22,449999938.8,secondary,
600666,2015-05-22,1029999984.0,secondary,
002158,2015-05-22,850002398.74,secondary,
002219,2015-05-21,2649309994.7999997,secondary,
000065,2015-05-21,799999968.25,secondary,
300284,2015-05-21,369380000.0,secondary,
600010,2015-05-21,29799999993.600002,secondary,
002192,2015-05-21,453530000.0,secondary,
600637,2015-05-21,5180566866.18,secondary,
300037,2015-05-20,341999950.40000004,secondary,
000852,2015-05-19,1799999982.0,secondary,
300301,2015-05-18,79200003.22,secondary,
600109,2015-05-15,4500000000.0,secondary,
601600,2015-05-15,7999999995.2,secondary,
600255,2015-05-15,1204184796.75,secondary,
002103,2015-05-14,199999991.45999998,secondary,
002314,2015-05-14,4171503365.88,secondary,
600736,2015-05-13,1299999993.9599998,secondary,
601000,2015-05-13,2507999994.0,secondary,
002285,2015-05-13,1142875159.3,secondary,
002492,2015-05-13,223200000.0,secondary,
000807,2015-05-13,2390267095.65,secondary,
600135,2015-05-12,599999989.6,secondary,
002536,2015-05-12,549999897.84,secondary,
600637,2015-05-12,33879619637.94,secondary,
300287,2015-05-11,279999956.39,secondary,
000911,2015-05-11,507324696.35,secondary,
002239,2015-05-11,749999996.7,secondary,
002593,2015-05-08,527500000.0,secondary,
002239,2015-05-07,2252499980.64,secondary,
002103,2015-05-07,639999974.61,secondary,
600163,2015-05-04,312699997.2,secondary,
600163,2015-05-04,599288488.4,secondary,
603077,2015-05-04,1395699986.76,secondary,
300299,2015-04-30,692999868.46,secondary,
002074,2015-04-30,3326245605.18,secondary,
000001,2015-04-29,9999999996.5,secondary,
000902,2015-04-29,1192919945.0,secondary,
002295,2015-04-29,264960000.0,secondary,
600686,2015-04-28,1299999998.8799999,secondary,
000156,2015-04-28,6536098800.0,secondary,
601222,2015-04-28,1799999985.0,secondary,
002183,2015-04-27,1228550648.31,secondary,
002299,2015-04-24,2460000000.0,secondary,
600217,2015-04-23,1872165688.25,secondary,
300053,2015-04-23,367499803.27,secondary,
000158,2015-04-23,2169999898.8,secondary,
300194,2015-04-23,399773966.44,secondary,
600666,2015-04-21,3338370583.86,secondary,
600881,2015-04-21,2926636767.8500004,secondary,
600418,2015-04-20,6412194395.639999,secondary,
002252,2015-04-17,659999959.47,secondary,
000560,2015-04-17,2346000000.0,secondary,
600513,2015-04-16,317429996.0,secondary,
000628,2015-04-16,497720000.0,secondary,
002121,2015-04-16,696767999.9999999,secondary,
300209,2015-04-15,60789994.83,secondary,
002203,2015-04-15,660000005.4499999,secondary,
600975,2015-04-15,529791356.15999997,secondary,
600714,2015-04-15,33751897.9,secondary,
002022,2015-04-14,319999998.61,secondary,
002166,2015-04-13,497834971.92,secondary,
002263,2015-04-13,187499999.69,secondary,
002384,2015-04-09,1174975996.0,secondary,
000516,2015-04-09,1500000000.0,secondary,
002156,2015-04-09,1279999988.82,secondary,
000821,2015-04-09,149999996.52,secondary,
002126,2015-04-09,338580000.0,secondary,
600526,2015-04-08,1199999995.8799999,secondary,
002383,2015-04-08,105666659.34,secondary,
300301,2015-04-08,448799919.49,secondary,
002077,2015-04-07,880060000.0,secondary,
002055,2015-04-03,309600000.0,secondary,
000821,2015-04-03,389249993.33000004,secondary,
600572,2015-04-02,2072000000.0,secondary,
002263,2015-04-02,337500000.0,secondary,
002160,2015-04-01,1011399995.3199999,secondary,
002228,2015-04-01,449999985.18000007,secondary,
600063,2015-03-30,129998400.0,secondary,
601933,2015-03-30,5691703276.0,secondary,
002554,2015-03-26,580800000.0,secondary,
600685,2015-03-25,1607882382.42,secondary,
601567,2015-03-25,620200000.0,secondary,
600063,2015-03-25,270430035.8,secondary,
002425,2015-03-25,449999983.62,secondary,
600693,2015-03-25,646999997.8000001,secondary,
600079,2015-03-24,2549999936.88,secondary,
000801,2015-03-24,1291999987.08,secondary,
002418,2015-03-23,997500000.0,secondary,
300177,2015-03-23,524671795.12999994,secondary,
002383,2015-03-23,190838298.72,secondary,
002218,2015-03-20,1219999994.0,secondary,
002707,2015-03-20,209999953.96,secondary,
601636,2015-03-20,1293624000.0,secondary,
300369,2015-03-20,165999927.36,secondary,
002721,2015-03-19,299991062.0,secondary,
600714,2015-03-19,101255896.5,secondary,
600535,2015-03-19,1599999994.16,secondary,
600352,2015-03-18,1163301000.0,secondary,
002155,2015-03-18,1270534857.32,secondary,
600330,2015-03-18,1999999992.42,secondary,
300088,2015-03-17,1207854782.6399999,secondary,
002719,2015-03-16,408729958.88,secondary,
300269,2015-03-16,212350000.0,secondary,
600739,2015-03-16,1396000000.0,secondary,
300224,2015-03-16,265969607.54,secondary,
002707,2015-03-13,629999943.44,secondary,
600061,2015-03-12,6090653588.400001,secondary,
002660,2015-03-12,53855712.0,secondary,
600381,2015-03-11,3919999970.61,secondary,
600222,2015-03-10,93349998.44999999,secondary,
000025,2015-03-10,646800000.0,secondary,
002078,2015-03-09,999999999.6,secondary,
300369,2015-03-09,348599958.0,secondary,
600685,2015-03-09,4823647080.46,secondary,
002102,2015-03-09,599999996.1,secondary,
000620,2015-03-09,2099999990.13,secondary,
300269,2015-03-06,687264854.0,secondary,
000935,2015-03-06,832341798.12,secondary,
002225,2015-03-05,137999999.4,secondary,
300115,2015-03-05,989999996.4,secondary,
600166,2015-03-05,2999999996.95,secondary,
002660,2015-03-04,161568000.0,secondary,
002673,2015-03-04,4999999996.8,secondary,
002644,2015-03-03,501999988.0,secondary,
000766,2015-03-02,589999996.02,secondary,
300026,2015-03-02,949999972.32,secondary,
000595,2015-02-27,600000001.25,secondary,
300381,2015-02-27,62499999.120000005,secondary,
300251,2015-02-26,2799999989.92,secondary,
002721,2015-02-17,730349998.0,secondary,
002436,2015-02-17,399991181.68,secondary,
600512,2015-02-16,902319999.33,secondary,
002515,2015-02-16,489991040.0,secondary,
600222,2015-02-15,435999992.9,secondary,
600433,2015-02-13,700956581.95,secondary,
600100,2015-02-13,5499999999.34,secondary,
600061,2015-02-13,18271960815.38,secondary,
000925,2015-02-13,82299982.0,secondary,
600988,2015-02-12,269999994.4,secondary,
000060,2015-02-12,1272339993.0,secondary,
000793,2015-02-12,919999999.97,secondary,
300083,2015-02-12,599999979.5400001,secondary,
600157,2015-02-12,9999999998.07,secondary,
600136,2015-02-12,524999917.0,secondary,
600283,2015-02-11,744999995.58,secondary,
002666,2015-02-11,937499997.5999999,secondary,
000925,2015-02-11,187719994.56,secondary,
000100,2015-02-11,5700659987.99,secondary,
300164,2015-02-11,166067879.22,secondary,
002076,2015-02-11,126490000.0,secondary,
600871,2015-02-10,5999999998.5,secondary,
600249,2015-02-10,459999999.99999994,secondary,
002580,2015-02-10,255627795.99999997,secondary,
600136,2015-02-10,174999999.75,secondary,
002643,2015-02-10,1027700000.0,secondary,
000566,2015-02-09,500000325.48,secondary,
300201,2015-02-09,23999995.799999997,secondary,
300168,2015-02-06,60106637.49999999,secondary,
002681,2015-02-06,311500011.25,secondary,
600988,2015-02-05,815220019.9000001,secondary,
600373,2015-02-05,886666686.08,secondary,
000908,2015-02-05,889246699.43,secondary,
300071,2015-02-05,152999993.99999997,secondary,
600587,2015-02-05,123249975.0,secondary,
000009,2015-02-04,723640902.8100001,secondary,
300224,2015-02-04,129999979.69999999,secondary,
002681,2015-02-04,838499988.75,secondary,
300146,2015-02-04,1865500000.0,secondary,
300128,2015-02-03,249999997.0,secondary,
300168,2015-02-03,135239976.13,secondary,
002016,2015-02-03,1028529999.9999999,secondary,
600429,2015-02-02,3999999991.78,secondary,
002589,2015-01-30,1199999954.24,secondary,
002139,2015-01-30,320601697.84000003,secondary,
002431,2015-01-30,1410000000.0,secondary,
300137,2015-01-29,87999996.95,secondary,
002076,2015-01-28,420749992.04,secondary,
300166,2015-01-27,150259998.45000002,secondary,
600323,2015-01-27,744479990.45,secondary,
601011,2015-01-27,1361600000.0,secondary,
000008,2015-01-27,599999980.81,secondary,
600416,2015-01-26,1699999988.3999999,secondary,
600116,2015-01-26,859999990.7,secondary,
600172,2015-01-23,1067019993.5999999,secondary,
000727,2015-01-22,10499999998.34,secondary,
002251,2015-01-22,1496990962.16,secondary,
002279,2015-01-21,137999981.8,secondary,
000421,2015-01-21,260000000.0,secondary,
300201,2015-01-21,53999996.54,secondary,
300271,2015-01-21,67638751.37,secondary,
600218,2015-01-20,682840000.0,secondary,
600654,2015-01-20,952999993.98,secondary,
000008,2015-01-20,1549999597.52,secondary,
002596,2015-01-20,119999991.34,secondary,
300199,2015-01-19,439999992.12,secondary,
600645,2015-01-16,265999979.0,secondary,
000610,2015-01-16,360000000.0,secondary,
000552,2015-01-16,3400999998.5699997,secondary,
002400,2015-01-16,189999999.0,secondary,
600373,2015-01-15,1649199989.74,secondary,
600582,2015-01-14,1957702795.5000002,secondary,
600008,2015-01-13,2054699995.74,secondary,
300250,2015-01-13,115999987.78999999,secondary,
300199,2015-01-13,659999951.52,secondary,
000700,2015-01-12,619999991.01,secondary,
601777,2015-01-12,1699999994.0,secondary,
600210,2015-01-08,208000000.0,secondary,
300266,2015-01-08,19999983.48,secondary,
002125,2015-01-08,181707000.0,secondary,
000068,2015-01-08,529099999.99999994,secondary,
002279,2015-01-07,383999983.8,secondary,
002261,2015-01-07,485999973.20000005,secondary,
002445,2015-01-06,173827854.35999998,secondary,
002004,2015-01-04,1448947500.4,secondary,
000421,2015-01-04,849391198.14,secondary,
300250,2015-01-04,244999886.98999998,secondary,
600582,2014-12-31,5873108398.71,secondary,
300071,2014-12-31,317399985.0,secondary,
300213,2014-12-31,120000005.18,secondary,
002445,2014-12-31,826172177.5799999,secondary,
300242,2014-12-30,245519992.61,secondary,
300137,2014-12-30,184799969.13,secondary,
300266,2014-12-30,339999836.8,secondary,
600537,2014-12-29,1227699996.0,secondary,
300381,2014-12-29,159375003.84,secondary,
300050,2014-12-26,513568526.55,secondary,
600645,2014-12-26,559999979.0,secondary,
600654,2014-12-26,2858999996.38,secondary,
600550,2014-12-26,799999996.95,secondary,
600203,2014-12-26,799999996.6099999,secondary,
300128,2014-12-25,1019999992.0899999,secondary,
002596,2014-12-24,359999985.8,secondary,
000669,2014-12-24,1739999979.4,secondary,
002349,2014-12-24,695400000.0,secondary,
600568,2014-12-24,1334994865.59,secondary,
002400,2014-12-24,427499757.26000005,secondary,
600066,2014-12-24,3224592600.0,secondary,
300173,2014-12-23,265000005.61999997,secondary,
600871,2014-12-22,24075495197.82,secondary,
002481,2014-12-22,1283730000.0,secondary,
002261,2014-12-22,269999994.71000004,secondary,
002225,2014-12-22,399718593.23999995,secondary,
600323,2014-12-19,1133445190.72,secondary,
002252,2014-12-19,4757809967.860001,secondary,
002131,2014-12-19,140312882.6,secondary,
600651,2014-12-19,529999993.38,secondary,
600751,2014-12-19,11999999998.740002,secondary,
300287,2014-12-19,587999486.0799999,secondary,
002616,2014-12-19,551015921.25,secondary,
002102,2014-12-19,1319999997.43,secondary,
600651,2014-12-18,1148774999.24,secondary,
300173,2014-12-18,729999991.49,secondary,
002555,2014-12-17,479999972.90000004,secondary,
001896,2014-12-16,2091999994.9199998,secondary,
600759,2014-12-15,3119999998.992,secondary,
000683,2014-12-15,1050354634.4,secondary,
600155,2014-12-12,199999999.68,secondary,
002555,2014-12-12,1439999999.18,secondary,
300288,2014-12-12,332760395.94,secondary,
600359,2014-12-12,589999995.0,secondary,
300100,2014-12-11,272999995.52,secondary,
300007,2014-12-11,167999973.12,secondary,
002059,2014-12-11,158399992.79999998,secondary,
000665,2014-12-10,667616799.51,secondary,
002374,2014-12-10,277743300.0,secondary,
300166,2014-12-10,338099967.66,secondary,
300100,2014-12-10,532999996.0,secondary,
300326,2014-12-09,175999986.45,secondary,
002459,2014-12-09,999999999.51,secondary,
600084,2014-12-09,1499999993.4,secondary,
600866,2014-12-09,365750000.0,secondary,
002624,2014-12-09,2203835589.36,secondary,
600557,2014-12-09,360000200.92,secondary,
000555,2014-12-08,236666661.0,secondary,
002374,2014-12-08,768763727.01,secondary,
000059,2014-12-08,2999999998.3999996,secondary,
002488,2014-12-08,633959974.7,secondary,
600273,2014-12-08,499970000.0,secondary,
002703,2014-12-05,705172000.0,secondary,
600549,2014-12-03,2997000000.0,secondary,
002160,2014-12-03,89999999.9,secondary,
300249,2014-12-03,48065298.8,secondary,
600540,2014-12-03,517999992.29999995,secondary,
000908,2014-12-03,3447993485.4399996,secondary,
002657,2014-12-02,265999986.56000003,secondary,
000555,2014-12-02,496999897.94,secondary,
000656,2014-12-02,2200000000.0,secondary,
000546,2014-12-01,2470654160.64,secondary,
002657,2014-11-28,478799966.74,secondary,
600073,2014-11-28,1014249999.4200001,secondary,
000636,2014-11-28,1199999996.8000002,secondary,
002346,2014-11-28,577999980.14,secondary,
002131,2014-11-28,210469492.82999998,secondary,
000607,2014-11-28,2231158607.15,secondary,
000889,2014-11-27,131699999.34000002,secondary,
002059,2014-11-27,316799996.05,secondary,
300012,2014-11-27,39999989.2,secondary,
600754,2014-11-26,3035257160.0,secondary,
300249,2014-11-26,144196090.25,secondary,
002268,2014-11-26,196510855.4,secondary,
600713,2014-11-25,1059993573.6,secondary,
000889,2014-11-24,746300006.22,secondary,
002346,2014-11-21,1617976794.98,secondary,
603123,2014-11-21,519999994.28999996,secondary,
002108,2014-11-20,340001640.32,secondary,
300012,2014-11-19,143999986.84,secondary,
300247,2014-11-19,35989994.5,secondary,
000407,2014-11-19,174999999.8,secondary,
002128,2014-11-19,1999999995.5,secondary,
302132,2014-11-19,129999995.83999999,secondary,
002361,2014-11-19,535499991.9200001,secondary,
600587,2014-11-18,221849989.01999998,secondary,
000420,2014-11-18,899999998.24,secondary,
002423,2014-11-17,299999998.88500005,secondary,
002329,2014-11-13,227474994.54999998,secondary,
300085,2014-11-13,299999976.37,secondary,
300279,2014-11-13,69999996.0,secondary,
300279,2014-11-13,146999968.5,secondary,
002663,2014-11-13,1102337300.0,secondary,
000922,2014-11-12,796949997.03,secondary,
300247,2014-11-12,71999989.86,secondary,
000863,2014-11-11,1026769228.85,secondary,
302132,2014-11-10,395889963.03999996,secondary,
000793,2014-11-10,1843529864.3999999,secondary,
601599,2014-11-10,149999992.84,secondary,
002099,2014-11-06,629999992.3,secondary,
300032,2014-11-05,323999985.2,secondary,
601058,2014-11-05,1199999998.6000001,secondary,
601231,2014-11-05,2062999982.34,secondary,
002491,2014-11-05,114999999.92,secondary,
600252,2014-11-05,950022889.46,secondary,
600279,2014-11-04,1199999991.19,secondary,
000862,2014-11-04,1281431299.2,secondary,
000862,2014-11-04,426999999.24,secondary,
002547,2014-11-04,838818892.34,secondary,
002329,2014-11-03,477749998.7,secondary,
002284,2014-11-03,1172940300.0,secondary,
000903,2014-11-03,744999998.4,secondary,
002470,2014-10-31,2059999977.2,secondary,
600208,2014-10-31,5499269986.0,secondary,
300084,2014-10-31,139999988.0,secondary,
002640,2014-10-30,971999971.8000001,secondary,
600057,2014-10-30,1719999996.0,secondary,
300032,2014-10-30,585399753.16,secondary,
601599,2014-10-30,305499976.0,secondary,
000599,2014-10-28,899999994.15,secondary,
300324,2014-10-28,111999977.52000001,secondary,
002642,2014-10-28,199999996.56,secondary,
603123,2014-10-27,2102615995.5,secondary,
600170,2014-10-27,3999999997.1500006,secondary,
002640,2014-10-27,149999978.70000002,secondary,
002031,2014-10-27,999999993.3,secondary,
600773,2014-10-27,1495174397.1000001,secondary,
002378,2014-10-24,609999996.72,secondary,
002289,2014-10-24,483333319.79999995,secondary,
002326,2014-10-22,611599997.32,secondary,
002133,2014-10-22,799999996.25,secondary,
300084,2014-10-22,269999988.3,secondary,
002402,2014-10-21,159999999.84,secondary,
600983,2014-10-21,1967240380.0,secondary,
002662,2014-10-21,1237500000.0,secondary,
300291,2014-10-20,809999997.44,secondary,
000928,2014-10-20,1170999985.02,secondary,
002642,2014-10-20,562787959.36,secondary,
600661,2014-10-20,193932088.10999998,secondary,
000545,2014-10-17,846219997.26,secondary,
002145,2014-10-17,401909993.60999995,secondary,
600496,2014-10-17,844999999.9999999,secondary,
300291,2014-10-15,1689316549.8400002,secondary,
002099,2014-10-14,1891200000.0,secondary,
300007,2014-10-09,354399988.90999997,secondary,
002159,2014-10-08,419999985.0,secondary,
000665,2014-10-08,2161850196.0,secondary,
000716,2014-10-08,949999996.8000001,secondary,
600644,2014-09-28,1599999986.3999999,secondary,
600969,2014-09-26,799999999.2,secondary,
600259,2014-09-25,499999987.79999995,secondary,
002142,2014-09-24,3092766518.3999996,secondary,
600273,2014-09-23,4960715188.52,secondary,
300237,2014-09-23,199999989.0,secondary,
300292,2014-09-22,183149994.24,secondary,
000753,2014-09-19,599999328.0,secondary,
002292,2014-09-19,230666649.6,secondary,
002421,2014-09-19,762810000.0,secondary,
002268,2014-09-19,589559569.0,secondary,
002238,2014-09-19,1276999965.45,secondary,
000837,2014-09-19,598257392.67,secondary,
002267,2014-09-18,999999997.5,secondary,
600584,2014-09-18,1249960068.8999999,secondary,
300278,2014-09-18,209999999.76,secondary,
002475,2014-09-18,2030999974.74,secondary,
600094,2014-09-17,3000000000.0,secondary,
300292,2014-09-17,302499990.72,secondary,
002281,2014-09-17,629999990.6600001,secondary,
002514,2014-09-17,139999999.79999998,secondary,
000630,2014-09-17,4493181794.8,secondary,
000786,2014-09-16,2119999999.6799998,secondary,
600794,2014-09-16,739999997.0,secondary,
002592,2014-09-16,581699993.22,secondary,
000407,2014-09-16,526469989.08,secondary,
002195,2014-09-16,882999967.5200001,secondary,
000990,2014-09-16,626399999.3000001,secondary,
600522,2014-09-15,2259999924.0,secondary,
002019,2014-09-15,1745999989.42,secondary,
600267,2014-09-12,1987999987.2,secondary,
002331,2014-09-12,377629014.58,secondary,
000782,2014-09-12,449999997.72,secondary,
300229,2014-09-11,479999914.68,secondary,
300118,2014-09-10,155833293.52,secondary,
000050,2014-09-10,1765609141.8,secondary,
000739,2014-09-10,419999997.56,secondary,
600745,2014-09-09,1715399994.0,secondary,
002519,2014-09-09,89976000.0,secondary,
002389,2014-09-09,129999987.42,secondary,
002356,2014-09-05,510000030.8,secondary,
002196,2014-09-04,199999950.3,secondary,
002519,2014-09-03,725910850.4,secondary,
300278,2014-09-02,579999997.06,secondary,
002683,2014-09-02,599999952.0,secondary,
300118,2014-09-02,467499997.44,secondary,
600814,2014-09-02,2314562175.64,secondary,
002064,2014-09-02,916000000.0,secondary,
300237,2014-09-01,349999995.17,secondary,
002195,2014-09-01,2649999828.96,secondary,
000928,2014-08-29,2021328293.6000001,secondary,
300072,2014-08-29,49999957.44,secondary,
000837,2014-08-29,2405357594.19,secondary,
000035,2014-08-27,599999988.0,secondary,
002249,2014-08-27,1088635990.0,secondary,
600503,2014-08-26,1699995380.0,secondary,
000558,2014-08-26,1019999999.35,secondary,
000719,2014-08-26,986001486.8,secondary,
000050,2014-08-25,5496401720.78,secondary,
002354,2014-08-22,1932370595.51,secondary,
000876,2014-08-21,2999999982.42,secondary,
002602,2014-08-21,389999982.51,secondary,
300190,2014-08-21,153299978.0,secondary,
000795,2014-08-20,566039998.08,secondary,
002129,2014-08-20,2966784384.2699995,secondary,
000683,2014-08-20,3151063878.8199997,secondary,
600331,2014-08-20,3860000000.0,secondary,
002602,2014-08-19,1409999980.89,secondary,
002514,2014-08-18,289999996.44,secondary,
600335,2014-08-18,236085152.0,secondary,
300055,2014-08-18,612899892.4499999,secondary,
300284,2014-08-15,189745376.0,secondary,
300339,2014-08-15,239999985.1,secondary,
300169,2014-08-14,133300000.0,secondary,
300190,2014-08-13,294399894.46,secondary,
002160,2014-08-12,269999997.3,secondary,
300011,2014-08-12,111999959.30000001,secondary,
002389,2014-08-12,414000003.15000004,secondary,
000949,2014-08-11,599999997.03,secondary,
000810,2014-08-11,2971470756.6,secondary,
600292,2014-08-08,1622454945.48,secondary,
600266,2014-08-08,3900000000.0,secondary,
002456,2014-08-08,2001003840.0000002,secondary,
300339,2014-08-07,359999963.84000003,secondary,
002180,2014-08-07,2354812057.92,secondary,
002542,2014-08-06,710973000.0,secondary,
601901,2014-08-05,12984497495.55,secondary,
600577,2014-08-04,994638063.23,secondary,
002446,2014-08-01,159999987.0,secondary,
002271,2014-08-01,1273379984.3899999,secondary,
300169,2014-07-31,199999994.79999998,secondary,
002266,2014-07-31,572425502.8,secondary,
002199,2014-07-31,299999999.7,secondary,
600661,2014-07-31,581796236.0,secondary,
300011,2014-07-31,759999991.2,secondary,
002446,2014-07-30,380000003.25,secondary,
002527,2014-07-29,436199956.2,secondary,
300184,2014-07-29,146549982.0,secondary,
300010,2014-07-24,133333289.7,secondary,
600704,2014-07-24,1499999999.6,secondary,
300010,2014-07-23,284999928.8,secondary,
600575,2014-07-23,1399999997.76,secondary,
601555,2014-07-23,5131000000.0,secondary,
000719,2014-07-21,2514304591.02,secondary,
600483,2014-07-17,4645646696.69,secondary,
600624,2014-07-17,427200000.0,secondary,
002157,2014-07-17,993392900.0,secondary,
600807,2014-07-17,369837795.59999996,secondary,
002585,2014-07-17,1399999993.14,secondary,
600027,2014-07-14,3329250000.0,secondary,
600690,2014-07-10,3281414125.02,secondary,
000600,2014-07-08,899999998.8,secondary,
600141,2014-07-04,1211825989.45,secondary,
000937,2014-07-03,3099999998.7000003,secondary,
600739,2014-07-02,861900000.0,secondary,
002480,2014-07-01,602699986.1999999,secondary,
002176,2014-06-30,999999993.92,secondary,
002426,2014-06-30,1499999999.6799998,secondary,
000967,2014-06-30,435251498.40000004,secondary,
002217,2014-06-27,310500000.0,secondary,
002186,2014-06-26,350000018.55,secondary,
000597,2014-06-25,1099999996.7,secondary,
002097,2014-06-25,762588000.0,secondary,
300296,2014-06-24,67499999.7,secondary,
300004,2014-06-23,1653428135.3999999,secondary,
002171,2014-06-19,118889155.37,secondary,
600982,2014-06-19,1199833100.0,secondary,
002181,2014-06-17,362504403.63,secondary,
600251,2014-06-12,434499987.32,secondary,
002065,2014-06-12,194329992.46,secondary,
300004,2014-06-11,399999978.92,secondary,
300326,2014-06-11,329999994.47999996,secondary,
002273,2014-06-11,83333296.8,secondary,
002221,2014-06-11,1216880000.0,secondary,
600893,2014-06-06,3189834875.16,secondary,
000885,2014-06-05,302400000.0,secondary,
002005,2014-06-05,1347800000.0,secondary,
300269,2014-06-04,259999990.12,secondary,
600711,2014-06-04,1037599080.0,secondary,
002171,2014-06-03,356667479.29,secondary,
002021,2014-06-03,472800000.0,secondary,
002065,2014-06-03,408099910.24,secondary,
600893,2014-05-31,9569504615.039999,secondary,
002020,2014-05-30,510199992.9,secondary,
002026,2014-05-30,799999993.8499999,secondary,
300315,2014-05-29,850999993.27,secondary,
000571,2014-05-29,283920000.0,secondary,
000757,2014-05-29,400000251.00000006,secondary,
002252,2014-05-28,497120000.0,secondary,
600538,2014-05-27,699999999.3,secondary,
002200,2014-05-23,131999998.68,secondary,
000860,2014-05-23,1743059894.3999999,secondary,
002138,2014-05-22,656999988.0,secondary,
002200,2014-05-21,365999996.34000003,secondary,
600999,2014-05-19,11149187004.0,secondary,
600198,2014-05-19,420186066.08,secondary,
002273,2014-05-15,125000000.09,secondary,
600894,2014-05-14,699999995.8000001,secondary,
600335,2014-05-13,708255488.72,secondary,
000547,2014-05-12,435499135.18,secondary,
000035,2014-05-12,1799999959.52,secondary,
300148,2014-05-12,249999995.60999998,secondary,
300222,2014-05-09,174999995.10000002,secondary,
002373,2014-05-07,2571765078.6200004,secondary,
600807,2014-05-07,1109512980.0,secondary,
300296,2014-05-06,151874949.6,secondary,
600230,2014-05-06,364599994.16,secondary,
300027,2014-05-06,223872000.00000003,secondary,
002175,2014-05-06,67522810.5,secondary,
600770,2014-05-05,1205618000.0,secondary,
002004,2014-05-04,398999999.32000005,secondary,
002292,2014-04-30,248906515.5,secondary,
300008,2014-04-30,54999998.580000006,secondary,
000965,2014-04-29,1412036000.0,secondary,
300269,2014-04-29,619709865.3199999,secondary,
002340,2014-04-28,1758355996.56,secondary,
300148,2014-04-28,891800003.5200001,secondary,
600198,2014-04-25,1092483720.15,secondary,
600138,2014-04-25,1229943000.0,secondary,
300195,2014-04-24,469200006.79,secondary,
002390,2014-04-24,309999995.8,secondary,
600305,2014-04-24,675440150.0,secondary,
002175,2014-04-23,212629284.15,secondary,
300008,2014-04-22,220589997.4,secondary,
000816,2014-04-22,1554300000.0,secondary,
300027,2014-04-21,223872010.44,secondary,
600960,2014-04-21,999999993.4,secondary,
300195,2014-04-18,312799980.0,secondary,
601636,2014-04-16,799975000.0,secondary,
000959,2014-04-15,9965084599.47,secondary,
600648,2014-04-15,2740499982.0,secondary,
300222,2014-04-15,447119991.78000003,secondary,
002375,2014-04-15,1154243858.8799999,secondary,
002004,2014-04-14,1133966042.5600002,secondary,
000859,2014-04-09,507279998.7,secondary,
603077,2014-04-09,814325250.5,secondary,
601099,2014-04-08,3759000000.0,secondary,
300355,2014-04-04,132999976.0,secondary,
000100,2014-04-03,1999767098.2600002,secondary,
300002,2014-04-03,787499993.6700001,secondary,
600812,2014-04-02,1132499997.79,secondary,
002174,2014-04-02,3866967223.06,secondary,
300315,2014-04-02,1320256989.27,secondary,
000681,2014-03-28,2488129966.08,secondary,
600520,2014-03-27,359942700.0,secondary,
600477,2014-03-27,344700000.0,secondary,
000697,2014-03-21,799999992.98,secondary,
601992,2014-03-21,2795039989.92,secondary,
000725,2014-03-21,45712999989.3,secondary,
600248,2014-03-21,329130000.0,secondary,
000415,2014-03-21,1999999995.84,secondary,
600203,2014-03-20,277999995.47999996,secondary,
600312,2014-03-20,2312450844.0,secondary,
002217,2014-03-20,2769461280.0,secondary,
600673,2014-03-20,999999818.9999999,secondary,
000589,2014-03-19,1283788800.0000002,secondary,
002430,2014-03-19,158995550.0,secondary,
600843,2014-03-18,670999998.7900001,secondary,
300266,2014-03-18,305956961.56,secondary,
000701,2014-03-14,686562897.96,secondary,
002245,2014-03-14,499999995.0,secondary,
002390,2014-03-14,943622075.9599999,secondary,
600303,2014-03-13,201600520.00000003,secondary,
002309,2014-03-13,1254000004.4,secondary,
000028,2014-03-12,1941759896.01,secondary,
300043,2014-03-11,270666662.40000004,secondary,
600998,2014-03-10,2081999973.1499999,secondary,
000415,2014-03-07,1499999996.8799999,secondary,
000400,2014-03-07,1932132800.3999999,secondary,
002214,2014-03-07,439999995.0,secondary,
300266,2014-03-07,57767356.25,secondary,
000823,2014-03-06,773205300.0,secondary,
600448,2014-03-05,399999993.9,secondary,
300256,2014-03-05,278069988.19,secondary,
300043,2014-03-03,400907835.18,secondary,
000600,2014-02-28,2749863014.64,secondary,
000733,2014-02-28,1007673295.08,secondary,
300020,2014-02-28,199999992.0,secondary,
600616,2014-02-27,580999905.0,secondary,
002047,2014-02-27,799995300.0,secondary,
600845,2014-02-27,649999980.0,secondary,
600330,2014-02-26,309000000.0,secondary,
600114,2014-02-26,599999993.5500001,secondary,
600056,2014-02-26,991622213.4,secondary,
000977,2014-02-25,999999978.18,secondary,
600558,2014-02-25,659455490.46,secondary,
002466,2014-02-21,3129280000.0,secondary,
600487,2014-02-21,1141334079.0,secondary,
600369,2014-02-21,4310000000.0,secondary,
002248,2014-02-20,320000000.0,secondary,
002586,2014-02-20,599999995.0,secondary,
002494,2014-02-17,299738000.0,secondary,
600785,2014-02-17,234780000.0,secondary,
600398,2014-02-17,12999999999.48,secondary,
600784,2014-02-13,404337165.0,secondary,
300133,2014-02-13,1073799991.95,secondary,
600499,2014-02-12,109998000.0,secondary,
002630,2014-02-12,870580000.0,secondary,
000902,2014-02-11,2258726809.9500003,secondary,
600499,2014-02-08,220940993.0,secondary,
000400,2014-01-31,449999998.79999995,secondary,
300020,2014-01-28,499999985.46,secondary,
002252,2014-01-26,1799999973.6799998,secondary,
002360,2014-01-26,112499982.0,secondary,
600346,2014-01-22,299999998.4,secondary,
600566,2014-01-21,651843000.0,secondary,
002353,2014-01-20,2999999982.1800003,secondary,
002033,2014-01-17,779999993.41,secondary,
002560,2014-01-17,459525994.2,secondary,
300133,2014-01-16,289999997.91,secondary,
600206,2014-01-16,359817979.14,secondary,
300099,2014-01-16,86025043.17,secondary,
300355,2014-01-16,265999968.49,secondary,
600703,2014-01-16,3299999982.8,secondary,
002162,2014-01-14,171000000.0,secondary,
600617,2014-01-10,480000000.0,secondary,
600594,2014-01-10,1108996845.0,secondary,
300088,2014-01-07,400891196.73,secondary,
600206,2014-01-07,1244766629.08,secondary,
601886,2014-01-06,473976000.0,secondary,
300166,2013-12-30,184999901.12,secondary,
000998,2013-12-30,1645000000.0,secondary,
000001,2013-12-30,14782210349.47,secondary,
600406,2013-12-27,2586885090.91,secondary,
002302,2013-12-26,595420548.9599999,secondary,
002148,2013-12-26,499999995.96000004,secondary,
000958,2013-12-26,799999799.9999999,secondary,
002671,2013-12-25,491408189.8000001,secondary,
600819,2013-12-25,999999996.1700001,secondary,
601058,2013-12-25,727920000.0,secondary,
002131,2013-12-24,426293546.7,secondary,
002207,2013-12-23,223443000.0,secondary,
002289,2013-12-23,985999838.9799999,secondary,
000593,2013-12-23,299999996.9,secondary,
600566,2013-12-23,4996542782.179999,secondary,
000882,2013-12-23,3081509745.0,secondary,
000657,2013-12-23,915710499.2199999,secondary,
600803,2013-12-23,699999990.48,secondary,
600396,2013-12-23,586763528.18,secondary,
600617,2013-12-20,3519041300.7400002,secondary,
600731,2013-12-19,428130000.0,secondary,
000605,2013-12-19,304556697.90000004,secondary,
000555,2013-12-18,3015134999.3599997,secondary,
600885,2013-12-18,829999500.0,secondary,
000555,2013-12-18,199999993.6,secondary,
000875,2013-12-18,1783739999.65,secondary,
002368,2013-12-16,416916506.15999997,secondary,
002368,2013-12-16,162999992.39999998,secondary,
002649,2013-12-16,400400000.0,secondary,
600587,2013-12-12,104500000.0,secondary,
002460,2013-12-11,499236990.00000006,secondary,
000973,2013-12-11,189018499.86,secondary,
000917,2013-12-11,5297189194.21,secondary,
600728,2013-12-11,358563689.81,secondary,
000156,2013-12-11,719999994.0,secondary,
002059,2013-12-10,138872998.07999998,secondary,
300256,2013-12-09,714476000.0,secondary,
601008,2013-12-06,635169600.0,secondary,
000426,2013-12-06,999999997.64,secondary,
002297,2013-12-06,599999994.81,secondary,
000605,2013-12-05,808740609.6,secondary,
600587,2013-12-05,313599707.86,secondary,
600992,2013-12-05,460104000.0,secondary,
600536,2013-12-05,649999986.3199999,secondary,
000980,2013-12-04,783329400.0,secondary,
600965,2013-12-04,755448672.68,secondary,
002512,2013-12-04,368049936.95,secondary,
601005,2013-12-03,1999999997.4,secondary,
600729,2013-12-03,616415213.5014,secondary,
600039,2013-12-03,2339999996.7999997,secondary,
002047,2013-12-02,1863326154.3999999,secondary,
000888,2013-11-29,479999995.98,secondary,
000582,2013-11-29,5182102386.99,secondary,
600645,2013-11-29,364962500.0,secondary,
300182,2013-11-29,207431713.35000002,secondary,
600579,2013-11-26,601955896.2800001,secondary,
002310,2013-11-26,1580600000.0,secondary,
000793,2013-11-25,3150124998.48,secondary,
600728,2013-11-22,914337433.45,secondary,
002059,2013-11-22,656619087.0799999,secondary,
000778,2013-11-21,3200000000.0,secondary,
600121,2013-11-20,599999997.84,secondary,
600567,2013-11-20,991546416.0,secondary,
600127,2013-11-19,400000000.11,secondary,
601005,2013-11-18,6268010224.0,secondary,
002642,2013-11-14,562499993.52,secondary,
000519,2013-11-13,1323409999.12,secondary,
600500,2013-11-12,3736999749.0,secondary,
002311,2013-11-11,776790000.0,secondary,
600595,2013-11-11,1006399815.0000001,secondary,
600419,2013-11-08,68897329.9,secondary,
601188,2013-11-08,229999999.04000002,secondary,
002296,2013-11-07,713513328.0,secondary,
002198,2013-11-06,405153418.44,secondary,
300071,2013-11-04,51999990.84,secondary,
600038,2013-11-01,1106000000.0,secondary,
600792,2013-10-28,899999600.0,secondary,
600038,2013-10-28,3320466698.92,secondary,
002500,2013-10-28,969239996.95,secondary,
002114,2013-10-24,630000001.32,secondary,
300263,2013-10-22,404999877.0,secondary,
600880,2013-10-17,1059999991.9999999,secondary,
300054,2013-10-17,90916654.5,secondary,
000813,2013-10-17,588862817.22,secondary,
002197,2013-10-14,523899998.99999994,secondary,
002589,2013-10-14,599996436.0,secondary,
300157,2013-10-11,351440870.04,secondary,
300054,2013-09-29,242150000.0,secondary,
002225,2013-09-29,440126898.8,secondary,
300236,2013-09-26,389804400.0,secondary,
600599,2013-09-25,395600000.0,secondary,
600583,2013-09-24,3499999384.0,secondary,
000948,2013-09-24,122700000.0,secondary,
600168,2013-09-23,759999997.4,secondary,
000657,2013-09-22,2747131497.66,secondary,
600847,2013-09-16,699998184.0,secondary,
600482,2013-09-16,612306000.0,secondary,
600195,2013-09-12,486356000.0,secondary,
600255,2013-09-12,908160000.0,secondary,
300071,2013-09-12,164501914.5,secondary,
000021,2013-09-11,691516198.1,secondary,
600405,2013-09-06,217416997.20000002,secondary,
300006,2013-09-05,307546894.38,secondary,
300006,2013-09-05,109988200.0,secondary,
002281,2013-09-03,74999982.0,secondary,
002035,2013-08-30,119999995.47,secondary,
002092,2013-08-30,1599395748.8400002,secondary,
000680,2013-08-29,399999998.71999997,secondary,
600757,2013-08-29,1170789995.52,secondary,
601933,2013-08-28,1015651980.1999999,secondary,
600100,2013-08-27,362999997.24,secondary,
002345,2013-08-23,672472700.0,secondary,
300025,2013-08-23,95583699.24,secondary,
600079,2013-08-23,1024673994.0,secondary,
601179,2013-08-21,3383082348.8,secondary,
000519,2013-08-20,3970230190.96,secondary,
002358,2013-08-20,715509995.2,secondary,
600460,2013-08-16,437760000.0,secondary,
000738,2013-08-15,1622430896.0,secondary,
300058,2013-08-14,533999970.0,secondary,
300292,2013-08-14,137999961.6,secondary,
600580,2013-08-12,1775753616.0,secondary,
300058,2013-08-12,1401999939.3100002,secondary,
600100,2013-08-09,1091453422.36,secondary,
600168,2013-08-08,931358532.0,secondary,
300025,2013-08-08,286751042.1,secondary,
002137,2013-08-08,147630000.0,secondary,
600495,2013-08-06,1289999964.0,secondary,
002178,2013-08-02,339999993.0,secondary,
002571,2013-08-01,536127280.0,secondary,
002196,2013-07-29,340000007.49,secondary,
002628,2013-07-26,699999993.75,secondary,
600567,2013-07-26,2974639711.01,secondary,
002425,2013-07-26,539945700.0,secondary,
601002,2013-07-22,499908400.00000006,secondary,
002101,2013-07-18,230464000.0,secondary,
002100,2013-07-17,348659991.71999997,secondary,
000831,2013-07-12,224649997.5,secondary,
300315,2013-07-11,270029998.6,secondary,
600587,2013-07-11,325499983.65,secondary,
601888,2013-07-10,2557999979.7599998,secondary,
600422,2013-07-05,699999976.6899999,secondary,
300315,2013-07-05,247334968.52999997,secondary,
600438,2013-07-04,587041032.96,secondary,
600192,2013-07-03,549000000.0,secondary,
600222,2013-07-03,399999998.5,secondary,
600056,2013-07-01,303666632.8,secondary,
600332,2013-06-30,421559704.5,secondary,
600375,2013-06-27,1212000000.0,secondary,
002392,2013-06-25,644370523.79,secondary,
600562,2013-06-24,309312763.44,secondary,
600613,2013-06-20,499999332.0,secondary,
002321,2013-06-20,612870000.0,secondary,
000721,2013-06-20,260500000.0,secondary,
600613,2013-06-19,2001344861.4,secondary,
002274,2013-06-19,459520000.0,secondary,
600775,2013-06-18,1319999997.8999999,secondary,
000595,2013-06-17,178432449.48000002,secondary,
600516,2013-06-14,1822399641.0,secondary,
000717,2013-06-14,1500000000.0,secondary,
600187,2013-06-07,1255699997.1,secondary,
600513,2013-06-07,48669999.62,secondary,
600984,2013-06-06,523000000.00000006,secondary,
600365,2013-05-28,538800000.0,secondary,
002564,2013-05-27,594000000.0,secondary,
000729,2013-05-24,1640267573.76,secondary,
002453,2013-05-24,479325000.0,secondary,
002009,2013-05-23,745500000.0,secondary,
601789,2013-05-22,165614400.0,secondary,
000716,2013-05-16,450474072.3,secondary,
002246,2013-05-15,554648000.0,secondary,
600096,2013-05-13,13747979653.8,secondary,
600803,2013-05-10,6699999996.72,secondary,
002236,2013-05-09,1004189995.2,secondary,
600990,2013-05-08,336959985.6,secondary,
600499,2013-05-07,67999051.17999999,secondary,
600207,2013-05-06,1007500000.0000001,secondary,
600521,2013-05-06,775425000.0,secondary,
300080,2013-04-27,889733774.61,secondary,
600133,2013-04-26,306583230.6,secondary,
600737,2013-04-25,4770999996.24,secondary,
000960,2013-04-22,4076702000.0,secondary,
000576,2013-04-22,813600000.0,secondary,
601377,2013-04-19,3952000000.0000005,secondary,
002501,2013-04-19,1449302400.0,secondary,
000410,2013-04-16,1227600000.0,secondary,
002524,2013-04-16,360000000.0,secondary,
002363,2013-04-16,346332000.0,secondary,
002230,2013-04-15,1753314265.6,secondary,
002183,2013-04-12,632320000.0,secondary,
002266,2013-04-12,889999994.6999999,secondary,
000545,2013-04-11,979574593.8,secondary,
002175,2013-04-11,267300000.0,secondary,
600115,2013-04-11,2292277200.0,secondary,
002243,2013-04-10,711820800.0,secondary,
000612,2013-04-10,1800999964.96,secondary,
600206,2013-04-10,587199992.82,secondary,
600592,2013-04-10,668999997.12,secondary,
000672,2013-04-09,2207166577.56,secondary,
002078,2013-04-08,1001808281.4000001,secondary,
600633,2013-04-03,2285299917.4,secondary,
002443,2013-04-02,499688960.0,secondary,
600699,2013-04-02,487031797.26,secondary,
600360,2013-04-02,263399999.99999997,secondary,
600561,2013-04-01,466167200.0,secondary,
002286,2013-03-29,622792800.0,secondary,
600390,2013-03-28,404999992.6,secondary,
000767,2013-03-28,800000000.0,secondary,
002289,2013-03-28,415200000.00000006,secondary,
002179,2013-03-25,829999998.96,secondary,
600873,2013-03-22,2507937300.0,secondary,
600552,2013-03-21,999999988.5,secondary,
600235,2013-03-21,450048000.0,secondary,
600488,2013-03-20,549450000.0,secondary,
600343,2013-03-20,999897800.0,secondary,
600738,2013-03-18,626999996.7,secondary,
002247,2013-03-15,328900000.0,secondary,
000893,2013-03-15,591991600.0,secondary,
000601,2013-03-15,565750000.0,secondary,
002251,2013-03-14,1207999985.22,secondary,
600578,2013-03-14,2499999997.92,secondary,
000030,2013-03-12,4344183102.0,secondary,
002302,2013-03-12,2381682124.75,secondary,
002023,2013-03-11,413082800.00000006,secondary,
000739,2013-03-08,299999995.46,secondary,
000543,2013-03-08,1694999998.45,secondary,
600526,2013-03-08,751819991.25,secondary,
000045,2013-02-28,991100000.0,secondary,
600509,2013-02-27,1887500000.0,secondary,
002144,2013-02-27,299999990.40000004,secondary,
000078,2013-02-26,588481782.1,secondary,
002106,2013-02-26,1741538400.0,secondary,
002339,2013-02-26,218100000.0,secondary,
000153,2013-02-25,297152571.0,secondary,
002192,2013-02-22,88337091.83999999,secondary,
600333,2013-02-21,486915000.0,secondary,
600373,2013-02-07,1297915807.6499999,secondary,
002119,2013-02-04,92760000.0,secondary,
000767,2013-01-30,2414045440.0,secondary,
002145,2013-01-30,211329996.4,secondary,
002192,2013-01-29,265011386.42,secondary,
000688,2013-01-29,2169389307.7000003,secondary,
600284,2013-01-29,1385028000.0,secondary,
002049,2013-01-28,129999986.10000001,secondary,
000027,2013-01-28,10394256089.91,secondary,
600740,2013-01-28,1560000000.0,secondary,
002061,2013-01-25,649999993.4300001,secondary,
000404,2013-01-24,1099999999.8,secondary,
601111,2013-01-24,1050740003.95,secondary,
600237,2013-01-23,756099999.0,secondary,
002004,2013-01-23,919999993.0999999,secondary,
002145,2013-01-21,633999999.6,secondary,
600010,2013-01-21,5999999998.4,secondary,
002224,2013-01-21,389999996.44,secondary,
000070,2013-01-18,139440000.0,secondary,
600979,2013-01-16,540000000.0,secondary,
600307,2013-01-16,8058120000.0,secondary,
000061,2013-01-15,1712529000.0,secondary,
002456,2013-01-14,1499980000.0,secondary,
600517,2013-01-14,799658992.0,secondary,
000975,2013-01-11,2063220220.0,secondary,
600285,2013-01-10,217351992.13,secondary,
000975,2013-01-06,250000000.0,secondary,
600711,2013-01-05,1462923283.1200001,secondary,
600887,2013-01-04,5038653375.0,secondary,
600795,2012-12-31,3999999997.1200004,secondary,
600392,2012-12-31,2200355687.5299997,secondary,
000678,2012-12-31,546560000.0,secondary,
601166,2012-12-31,23671213212.0,secondary,
600787,2012-12-28,898114100.0,secondary,
000409,2012-12-26,1804997830.03,secondary,
600794,2012-12-25,229110596.15,secondary,
000739,2012-12-24,957167314.4100001,secondary,
000831,2012-12-24,2656382098.88,secondary,
600815,2012-12-21,1027200000.0,secondary,
002281,2012-12-21,610400080.46,secondary,
600578,2012-12-20,8898452150.51,secondary,
600572,2012-12-20,801360000.0,secondary,
600141,2012-12-19,1335980100.0,secondary,
002051,2012-12-18,1299999991.3799999,secondary,
002129,2012-12-18,1898454021.24,secondary,
600699,2012-12-14,1460470000.0,secondary,
002049,2012-12-14,1157849988.52,secondary,
002035,2012-12-13,331380000.0,secondary,
600109,2012-12-11,2999999991.38,secondary,
600963,2012-12-11,1064000000.0,secondary,
601789,2012-12-07,416236800.0,secondary,
000008,2012-12-07,539999998.92,secondary,
600967,2012-12-05,829999995.0,secondary,
600121,2012-12-01,3198522059.17,secondary,
600988,2012-11-28,1594207868.68,secondary,
000669,2012-11-27,2185353341.06,secondary,
002154,2012-11-22,46300000.0,secondary,
000552,2012-11-22,2965130103.22,secondary,
002221,2012-11-21,679999996.32,secondary,
002471,2012-11-20,605568000.0,secondary,
600985,2012-11-20,591448988.1600001,secondary,
600735,2012-11-19,475822124.82,secondary,
600363,2012-11-16,457094300.0,secondary,
002096,2012-11-14,1673847288.0,secondary,
002379,2012-11-02,776724000.0,secondary,
000768,2012-11-02,2310192664.5899997,secondary,
000889,2012-10-26,579999998.28,secondary,
000791,2012-10-26,3966694776.0,secondary,
600198,2012-10-24,2539828460.07,secondary,
000705,2012-10-24,529999994.09999996,secondary,
000789,2012-10-22,133900000.00000001,secondary,
000498,2012-10-22,2038317189.0,secondary,
002374,2012-10-19,269599993.0,secondary,
600885,2012-10-19,2366823758.45,secondary,
300026,2012-10-19,113859996.69999999,secondary,
600691,2012-10-19,4896792616.8,secondary,
600403,2012-10-18,7538999999.92,secondary,
002276,2012-10-17,1005099995.6800001,secondary,
600133,2012-10-16,919749698.95,secondary,
600812,2012-10-10,2985500000.0,secondary,
002364,2012-10-08,381548617.34999996,secondary,
000665,2012-09-29,2197236964.0,secondary,
600351,2012-09-26,360783280.0,secondary,
300026,2012-09-26,341598129.84999996,secondary,
600372,2012-09-25,659998885.0,secondary,
600313,2012-09-20,469999997.6,secondary,
600790,2012-09-13,1476033289.5,secondary,
002448,2012-09-13,540367200.0,secondary,
000883,2012-09-12,3154190655.2000003,secondary,
002369,2012-09-06,518000000.0,secondary,
600722,2012-09-05,1599999997.6799998,secondary,
000564,2012-08-30,970060000.0,secondary,
000712,2012-08-23,1334839423.1200001,secondary,
600597,2012-08-23,1420829999.76,secondary,
600180,2012-08-23,2657975395.9,secondary,
601328,2012-08-22,29765238543.949997,secondary,
000156,2012-08-21,1956180000.0,secondary,
000917,2012-08-20,1410584179.16,secondary,
002371,2012-08-20,618960000.0,secondary,
300157,2012-08-17,291199837.56,secondary,
000686,2012-08-16,3999999996.72,secondary,
600216,2012-08-16,1283099999.9999998,secondary,
600882,2012-08-13,1580559027.96,secondary,
600499,2012-08-07,204999991.63,secondary,
600850,2012-08-02,1745261021.46,secondary,
600323,2012-08-01,599970599.82,secondary,
600151,2012-07-25,1925999998.8600001,secondary,
600619,2012-07-16,506350000.0,secondary,
002439,2012-07-11,231299985.63000003,secondary,
000539,2012-07-04,7462925495.410001,secondary,
600221,2012-07-03,7999992000.000001,secondary,
600515,2012-07-03,789999995.7,secondary,
000933,2012-07-02,1816920000.0,secondary,
002024,2012-07-02,4700000100.6,secondary,
600728,2012-06-29,372780000.0,secondary,
300010,2012-06-28,294999970.95,secondary,
002014,2012-06-27,436250175.0,secondary,
600706,2012-06-27,915310003.62,secondary,
600039,2012-06-26,2501493000.0,secondary,
000650,2012-06-26,366930000.0,secondary,
600027,2012-06-21,1872000000.0,secondary,
600894,2012-06-20,186416125.14,secondary,
000922,2012-06-18,1943268811.8899999,secondary,
600166,2012-06-18,4900000000.0,secondary,
002313,2012-06-15,800000000.0,secondary,
002298,2012-06-15,529999680.0,secondary,
600098,2012-06-14,4384999994.5199995,secondary,
600498,2012-06-13,1006460000.0,secondary,
002170,2012-06-13,549316000.0,secondary,
002037,2012-06-11,625818482.0,secondary,
600425,2012-06-08,2850771000.0,secondary,
002029,2012-06-07,1798600000.0,secondary,
000895,2012-06-07,24660343824.36,secondary,
000801,2012-06-07,495380000.0,secondary,
002181,2012-05-28,3832035098.9600005,secondary,
600643,2012-05-25,2599999824.0,secondary,
600590,2012-05-18,399149999.99999994,secondary,
600820,2012-05-16,6369105090.95,secondary,
600490,2012-05-15,1440000000.0,secondary,
600640,2012-04-28,1999180871.52,secondary,
002498,2012-04-25,191991600.0,secondary,
600108,2012-04-20,1150382972.0,secondary,
002389,2012-04-19,729999992.7,secondary,
002057,2012-04-19,249484276.5,secondary,
300058,2012-04-18,326249969.19,secondary,
002108,2012-04-16,312235000.0,secondary,
000970,2012-04-16,600000000.0,secondary,
000563,2012-04-11,2123000000.0,secondary,
600017,2012-04-10,1900244913.5599997,secondary,
002049,2012-04-05,1491340094.53,secondary,
600575,2012-04-05,1499999994.7199998,secondary,
000635,2012-03-29,1713959992.0,secondary,
002355,2012-03-27,613128000.0,secondary,
002272,2012-03-20,495180000.0,secondary,
002241,2012-03-20,2380959978.27,secondary,
000955,2012-03-20,542080000.0,secondary,
600261,2012-03-13,917400000.0,secondary,
601169,2012-03-09,11799999958.67,secondary,
600674,2012-03-09,1991860000.0,secondary,
600863,2012-03-08,4656000000.0,secondary,
601766,2012-03-08,8754980000.0,secondary,
002005,2012-03-07,1561000000.0,secondary,
600841,2012-03-06,846277996.46,secondary,
001696,2012-03-02,899999992.0000001,secondary,
601872,2012-03-01,2892637545.4,secondary,
600409,2012-02-24,1383379500.0,secondary,
600815,2012-02-23,250000004.98000002,secondary,
600157,2012-02-17,4899999996.0,secondary,
600022,2012-02-15,3760393498.7999997,secondary,
600143,2012-02-14,3157500000.0,secondary,
000581,2012-02-09,2866028910.0,secondary,
600676,2012-01-30,935182748.64,secondary,
600397,2012-01-19,2625448553.8300004,secondary,
000877,2012-01-16,2064000000.0,secondary,
000651,2012-01-13,3259999983.2400002,secondary,
000401,2012-01-12,1914830183.0,secondary,
600664,2012-01-04,5482058749.400001,secondary,
000697,2011-12-31,659639299.2,secondary,
600757,2011-12-31,2535063554.4,secondary,
600855,2011-12-29,351901093.5,secondary,
002131,2011-12-28,270085066.74,secondary,
002033,2011-12-28,210042131.21,secondary,
000422,2011-12-23,1626990000.0,secondary,
002204,2011-12-19,5442239593.889999,secondary,
600449,2011-12-19,2517852766.5899997,secondary,
000560,2011-12-15,315447091.14000005,secondary,
600699,2011-12-13,887196493.8,secondary,
000863,2011-12-12,1692211983.0,secondary,
600499,2011-12-09,391399430.0,secondary,
600073,2011-12-08,1507609994.8,secondary,
600381,2011-12-06,1549999743.0,secondary,
600637,2011-12-06,3105364573.74,secondary,
002135,2011-12-05,611489000.0,secondary,
002264,2011-12-02,456059992.84,secondary,
000534,2011-12-02,753999870.0,secondary,
002273,2011-12-01,330740000.0,secondary,
000426,2011-11-30,253073763.5,secondary,
601139,2011-11-29,984270000.0,secondary,
600346,2011-11-28,298530000.0,secondary,
002115,2011-11-25,210936000.0,secondary,
000709,2011-11-21,16014999996.12,secondary,
002012,2011-11-18,499499993.6,secondary,
002004,2011-11-17,846862980.0,secondary,
600467,2011-11-17,1109472390.3999999,secondary,
600546,2011-11-16,5499999996.0,secondary,
002340,2011-11-16,1037499980.0,secondary,
002081,2011-11-09,1326376800.0,secondary,
000809,2011-11-09,2577999978.84,secondary,
600869,2011-11-08,1466005410.0,secondary,
600886,2011-11-07,2180500000.0,secondary,
002253,2011-11-07,349998285.0,secondary,
600433,2011-11-04,692055000.0,secondary,
600801,2011-11-04,1794679991.28,secondary,
002079,2011-10-31,517968000.0,secondary,
002234,2011-10-28,839999998.8000001,secondary,
002126,2011-10-27,472989999.99999994,secondary,
600537,2011-10-26,2126007971.3100002,secondary,
002020,2011-10-24,453499986.0,secondary,
600859,2011-10-24,1859649960.22,secondary,
002011,2011-10-21,966150000.0000001,secondary,
000799,2011-10-17,439767498.00000006,secondary,
002185,2011-10-14,365848000.0,secondary,
000603,2011-10-13,2749281299.18,secondary,
002276,2011-09-30,420912000.0,secondary,
600104,2011-09-28,29118756837.539997,secondary,
600403,2011-09-28,8219969689.320001,secondary,
000876,2011-09-26,7242384560.0,secondary,
000788,2011-09-22,135458368.2,secondary,
600712,2011-09-22,665600000.0,secondary,
002331,2011-09-21,171020831.56,secondary,
600335,2011-09-19,2224091196.81,secondary,
600160,2011-09-09,1608300000.0,secondary,
000525,2011-09-08,2083933504.26,secondary,
600340,2011-09-08,1403936887.0,secondary,
600792,2011-09-01,2175560000.0,secondary,
600633,2011-09-01,2160373094.26,secondary,
600410,2011-08-29,505099998.82,secondary,
002216,2011-08-23,498930596.5,secondary,
000868,2011-08-18,458100000.0,secondary,
002263,2011-08-12,1288392282.1,secondary,
000566,2011-08-11,816530577.0,secondary,
600298,2011-08-11,813710100.0,secondary,
002237,2011-08-11,1283040000.0,secondary,
600489,2011-08-10,2799999988.17,secondary,
601000,2011-08-09,870216794.4,secondary,
002043,2011-08-05,473289999.0,secondary,
600176,2011-08-02,2937489830.0,secondary,
000776,2011-08-01,12179466000.0,secondary,
600827,2011-07-31,4708287191.7,secondary,
000656,2011-07-29,4706020696.719999,secondary,
600170,2011-07-29,1703098757.0,secondary,
002111,2011-07-27,466999989.53999996,secondary,
600459,2011-07-26,291231180.0,secondary,
002060,2011-07-25,824617996.02,secondary,
002283,2011-07-21,1079999990.3999999,secondary,
000001,2011-07-20,29080475608.5,secondary,
000750,2011-07-15,1866410411.88,secondary,
600522,2011-07-15,1679999993.0,secondary,
600292,2011-07-14,1626507072.12,secondary,
002249,2011-07-12,1059319116.0,secondary,
002307,2011-07-11,399999995.99999994,secondary,
000596,2011-07-08,1260000000.0,secondary,
002165,2011-07-08,246059595.04,secondary,
002085,2011-07-08,830129398.8,secondary,
600057,2011-07-06,1595300000.0,secondary,
002176,2011-07-06,374220000.0,secondary,
600165,2011-07-05,561600000.0,secondary,
600350,2011-07-01,7511828797.830001,secondary,
600375,2011-06-29,1785361458.46,secondary,
002190,2011-06-28,1019999990.0,secondary,
002229,2011-06-28,284784000.0,secondary,
600577,2011-06-24,607999480.0,secondary,
600888,2011-06-23,1182619997.05,secondary,
600527,2011-06-20,425999998.8,secondary,
600780,2011-06-17,1540151498.35,secondary,
002067,2011-06-16,949999815.0,secondary,
000019,2011-06-16,600100474.1999999,secondary,
600094,2011-06-15,2318022468.57,secondary,
002226,2011-06-09,1755484000.0,secondary,
002161,2011-06-07,694105362.0,secondary,
000415,2011-06-01,6084113454.0,secondary,
000719,2011-05-31,1369259246.3999999,secondary,
002167,2011-05-31,819736200.0,secondary,
600372,2011-05-26,2558390149.59,secondary,
000878,2011-05-26,2976994400.0,secondary,
000981,2011-05-24,3315524700.0,secondary,
601991,2011-05-24,6740000000.0,secondary,
600710,2011-05-23,516333000.0,secondary,
000417,2011-05-23,705510000.0,secondary,
002125,2011-05-20,225701081.55,secondary,
600256,2011-05-17,2139999984.0,secondary,
000988,2011-05-12,759010000.0,secondary,
002006,2011-05-10,463972000.0,secondary,
600096,2011-05-06,1855992195.97,secondary,
000007,2011-05-04,324760000.0,secondary,
600278,2011-04-27,997037850.8,secondary,
600183,2011-04-27,1271479587.84,secondary,
600015,2011-04-22,20209476390.199997,secondary,
000620,2011-04-22,2919999992.43,secondary,
000547,2011-04-22,559999999.1999999,secondary,
000703,2011-04-21,4233603691.14,secondary,
600172,2011-04-21,649999987.14,secondary,
000762,2011-04-21,1214335475.3,secondary,
002230,2011-04-20,445269978.15,secondary,
600749,2011-04-18,349999999.5,secondary,
002299,2011-04-18,1499850000.0,secondary,
000531,2011-04-13,1180592929.5,secondary,
600567,2011-04-12,1056000000.0,secondary,
600866,2011-04-12,384589989.68,secondary,
000802,2011-04-11,537500000.0,secondary,
002250,2011-04-11,684997350.0,secondary,
600662,2011-04-07,1685956913.22,secondary,
600018,2011-04-06,7922064035.820001,secondary,
600361,2011-04-06,1299580000.0,secondary,
600391,2011-04-01,1049999997.15,secondary,
000430,2011-03-31,641086295.52,secondary,
600017,2011-03-30,1439985684.0,secondary,
600770,2011-03-25,1376456000.0,secondary,
000598,2011-03-25,1973799983.6,secondary,
600353,2011-03-21,313115790.0,secondary,
600157,2011-03-16,1800000000.0,secondary,
601008,2011-03-14,509999994.84,secondary,
002206,2011-03-11,899998200.0000001,secondary,
002218,2011-03-07,808500000.0,secondary,
600063,2011-03-04,916000000.0,secondary,
000783,2011-03-04,2534000000.0,secondary,
600586,2011-03-03,1576510000.0,secondary,
000935,2011-03-01,2255999720.0,secondary,
600267,2011-03-01,1365749998.0800002,secondary,
002069,2011-02-25,799799972.4,secondary,
002187,2011-02-25,523110990.5,secondary,
600973,2011-02-25,851135115.0,secondary,
002138,2011-02-24,429828000.0,secondary,
002055,2011-02-21,599999988.0,secondary,
000830,2011-02-17,2134999994.9999998,secondary,
600409,2011-02-15,757594804.25,secondary,
002136,2011-02-14,377388000.0,secondary,
002065,2011-02-10,319999956.51,secondary,
000523,2011-01-31,520000000.0,secondary,
000925,2011-01-27,414594000.00000006,secondary,
000932,2011-01-26,1548460000.0,secondary,
600187,2011-01-25,750000000.0,secondary,
600354,2011-01-19,439500000.0,secondary,
002068,2011-01-17,457084000.0,secondary,
600487,2011-01-17,598871823.1,secondary,
600381,2011-01-12,501085164.36,secondary,
000625,2011-01-11,3508017054.28,secondary,
600803,2011-01-05,551093421.87,secondary,
002199,2010-12-30,304999996.59999996,secondary,
002172,2010-12-29,277189913.7,secondary,
002259,2010-12-29,319788000.0,secondary,
002271,2010-12-28,471800000.0,secondary,
600461,2010-12-24,1160000000.0,secondary,
002093,2010-12-24,496000000.0,secondary,
000528,2010-12-24,3000000000.0,secondary,
002039,2010-12-23,1079999991.4,secondary,
002205,2010-12-16,436104486.0,secondary,
000049,2023-11-29,1803925379.52,rights,
600081,2023-08-01,1256934582.26,rights,
601916,2023-06-14,9756073153.7,rights,
300475,2023-02-07,378287273.69,rights,
600459,2022-12-13,1853726937.1000001,rights,
601016,2022-11-17,3334553837.64,rights,
300772,2022-11-09,1473559596.0400002,rights,
601377,2022-08-16,10084441224.0,rights,
600958,2022-04-20,12714593736.060001,rights,
000065,2022-04-01,1172331019.44,rights,
601108,2022-03-30,7172050147.599999,rights,
000970,2022-02-15,677365978.5,rights,
600030,2022-01-18,22395672337.35,rights,
002948,2022-01-04,2501613536.0,rights,
601555,2021-12-14,8103013112.17,rights,
002142,2021-11-23,11893622884.82,rights,
601236,2021-07-26,7941192596.18,rights,
601015,2021-06-29,1456859825.98,rights,
600909,2021-06-01,3961893019.52,rights,
600888,2021-04-12,1175489854.5,rights,
600919,2020-12-08,14803134054.48,rights,
000728,2020-10-13,5430919791.360001,rights,
600008,2020-09-18,3790276256.3,rights,
002788,2020-09-08,338657765.04,rights,
000088,2020-08-10,1184872343.42,rights,
000885,2020-08-04,1165570176.0,rights,
603269,2020-07-17,158918938.29999998,rights,
603633,2020-07-10,234427830.0,rights,
600999,2020-07-09,12704358537.58,rights,
002500,2020-06-16,3805231970.0,rights,
002884,2020-03-20,446479176.42,rights,
601555,2020-03-12,5987528574.4,rights,
601162,2020-03-10,5349482208.0,rights,
000977,2020-03-10,1962120451.36,rights,
000901,2020-02-26,872503882.0899999,rights,
000750,2020-01-03,3994196511.5,rights,
600419,2020-01-03,445150813.56,rights,
300715,2019-12-19,493901680.0,rights,
002466,2019-12-17,2932225082.5,rights,
002185,2019-07-02,1656183057.6000001,rights,
600480,2019-06-11,835409124.32,rights,
002166,2019-04-08,482308835.06,rights,
601012,2019-04-08,3875400498.3,rights,
600360,2019-04-03,830494485.6,rights,
002202,2019-03-20,3828376571.7599998,rights,
600113,2019-02-25,453016060.8,rights,
600459,2019-02-20,1021775499.48,rights,
002017,2019-02-19,404649421.92,rights,
600219,2018-10-23,4588943662.5,rights,
600380,2018-09-28,1715993810.2,rights,
000563,2018-07-16,2271154896.4,rights,
300387,2018-06-20,294098826.71,rights,
002350,2018-05-17,485078307.00999993,rights,
002775,2018-03-23,840615822.0,rights,
600256,2018-03-19,3864980394.2999997,rights,
603636,2018-03-12,660875336.0,rights,
300231,2018-03-05,587584953.0,rights,
300121,2018-02-01,597945473.76,rights,
600803,2018-02-01,2272515004.2,rights,
300110,2018-01-31,698143928.2,rights,
600057,2017-12-19,1750455048.3999999,rights,
300374,2017-12-18,569703587.4399999,rights,
002466,2017-12-15,1633519983.0600002,rights,
002074,2017-11-16,3562559912.1099997,rights,
300444,2017-07-21,301429392.55,rights,
000977,2017-07-18,2998284185.38,rights,
600089,2017-05-31,3447085788.5099998,rights,
600405,2017-05-26,495330584.0,rights,
000404,2017-05-18,639584801.94,rights,
002673,2017-03-29,4852075930.5,rights,
600743,2016-07-12,1775557956.48,rights,
600489,2016-05-13,3159190198.24,rights,
000661,2016-04-18,1771730547.6,rights,
002101,2016-04-12,538447889.5600001,rights,
000686,2016-04-06,3480244897.64,rights,
300106,2016-01-27,396419465.4,rights,
000797,2016-01-27,1099042474.8000002,rights,
002363,2016-01-21,485000085.68,rights,
002258,2016-01-15,589658297.3399999,rights,
601099,2016-01-14,4298274080.88,rights,
601377,2015-12-28,12257741010.06,rights,
002682,2015-06-24,339322076.79999995,rights,
300147,2015-06-09,1588905442.7600002,rights,
002132,2015-04-08,582943735.7,rights,
002496,2015-03-13,993336984.1200001,rights,
002068,2014-12-29,589697153.48,rights,
002634,2014-12-22,139471229.58,rights,
002036,2014-10-21,292664780.0,rights,
000901,2014-10-15,487212908.35,rights,
002312,2014-10-14,734544003.1800001,rights,
002046,2014-08-11,250944569.1,rights,
600755,2014-06-26,1397927021.46,rights,
600059,2014-06-03,1111473932.8,rights,
600153,2014-04-18,3064917417.57,rights,
600089,2014-01-16,3659436707.4,rights,
601798,2014-01-13,196120164.64,rights,
002522,2014-01-09,313428437.5,rights,
002151,2014-01-03,487507168.08,rights,
600160,2013-12-13,1666609640.7300003,rights,
000750,2013-11-15,3255613186.04,rights,
600036,2013-08-27,27524537823.76,rights,
600118,2013-08-05,1449102467.45,rights,
600436,2013-06-20,775653635.46,rights,
600458,2013-05-31,1267909737.6000001,rights,
600879,2013-05-24,1373262480.53,rights,
600497,2013-04-02,3567502107.1800003,rights,
600459,2013-03-11,717185431.2,rights,
000758,2013-03-08,1800954331.12,rights,
000507,2013-02-27,507322144.62999994,rights,
000598,2013-02-21,1816526165.35,rights,
000826,2012-12-20,1850590514.8200002,rights,
600720,2012-11-26,765247684.14,rights,
600667,2012-10-24,570688902.0,rights,
600587,2012-04-12,621062069.76,rights,
002046,2012-03-02,390152175.0,rights,
600066,2012-02-10,2211196307.46,rights,
002203,2011-12-15,771975311.94,rights,
000962,2011-10-24,901740637.92,rights,
601998,2011-06-28,17561162871.72,rights,
002130,2011-05-25,332515457.09999996,rights,
000419,2011-04-11,580204952.84,rights,
600550,2011-04-06,2447591417.64,rights,
002015,2011-02-22,228463930.79999998,rights,
002003,2011-02-16,378059160.78000003,rights,
000816,2011-01-24,674993224.04,rights,
000589,2011-01-10,491238686.68,rights,
600595,2011-01-10,2428876349.88,rights,
600428,2011-01-04,2112926590.08,rights,
600518,2010-12-27,3469889685.2799997,rights,
600963,2010-12-17,1470384592.6000001,rights,
600531,2010-12-13,635655535.84,rights,
600303,2010-11-29,469821585.6,rights,
601009,2010-11-15,4864279503.24,rights,
601398,2010-11-15,33673838106.870003,rights,
601939,2010-11-04,2238089174.62,rights,
601988,2010-11-02,41786102406.56,rights,
600584,2010-10-13,614233280.9000001,rights,
600425,2010-08-20,702744275.2,rights,
600416,2010-08-20,941694885.6,rights,
600343,2010-07-13,571439168.3,rights,
600151,2010-07-02,1291191911.3999999,rights,
600601,2010-07-01,1030489966.0000001,rights,
601328,2010-06-09,17125143637.5,rights,
601166,2010-05-24,17864111340.0,rights,
002232,2010-03-11,284858863.5,rights,
600036,2010-03-04,17764081690.649998,rights,
000759,2010-01-25,611017184.7,rights,
000960,2010-01-18,1352967973.3,rights,
600755,2009-12-09,1047807709.88,rights,
002017,2009-12-04,207508318.39999998,rights,
600497,2009-11-30,1751520240.0900002,rights,
000783,2009-11-06,3226819953.5,rights,
000516,2009-10-09,315108619.6,rights,
000988,2009-09-18,439189613.28000003,rights,
600525,2009-08-18,437705039.04,rights,
000635,2009-08-05,475040784.0,rights,
600590,2009-07-29,642165133.68,rights,
600895,2008-08-06,2564258235.0,rights,
600100,2008-05-15,1966456256.0,rights,
600325,2008-05-09,2588124977.16,rights,
600820,2008-04-30,1156228009.4399998,rights,
600540,2008-02-27,308659604.48,rights,
600058,2008-02-21,4408879068.0,rights,
000680,2008-02-20,507829855.56,rights,
000759,2008-01-10,449148337.8,rights,
600118,2007-12-19,1207395047.02,rights,
600509,2007-12-04,1113311895.0,rights,
600880,2007-11-07,266461805.28000003,rights,
600858,2007-10-16,805858332.1,rights,
000898,2007-10-09,17032741110.0,rights,
600886,2007-09-06,1480579239.76,rights,
000031,2007-08-10,1348179514.5,rights,
600601,2006-12-21,720371084.02,rights,
600824,2006-11-30,218834424.0,rights,
600079,2006-07-27,213028216.6,rights,
600302,2005-01-04,142020000.0,rights,
000599,2004-12-31,120002797.76,rights,
600756,2004-12-02,172099512.0,rights,
000422,2004-10-22,201482022.53,rights,
000911,2004-10-18,164892000.0,rights,
000888,2004-10-11,102359999.99999999,rights,
600089,2004-09-29,320040864.0,rights,
600280,2004-09-27,130789323.25,rights,
600085,2004-09-22,328734802.0,rights,
600556,2004-09-16,297772020.0,rights,
000850,2004-07-29,174328720.72,rights,
600050,2004-07-06,4500000000.0,rights,
000601,2004-06-11,502577865.90000004,rights,
000680,2004-06-07,398178720.0,rights,
000528,2004-05-28,336657927.06,rights,
600628,2004-04-12,205428860.64000002,rights,
000860,2004-04-02,177450000.0,rights,
000973,2004-03-29,216150528.9,rights,
000970,2004-03-15,202230000.0,rights,
600717,2004-03-08,613381009.0,rights,
600720,2004-02-09,177681530.4,rights,
000401,2004-02-03,373341145.04,rights,
000088,2004-01-15,735750000.0,rights,
600398,2003-12-26,155830500.0,rights,
000099,2003-12-04,153792000.0,rights,
600739,2003-10-27,234748800.0,rights,
000690,2003-10-13,91084500.0,rights,
000793,2003-09-26,564567803.29,rights,
600038,2003-09-08,274755000.0,rights,
000158,2003-08-15,152100000.0,rights,
600125,2003-08-06,201350448.0,rights,
600171,2003-07-31,347421093.66999996,rights,
600601,2003-07-08,624817152.0,rights,
000659,2003-06-27,344328075.0,rights,
000920,2003-06-20,230580000.0,rights,
600881,2003-06-16,394262852.21999997,rights,
000755,2003-06-06,173701400.0,rights,
600215,2003-06-02,413740800.0,rights,
600731,2003-05-26,121817495.68,rights,
600697,2003-05-13,128526354.0,rights,
000811,2003-04-18,92214720.00000001,rights,
600078,2003-04-14,178549483.68,rights,
000061,2003-03-28,280395501.84,rights,
600166,2003-03-10,224400000.0,rights,
600668,2003-01-20,218123445.0,rights,
600269,2002-12-11,369469428.59999996,rights,
000859,2002-11-29,204120000.0,rights,
000612,2002-11-18,228468600.0,rights,
000568,2002-11-08,295521776.0,rights,
600635,2002-10-25,432600000.0,rights,
000722,2002-09-20,249401318.4,rights,
000677,2002-09-13,168845263.20000002,rights,
000903,2002-08-27,185328000.0,rights,
600226,2002-08-16,298634771.7,rights,
600079,2002-06-07,175127940.0,rights,
000933,2002-05-23,289952000.0,rights,
000837,2002-05-14,120384000.0,rights,
600796,2002-05-13,128028285.0,rights,
600105,2002-04-25,236250000.0,rights,
600212,2002-04-22,386865600.0,rights,
000731,2002-03-22,140469235.2,rights,
000759,2001-12-20,270982800.0,rights,
600076,2001-12-13,345024000.0,rights,
600744,2001-12-10,465696000.0,rights,
600820,2001-12-03,387996264.0,rights,
600699,2001-11-26,126101752.0,rights,
000598,2001-11-21,172253250.0,rights,
600863,2001-11-19,301158000.0,rights,
000822,2001-11-13,387000000.0,rights,
600239,2001-11-02,150048000.0,rights,
600131,2001-10-29,163764240.6,rights,
600883,2001-10-26,115020000.0,rights,
600785,2001-10-16,164092500.0,rights,
000911,2001-10-15,168000000.0,rights,
600170,2001-10-12,530527500.0,rights,
000425,2001-10-11,369709120.0,rights,
000913,2001-10-09,299349600.0,rights,
600884,2001-10-08,432895056.0,rights,
600638,2001-09-28,428566140.0,rights,
600359,2001-09-20,310500000.0,rights,
000778,2001-09-17,492312750.00000006,rights,
600210,2001-08-17,477840000.0,rights,
000509,2001-08-15,388295126.25,rights,
000790,2001-08-14,153000000.0,rights,
600218,2001-08-13,210600000.0,rights,
000422,2001-08-10,269173350.0,rights,
600110,2001-08-09,182286000.0,rights,
600101,2001-08-08,350422605.0,rights,
600160,2001-08-06,317100000.0,rights,
600052,2001-08-06,609967820.0,rights,
600694,2001-08-06,396314005.79999995,rights,
600178,2001-08-03,356220000.0,rights,
600059,2001-08-01,347328000.0,rights,
600664,2001-07-30,998890012.5,rights,
600062,2001-07-12,436722000.0,rights,
000519,2001-03-14,105483504.0,rights,
000404,2001-03-09,193544919.79999998,rights,
600868,2001-03-08,895660254.0,rights,
000692,2001-03-07,322116070.0,rights,
000670,2001-03-02,404284320.0,rights,
000676,2001-03-02,113265000.0,rights,
000559,2001-03-02,375897270.0,rights,
000753,2001-03-02,257040000.0,rights,
601607,2001-03-01,651910624.0,rights,
600630,2001-03-01,437003098.40000004,rights,
000707,2001-03-01,341667700.0,rights,
000408,2001-02-28,130752000.0,rights,
600838,2001-02-26,266849492.8,rights,
600751,2001-02-23,294469461.0,rights,
600794,2001-02-23,159611904.0,rights,
000850,2001-02-23,172500000.0,rights,
000876,2001-02-22,192000000.0,rights,
600148,2001-02-22,61402050.0,rights,
600736,2001-02-21,386613000.0,rights,
600104,2001-02-20,3360000000.0,rights,
600626,2001-02-16,253003624.60000002,rights,
000858,2001-02-16,780000000.0,rights,
000426,2001-02-16,226927008.0,rights,
000652,2001-02-15,533192262.9,rights,
000897,2001-02-15,273000000.0,rights,
000037,2001-02-15,179104400.0,rights,
600774,2001-02-14,95846400.0,rights,
600653,2001-02-13,1040764140.0,rights,
600824,2001-02-13,166326930.0,rights,
600895,2001-02-13,1065600000.0,rights,
600085,2001-02-12,217800000.0,rights,
600797,2001-02-12,363375000.0,rights,
600651,2001-02-09,363190463.99999994,rights,
000632,2001-02-07,147222156.0,rights,
000813,2001-02-05,203040000.0,rights,
600165,2001-02-05,194400000.0,rights,
000428,2001-01-19,154440000.0,rights,
000688,2001-01-19,482832224.0,rights,
000599,2001-01-18,121088568.0,rights,
000860,2001-01-15,205275000.0,rights,
000516,2001-01-15,120335472.0,rights,
000758,2001-01-15,288000000.0,rights,
600060,2001-01-12,965585796.84,rights,
600654,2001-01-11,508784296.8,rights,
000672,2001-01-11,136500000.0,rights,
600172,2001-01-10,288000000.0,rights,
000880,2001-01-09,159711000.0,rights,
000825,2001-01-08,805020000.0,rights,
000887,2001-01-08,210000000.0,rights,
600159,2001-01-05,138000000.0,rights,
600879,2001-01-05,315000000.0,rights,
000878,2001-01-05,448066080.0,rights,
001267,2001-01-03,101719296.0,rights,
600778,2001-01-02,301685175.0,rights,
600724,2000-12-28,226860740.0,rights,
600830,2000-12-22,153981828.0,rights,
000019,2000-12-21,76077020.0,rights,
600742,2000-12-15,424920000.0,rights,
600201,2000-12-15,207582750.0,rights,
000686,2000-12-15,151940000.0,rights,
600850,2000-12-15,72252000.0,rights,
600151,2000-12-14,306000000.0,rights,
600199,2000-12-14,280800000.0,rights,
600740,2000-12-13,180625000.0,rights,
600790,2000-12-13,418367700.0,rights,
600155,2000-12-12,180000000.0,rights,
000890,2000-12-12,322560000.0,rights,
600189,2000-12-08,229500000.0,rights,
000705,2000-12-08,207034944.0,rights,
600098,2000-12-08,702000000.0,rights,
000862,2000-12-08,284400000.0,rights,
600728,2000-12-07,336960000.0,rights,
000718,2000-12-07,235895400.0,rights,
000630,2000-12-05,771825600.0,rights,
000065,2000-12-01,193708800.0,rights,
000719,2000-11-30,78328050.0,rights,
600773,2000-11-29,94372200.0,rights,
600704,2000-11-29,311153230.0,rights,
000881,2000-11-24,213000000.0,rights,
000635,2000-11-14,111696000.0,rights,
600126,2000-11-13,362700000.0,rights,
600795,2000-11-10,3258777600.0,rights,
000815,2000-11-09,162000000.0,rights,
000736,2000-11-06,90000000.0,rights,
000001,2000-11-03,3151800456.0,rights,
600123,2000-11-01,264600000.0,rights,
600787,2000-10-30,288324270.0,rights,
600757,2000-10-30,470689414.0,rights,
600056,2000-10-27,129375000.0,rights,
600609,2000-10-27,578899282.0,rights,
000581,2000-10-26,419000000.0,rights,
600702,2000-10-24,390276000.0,rights,
600169,2000-10-24,148800000.0,rights,
600066,2000-10-18,229019270.0,rights,
600180,2000-10-17,299759232.0,rights,
000681,2000-09-28,150000000.0,rights,
000417,2000-09-27,123725280.0,rights,
000525,2000-09-22,216441488.24,rights,
600682,2000-09-22,304448664.0,rights,
000899,2000-09-08,364224000.0,rights,
600061,2000-09-07,92048000.0,rights,
000027,2000-09-07,553686786.1999999,rights,
600191,2000-09-06,353250000.0,rights,
600735,2000-09-04,98001225.0,rights,
600187,2000-09-04,181500000.0,rights,
000061,2000-09-01,393284505.6,rights,
600158,2000-08-31,272052000.0,rights,
000877,2000-08-30,184500000.0,rights,
000830,2000-08-30,190800000.0,rights,
600120,2000-08-29,171541800.0,rights,
600163,2000-08-28,236866440.0,rights,
000615,2000-08-28,160481183.8,rights,
000623,2000-08-25,381966000.0,rights,
600727,2000-08-25,740800000.0,rights,
000900,2000-08-25,1026426600.0,rights,
000089,2000-08-25,598680000.0,rights,
600162,2000-08-23,180180000.0,rights,
000795,2000-08-22,230400000.0,rights,
600094,2000-08-22,561600000.0,rights,
600657,2000-08-21,411282146.0,rights,
600802,2000-08-18,167538228.0,rights,
000069,2000-08-18,243000000.0,rights,
000665,2000-08-18,132728400.0,rights,
600741,2000-08-17,401673200.0,rights,
000786,2000-08-17,409875000.0,rights,
600133,2000-08-16,235106400.0,rights,
600168,2000-08-16,331500000.0,rights,
000429,2000-08-15,812045300.0,rights,
600881,2000-08-15,418273427.0,rights,
600152,2000-08-10,147875000.0,rights,
600166,2000-08-10,281100000.0,rights,
000797,2000-08-04,227627400.0,rights,
000651,2000-08-03,458640000.0,rights,
000831,2000-08-02,194400000.0,rights,
000737,2000-07-31,394200000.0,rights,
000423,2000-07-28,335352000.0,rights,
000401,2000-07-28,269535752.0,rights,
600196,2000-07-27,450000000.0,rights,
000650,2000-07-26,71604000.0,rights,
600128,2000-07-26,111073750.0,rights,
600720,2000-07-26,140620419.0,rights,
600153,2000-07-26,666000000.0,rights,
600080,2000-07-24,234316800.0,rights,
000537,2000-07-20,298667833.2,rights,
600136,2000-07-18,132216000.0,rights,
600156,2000-07-18,229500000.0,rights,
000856,2000-07-13,132000000.00000001,rights,
600616,2000-07-11,135069525.0,rights,
600777,2000-07-11,182699950.0,rights,
000779,2000-07-07,168480000.0,rights,
600192,2000-07-04,204000000.0,rights,
000859,2000-06-30,188100000.0,rights,
000889,2000-06-23,370113250.0,rights,
600722,2000-06-23,203140000.0,rights,
600731,2000-06-21,134893093.5,rights,
000420,2000-06-16,282015990.0,rights,
600177,2000-06-15,401519791.96000004,rights,
000717,2000-06-15,202800000.0,rights,
600198,2000-06-14,834246400.0,rights,
000419,2000-06-09,215670908.0,rights,
600089,2000-06-07,284169600.0,rights,
600138,2000-06-06,324000000.0,rights,
000796,2000-06-06,183776644.8,rights,
600761,2000-06-02,171218239.20000002,rights,
000729,2000-06-02,1052760000.0000001,rights,
000631,2000-06-01,240142878.0,rights,
600063,2000-05-29,115050000.0,rights,
600067,2000-05-26,114624536.0,rights,
600117,2000-05-25,267540000.0,rights,
000695,2000-05-25,130178496.0,rights,
000702,2000-05-19,186000000.0,rights,
000659,2000-05-18,332073000.0,rights,
000751,2000-05-17,407993859.0,rights,
000601,2000-05-12,553096880.0,rights,
600628,2000-05-09,223958688.79999998,rights,
600053,2000-04-27,169041600.0,rights,
000848,2000-04-21,279675000.0,rights,
000816,2000-04-20,285180000.0,rights,
000058,2000-03-31,350392715.42,rights,
000752,2000-03-17,75390000.0,rights,
600746,2000-03-14,94435125.0,rights,
000793,2000-03-10,411413805.0,rights,
600737,2000-03-08,245131562.5,rights,
600111,2000-03-08,297798400.0,rights,
000811,2000-03-08,82299360.0,rights,
600827,2000-03-06,110559319.19999999,rights,
000678,2000-03-03,158553045.0,rights,
000610,2000-03-03,122415300.0,rights,
000570,2000-03-01,200245959.0,rights,
600129,2000-02-29,204600000.0,rights,
000839,2000-02-28,600000000.0,rights,
000829,2000-02-25,67500000.0,rights,
000755,2000-02-25,192853882.5,rights,
000655,2000-02-23,112336000.0,rights,
000823,2000-02-18,249600000.0,rights,
600707,2000-02-14,550339200.0,rights,
000407,2000-01-28,174310064.0,rights,
600717,2000-01-25,193147416.0,rights,
000066,2000-01-25,205200000.0,rights,
000002,2000-01-07,640758450.0,rights,
000762,2000-01-04,87313350.0,rights,
600655,2000-01-04,212622455.2,rights,
000789,1999-12-28,207000000.0,rights,
000767,1999-12-22,722100000.0000001,rights,
000589,1999-12-21,199745870.5,rights,
000591,1999-12-14,86000000.0,rights,
600081,1999-12-14,165000000.0,rights,
600864,1999-12-14,79923403.0,rights,
000750,1999-12-13,270344400.0,rights,
000565,1999-12-13,113789676.0,rights,
600108,1999-12-13,283500000.0,rights,
000538,1999-12-13,123431392.0,rights,
000657,1999-12-10,212011800.0,rights,
600798,1999-12-09,109312500.0,rights,
000709,1999-12-08,448405566.18,rights,
600803,1999-12-03,85315200.39999999,rights,
000590,1999-12-03,91331451.0,rights,
000697,1999-12-01,202463400.0,rights,
000738,1999-11-29,133770000.00000001,rights,
000868,1999-11-26,215400000.0,rights,
600105,1999-11-26,160883696.0,rights,
600785,1999-11-23,57375000.0,rights,
000766,1999-11-08,318132451.2,rights,
000783,1999-11-04,245666298.89999998,rights,
600055,1999-11-03,99000000.0,rights,
000723,1999-11-01,96832388.25,rights,
600078,1999-10-29,195962217.6,rights,
000608,1999-10-29,137160000.0,rights,
000722,1999-10-28,501666552.0,rights,
600882,1999-10-26,183243940.0,rights,
600782,1999-10-25,96117570.0,rights,
000802,1999-10-25,87525000.0,rights,
600071,1999-10-12,103468800.0,rights,
000700,1999-09-29,100754400.0,rights,
600750,1999-09-29,213120000.0,rights,
600601,1999-09-27,279936000.0,rights,
000400,1999-09-27,323620000.0,rights,
000863,1999-09-24,77870220.0,rights,
600079,1999-09-24,75680000.0,rights,
600621,1999-09-23,165917133.3,rights,
000711,1999-09-22,59623200.0,rights,
000739,1999-09-20,75419994.0,rights,
000055,1999-09-17,121800000.0,rights,
000425,1999-09-15,148189391.0,rights,
600796,1999-09-14,73899330.0,rights,
601975,1999-09-13,211962366.00000003,rights,
000715,1999-09-13,135720000.0,rights,
000720,1999-09-10,468000000.0,rights,
600800,1999-09-09,382218744.0,rights,
000557,1999-09-08,311302972.8,rights,
600088,1999-09-07,112800000.0,rights,
000759,1999-09-06,183851600.0,rights,
600734,1999-09-06,211431632.0,rights,
600099,1999-09-01,78000000.0,rights,
000713,1999-09-01,158100000.0,rights,
600780,1999-08-27,159528000.0,rights,
600744,1999-08-25,1351680000.0,rights,
600132,1999-08-24,110976000.0,rights,
000792,1999-08-23,145950000.0,rights,
000799,1999-08-18,332150000.0,rights,
600059,1999-08-17,208000000.0,rights,
000731,1999-08-16,120256200.0,rights,
600084,1999-08-16,134640000.0,rights,
000421,1999-08-13,108151435.0,rights,
600690,1999-08-11,1467683144.3999999,rights,
600889,1999-08-09,91713208.60000001,rights,
600103,1999-08-03,266307799.99999997,rights,
000819,1999-08-02,91338600.0,rights,
600062,1999-07-28,134780000.0,rights,
000727,1999-07-27,235233180.0,rights,
000063,1999-07-27,390000000.0,rights,
000757,1999-07-27,100780800.0,rights,
600866,1999-07-26,238883580.0,rights,
600839,1999-07-23,1748927036.2,rights,
000582,1999-07-15,257914800.0,rights,
000690,1999-07-14,71250000.0,rights,
600095,1999-07-13,198432000.0,rights,
000716,1999-07-13,125936356.0,rights,
000768,1999-07-13,561000000.0,rights,
600052,1999-07-09,210168000.0,rights,
600100,1999-07-08,475000000.0,rights,
000415,1999-07-07,106624000.00000001,rights,
600072,1999-07-01,327912840.0,rights,
600057,1999-06-30,228000000.0,rights,
600738,1999-03-17,104552800.0,rights,
000733,1999-03-16,291456000.0,rights,
600643,1999-03-15,526470870.0,rights,
000663,1999-03-15,171758880.0,rights,
600719,1999-03-12,186258610.0,rights,
600101,1999-03-12,207689250.0,rights,
000403,1999-03-12,157438458.70000002,rights,
000682,1999-03-10,409800000.0,rights,
600664,1999-03-05,323737713.59999996,rights,
600894,1999-03-02,193389742.8,rights,
600820,1999-02-08,663229722.0,rights,
600812,1999-01-26,579292861.0,rights,
000776,1999-01-26,120522000.0,rights,
000735,1999-01-18,188800000.0,rights,
000060,1999-01-14,640000000.0,rights,
600697,1999-01-14,115894240.0,rights,
600861,1999-01-08,272302101.5,rights,
600644,1999-01-07,166047648.0,rights,
600075,1998-12-25,646380000.0,rights,
600810,1998-12-24,1990560000.0,rights,
000785,1998-12-24,88481250.0,rights,
000598,1998-12-23,99450000.0,rights,
600694,1998-12-22,347485047.0,rights,
600884,1998-12-21,137547400.0,rights,
600872,1998-12-21,273570840.0,rights,
600867,1998-12-17,436817549.0,rights,
600863,1998-12-17,1949400000.0,rights,
600742,1998-12-16,103194000.0,rights,
600771,1998-12-15,71667400.0,rights,
600757,1998-11-23,239916600.0,rights,
000021,1998-11-23,589306122.0,rights,
600887,1998-11-18,243692355.0,rights,
000062,1998-11-16,480000000.0,rights,
600615,1998-11-10,136886984.0,rights,
600879,1998-11-05,81818100.0,rights,
000428,1998-11-04,145040000.0,rights,
000661,1998-11-04,226830160.0,rights,
600765,1998-11-04,39744000.0,rights,
000529,1998-11-03,334852243.75,rights,
000778,1998-10-21,248400000.0,rights,
000729,1998-09-23,827351399.9999999,rights,
600739,1998-09-18,68640000.0,rights,
000688,1998-09-11,135425040.0,rights,
600764,1998-09-08,166116258.0,rights,
000728,1998-09-08,126050000.0,rights,
000698,1998-09-07,235307880.0,rights,
000676,1998-09-03,37500000.0,rights,
600089,1998-09-03,139675200.0,rights,
000632,1998-09-03,244721869.0,rights,
600635,1998-08-28,358639200.0,rights,
600787,1998-08-28,97580700.0,rights,
000609,1998-08-27,147654000.0,rights,
000719,1998-08-26,38981000.0,rights,
600881,1998-08-25,663472820.0,rights,
600789,1998-08-21,181196050.0,rights,
600783,1998-08-21,109920000.0,rights,
000683,1998-08-21,335400000.0,rights,
600066,1998-08-20,174662160.0,rights,
000786,1998-08-20,166500000.0,rights,
000573,1998-08-20,262013024.36,rights,
000800,1998-08-19,810000000.0,rights,
000828,1998-08-19,400267008.0,rights,
000686,1998-08-18,118980000.0,rights,
600748,1998-08-17,262150340.4,rights,
600058,1998-08-14,340887100.0,rights,
000059,1998-08-12,337576498.0,rights,
600728,1998-08-12,162300900.0,rights,
600064,1998-08-12,240000000.0,rights,
600743,1998-08-10,168000000.0,rights,
600675,1998-08-07,293854416.0,rights,
000420,1998-07-27,150403320.0,rights,
000637,1998-07-27,181116000.0,rights,
000677,1998-07-27,90498330.0,rights,
600886,1998-07-23,551241810.0,rights,
600854,1998-07-22,445500000.0,rights,
600745,1998-07-22,206869708.8,rights,
000670,1998-07-20,274560000.0,rights,
600773,1998-07-17,31680000.0,rights,
000692,1998-07-15,328000000.0,rights,
000016,1998-07-15,250015101.0,rights,
600731,1998-07-14,85728097.5,rights,
000779,1998-07-13,116480000.0,rights,
600868,1998-07-09,505832220.0,rights,
600895,1998-07-09,286875000.0,rights,
600727,1998-07-06,228360000.00000003,rights,
600702,1998-07-06,453601200.0,rights,
000691,1998-07-03,101880000.0,rights,
000635,1998-07-02,100320000.0,rights,
000620,1998-07-02,132165000.0,rights,
000717,1998-07-01,816000000.0,rights,
000061,1998-06-29,97063824.0,rights,
600060,1998-06-26,286718707.0,rights,
000737,1998-06-24,158100000.0,rights,
000650,1998-06-23,48006000.0,rights,
000708,1998-06-22,152832400.0,rights,
000668,1998-06-22,82842400.0,rights,
600769,1998-06-19,503100000.0,rights,
000576,1998-06-19,227269326.9,rights,
000631,1998-06-18,90945000.0,rights,
000707,1998-06-17,285501600.0,rights,
000659,1998-06-12,309318000.0,rights,
600797,1998-06-11,103000000.0,rights,
600790,1998-06-11,164265032.0,rights,
600755,1998-06-11,263951999.99999997,rights,
600740,1998-05-27,102400000.0,rights,
600736,1998-05-25,187248000.00000003,rights,
600774,1998-05-22,49152000.0,rights,
000426,1998-05-11,353920000.0,rights,
000665,1998-04-30,82835460.0,rights,
600777,1998-04-30,93419450.6,rights,
000651,1998-04-20,277200000.0,rights,
000050,1998-03-30,137032500.0,rights,
000417,1998-03-17,132761970.0,rights,
000586,1998-03-12,54000000.0,rights,
600778,1998-03-10,134820000.0,rights,
600720,1998-03-05,72718736.64,rights,
600668,1998-03-03,80980576.0,rights,
000410,1998-03-02,253464666.0,rights,
000636,1998-03-02,118704300.0,rights,
000520,1998-02-27,419524992.0,rights,
000561,1998-02-27,279540408.0,rights,
000630,1998-02-26,584640000.0,rights,
600662,1998-02-26,183222000.0,rights,
600802,1998-02-26,107831659.5,rights,
000543,1998-02-25,260476482.0,rights,
000623,1998-02-23,171840000.0,rights,
000633,1998-02-18,77527500.0,rights,
600761,1998-02-16,128280000.0,rights,
000419,1998-02-16,61750000.0,rights,
600824,1998-02-16,152898660.0,rights,
000615,1998-02-16,79641772.0,rights,
600760,1998-02-13,189000000.0,rights,
600741,1998-02-13,260000000.0,rights,
600821,1998-02-13,253629240.8,rights,
600724,1998-02-13,80075970.0,rights,
000601,1998-02-12,233666880.0,rights,
600622,1998-01-23,238956775.0,rights,
600805,1998-01-23,249230772.0,rights,
000423,1998-01-21,112283886.0,rights,
600721,1998-01-19,91035000.0,rights,
600713,1998-01-14,160638669.0,rights,
000559,1998-01-13,234458656.0,rights,
600838,1998-01-07,131461600.0,rights,
000568,1998-01-06,355773593.0,rights,
600718,1997-12-26,231000000.0,rights,
000593,1997-12-23,90768067.5,rights,
000422,1997-12-18,130529520.0,rights,
600645,1997-12-17,105397509.60000001,rights,
000547,1997-12-15,121361615.0,rights,
600665,1997-12-11,360051050.0,rights,
000408,1997-12-10,105840000.0,rights,
600893,1997-12-10,152538624.0,rights,
000010,1997-12-09,74290620.0,rights,
600865,1997-12-08,146698370.0,rights,
000563,1997-12-08,185091170.0,rights,
600734,1997-12-05,195776640.0,rights,
600649,1997-12-04,1802370813.9,rights,
600684,1997-12-03,149430000.0,rights,
600703,1997-12-03,90165640.0,rights,
600717,1997-12-03,819569160.0,rights,
600737,1997-11-25,115500000.0,rights,
000501,1997-11-07,217175637.0,rights,
000026,1997-10-29,221616000.0,rights,
600621,1997-10-28,116578190.4,rights,
000421,1997-10-27,79395000.0,rights,
000020,1997-10-27,113473996.0,rights,
000531,1997-10-22,162328400.0,rights,
000592,1997-10-22,82320025.6,rights,
600706,1997-10-22,79823484.0,rights,
600690,1997-10-20,647469010.8,rights,
000404,1997-10-16,67669532.0,rights,
000407,1997-10-16,90750000.0,rights,
600638,1997-10-15,527782248.0,rights,
000409,1997-09-09,58494000.0,rights,
000599,1997-09-03,60267855.0,rights,
600859,1997-09-02,430020325.8,rights,
600655,1997-09-02,347078605.5,rights,
600644,1997-08-29,57830376.0,rights,
600846,1997-08-29,61077882.6,rights,
000590,1997-08-29,75873786.0,rights,
001914,1997-08-28,59770568.0,rights,
000403,1997-08-27,45436027.199999996,rights,
600834,1997-08-26,191100000.0,rights,
600704,1997-08-26,191567805.0,rights,
000600,1997-08-15,101140301.39999999,rights,
600624,1997-08-01,143064504.0,rights,
600833,1997-08-01,85447140.0,rights,
600839,1997-08-01,2315166788.2000003,rights,
600710,1997-08-01,115500000.0,rights,
000012,1997-07-29,392511520.0,rights,
600812,1997-07-28,540506074.5,rights,
600664,1997-07-28,263918400.0,rights,
000521,1997-07-24,160400136.0,rights,
600816,1997-07-23,248273623.6,rights,
600639,1997-07-23,658800000.0,rights,
600894,1997-07-22,148669671.66,rights,
600873,1997-07-21,73351316.5,rights,
000401,1997-07-21,262226700.0,rights,
600884,1997-07-18,109512000.0,rights,
600851,1997-07-18,190586533.5,rights,
000571,1997-07-18,305280000.0,rights,
000598,1997-07-18,105000000.0,rights,
600897,1997-07-17,540000000.0,rights,
600692,1997-07-17,106175302.80000001,rights,
000048,1997-07-16,168873104.0,rights,
000595,1997-07-16,135359515.2,rights,
000002,1997-07-11,301382109.0,rights,
600844,1997-07-10,128284791.0,rights,
000589,1997-07-09,164746340.0,rights,
600828,1997-07-08,141075000.0,rights,
600697,1997-07-07,66998811.6,rights,
600810,1997-07-04,277200000.0,rights,
000557,1997-07-04,126627182.63999999,rights,
600867,1997-07-03,277344472.0,rights,
600866,1997-06-27,105856920.0,rights,
600882,1997-06-26,97242635.8,rights,
600887,1997-06-26,204666774.0,rights,
600654,1997-05-20,125580630.0,rights,
600877,1997-05-19,278141580.0,rights,
000510,1997-05-15,239698552.5,rights,
000564,1997-05-06,173518123.6,rights,
000530,1997-05-05,208259424.0,rights,
000006,1997-03-27,488232264.0,rights,
000524,1997-03-21,211688174.4,rights,
600800,1997-03-17,109400000.0,rights,
000042,1997-03-14,409395584.0,rights,
601607,1997-03-13,69212120.4,rights,
600612,1997-03-13,103123579.08000001,rights,
600880,1997-03-07,29289000.0,rights,
000031,1997-03-05,163559231.4,rights,
000027,1997-02-28,186057449.94,rights,
000513,1997-02-24,129660413.4,rights,
600629,1997-01-17,47453796.0,rights,
600820,1997-01-17,108695430.2,rights,
600666,1997-01-16,47004285.0,rights,
600675,1997-01-16,201775747.2,rights,
600640,1997-01-16,293351500.0,rights,
600830,1997-01-16,56442932.0,rights,
600643,1997-01-14,351000000.0,rights,
600881,1997-01-14,85329333.0,rights,
600861,1996-12-24,193000000.0,rights,
600635,1996-12-19,125307000.0,rights,
000529,1996-12-18,368743529.0,rights,
600826,1996-12-10,165707568.0,rights,
600615,1996-12-06,77124181.2,rights,
600868,1996-11-22,97048224.0,rights,
600863,1996-11-22,60000000.0,rights,
600642,1996-11-08,737123420.8000001,rights,
000553,1996-11-08,167964564.0,rights,
600663,1996-11-07,1209450000.0,rights,
600611,1996-10-03,235856160.0,rights,
600662,1996-09-20,113724000.0,rights,
600802,1996-09-20,54532260.0,rights,
600815,1996-09-16,227702916.0,rights,
600698,1996-09-16,304807776.0,rights,
600805,1996-09-03,149430000.0,rights,
600682,1996-08-09,105083428.5,rights,
000561,1996-08-05,142397508.0,rights,
600693,1996-08-05,110222518.0,rights,
000559,1996-08-02,105027556.2,rights,
000576,1996-08-02,171823080.0,rights,
000547,1996-07-16,43441440.0,rights,
000016,1996-07-16,307102958.6,rights,
600653,1996-07-12,107406000.0,rights,
600821,1996-06-21,67930163.39999999,rights,
600668,1996-06-05,89658345.6,rights,
000543,1996-05-13,370468503.0,rights,
600690,1996-04-30,194218000.0,rights,
000009,1996-04-23,278925630.0,rights,
000565,1996-04-17,48581175.0,rights,
000021,1996-04-17,53941649.760000005,rights,
000573,1996-04-15,96684840.0,rights,
600809,1996-03-22,68994933.0,rights,
600866,1996-03-21,41327000.0,rights,
000026,1995-12-29,33750000.0,rights,
600867,1995-12-22,110937792.0,rights,
600649,1995-12-13,341275440.0,rights,
000570,1995-11-28,144000000.0,rights,
600865,1995-11-17,82302800.0,rights,
600692,1995-11-15,33104544.000000004,rights,
600671,1995-11-10,39265416.0,rights,
000560,1995-11-07,40320000.0,rights,
000538,1995-11-07,20222168.0,rights,
600859,1995-10-31,179544029.5,rights,
000564,1995-10-30,51960402.0,rights,
600621,1995-10-25,45438488.6,rights,
600622,1995-10-18,88978143.60000001,rights,
600658,1995-10-13,63010632.0,rights,
000558,1995-10-10,45801814.400000006,rights,
000566,1995-10-10,37781418.5,rights,
000557,1995-10-10,38648400.0,rights,
600814,1995-09-29,61410960.0,rights,
600824,1995-09-29,72481536.0,rights,
600675,1995-09-29,117947850.0,rights,
600641,1995-09-29,97200000.0,rights,
600638,1995-09-15,134520160.5,rights,
600838,1995-09-08,54910000.0,rights,
600820,1995-09-08,78423831.0,rights,
600660,1995-09-08,63191971.800000004,rights,
600846,1995-09-08,50400000.0,rights,
000551,1995-09-05,62115892.65,rights,
000571,1995-08-29,91200000.0,rights,
600868,1995-08-18,57960000.0,rights,
600694,1995-08-17,55235600.0,rights,
000510,1995-08-08,43218586.15,rights,
000544,1995-08-03,37867505.0,rights,
600839,1995-07-28,436991971.5,rights,
600684,1995-07-14,94578386.0,rights,
600624,1995-07-07,71781263.4,rights,
600635,1995-07-07,85924800.0,rights,
000553,1995-07-03,90938645.0,rights,
600812,1995-06-30,130211672.5,rights,
600857,1995-06-30,56175000.0,rights,
600830,1995-06-30,53235000.0,rights,
600628,1995-06-29,76449000.0,rights,
600691,1995-05-12,23104000.0,rights,
600645,1995-04-24,54269400.0,rights,
000529,1995-04-17,260235250.0,rights,
000523,1995-03-27,65296789.8,rights,
000531,1995-03-27,73398628.8,rights,
000504,1995-03-06,27930167.2,rights,
000035,1995-02-27,59564400.00000001,rights,
000519,1995-01-16,15964173.0,rights,
600611,1995-01-13,181425600.0,rights,
000545,1995-01-09,41682969.0,rights,
000513,1995-01-03,61502459.99999999,rights,
000019,1995-01-03,20871170.599999998,rights,
000541,1995-01-03,145224000.0,rights,
000506,1995-01-03,55717555.56,rights,
600693,1994-12-29,74578040.0,rights,
000530,1994-12-26,33899700.0,rights,
000006,1994-12-26,76201244.0,rights,
000521,1994-12-26,101151600.0,rights,
600805,1994-12-23,98887500.0,rights,
000547,1994-12-19,55881000.0,rights,
000536,1994-10-18,39598280.76,rights,
000528,1994-10-18,82672559.19999999,rights,
000520,1994-10-12,55152693.0,rights,
000546,1994-10-12,61632000.0,rights,
000548,1994-10-12,84729441.81,rights,
600662,1994-10-07,79380000.0,rights,
000532,1994-10-07,231831719.99999997,rights,
600683,1994-10-07,99652346.5,rights,
600681,1994-09-30,66612000.0,rights,
000526,1994-09-26,55536000.0,rights,
600682,1994-09-23,117810000.0,rights,
000008,1994-09-16,20154417.0,rights,
600648,1994-08-26,293475000.0,rights,
600858,1994-07-15,25839000.0,rights,
000001,1994-07-08,134708945.0,rights,
600603,1994-07-01,51600000.0,rights,
000007,1994-06-29,51979604.0,rights,
600620,1994-06-17,37991818.8,rights,
600654,1994-06-17,64028160.0,rights,
600671,1994-06-03,44100000.0,rights,
000516,1994-05-25,15195750.0,rights,
600821,1994-05-20,47911962.0,rights,
600629,1994-05-20,36502920.0,rights,
600665,1994-05-20,76129327.3,rights,
600639,1994-05-13,180000000.0,rights,
600641,1994-05-06,53395200.0,rights,
600833,1994-04-29,24627126.0,rights,
600668,1994-04-29,64815000.0,rights,
000564,1994-04-18,53520773.199999996,rights,
600653,1994-04-15,93960000.0,rights,
600817,1994-04-15,10912734.0,rights,
600651,1994-04-08,60000000.0,rights,
600635,1994-03-25,71604000.0,rights,
000517,1994-03-18,23221701.2,rights,
600816,1994-03-04,72000000.0,rights,
000554,1994-01-21,213200000.0,rights,
600674,1994-01-14,147440000.0,rights,
600678,1994-01-14,171200000.0,rights,
600673,1994-01-07,75600000.0,rights,
600618,1994-01-07,261144000.0,rights,
600612,1994-01-07,92608560.0,rights,
600601,1993-12-17,105000000.0,rights,
600663,1993-12-17,63000000.0,rights,
600686,1993-12-17,84711132.0,rights,
600658,1993-12-17,80776800.0,rights,
000017,1993-12-10,463451609.99999994,rights,
600649,1993-11-26,480889500.0,rights,
600661,1993-11-26,50086680.0,rights,
600660,1993-10-22,52183800.0,rights,
000514,1993-10-22,56511000.0,rights,
600640,1993-10-15,195250000.0,rights,
600666,1993-09-24,34056000.0,rights,
600662,1993-09-17,81000000.0,rights,
600645,1993-08-20,34046708.0,rights,
600630,1993-08-20,27802950.0,rights,
600638,1993-08-13,146615253.6,rights,
600644,1993-08-13,49400000.0,rights,
600637,1993-08-06,120724044.00000001,rights,
600655,1993-07-30,160831632.29999998,rights,
000509,1993-07-16,143114400.0,rights,
600628,1993-07-16,78184000.0,rights,
600616,1993-07-09,31357600.0,rights,
600633,1993-07-02,51071100.0,rights,
000510,1993-07-02,107809920.0,rights,
600626,1993-06-18,40032000.0,rights,
600606,1993-06-18,20543390.0,rights,
600624,1993-06-11,44107400.0,rights,
000506,1993-06-11,85558140.0,rights,
000503,1993-06-11,235000000.0,rights,
600611,1993-06-11,130725000.00000001,rights,
000504,1993-06-11,270343885.0,rights,
600620,1993-06-04,55795230.0,rights,
600621,1993-06-04,20872775.0,rights,
000006,1993-06-04,136073651.20000002,rights,
000507,1993-06-04,670418400.0,rights,
000008,1993-05-28,71280000.0,rights,
000501,1993-05-28,378080100.0,rights,
600615,1993-05-28,33419442.0,rights,
000007,1993-05-28,114660900.0,rights,
000012,1993-05-21,427441369.5,rights,
000001,1993-05-21,323280000.0,rights,
600622,1993-05-14,89644203.99999999,rights,
600654,1993-05-14,43461000.0,rights,
600605,1993-05-14,18000000.0,rights,
000014,1993-05-14,121919580.0,rights,
600641,1993-04-16,34608000.0,rights,
600603,1993-04-02,66500000.0,rights,
600635,1993-03-26,61750000.0,rights,
600602,1993-03-26,207153450.0,rights,
600651,1993-03-19,15000000.0,rights,
600653,1993-03-12,87500000.0,rights,
600609,1992-12-25,245000000.0,rights,
600601,1992-06-03,6000000.0,rights,
000002,1991-05-31,124811896.00000001,rights,
