date,open,high,low,close,volume
2001-08-27,3.89,4.25,3.7,4.0,40631800.0
2001-08-28,3.94,4.17,3.9,4.15,12964779.0
2001-08-29,4.16,4.17,4.06,4.1,5325275.0
2001-08-30,4.08,4.22,4.05,4.18,4801306.0
2001-08-31,4.18,4.24,4.14,4.17,2323148.0
2001-09-03,4.19,4.23,4.15,4.16,2211209.0
2001-09-04,4.17,4.29,4.15,4.22,3700677.0
2001-09-05,4.23,4.27,4.19,4.22,2606695.0
2001-09-06,4.2,4.22,4.11,4.13,2899703.0
2001-09-07,4.11,4.16,4.01,4.02,3155225.0
2001-09-10,3.99,4.15,3.94,4.13,1887889.0
2001-09-11,4.14,4.16,4.08,4.09,1139081.0
2001-09-12,3.98,4.08,3.97,4.05,2504519.0
2001-09-13,4.05,4.09,4.02,4.04,1098668.0
2001-09-14,4.05,4.11,4.03,4.09,767283.0
2001-09-17,4.06,4.09,4.0,4.03,898397.0
2001-09-18,4.04,4.11,4.04,4.08,1077326.0
2001-09-19,4.09,4.16,4.06,4.16,865053.0
2001-09-20,4.15,4.17,4.11,4.12,1117335.0
2001-09-21,4.08,4.12,4.05,4.06,787972.0
2001-09-24,4.06,4.1,4.05,4.06,406860.0
2001-09-25,4.08,4.11,4.06,4.08,348845.0
2001-09-26,4.07,4.11,4.05,4.06,495626.0
2001-09-27,4.06,4.16,4.05,4.13,877804.0
2001-09-28,4.15,4.19,4.11,4.18,1708847.0
2001-10-08,4.17,4.19,4.08,4.12,655217.0
2001-10-09,4.12,4.22,4.12,4.2,955852.0
2001-10-10,4.2,4.21,4.06,4.06,1754869.0
2001-10-11,4.05,4.11,4.01,4.02,1230684.0
2001-10-12,4.04,4.13,3.83,4.05,2001070.0
2001-10-15,4.04,4.05,3.93,3.97,975531.0
2001-10-16,3.95,4.03,3.91,3.92,831991.0
2001-10-17,3.92,3.92,3.82,3.85,1250768.0
2001-10-18,3.85,3.9,3.82,3.83,498346.0
2001-10-19,3.83,3.84,3.72,3.77,1568754.0
2001-10-22,3.75,3.79,3.68,3.69,976065.0
2001-10-23,4.05,4.06,3.94,4.06,4059824.0
2001-10-24,4.14,4.14,3.95,4.04,4068239.0
2001-10-25,4.02,4.03,3.92,3.93,1603686.0
2001-10-26,3.91,3.95,3.88,3.94,900220.0
2001-10-29,3.93,4.01,3.93,3.97,458786.0
2001-10-30,3.97,4.0,3.93,3.94,348417.0
2001-10-31,3.94,3.95,3.92,3.95,476247.0
2001-11-01,3.95,4.01,3.93,4.0,664303.0
2001-11-02,3.97,4.02,3.96,3.98,343520.0
2001-11-05,3.94,3.97,3.91,3.93,369076.0
2001-11-06,3.92,3.97,3.91,3.96,260931.0
2001-11-07,3.94,3.94,3.81,3.81,932538.0
2001-11-08,3.75,3.82,3.71,3.79,740216.0
2001-11-09,3.79,3.88,3.75,3.84,376076.0
2001-11-12,3.87,3.87,3.77,3.78,268333.0
2001-11-13,3.75,3.79,3.74,3.79,267381.0
2001-11-14,3.79,3.83,3.79,3.79,76900.0
2001-11-15,3.79,3.81,3.77,3.79,219345.0
2001-11-16,4.08,4.08,3.83,3.84,995470.0
2001-11-19,3.84,3.95,3.84,3.95,373461.0
2001-11-20,3.96,4.0,3.93,3.98,806908.0
2001-11-21,3.99,4.0,3.93,3.96,511442.0
2001-11-22,3.97,3.97,3.93,3.95,419879.0
2001-11-23,3.94,3.97,3.92,3.94,396090.0
2001-11-26,3.94,3.94,3.88,3.9,310099.0
2001-11-27,3.89,3.95,3.89,3.94,256948.0
2001-11-28,3.95,3.98,3.93,3.95,377362.0
2001-11-29,3.94,3.96,3.92,3.92,304618.0
2001-11-30,3.92,3.99,3.92,3.98,407097.0
2001-12-03,3.98,4.08,3.98,4.07,1603705.0
2001-12-04,4.08,4.08,4.03,4.08,689499.0
2001-12-05,4.17,4.17,4.05,4.05,1502835.0
2001-12-06,4.04,4.09,4.03,4.06,637222.0
2001-12-07,4.06,4.08,4.03,4.04,390820.0
2001-12-10,4.05,4.06,4.02,4.05,416156.0
2001-12-11,4.05,4.05,4.01,4.01,358002.0
2001-12-12,4.01,4.06,4.01,4.03,463267.0
2001-12-13,4.01,4.05,3.96,3.97,354045.0
2001-12-14,3.94,4.0,3.94,3.96,284125.0
2001-12-17,3.95,4.01,3.95,3.98,441389.0
2001-12-18,3.99,4.05,3.95,4.04,482120.0
2001-12-19,4.04,4.11,4.01,4.05,962001.0
2001-12-20,4.04,4.04,3.9,3.91,1136223.0
2001-12-21,3.91,4.05,3.91,4.04,813504.0
2001-12-24,4.05,4.19,4.03,4.1,2725079.0
2001-12-25,4.1,4.13,4.05,4.11,1218260.0
2001-12-26,4.11,4.19,4.06,4.19,1680952.0
2001-12-27,4.19,4.26,4.16,4.2,2328478.0
2001-12-28,4.2,4.23,4.15,4.2,1227932.0
2001-12-31,4.24,4.42,4.22,4.34,5219541.0
2002-01-04,4.36,4.37,4.22,4.23,2910962.0
2002-01-07,4.18,4.22,4.13,4.2,1894295.0
2002-01-08,4.17,4.23,4.11,4.12,1328664.0
2002-01-09,4.11,4.19,4.09,4.15,1060682.0
2002-01-10,4.16,4.21,4.09,4.19,1881555.0
2002-01-11,4.17,4.18,4.05,4.06,1183475.0
2002-01-14,4.02,4.1,3.99,4.06,1871851.0
2002-01-15,4.05,4.17,4.04,4.11,1824741.0
2002-01-16,4.11,4.16,3.99,4.09,1397433.0
2002-01-17,4.08,4.11,3.91,3.95,2418031.0
2002-01-18,3.92,4.15,3.91,4.13,3226208.0
2002-01-21,4.09,4.12,4.01,4.04,1575593.0
2002-01-22,4.03,4.16,4.03,4.1,1348567.0
2002-01-23,4.13,4.24,4.08,4.24,2333648.0
2002-01-24,4.21,4.26,4.14,4.2,2661580.0
2002-01-25,4.19,4.23,4.14,4.18,1394112.0
2002-01-28,4.17,4.2,3.97,4.0,2166782.0
2002-01-29,3.96,4.08,3.94,4.01,1187200.0
2002-01-30,4.01,4.08,3.96,4.01,841922.0
2002-01-31,4.05,4.28,4.05,4.23,4082830.0
2002-02-01,4.22,4.28,4.15,4.17,1734503.0
2002-02-04,4.19,4.29,4.17,4.27,1651019.0
2002-02-05,4.27,4.35,4.24,4.27,1119573.0
2002-02-06,4.26,4.29,4.18,4.19,966854.0
2002-02-07,4.19,4.27,4.18,4.21,668817.0
2002-02-08,4.23,4.3,4.23,4.24,1256931.0
2002-02-26,4.28,4.33,4.22,4.25,1481599.0
2002-02-27,4.26,4.29,4.22,4.27,829081.0
2002-02-28,4.28,4.33,4.25,4.28,1250698.0
2002-03-01,4.27,4.29,4.19,4.21,742145.0
2002-03-04,4.2,4.29,4.18,4.28,522485.0
2002-03-05,4.28,4.4,4.26,4.34,2218887.0
2002-03-06,4.37,4.4,4.28,4.32,1862014.0
2002-03-07,4.3,4.35,4.28,4.33,1361602.0
2002-03-08,4.34,4.48,4.34,4.46,3532681.0
2002-03-11,4.47,4.47,4.4,4.44,1760600.0
2002-03-12,4.44,4.44,4.33,4.33,1725185.0
2002-03-13,4.31,4.37,4.3,4.31,779399.0
2002-03-14,4.29,4.36,4.28,4.35,638774.0
2002-03-15,4.28,4.38,4.26,4.27,1189288.0
2002-03-18,4.29,4.37,4.27,4.28,607027.0
2002-03-19,4.29,4.38,4.28,4.36,677404.0
2002-03-20,4.37,4.45,4.36,4.39,1503133.0
2002-03-21,4.42,4.45,4.35,4.38,1503721.0
2002-03-22,4.38,4.39,4.33,4.34,797276.0
2002-03-25,4.33,4.38,4.31,4.37,431507.0
2002-03-26,4.36,4.37,4.29,4.3,623909.0
2002-03-27,4.29,4.33,4.27,4.29,499101.0
2002-03-28,4.28,4.31,4.28,4.28,529157.0
2002-03-29,4.28,4.28,4.18,4.19,1062547.0
2002-04-01,4.18,4.25,4.18,4.23,276605.0
2002-04-02,4.23,4.25,4.14,4.17,732933.0
2002-04-03,4.17,4.2,4.15,4.16,601945.0
2002-04-04,4.16,4.23,4.11,4.23,516143.0
2002-04-05,4.25,4.27,4.18,4.2,304685.0
2002-04-08,4.2,4.21,4.16,4.17,230046.0
2002-04-09,4.17,4.22,4.15,4.21,329157.0
2002-04-10,4.21,4.25,4.19,4.22,342383.0
2002-04-11,4.22,4.26,4.21,4.22,679799.0
2002-04-12,4.24,4.3,4.22,4.28,451928.0
2002-04-15,4.33,4.33,4.23,4.27,292594.0
2002-04-16,4.26,4.31,4.26,4.31,603615.0
2002-04-17,4.33,4.33,4.15,4.16,1321928.0
2002-04-18,4.17,4.19,4.1,4.1,853815.0
2002-04-19,4.1,4.1,4.04,4.08,885432.0
2002-04-22,4.05,4.1,4.04,4.07,411365.0
2002-04-23,4.07,4.07,4.0,4.0,408822.0
2002-04-24,4.0,4.04,3.96,3.97,505088.0
2002-04-25,3.95,4.02,3.95,4.0,259676.0
2002-04-26,4.0,4.06,3.99,4.06,238123.0
2002-04-29,4.08,4.17,4.08,4.09,466521.0
2002-04-30,4.11,4.12,4.05,4.08,597847.0
2002-05-08,4.09,4.11,4.06,4.08,170049.0
2002-05-09,4.05,4.1,4.05,4.06,171221.0
2002-05-10,4.06,4.07,4.01,4.01,268850.0
2002-05-13,4.0,4.02,3.98,3.99,283074.0
2002-05-14,3.99,4.11,3.96,3.99,507003.0
2002-05-15,4.02,4.02,3.96,3.98,224430.0
2002-05-16,3.97,3.98,3.93,3.94,554983.0
2002-05-17,3.93,4.01,3.91,3.94,385968.0
2002-05-20,3.94,3.94,3.88,3.89,335369.0
2002-05-21,4.0,4.0,3.93,3.94,570700.0
2002-05-22,3.95,3.99,3.93,3.94,297406.0
2002-05-23,4.04,4.04,3.95,3.96,161990.0
2002-05-24,3.94,3.96,3.9,3.93,240735.0
2002-05-27,3.94,3.98,3.93,3.95,165326.0
2002-05-28,3.96,4.0,3.95,3.96,261490.0
2002-05-29,3.96,3.98,3.9,3.91,268474.0
2002-05-30,3.93,3.95,3.9,3.92,196225.0
2002-05-31,3.94,3.96,3.92,3.93,180610.0
2002-06-03,3.93,3.94,3.89,3.93,229022.0
2002-06-04,3.93,3.94,3.83,3.88,197600.0
2002-06-05,3.88,3.88,3.84,3.87,222475.0
2002-06-06,3.87,3.99,3.84,3.94,575740.0
2002-06-07,3.92,3.96,3.9,3.93,362216.0
2002-06-10,3.94,3.95,3.89,3.9,183253.0
2002-06-11,3.91,3.94,3.9,3.92,153920.0
2002-06-12,3.92,3.95,3.89,3.95,208220.0
2002-06-13,3.95,3.97,3.93,3.93,162300.0
2002-06-14,3.93,3.96,3.9,3.9,94711.0
2002-06-17,3.89,3.9,3.86,3.9,135810.0
2002-06-18,3.91,3.95,3.91,3.94,163699.0
2002-06-19,3.93,3.94,3.91,3.91,83350.0
2002-06-20,3.94,3.95,3.91,3.93,131920.0
2002-06-21,3.94,4.02,3.93,4.0,426651.0
2002-06-24,4.4,4.4,4.17,4.3,6125441.0
2002-06-26,4.2,4.21,4.12,4.15,1542300.0
2002-06-27,4.15,4.19,4.12,4.14,558178.0
2002-06-28,4.13,4.21,4.13,4.17,1076373.0
2002-07-01,4.17,4.22,4.14,4.14,432000.0
2002-07-02,4.14,4.14,4.12,4.14,393507.0
2002-07-03,4.14,4.15,4.11,4.13,533312.0
2002-07-04,4.13,4.13,4.05,4.06,666987.0
2002-07-05,4.06,4.07,4.05,4.07,681567.0
2002-07-08,4.07,4.1,4.06,4.07,319272.0
2002-07-09,4.07,4.08,4.06,4.07,352323.0
2002-07-10,4.07,4.08,4.01,4.02,462279.0
2002-07-11,4.01,4.08,4.01,4.05,235761.0
2002-07-12,4.05,4.07,4.03,4.06,158849.0
2002-07-15,4.05,4.07,4.04,4.04,130858.0
2002-07-16,4.02,4.07,4.02,4.04,231649.0
2002-07-17,4.05,4.05,4.01,4.04,134219.0
2002-07-18,4.06,4.11,4.05,4.08,589389.0
2002-07-19,4.09,4.1,4.08,4.1,251689.0
2002-07-22,4.13,4.13,4.09,4.1,610357.0
2002-07-23,4.1,4.1,4.05,4.08,290158.0
2002-07-24,4.09,4.11,4.06,4.1,466387.0
2002-07-25,4.11,4.13,4.04,4.07,170042.0
2002-07-26,4.09,4.09,4.04,4.05,155824.0
2002-07-29,4.05,4.06,3.98,3.99,255748.0
2002-07-30,3.99,4.0,3.96,3.97,344596.0
2002-07-31,3.97,3.99,3.93,3.94,257985.0
2002-08-01,3.94,3.97,3.92,3.93,200089.0
2002-08-02,3.94,4.0,3.91,3.96,125388.0
2002-08-05,3.96,3.97,3.93,3.94,107812.0
2002-08-06,3.94,3.98,3.93,3.96,209237.0
2002-08-07,3.96,3.97,3.95,3.96,135579.0
2002-08-08,3.96,3.98,3.93,3.94,126460.0
2002-08-09,3.93,3.95,3.9,3.9,249020.0
2002-08-12,3.88,3.89,3.85,3.85,225050.0
2002-08-13,3.87,3.87,3.83,3.85,170413.0
2002-08-14,3.9,3.9,3.85,3.9,247246.0
2002-08-15,3.9,3.9,3.87,3.87,125955.0
2002-08-16,3.84,3.89,3.82,3.88,224098.0
2002-08-19,3.88,3.89,3.85,3.86,110896.0
2002-08-20,3.85,3.9,3.85,3.89,237211.0
2002-08-21,3.9,3.9,3.87,3.89,169451.0
2002-08-22,3.9,3.95,3.89,3.93,422034.0
2002-08-23,3.92,3.95,3.92,3.93,243141.0
2002-08-26,3.92,3.92,3.86,3.87,263149.0
2002-08-27,3.87,3.89,3.85,3.88,258441.0
2002-08-28,3.89,3.92,3.84,3.85,376582.0
2002-08-29,3.85,3.86,3.83,3.84,289937.0
2002-08-30,3.85,3.85,3.83,3.84,188668.0
2002-09-02,3.83,3.84,3.82,3.83,234130.0
2002-09-03,3.83,3.89,3.83,3.86,227701.0
2002-09-04,3.86,3.88,3.83,3.85,178869.0
2002-09-05,3.84,3.84,3.82,3.82,289369.0
2002-09-06,3.82,3.84,3.8,3.82,185962.0
2002-09-09,3.82,3.82,3.78,3.79,261390.0
2002-09-10,3.78,3.79,3.71,3.73,805712.0
2002-09-11,3.71,3.73,3.6,3.66,984529.0
2002-09-12,3.65,3.68,3.62,3.66,171659.0
2002-09-13,3.65,3.67,3.64,3.67,107173.0
2002-09-16,3.67,3.67,3.61,3.61,392351.0
2002-09-17,3.62,3.66,3.6,3.64,261349.0
2002-09-18,3.65,3.65,3.62,3.64,161606.0
2002-09-19,3.63,3.67,3.6,3.65,365015.0
2002-09-20,3.65,3.65,3.61,3.62,137298.0
2002-09-23,3.61,3.62,3.58,3.58,212110.0
2002-09-24,3.58,3.58,3.51,3.52,714854.0
2002-09-25,3.52,3.59,3.52,3.56,355709.0
2002-09-26,3.57,3.57,3.53,3.53,216807.0
2002-09-27,3.54,3.57,3.52,3.55,150545.0
2002-10-08,3.54,3.54,3.52,3.54,358977.0
2002-10-09,3.53,3.53,3.47,3.49,245871.0
2002-10-10,3.49,3.53,3.48,3.5,108767.0
2002-10-11,3.49,3.51,3.46,3.47,121705.0
2002-10-14,3.51,3.51,3.47,3.48,109529.0
2002-10-15,3.48,3.5,3.47,3.5,206594.0
2002-10-16,3.5,3.55,3.5,3.51,226133.0
2002-10-17,3.51,3.53,3.46,3.47,156480.0
2002-10-18,3.46,3.49,3.34,3.38,463533.0
2002-10-21,3.37,3.43,3.34,3.38,164605.0
2002-10-22,3.4,3.47,3.39,3.45,210571.0
2002-10-23,3.46,3.46,3.4,3.42,108078.0
2002-10-24,3.41,3.45,3.41,3.41,97060.0
2002-10-25,3.41,3.41,3.35,3.36,236812.0
2002-10-28,3.35,3.35,3.26,3.27,447153.0
2002-10-29,3.34,3.34,3.22,3.3,319869.0
2002-10-30,3.31,3.31,3.27,3.28,203557.0
2002-10-31,3.28,3.33,3.27,3.29,281730.0
2002-11-01,3.28,3.31,3.27,3.3,147119.0
2002-11-04,3.3,3.36,3.3,3.36,199503.0
2002-11-05,3.36,3.42,3.34,3.39,348538.0
2002-11-06,3.39,3.4,3.36,3.36,162265.0
2002-11-07,3.37,3.38,3.34,3.35,241652.0
2002-11-08,3.42,3.42,3.27,3.28,271756.0
2002-11-11,3.29,3.32,3.25,3.28,188282.0
2002-11-12,3.28,3.31,3.24,3.25,239589.0
2002-11-13,3.25,3.27,3.23,3.27,195368.0
2002-11-14,3.27,3.29,3.25,3.25,168832.0
2002-11-15,3.25,3.28,3.23,3.25,234901.0
2002-11-18,3.25,3.28,3.25,3.27,194719.0
2002-11-19,3.27,3.34,3.26,3.33,321819.0
2002-11-20,3.33,3.36,3.26,3.32,957938.0
2002-11-21,3.3,3.32,3.25,3.26,401953.0
2002-11-22,3.27,3.31,3.22,3.26,242925.0
2002-11-25,3.26,3.31,3.22,3.3,398796.0
2002-11-26,3.31,3.32,3.24,3.24,205454.0
2002-11-27,3.22,3.27,3.2,3.23,332091.0
2002-11-28,3.23,3.32,3.23,3.31,249203.0
2002-12-02,3.34,3.36,3.26,3.27,585087.0
2002-12-03,3.26,3.33,3.24,3.32,310385.0
2002-12-04,3.28,3.37,3.28,3.33,415100.0
2002-12-05,3.32,3.45,3.31,3.41,1302018.0
2002-12-06,3.4,3.42,3.38,3.4,374154.0
2002-12-09,3.4,3.41,3.36,3.37,290258.0
2002-12-10,3.38,3.39,3.32,3.33,261198.0
2002-12-11,3.32,3.33,3.29,3.31,254680.0
2002-12-12,3.31,3.35,3.29,3.35,398933.0
2002-12-13,3.25,3.37,3.25,3.34,222310.0
2002-12-16,3.34,3.4,3.32,3.39,797694.0
2002-12-17,3.39,3.41,3.36,3.39,292615.0
2002-12-18,3.38,3.4,3.36,3.37,202853.0
2002-12-19,3.37,3.37,3.34,3.35,231004.0
2002-12-20,3.35,3.39,3.35,3.38,162474.0
2002-12-23,3.41,3.41,3.36,3.37,198455.0
2002-12-24,3.38,3.39,3.33,3.37,84816.0
2002-12-25,3.37,3.37,3.33,3.33,148138.0
2002-12-26,3.33,3.34,3.22,3.24,514561.0
2002-12-27,3.23,3.27,3.21,3.25,339021.0
2002-12-30,3.25,3.25,3.2,3.22,300220.0
2002-12-31,3.22,3.25,3.2,3.21,164478.0
2003-01-02,3.21,3.21,3.11,3.11,356530.0
2003-01-03,3.11,3.14,3.08,3.11,174368.0
2003-01-06,3.09,3.14,3.09,3.13,98636.0
2003-01-07,3.13,3.14,3.1,3.1,145050.0
2003-01-08,3.15,3.19,3.11,3.19,176802.0
2003-01-09,3.18,3.23,3.15,3.21,260257.0
2003-01-10,3.21,3.26,3.18,3.2,234638.0
2003-01-13,3.17,3.21,3.17,3.19,140380.0
2003-01-14,3.19,3.36,3.17,3.32,958825.0
2003-01-15,3.34,3.42,3.32,3.36,1145168.0
2003-01-16,3.38,3.42,3.36,3.41,735908.0
2003-01-17,3.42,3.42,3.36,3.36,379518.0
2003-01-20,3.35,3.35,3.31,3.34,207090.0
2003-01-21,3.34,3.4,3.34,3.34,478744.0
2003-01-22,3.34,3.34,3.31,3.32,163310.0
2003-01-23,3.31,3.34,3.31,3.32,216749.0
2003-01-24,3.31,3.33,3.31,3.32,244119.0
2003-01-27,3.31,3.39,3.31,3.38,395568.0
2003-01-28,3.37,3.4,3.36,3.38,349496.0
2003-01-29,3.38,3.4,3.37,3.38,330219.0
2003-02-10,3.38,3.38,3.34,3.35,169378.0
2003-02-11,3.32,3.36,3.32,3.36,82150.0
2003-02-12,3.36,3.39,3.34,3.38,147730.0
2003-02-13,3.38,3.4,3.36,3.36,271832.0
2003-02-14,3.35,3.4,3.35,3.38,190475.0
2003-02-17,3.36,3.39,3.34,3.34,156776.0
2003-02-18,3.34,3.35,3.32,3.34,104819.0
2003-02-19,3.34,3.35,3.33,3.35,102970.0
2003-02-20,3.35,3.37,3.34,3.36,85120.0
2003-02-21,3.34,3.35,3.3,3.32,226893.0
2003-02-24,3.34,3.34,3.3,3.31,61566.0
2003-02-25,3.31,3.39,3.31,3.39,187859.0
2003-02-26,3.39,3.41,3.36,3.36,108215.0
2003-02-27,3.37,3.4,3.35,3.37,169761.0
2003-02-28,3.38,3.38,3.35,3.37,136045.0
2003-03-03,3.38,3.46,3.38,3.45,600093.0
2003-03-04,3.45,3.46,3.41,3.43,190950.0
2003-03-05,3.43,3.52,3.41,3.5,940501.0
2003-03-06,3.51,3.51,3.44,3.46,450769.0
2003-03-07,3.47,3.47,3.42,3.44,247545.0
2003-03-10,3.44,3.45,3.38,3.39,310340.0
2003-03-11,3.38,3.39,3.34,3.37,196449.0
2003-03-12,3.37,3.39,3.35,3.38,117717.0
2003-03-13,3.38,3.43,3.38,3.39,199758.0
2003-03-14,3.38,3.39,3.36,3.38,275642.0
2003-03-17,3.37,3.37,3.34,3.35,469292.0
2003-03-18,3.35,3.36,3.29,3.31,314790.0
2003-03-19,3.28,3.31,3.26,3.26,339792.0
2003-03-20,3.27,3.33,3.26,3.27,196840.0
2003-03-21,3.27,3.33,3.27,3.33,202107.0
2003-03-24,3.33,3.34,3.3,3.31,171870.0
2003-03-25,3.3,3.31,3.26,3.27,206238.0
2003-03-26,3.27,3.33,3.21,3.24,358951.0
2003-03-27,3.23,3.31,3.2,3.29,210565.0
2003-03-28,3.3,3.31,3.28,3.28,381070.0
2003-03-31,3.27,3.29,3.27,3.28,304730.0
2003-04-01,3.28,3.31,3.27,3.3,372984.0
2003-04-02,3.3,3.33,3.29,3.32,371320.0
2003-04-03,3.32,3.34,3.3,3.31,519367.0
2003-04-04,3.31,3.31,3.27,3.28,498473.0
2003-04-07,3.27,3.28,3.22,3.23,446211.0
2003-04-08,3.23,3.24,3.19,3.22,611287.0
2003-04-09,3.22,3.28,3.19,3.27,1012377.0
2003-04-10,3.27,3.29,3.23,3.26,1078913.0
2003-04-11,3.26,3.34,3.25,3.33,2996684.0
2003-04-14,3.35,3.42,3.35,3.41,1261241.0
2003-04-15,3.41,3.42,3.35,3.39,779783.0
2003-04-16,3.39,3.45,3.33,3.34,1701715.0
2003-04-17,3.34,3.36,3.31,3.31,759887.0
2003-04-18,3.32,3.37,3.32,3.32,533932.0
2003-04-21,3.32,3.32,3.21,3.22,1130153.0
2003-04-22,3.22,3.25,3.2,3.21,513114.0
2003-04-23,3.21,3.22,3.15,3.15,581664.0
2003-04-24,3.15,3.17,3.11,3.11,974938.0
2003-04-25,3.13,3.19,3.12,3.14,700841.0
2003-04-28,3.14,3.17,3.08,3.17,784532.0
2003-04-29,3.19,3.19,3.08,3.12,984093.0
2003-04-30,3.12,3.21,3.11,3.17,1349930.0
2003-05-12,3.17,3.2,3.14,3.14,735120.0
2003-05-13,3.15,3.15,2.98,2.98,1523540.0
2003-05-14,2.99,3.02,2.97,3.0,934222.0
2003-05-15,3.01,3.1,3.0,3.09,1041706.0
2003-05-16,3.1,3.11,3.03,3.07,965805.0
2003-05-19,3.08,3.19,3.08,3.15,1289908.0
2003-05-20,3.15,3.15,3.1,3.12,514816.0
2003-05-21,3.12,3.16,3.11,3.11,316358.0
2003-05-22,3.1,3.15,3.1,3.14,309946.0
2003-05-23,3.14,3.14,3.08,3.11,688996.0
2003-05-26,3.11,3.16,3.11,3.13,998501.0
2003-05-27,3.13,3.15,3.1,3.13,362268.0
2003-05-28,3.15,3.24,3.14,3.17,961797.0
2003-05-29,3.16,3.22,3.15,3.2,515602.0
2003-05-30,3.24,3.31,3.2,3.29,1818094.0
2003-06-02,3.3,3.31,3.25,3.28,625851.0
2003-06-03,3.28,3.29,3.23,3.23,553665.0
2003-06-04,3.23,3.24,3.19,3.22,399590.0
2003-06-05,3.21,3.27,3.2,3.22,679898.0
2003-06-06,3.22,3.22,3.17,3.19,359633.0
2003-06-09,3.19,3.2,3.17,3.19,243618.0
2003-06-10,3.19,3.23,3.19,3.21,162842.0
2003-06-11,3.21,3.23,3.21,3.22,301825.0
2003-06-13,3.22,3.26,3.22,3.23,320027.0
2003-06-16,3.23,3.23,3.18,3.19,201265.0
2003-06-17,3.19,3.2,3.15,3.17,299430.0
2003-06-18,3.17,3.2,3.14,3.15,318483.0
2003-06-19,3.15,3.18,3.12,3.14,326009.0
2003-06-20,3.14,3.17,3.13,3.15,167090.0
2003-06-23,3.15,3.24,3.14,3.2,781120.0
2003-06-24,3.2,3.22,3.19,3.21,169436.0
2003-06-25,3.21,3.26,3.19,3.2,420470.0
2003-06-26,3.2,3.23,3.13,3.17,447705.0
2003-06-27,3.17,3.2,3.14,3.14,271970.0
2003-06-30,3.15,3.16,3.14,3.14,352014.0
2003-07-01,3.14,3.19,3.14,3.18,488577.0
2003-07-02,3.17,3.17,3.15,3.16,133689.0
2003-07-03,3.16,3.18,3.13,3.15,287867.0
2003-07-04,3.15,3.16,3.14,3.15,219720.0
2003-07-07,3.15,3.16,3.12,3.13,166992.0
2003-07-08,3.14,3.17,3.14,3.17,227232.0
2003-07-09,3.17,3.17,3.15,3.15,148399.0
2003-07-10,3.17,3.24,3.15,3.23,628810.0
2003-07-11,3.23,3.26,3.22,3.24,576371.0
2003-07-14,3.27,3.35,3.24,3.32,867430.0
2003-07-15,3.31,3.38,3.29,3.33,666082.0
2003-07-16,3.34,3.38,3.33,3.35,779619.0
2003-07-17,3.36,3.42,3.35,3.38,997825.0
2003-07-18,3.38,3.39,3.28,3.3,962967.0
2003-07-21,3.28,3.32,3.26,3.31,711248.0
2003-07-22,3.3,3.34,3.3,3.33,310943.0
2003-07-23,3.33,3.34,3.29,3.33,559227.0
2003-07-24,3.33,3.33,3.29,3.3,145051.0
2003-07-25,3.3,3.31,3.23,3.25,287594.0
2003-07-28,3.26,3.27,3.24,3.24,188548.0
2003-07-29,3.26,3.28,3.24,3.27,130378.0
2003-07-30,3.29,3.29,3.24,3.26,273090.0
2003-07-31,3.26,3.26,3.2,3.23,224938.0
2003-08-01,3.21,3.23,3.18,3.2,325583.0
2003-08-04,3.18,3.2,3.15,3.2,270968.0
2003-08-05,3.2,3.22,3.18,3.22,193039.0
2003-08-06,3.22,3.24,3.2,3.24,228444.0
2003-08-07,3.21,3.22,3.2,3.21,75057.0
2003-08-08,3.2,3.22,3.17,3.18,186507.0
2003-08-11,3.16,3.18,3.16,3.17,99632.0
2003-08-12,3.18,3.22,3.18,3.21,75207.0
2003-08-13,3.2,3.21,3.2,3.21,180270.0
2003-08-14,3.18,3.21,3.18,3.18,190650.0
2003-08-15,3.18,3.2,3.18,3.18,92840.0
2003-08-18,3.18,3.19,3.17,3.18,89030.0
2003-08-19,3.17,3.19,3.17,3.18,114097.0
2003-08-20,3.18,3.18,3.15,3.16,86875.0
2003-08-21,3.16,3.18,2.93,3.1,455128.0
2003-08-22,3.1,3.13,3.03,3.04,386467.0
2003-08-25,3.02,3.02,2.97,2.98,234532.0
2003-08-26,2.98,3.0,2.97,2.98,100100.0
2003-08-27,2.98,3.21,2.98,3.05,424621.0
2003-08-28,3.02,3.07,3.01,3.03,144678.0
2003-08-29,3.04,3.04,2.97,3.0,275200.0
2003-09-01,3.03,3.05,2.98,3.05,495174.0
2003-09-02,3.05,3.14,3.05,3.08,720637.0
2003-09-03,3.08,3.11,3.05,3.08,116140.0
2003-09-04,3.08,3.11,3.05,3.06,124451.0
2003-09-05,3.06,3.06,2.93,3.0,581204.0
2003-09-08,2.98,3.0,2.96,2.99,181364.0
2003-09-09,2.99,3.0,2.93,2.98,356254.0
2003-09-10,2.98,3.05,2.95,2.99,204150.0
2003-09-11,2.99,3.0,2.97,2.98,100995.0
2003-09-12,2.98,2.98,2.95,2.96,280319.0
2003-09-15,2.96,2.98,2.93,2.95,264887.0
2003-09-16,2.95,2.97,2.91,2.95,181172.0
2003-09-17,2.97,2.98,2.93,2.93,678865.0
2003-09-18,2.92,2.94,2.92,2.93,119568.0
2003-09-19,2.92,2.95,2.92,2.93,383015.0
2003-09-22,2.95,2.95,2.9,2.91,118686.0
2003-09-23,2.92,2.93,2.89,2.91,95552.0
2003-09-24,2.95,2.96,2.92,2.96,228521.0
2003-09-25,2.96,2.96,2.92,2.96,213830.0
2003-09-26,2.96,2.99,2.93,2.96,265450.0
2003-09-29,2.95,2.96,2.94,2.95,188806.0
2003-09-30,2.95,2.99,2.95,2.96,144327.0
2003-10-08,2.95,2.97,2.93,2.97,85201.0
2003-10-09,2.96,2.97,2.95,2.96,113520.0
2003-10-10,2.95,3.02,2.94,3.02,133710.0
2003-10-13,3.02,3.03,2.99,3.02,161982.0
2003-10-14,3.01,3.03,2.99,3.03,179218.0
2003-10-15,3.04,3.05,3.02,3.02,116127.0
2003-10-16,3.02,3.04,2.98,3.0,149039.0
2003-10-17,3.0,3.0,2.97,2.98,82288.0
2003-10-20,2.98,3.0,2.97,2.98,92842.0
2003-10-21,2.99,3.01,2.98,2.99,66391.0
2003-10-22,2.99,3.05,2.99,3.04,216321.0
2003-10-23,3.04,3.06,3.02,3.02,225161.0
2003-10-24,3.02,3.02,3.0,3.0,97100.0
2003-10-27,3.0,3.0,2.95,2.96,365566.0
2003-10-28,2.96,3.02,2.96,2.98,298328.0
2003-10-29,2.98,3.07,2.98,3.07,708496.0
2003-10-30,3.08,3.11,3.04,3.08,930982.0
2003-10-31,3.14,3.14,3.08,3.13,578462.0
2003-11-03,3.17,3.19,3.12,3.18,487826.0
2003-11-04,3.18,3.29,3.18,3.26,1538786.0
2003-11-05,3.24,3.33,3.23,3.29,1731226.0
2003-11-06,3.3,3.31,3.25,3.27,627370.0
2003-11-07,3.25,3.27,3.17,3.2,749701.0
2003-11-10,3.21,3.24,3.18,3.22,276093.0
2003-11-11,3.22,3.26,3.2,3.25,260167.0
2003-11-12,3.21,3.25,3.21,3.21,296058.0
2003-11-13,3.21,3.23,3.17,3.19,210393.0
2003-11-14,3.18,3.22,3.16,3.21,227357.0
2003-11-17,3.22,3.23,3.19,3.21,180028.0
2003-11-18,3.21,3.21,3.17,3.18,244993.0
2003-11-19,3.18,3.21,3.16,3.2,314682.0
2003-11-20,3.19,3.23,3.18,3.22,498785.0
2003-11-21,3.26,3.27,3.2,3.21,182592.0
2003-11-24,3.22,3.25,3.18,3.25,249784.0
2003-11-25,3.25,3.25,3.2,3.24,334901.0
2003-11-26,3.21,3.25,3.2,3.24,340195.0
2003-11-27,3.22,3.28,3.2,3.22,584705.0
2003-11-28,3.22,3.22,3.19,3.21,310480.0
2003-12-01,3.25,3.25,3.19,3.21,876473.0
2003-12-02,3.24,3.25,3.21,3.24,694387.0
2003-12-03,3.25,3.32,3.24,3.28,1357229.0
2003-12-04,3.29,3.31,3.25,3.27,816032.0
2003-12-05,3.27,3.34,3.25,3.33,2033561.0
2003-12-08,3.34,3.34,3.29,3.31,353292.0
2003-12-09,3.31,3.32,3.27,3.29,379646.0
2003-12-10,3.32,3.32,3.28,3.31,536001.0
2003-12-11,3.32,3.33,3.28,3.28,464016.0
2003-12-12,3.28,3.29,3.27,3.28,193225.0
2003-12-15,3.28,3.31,3.27,3.29,186242.0
2003-12-16,3.29,3.31,3.24,3.29,333216.0
2003-12-17,3.29,3.39,3.29,3.35,828265.0
2003-12-18,3.35,3.39,3.32,3.38,570803.0
2003-12-19,3.39,3.39,3.32,3.35,582724.0
2003-12-22,3.35,3.42,3.31,3.41,625396.0
2003-12-23,3.41,3.47,3.39,3.44,1033364.0
2003-12-24,3.45,3.53,3.42,3.52,704315.0
2003-12-25,3.52,3.53,3.49,3.5,743141.0
2003-12-26,3.49,3.55,3.48,3.53,515311.0
2003-12-30,3.51,3.58,3.46,3.56,413823.0
2003-12-31,3.56,3.56,3.52,3.55,551077.0
2004-01-02,3.49,3.56,3.49,3.52,651376.0
2004-01-05,3.5,3.69,3.5,3.69,853975.0
2004-01-06,3.7,3.79,3.7,3.76,946736.0
2004-01-07,3.75,3.79,3.68,3.76,1133619.0
2004-01-08,3.77,3.84,3.75,3.83,860742.0
2004-01-09,3.84,3.84,3.64,3.66,882159.0
2004-01-12,3.63,3.71,3.61,3.7,649072.0
2004-01-13,3.74,3.86,3.74,3.85,1342121.0
2004-01-14,3.85,4.07,3.82,4.03,2509574.0
2004-01-15,3.98,4.04,3.91,3.95,1017093.0
2004-01-16,3.93,4.03,3.91,3.98,740755.0
2004-01-29,3.91,4.05,3.91,4.04,535372.0
2004-01-30,4.04,4.06,3.92,3.93,778523.0
2004-02-02,3.98,4.1,3.95,4.04,3130494.0
2004-02-03,4.05,4.07,4.01,4.05,812768.0
2004-02-04,4.05,4.07,4.02,4.05,864639.0
2004-02-05,4.03,4.05,3.92,3.94,925663.0
2004-02-06,3.91,3.99,3.86,3.88,1292587.0
2004-02-09,3.89,3.96,3.86,3.93,577836.0
2004-02-10,3.93,3.95,3.87,3.88,289139.0
2004-02-11,3.91,3.91,3.82,3.86,448803.0
2004-02-12,3.87,3.94,3.84,3.86,223103.0
2004-02-13,3.87,3.92,3.85,3.89,253139.0
2004-02-16,3.89,4.01,3.89,4.0,408151.0
2004-02-17,4.01,4.01,3.98,3.98,723631.0
2004-02-18,3.98,4.11,3.94,4.06,970385.0
2004-02-19,4.06,4.07,4.0,4.02,615535.0
2004-02-20,3.99,4.03,3.97,4.01,325602.0
2004-02-23,4.04,4.05,3.9,3.91,423426.0
2004-02-24,3.89,3.96,3.85,3.94,824540.0
2004-02-25,3.94,4.01,3.81,3.81,559568.0
2004-02-26,3.82,3.95,3.8,3.94,1031348.0
2004-02-27,3.95,3.97,3.87,3.96,443137.0
2004-03-01,3.96,3.99,3.91,3.98,293833.0
2004-03-02,3.94,4.38,3.94,4.35,2518762.0
2004-03-03,4.35,4.41,4.24,4.28,2466123.0
2004-03-04,4.27,4.3,4.22,4.26,571829.0
2004-03-05,4.27,4.36,4.23,4.27,411731.0
2004-03-08,4.27,4.33,4.15,4.2,632755.0
2004-03-09,4.2,4.23,4.15,4.17,449214.0
2004-03-10,4.15,4.24,4.15,4.24,311677.0
2004-03-11,4.19,4.31,4.19,4.31,696695.0
2004-03-12,4.47,4.65,4.4,4.56,3785209.0
2004-03-15,4.56,4.68,4.52,4.67,1898572.0
2004-03-16,4.67,4.95,4.62,4.87,3095761.0
2004-03-17,4.86,4.92,4.79,4.87,1341120.0
2004-03-18,4.87,4.93,4.84,4.88,1570380.0
2004-03-19,4.87,4.93,4.83,4.87,1474395.0
2004-03-22,4.89,4.91,4.82,4.82,1020625.0
2004-03-23,4.79,4.82,4.68,4.72,1390974.0
2004-03-24,4.7,4.91,4.69,4.89,1329574.0
2004-03-25,4.86,4.91,4.73,4.75,1493138.0
2004-03-26,4.82,4.87,4.63,4.85,1741546.0
2004-03-29,4.85,4.96,4.77,4.79,1128175.0
2004-03-30,4.77,4.86,4.75,4.85,587654.0
2004-03-31,4.84,4.91,4.83,4.89,731013.0
2004-04-01,4.86,4.96,4.86,4.94,850421.0
2004-04-02,4.93,5.1,4.93,5.07,1881821.0
2004-04-05,5.07,5.22,5.07,5.2,1863134.0
2004-04-06,5.22,5.22,5.15,5.2,713567.0
2004-04-07,5.2,5.45,5.2,5.43,1869220.0
2004-04-08,5.43,5.66,5.41,5.65,1591324.0
2004-04-09,5.65,5.65,5.47,5.47,3432280.0
2004-04-12,5.43,5.51,5.35,5.41,1027224.0
2004-04-13,5.43,5.5,5.39,5.47,1552441.0
2004-04-14,5.42,5.44,5.25,5.33,1554383.0
2004-04-15,5.3,5.39,5.28,5.3,595863.0
2004-04-16,5.28,5.37,5.22,5.3,449778.0
2004-04-19,5.3,5.3,5.14,5.14,589701.0
2004-04-20,5.14,5.23,5.07,5.19,770592.0
2004-04-21,5.22,5.23,5.05,5.11,399419.0
2004-04-22,5.1,5.14,5.05,5.11,825244.0
2004-04-23,5.08,5.13,5.05,5.13,806507.0
2004-04-26,5.1,5.22,5.08,5.2,660339.0
2004-04-27,5.2,5.44,5.2,5.29,2059748.0
2004-04-28,5.29,5.29,5.18,5.24,559678.0
2004-04-29,5.37,5.42,4.96,5.12,1738326.0
2004-04-30,5.07,5.23,5.03,5.22,1296166.0
2004-05-10,5.21,5.22,4.97,5.06,800364.0
2004-05-11,4.99,5.14,4.99,5.03,673423.0
2004-05-12,5.03,5.14,5.03,5.14,868446.0
2004-05-13,5.1,5.28,5.1,5.28,1472022.0
2004-05-14,5.29,5.3,5.14,5.23,602882.0
2004-05-17,5.2,5.2,5.07,5.13,338903.0
2004-05-18,5.13,5.19,4.89,5.05,1938338.0
2004-05-19,5.1,5.18,5.03,5.11,480010.0
2004-05-20,5.08,5.12,5.05,5.09,249530.0
2004-05-21,5.09,5.12,5.0,5.08,129100.0
2004-05-24,5.08,5.1,5.02,5.03,156303.0
2004-05-25,5.02,5.1,5.0,5.0,514661.0
2004-05-26,5.01,5.04,4.97,5.03,277641.0
2004-05-27,5.11,5.16,5.03,5.1,375869.0
2004-05-28,5.08,5.16,5.07,5.15,195159.0
2004-06-01,5.15,5.23,5.15,5.22,363771.0
2004-06-02,5.22,5.22,5.14,5.14,238130.0
2004-06-03,5.15,5.2,5.1,5.14,78244.0
2004-06-04,5.05,5.15,5.04,5.06,207044.0
2004-06-07,5.03,5.09,5.02,5.08,245352.0
2004-06-08,5.03,5.09,5.01,5.07,335716.0
2004-06-09,5.03,5.08,5.0,5.02,472471.0
2004-06-10,5.03,5.07,4.75,4.79,2441416.0
2004-06-11,4.75,4.9,4.75,4.82,923677.0
2004-06-14,4.79,4.8,4.63,4.66,1193222.0
2004-06-15,4.65,4.7,4.52,4.68,2148447.0
2004-06-16,4.68,4.84,4.65,4.81,662343.0
2004-06-17,4.81,4.81,4.58,4.62,1481615.0
2004-06-18,4.61,4.66,4.49,4.65,1167068.0
2004-06-21,4.58,4.69,4.57,4.68,103422.0
2004-06-22,4.69,4.75,4.68,4.75,125447.0
2004-06-23,4.74,4.74,4.61,4.64,59593.0
2004-06-24,4.64,4.72,4.63,4.64,124164.0
2004-06-25,4.67,4.84,4.62,4.72,369681.0
2004-06-28,4.68,4.8,4.68,4.76,308020.0
2004-06-29,4.76,4.78,4.72,4.76,689080.0
2004-06-30,4.76,4.77,4.61,4.73,410281.0
2004-07-01,4.58,4.91,4.58,4.89,278162.0
2004-07-02,4.91,5.0,4.83,4.99,287337.0
2004-07-05,4.94,5.2,4.94,5.19,520229.0
2004-07-06,5.21,5.38,5.16,5.17,1635940.0
2004-07-07,5.16,5.31,5.07,5.28,1324498.0
2004-07-08,5.3,5.31,5.22,5.23,235799.0
2004-07-09,5.21,5.29,5.21,5.22,163563.0
2004-07-12,5.22,5.28,5.14,5.25,432808.0
2004-07-13,5.22,5.4,5.22,5.39,641932.0
2004-07-14,5.38,5.42,5.31,5.41,447865.0
2004-07-15,5.41,5.61,5.41,5.6,2818618.0
2004-07-16,5.61,5.65,5.49,5.6,587664.0
2004-07-19,5.6,5.64,5.48,5.59,850801.0
2004-07-20,5.58,5.59,5.5,5.58,786877.0
2004-07-21,5.58,5.66,5.53,5.65,753375.0
2004-07-22,5.64,5.83,5.6,5.63,2793623.0
2004-07-23,5.58,5.77,5.57,5.76,1055181.0
2004-07-26,5.79,5.79,5.54,5.64,661689.0
2004-07-27,5.66,5.66,5.45,5.46,1111274.0
2004-07-28,5.61,5.61,5.28,5.4,884660.0
2004-07-29,5.36,5.43,5.32,5.43,341364.0
2004-07-30,5.4,5.56,5.4,5.51,249072.0
2004-08-02,5.5,5.55,5.4,5.45,732758.0
2004-08-03,5.4,5.48,5.37,5.38,776010.0
2004-08-04,5.34,5.49,5.33,5.47,474149.0
2004-08-05,5.46,5.46,5.36,5.41,216903.0
2004-08-06,5.38,5.47,5.33,5.45,265717.0
2004-08-09,5.4,5.49,5.4,5.48,245738.0
2004-08-10,5.44,5.53,5.43,5.52,260996.0
2004-08-11,5.49,5.51,5.46,5.48,104278.0
2004-08-12,5.4,5.51,5.4,5.51,281838.0
2004-08-13,5.47,5.53,5.44,5.51,371948.0
2004-08-16,5.47,5.51,5.47,5.47,178329.0
2004-08-17,5.46,5.51,5.41,5.49,197053.0
2004-08-18,5.53,5.55,5.47,5.51,551093.0
2004-08-19,5.49,5.53,5.46,5.48,588962.0
2004-08-20,5.48,5.53,5.46,5.48,563068.0
2004-08-23,5.46,5.46,5.34,5.35,573309.0
2004-08-24,5.31,5.38,5.31,5.37,285989.0
2004-08-25,5.4,5.4,5.33,5.39,163089.0
2004-08-26,5.35,5.42,5.35,5.41,216110.0
2004-08-27,5.4,5.43,5.36,5.39,132490.0
2004-08-30,5.35,5.38,5.27,5.3,349173.0
2004-08-31,5.36,5.47,5.29,5.34,241383.0
2004-09-01,5.32,5.32,5.24,5.24,379803.0
2004-09-02,5.21,5.25,5.11,5.25,439983.0
2004-09-03,5.22,5.26,5.14,5.25,272964.0
2004-09-06,5.19,5.27,5.19,5.26,232713.0
2004-09-07,5.3,5.33,5.27,5.31,263540.0
2004-09-08,5.32,5.42,5.31,5.41,469634.0
2004-09-09,5.41,5.49,5.37,5.43,1020881.0
2004-09-10,5.42,5.46,5.36,5.43,220635.0
2004-09-13,5.43,5.43,5.31,5.38,324288.0
2004-09-14,5.38,5.49,5.31,5.46,612594.0
2004-09-15,5.45,5.71,5.42,5.7,1140958.0
2004-09-16,5.69,5.86,5.68,5.79,1147161.0
2004-09-17,5.82,5.93,5.7,5.91,1319689.0
2004-09-20,5.96,6.04,5.9,5.99,1202166.0
2004-09-21,5.88,6.04,5.88,5.91,837413.0
2004-09-22,5.86,5.95,5.86,5.89,434812.0
2004-09-23,5.88,6.14,5.88,6.12,1766748.0
2004-09-24,6.15,6.57,6.15,6.31,3098137.0
2004-09-27,6.4,6.59,6.32,6.4,606663.0
2004-09-28,6.39,6.59,6.37,6.55,674055.0
2004-09-29,6.55,6.62,6.48,6.51,1362842.0
2004-09-30,6.5,6.61,6.33,6.59,736647.0
2004-10-08,6.5,6.69,6.41,6.68,966784.0
2004-10-11,6.69,6.98,6.69,6.81,1019776.0
2004-10-12,6.76,6.76,6.52,6.6,745222.0
2004-10-13,6.54,6.58,6.43,6.53,664517.0
2004-10-14,6.54,6.75,6.44,6.48,647914.0
2004-10-15,6.41,6.59,6.35,6.47,512154.0
2004-10-18,6.46,6.47,6.34,6.38,233687.0
2004-10-19,6.37,6.63,6.35,6.59,1058364.0
2004-10-20,6.59,6.87,6.56,6.72,1593384.0
2004-10-21,6.69,6.87,6.55,6.79,599603.0
2004-10-22,6.78,7.22,6.77,7.17,1816145.0
2004-10-25,7.23,7.38,7.16,7.22,1560178.0
2004-10-26,7.17,7.3,7.09,7.29,497347.0
2004-10-27,7.29,7.43,7.2,7.21,1187804.0
2004-10-28,7.16,7.26,7.07,7.14,933820.0
2004-10-29,6.96,7.2,6.96,7.13,1436314.0
2004-11-01,7.06,7.24,7.05,7.21,367318.0
2004-11-02,7.14,7.16,6.98,7.16,335602.0
2004-11-03,7.14,7.18,7.03,7.13,761586.0
2004-11-04,7.07,7.14,6.99,7.01,678567.0
2004-11-05,6.97,6.97,6.59,6.69,2599409.0
2004-11-08,6.68,6.77,6.59,6.77,358553.0
2004-11-09,6.83,7.01,6.77,7.01,731479.0
2004-11-10,6.96,7.29,6.96,7.22,1128862.0
2004-11-11,7.21,7.29,7.1,7.1,833013.0
2004-11-12,7.08,7.16,7.01,7.05,566794.0
2004-11-15,7.05,7.1,6.88,7.1,894776.0
2004-11-16,7.05,7.1,6.96,6.96,329847.0
2004-11-17,6.96,7.0,6.9,6.96,803272.0
2004-11-18,6.95,7.0,6.88,6.95,262416.0
2004-11-19,6.96,6.96,6.9,6.94,319634.0
2004-11-22,6.92,6.94,6.79,6.85,642908.0
2004-11-23,6.82,6.88,6.74,6.75,615590.0
2004-11-24,6.74,6.81,6.68,6.69,429206.0
2004-11-25,6.67,6.97,6.67,6.89,592414.0
2004-11-26,6.89,6.95,6.83,6.89,197401.0
2004-11-29,6.89,7.06,6.88,6.97,544253.0
2004-11-30,6.83,6.96,6.77,6.78,161830.0
2004-12-01,6.87,6.87,6.74,6.77,78490.0
2004-12-02,6.81,6.81,6.68,6.77,398528.0
2004-12-03,6.74,6.79,6.7,6.73,62624.0
2004-12-06,6.77,6.77,6.68,6.72,111117.0
2004-12-07,6.69,6.79,6.68,6.73,189908.0
2004-12-08,6.77,6.81,6.68,6.74,1029083.0
2004-12-09,6.74,6.87,6.7,6.7,1134904.0
2004-12-10,6.71,6.78,6.71,6.77,89703.0
2004-12-13,6.7,6.81,6.7,6.79,220832.0
2004-12-14,6.77,6.79,6.73,6.73,124544.0
2004-12-15,6.7,6.79,6.68,6.68,1096973.0
2004-12-16,6.68,6.75,6.65,6.73,1150003.0
2004-12-17,6.68,6.69,6.6,6.63,104903.0
2004-12-20,6.59,6.68,6.38,6.39,245930.0
2004-12-21,6.41,6.48,6.35,6.36,219868.0
2004-12-22,6.35,6.47,6.26,6.46,316854.0
2004-12-23,6.46,6.55,6.44,6.44,688348.0
2004-12-24,6.41,6.56,6.41,6.5,446959.0
2004-12-27,6.5,6.6,6.5,6.59,157084.0
2004-12-28,6.5,6.76,6.5,6.71,292412.0
2004-12-29,6.77,6.86,6.71,6.83,565478.0
2004-12-30,6.76,6.82,6.65,6.74,334500.0
2004-12-31,6.72,6.9,6.61,6.71,586990.0
2005-01-04,6.66,6.74,6.59,6.67,234881.0
2005-01-05,6.66,6.83,6.63,6.82,613933.0
2005-01-06,6.77,6.79,6.68,6.7,552372.0
2005-01-07,6.68,6.81,6.68,6.76,300274.0
2005-01-10,6.76,7.01,6.76,7.0,1071811.0
2005-01-11,7.01,7.07,6.99,7.01,500356.0
2005-01-12,7.01,7.04,6.94,7.03,338903.0
2005-01-13,6.98,7.11,6.98,7.07,288383.0
2005-01-14,7.04,7.09,6.9,6.94,333847.0
2005-01-17,6.86,6.99,6.79,6.94,181239.0
2005-01-18,6.94,7.05,6.9,7.05,263820.0
2005-01-19,6.96,7.12,6.94,6.94,265200.0
2005-01-20,6.93,6.96,6.87,6.94,97405.0
2005-01-21,6.88,6.96,6.68,6.94,317736.0
2005-01-24,6.95,7.07,6.9,7.01,417340.0
2005-01-25,7.05,7.23,6.98,7.21,581665.0
2005-01-26,7.22,7.29,7.14,7.21,373498.0
2005-01-27,7.16,7.22,7.16,7.18,102162.0
2005-01-28,7.18,7.18,7.07,7.16,134123.0
2005-01-31,7.07,7.21,7.07,7.21,116507.0
2005-02-01,7.14,7.2,7.08,7.14,400260.0
2005-02-02,7.12,7.32,7.12,7.3,537817.0
2005-02-03,7.3,7.3,7.14,7.2,444264.0
2005-02-04,7.21,7.3,7.14,7.26,400838.0
2005-02-16,7.32,7.32,7.25,7.29,444063.0
2005-02-17,7.31,7.31,7.1,7.14,1159168.0
2005-02-18,7.11,7.2,7.11,7.19,959549.0
2005-02-21,7.19,7.42,7.19,7.38,1062998.0
2005-02-22,7.38,7.42,7.32,7.4,562902.0
2005-02-23,7.41,7.6,7.35,7.58,564706.0
2005-02-24,7.56,7.9,7.51,7.87,944726.0
2005-02-25,7.92,7.92,7.79,7.87,599053.0
2005-02-28,7.87,8.1,7.81,7.96,448344.0
2005-03-01,8.04,8.04,7.84,7.96,550609.0
2005-03-02,7.85,7.94,7.78,7.78,1139674.0
2005-03-03,7.74,7.87,7.73,7.83,342985.0
2005-03-04,7.77,7.95,7.77,7.91,436496.0
2005-03-07,7.92,8.24,7.92,8.18,1022284.0
2005-03-08,8.24,8.31,8.11,8.29,658554.0
2005-03-09,8.35,8.57,8.29,8.44,471303.0
2005-03-10,8.61,8.61,8.11,8.35,472621.0
2005-03-11,8.35,8.57,8.18,8.49,936231.0
2005-03-14,8.39,8.95,8.35,8.66,1037897.0
2005-03-15,8.66,8.71,8.53,8.58,578303.0
2005-03-16,8.51,8.61,8.41,8.58,682964.0
2005-03-17,8.55,8.84,8.46,8.7,501569.0
2005-03-18,8.7,8.72,8.51,8.63,240549.0
2005-03-21,8.61,8.69,8.42,8.61,270126.0
2005-03-22,8.61,9.04,8.57,8.93,1225920.0
2005-03-23,8.95,9.19,8.92,8.98,1255123.0
2005-03-24,8.97,9.0,8.51,8.61,916267.0
2005-03-25,8.61,8.77,8.46,8.66,232946.0
2005-03-28,8.66,9.04,8.61,8.99,242851.0
2005-03-29,8.99,9.14,8.79,8.81,244856.0
2005-03-30,8.79,8.79,8.62,8.67,248040.0
2005-03-31,8.61,8.83,8.57,8.81,150718.0
2005-04-01,8.8,9.17,8.79,8.97,341085.0
2005-04-04,8.97,9.17,8.87,9.14,542751.0
2005-04-05,9.19,9.34,9.1,9.15,490233.0
2005-04-06,9.19,9.39,9.08,9.37,567488.0
2005-04-07,9.37,9.61,9.15,9.17,1243752.0
2005-04-08,9.17,9.17,8.85,9.14,450513.0
2005-04-11,9.12,9.12,8.73,8.83,912619.0
2005-04-12,8.83,8.84,8.67,8.71,199491.0
2005-04-13,8.84,9.04,8.79,8.95,868912.0
2005-04-14,8.95,9.0,8.81,8.97,191460.0
2005-04-15,9.06,9.06,8.88,8.93,163559.0
2005-04-18,8.91,8.92,8.7,8.71,295745.0
2005-04-19,8.7,8.75,8.5,8.51,780795.0
2005-04-20,8.51,8.6,8.48,8.58,535762.0
2005-04-21,8.53,8.88,8.51,8.84,280896.0
2005-04-22,8.85,8.92,8.77,8.81,352043.0
2005-04-25,8.99,9.61,8.9,9.52,1270437.0
2005-04-26,9.52,9.8,9.48,9.57,1360923.0
2005-04-27,9.5,9.73,9.49,9.67,747270.0
2005-04-28,9.67,9.8,9.56,9.7,852121.0
2005-04-29,9.58,9.73,9.52,9.7,682503.0
2005-05-09,9.61,9.69,9.39,9.43,765575.0
2005-05-10,9.34,9.39,9.12,9.28,644694.0
2005-05-11,9.28,9.28,9.01,9.04,678491.0
2005-05-12,8.88,9.24,8.8,8.95,1425051.0
2005-05-13,8.88,9.13,8.79,8.92,1507669.0
2005-05-16,8.88,9.03,8.82,8.95,259641.0
2005-05-17,8.97,9.17,8.95,9.09,772452.0
2005-05-18,9.13,9.14,8.52,8.79,967809.0
2005-05-19,8.79,9.09,8.61,9.0,512332.0
2005-05-20,8.97,9.18,8.97,9.0,584502.0
2005-05-23,8.97,9.13,8.79,8.86,261457.0
2005-05-24,8.86,8.91,8.8,8.82,137917.0
2005-05-25,8.8,8.81,8.72,8.75,320833.0
2005-05-26,8.77,8.79,8.39,8.43,1063427.0
2005-05-27,8.33,8.4,8.08,8.2,1594979.0
2005-05-30,8.06,8.28,7.93,8.18,903473.0
2005-05-31,8.18,8.28,8.11,8.16,1187976.0
2005-06-01,8.17,8.24,7.97,8.18,865843.0
2005-06-02,8.15,8.15,7.42,7.53,2529774.0
2005-06-03,7.42,7.78,7.25,7.72,714669.0
2005-06-06,7.66,8.2,7.57,8.17,421356.0
2005-06-07,8.23,8.46,8.18,8.28,598946.0
2005-06-08,8.2,9.11,8.2,9.05,1103910.0
2005-06-09,9.03,9.19,8.79,8.85,777000.0
2005-06-10,8.81,8.95,8.53,8.61,416509.0
2005-06-13,8.63,8.79,8.52,8.65,706973.0
2005-06-14,8.61,8.87,8.61,8.73,727149.0
2005-06-15,8.63,8.79,8.62,8.72,159677.0
2005-06-16,8.73,8.88,8.7,8.88,593153.0
2005-06-17,8.88,8.97,8.72,8.88,326299.0
2005-06-20,8.97,9.72,8.88,9.48,1236889.0
2005-06-21,9.43,9.52,9.26,9.3,259792.0
2005-06-22,9.3,9.61,9.3,9.58,612174.0
2005-06-23,9.57,9.63,9.46,9.54,527645.0
2005-06-24,9.46,9.63,8.99,9.61,615049.0
2005-06-27,9.67,10.06,9.59,10.04,1082423.0
2005-06-28,9.89,9.98,9.71,9.78,376636.0
2005-06-30,9.7,9.95,9.7,9.82,1277817.0
2005-07-01,10.07,10.07,9.38,9.59,610431.0
2005-07-04,9.52,9.67,9.43,9.57,301851.0
2005-07-05,9.52,9.52,9.44,9.52,224838.0
2005-07-06,9.48,9.52,9.15,9.21,631676.0
2005-07-07,9.15,9.33,9.09,9.25,578532.0
2005-07-08,9.18,9.56,9.18,9.5,693076.0
2005-07-11,9.52,9.72,9.48,9.51,656277.0
2005-07-12,9.5,9.83,9.38,9.8,571243.0
2005-07-13,9.78,9.79,9.25,9.61,385796.0
2005-07-14,9.52,9.7,9.52,9.69,201266.0
2005-07-15,9.61,9.76,9.61,9.7,100290.0
2005-07-18,9.69,9.74,9.62,9.65,156407.0
2005-07-19,9.65,9.77,9.63,9.69,132540.0
2005-07-20,9.69,9.7,9.51,9.54,301229.0
2005-07-21,9.54,9.62,9.39,9.52,253682.0
2005-07-22,9.52,9.68,9.44,9.53,609596.0
2005-07-25,9.52,9.57,9.35,9.4,696189.0
2005-07-26,9.34,9.54,9.34,9.48,800824.0
2005-07-27,9.57,9.74,9.52,9.68,536982.0
2005-07-28,9.68,9.79,9.62,9.76,859252.0
2005-07-29,9.71,9.8,9.7,9.73,242518.0
2005-08-01,9.75,9.85,9.7,9.81,384030.0
2005-08-02,9.8,9.83,9.66,9.77,426287.0
2005-08-03,9.74,9.83,9.7,9.81,818421.0
2005-08-04,9.83,10.22,9.83,10.16,1056044.0
2005-08-05,10.34,10.52,10.2,10.34,636516.0
2005-08-08,10.35,10.42,9.93,10.22,854555.0
2005-08-09,10.2,10.2,10.0,10.07,584198.0
2005-08-10,10.0,10.31,10.0,10.24,580027.0
2005-08-11,10.2,10.51,10.2,10.5,1359360.0
2005-08-12,10.5,10.51,10.28,10.42,471545.0
2005-08-15,10.4,10.77,10.2,10.64,702040.0
2005-08-16,10.64,10.64,10.41,10.53,575151.0
2005-08-17,11.02,11.58,10.31,10.82,1250674.0
2005-08-18,10.97,11.04,10.42,10.44,1098909.0
2005-08-19,10.39,10.52,10.35,10.44,497271.0
2005-08-22,10.42,10.6,10.31,10.53,692987.0
2005-08-23,10.46,10.66,10.46,10.64,478600.0
2005-08-24,10.64,10.69,10.54,10.63,321412.0
2005-08-25,10.63,10.66,10.55,10.63,354008.0
2005-08-26,10.58,10.81,10.58,10.74,458241.0
2005-08-29,10.75,10.84,10.73,10.79,512830.0
2005-08-30,10.78,10.83,10.66,10.73,245326.0
2005-08-31,10.66,10.86,10.64,10.83,239434.0
2005-09-01,10.81,11.16,10.81,11.09,548726.0
2005-09-02,11.04,11.34,11.04,11.21,499816.0
2005-09-05,11.2,11.44,11.2,11.3,391058.0
2005-09-06,11.3,11.37,11.09,11.11,319483.0
2005-09-07,11.11,11.23,11.09,11.21,518627.0
2005-09-08,11.21,11.21,11.02,11.09,630752.0
2005-09-09,11.09,11.1,10.86,11.04,425447.0
2005-09-12,11.04,11.04,10.83,11.0,159547.0
2005-09-13,10.93,11.26,10.93,11.26,490115.0
2005-09-14,11.24,11.35,11.11,11.28,329947.0
2005-09-15,11.25,11.38,11.17,11.25,174066.0
2005-09-16,11.23,11.35,11.23,11.3,321733.0
2005-09-19,11.22,11.39,11.17,11.19,204025.0
2005-09-20,11.21,11.21,11.13,11.19,179522.0
2005-09-21,11.1,11.22,10.97,11.02,294927.0
2005-09-22,10.95,11.08,10.68,10.87,335826.0
2005-09-23,10.84,10.97,10.72,10.85,306446.0
2005-09-26,10.85,10.94,10.75,10.77,176660.0
2005-09-27,10.76,10.81,10.68,10.7,170921.0
2005-09-28,10.65,10.86,10.65,10.81,233695.0
2005-09-29,10.85,11.04,10.82,11.02,208496.0
2005-09-30,11.02,11.02,10.75,10.97,332415.0
2005-10-10,10.88,11.02,10.78,10.78,264795.0
2005-10-11,10.75,10.85,10.69,10.83,135909.0
2005-10-12,10.86,10.86,10.51,10.53,832795.0
2005-10-13,10.54,10.62,10.36,10.44,1090753.0
2005-10-14,10.42,10.52,10.04,10.1,494258.0
2005-10-17,10.01,10.31,9.95,10.13,946838.0
2005-10-18,10.13,10.4,10.13,10.4,964218.0
2005-10-19,10.44,10.52,10.3,10.4,792451.0
2005-10-20,10.36,10.44,10.21,10.25,572162.0
2005-10-21,10.22,10.3,10.2,10.27,339538.0
2005-10-24,10.24,10.45,10.24,10.43,444467.0
2005-10-25,10.49,10.6,10.49,10.56,1159486.0
2005-10-26,10.56,10.58,10.49,10.55,963579.0
2005-10-27,10.54,10.54,10.32,10.41,974815.0
2005-10-28,10.42,10.66,10.42,10.54,698231.0
2005-10-31,10.53,10.82,10.44,10.68,668572.0
2005-11-01,10.73,10.76,10.6,10.71,854288.0
2005-11-02,10.64,10.76,10.55,10.68,276609.0
2005-11-03,10.73,10.74,10.46,10.47,253970.0
2005-11-04,10.47,10.55,10.29,10.48,489562.0
2005-11-07,10.31,10.42,10.29,10.4,247517.0
2005-11-08,10.4,10.43,10.39,10.4,607730.0
2005-11-09,10.46,10.53,10.31,10.36,602073.0
2005-11-10,10.4,10.4,10.23,10.34,395013.0
2005-11-11,10.25,10.34,10.2,10.28,292691.0
2005-11-14,10.21,10.27,10.1,10.11,216289.0
2005-11-15,10.14,10.17,10.07,10.07,776760.0
2005-11-16,10.06,10.19,9.98,10.17,724856.0
2005-11-17,10.15,10.17,9.58,9.97,1100802.0
2005-11-18,9.98,10.15,9.76,10.04,694123.0
2005-11-21,9.98,10.14,9.93,10.12,457517.0
2005-11-22,10.08,10.33,9.87,10.23,353881.0
2005-11-23,10.14,10.29,10.11,10.26,137141.0
2005-11-24,10.2,10.2,9.98,10.06,1088295.0
2005-11-25,10.0,10.11,9.95,10.09,391387.0
2005-11-28,10.08,10.13,9.87,10.08,152378.0
2005-11-29,10.08,10.13,9.53,9.84,248880.0
2005-11-30,9.76,9.79,9.51,9.7,650820.0
2005-12-01,9.64,9.72,9.58,9.6,535424.0
2005-12-02,9.6,9.93,9.6,9.87,963383.0
2005-12-05,9.87,9.9,9.68,9.79,275743.0
2005-12-06,9.69,9.78,9.64,9.7,1491667.0
2005-12-07,9.64,9.78,9.64,9.7,430998.0
2005-12-08,9.65,9.76,9.65,9.67,365778.0
2005-12-09,9.69,9.69,9.49,9.51,1546206.0
2005-12-12,9.49,9.49,9.23,9.24,1510220.0
2005-12-13,9.25,9.3,8.98,9.17,2041441.0
2005-12-14,9.1,9.49,9.1,9.42,1797593.0
2005-12-15,9.43,9.51,9.31,9.5,593465.0
2005-12-16,9.49,9.68,9.42,9.64,667061.0
2005-12-19,9.64,9.77,9.59,9.72,470267.0
2005-12-20,9.76,9.77,9.53,9.62,454042.0
2005-12-21,9.56,9.67,9.47,9.52,495917.0
2005-12-22,9.46,9.67,9.42,9.58,334067.0
2005-12-23,9.51,9.8,9.51,9.77,629183.0
2005-12-26,9.8,9.87,9.71,9.8,699235.0
2005-12-27,9.82,9.97,9.78,9.96,729017.0
2005-12-28,9.97,10.09,9.92,10.08,625035.0
2005-12-29,10.09,10.38,10.09,10.37,1567435.0
2005-12-30,10.31,10.31,9.95,10.11,3664756.0
2006-01-04,10.07,10.07,9.78,9.82,3550713.0
2006-01-05,9.8,10.04,9.78,9.92,1699230.0
2006-01-06,9.93,10.08,9.83,10.03,1716230.0
2006-01-09,10.05,10.49,10.04,10.37,2077080.0
2006-01-10,10.42,10.55,10.32,10.41,1745682.0
2006-01-11,10.41,10.55,10.31,10.32,831515.0
2006-01-12,10.29,10.43,10.22,10.42,998972.0
2006-01-13,10.42,10.71,10.31,10.53,993688.0
2006-01-16,10.59,10.62,10.31,10.32,773084.0
2006-01-17,10.2,10.34,10.15,10.21,1382470.0
2006-01-18,10.2,10.41,10.2,10.23,970685.0
2006-01-19,10.37,10.38,10.15,10.22,728303.0
2006-01-20,10.22,10.28,10.06,10.19,1421637.0
2006-01-23,10.2,10.2,9.95,9.98,1328642.0
2006-01-24,9.98,10.26,9.98,10.09,1145289.0
2006-01-25,10.11,10.53,10.05,10.47,1573073.0
2006-02-06,10.54,10.58,10.31,10.51,1569141.0
2006-02-07,10.51,11.09,10.45,11.09,2866581.0
2006-02-08,11.01,11.11,10.84,11.05,2226437.0
2006-02-09,11.03,11.09,10.71,10.75,777030.0
2006-02-10,10.73,11.75,10.66,11.65,3187395.0
2006-02-13,12.81,12.81,12.81,12.81,1696600.0
2006-02-15,13.19,13.19,12.59,12.88,2899655.0
2006-02-16,12.78,13.3,12.7,13.01,1897750.0
2006-02-17,13.01,13.05,12.89,12.92,890782.0
2006-02-20,12.81,12.88,12.46,12.72,1084398.0
2006-02-21,12.61,12.98,12.61,12.98,1023900.0
2006-02-22,12.94,13.08,12.86,13.01,1033510.0
2006-02-23,13.02,13.86,12.92,13.81,1173027.0
2006-04-17,15.19,15.19,15.19,15.19,23810.0
2006-04-18,16.71,16.71,16.71,16.71,32444.0
2006-04-19,18.38,18.38,18.2,18.38,4396751.0
2006-04-20,19.95,19.95,17.75,18.63,5561501.0
2006-04-21,18.57,20.06,18.4,19.72,3188609.0
2006-04-24,19.84,20.35,19.36,19.76,3624898.0
2006-04-25,19.73,20.66,19.42,20.27,3970465.0
2006-05-25,23.49,24.53,19.89,20.66,19811697.0
2006-05-26,20.61,20.89,19.67,20.87,9180196.0
2006-05-29,20.88,22.96,20.88,22.96,8068362.0
2006-05-30,24.58,25.26,23.81,25.26,13875854.0
2006-05-31,25.29,27.09,24.47,25.06,15173103.0
2006-06-01,25.06,26.15,24.52,25.84,9033167.0
2006-06-02,25.84,25.84,24.32,24.59,7310473.0
2006-06-05,24.32,24.32,22.86,23.42,6874756.0
2006-06-06,23.08,23.08,22.44,22.47,5664197.0
2006-06-07,22.22,22.96,21.76,21.94,7100113.0
2006-06-08,21.83,22.49,21.4,22.3,5845435.0
2006-06-09,22.3,22.55,21.66,22.23,5841082.0
2006-06-12,21.92,23.59,21.66,23.53,7134449.0
2006-06-13,23.53,24.62,23.53,23.98,7482948.0
2006-06-14,23.75,24.64,22.7,24.43,6223384.0
2006-06-15,24.42,25.16,23.96,24.22,5131147.0
2006-06-16,24.21,24.69,24.11,24.39,4008029.0
2006-06-19,24.27,25.88,23.85,25.33,7630589.0
2006-06-20,25.13,25.5,24.9,25.24,3760892.0
2006-06-21,25.24,25.31,24.4,24.7,3632394.0
2006-06-22,24.53,24.78,24.37,24.41,2365379.0
2006-06-23,24.27,24.69,24.17,24.36,2792408.0
2006-06-26,24.37,25.24,24.37,24.91,4786959.0
2006-06-27,24.98,25.89,24.96,25.55,5146617.0
2006-06-28,25.5,25.5,24.84,24.97,2680057.0
2006-06-29,25.0,25.31,24.84,25.1,3719105.0
2006-06-30,25.18,25.44,24.43,24.76,3903278.0
2006-07-03,24.75,24.75,24.21,24.43,4828774.0
2006-07-04,24.27,24.56,23.83,24.53,5250666.0
2006-07-05,24.64,24.64,24.11,24.3,1557263.0
2006-07-06,24.27,24.58,24.06,24.36,2205560.0
2006-07-07,24.38,24.53,23.96,24.0,2802363.0
2006-07-10,23.95,23.95,23.41,23.5,2769775.0
2006-07-11,23.49,23.73,23.28,23.36,2721409.0
2006-07-12,23.33,23.36,22.73,22.96,3312513.0
2006-07-13,22.83,23.7,22.59,23.31,3942420.0
2006-07-14,23.07,23.36,22.77,23.26,1834374.0
2006-07-17,23.12,23.77,22.89,23.41,2568418.0
2006-07-18,23.39,23.41,22.98,23.13,1539232.0
2006-07-19,23.07,23.17,22.39,22.69,3132698.0
2006-07-20,22.67,23.17,22.38,23.12,1937201.0
2006-07-21,23.1,23.23,22.97,23.19,1075971.0
2006-07-24,23.02,24.46,22.86,24.12,4052541.0
2006-07-25,24.12,24.53,23.85,24.44,3254213.0
2006-07-26,24.44,24.53,23.93,24.27,1740430.0
2006-07-27,24.22,24.42,23.9,24.1,2451514.0
2006-07-28,24.01,24.06,23.62,23.75,2288646.0
2006-07-31,23.69,23.7,22.96,22.96,1594807.0
2006-08-01,22.96,23.49,22.91,23.35,1316838.0
2006-08-02,23.33,23.49,22.9,23.01,886022.0
2006-08-03,23.02,23.25,22.29,22.43,1665548.0
2006-08-04,22.44,22.64,21.92,22.28,1479341.0
2006-08-07,22.05,22.65,21.44,22.11,1414235.0
2006-08-08,21.92,22.57,21.92,22.55,777176.0
2006-08-09,22.57,23.12,22.44,22.89,1028841.0
2006-08-10,22.89,23.16,22.89,22.97,1310561.0
2006-08-11,23.01,23.23,22.99,23.01,724713.0
2006-08-14,23.01,23.11,22.55,22.87,1117366.0
2006-08-15,22.73,23.06,22.7,23.03,639825.0
2006-08-16,23.02,23.53,22.96,23.48,899888.0
2006-08-17,23.53,23.53,22.65,23.1,1092965.0
2006-08-18,22.91,23.2,22.74,23.03,338123.0
2006-08-21,22.43,23.07,22.36,23.05,729321.0
2006-08-22,22.96,23.67,22.96,23.59,1110875.0
2006-08-23,22.86,23.32,22.86,23.18,2105623.0
2006-08-24,22.96,23.17,22.9,23.02,1257407.0
2006-08-25,23.02,23.27,22.86,22.99,747487.0
2006-08-28,22.92,23.06,22.65,22.89,2557259.0
2006-08-29,22.95,24.12,22.94,23.83,3785440.0
2006-08-30,23.62,23.9,23.38,23.48,969292.0
2006-08-31,23.49,23.73,23.38,23.61,1235848.0
2006-09-01,23.67,23.68,23.42,23.52,1087394.0
2006-09-04,23.37,23.63,23.37,23.55,590376.0
2006-09-05,23.49,23.61,23.39,23.46,1235476.0
2006-09-06,23.43,23.72,23.38,23.55,1138069.0
2006-09-07,23.48,23.57,23.17,23.48,1051862.0
2006-09-08,23.23,23.43,23.05,23.2,589062.0
2006-09-11,23.07,23.18,22.91,23.03,830299.0
2006-09-12,23.03,23.03,22.81,22.86,1939305.0
2006-09-13,22.87,23.1,22.87,22.9,1842146.0
2006-09-14,22.96,24.08,22.55,24.06,6336687.0
2006-09-15,24.06,24.42,23.54,23.93,2924397.0
2006-09-18,23.95,24.06,23.63,23.92,3408476.0
2006-09-19,23.83,24.39,23.72,24.22,2999252.0
2006-09-20,24.16,24.7,24.05,24.53,2244246.0
2006-09-21,24.53,24.61,24.43,24.43,1631283.0
2006-09-22,24.41,24.53,24.06,24.43,1242597.0
2006-09-25,24.19,24.61,24.19,24.38,1047525.0
2006-09-26,24.36,24.36,23.99,24.0,1178972.0
2006-09-27,23.95,24.19,23.83,24.07,805218.0
2006-09-28,24.01,24.5,23.86,24.43,1677920.0
2006-09-29,24.43,24.99,24.27,24.76,2275622.0
2006-10-09,25.06,26.77,25.06,26.55,3797012.0
2006-10-10,26.88,27.4,26.36,26.48,2412448.0
2006-10-11,26.45,26.62,25.84,25.96,1211797.0
2006-10-12,25.96,26.23,25.62,25.9,1428689.0
2006-10-13,25.9,25.99,25.42,25.58,1489803.0
2006-10-16,25.57,25.57,24.43,24.74,3807675.0
2006-10-17,24.74,25.26,24.45,25.13,1537044.0
2006-10-18,25.05,26.21,24.79,26.0,2387883.0
2006-10-19,25.91,26.36,25.58,26.1,1661115.0
2006-10-20,26.08,26.17,25.87,25.89,1209540.0
2006-10-23,25.68,26.8,25.68,26.62,3899875.0
2006-10-24,26.64,27.44,26.51,27.22,2670912.0
2006-10-25,27.51,29.17,27.24,28.8,4747608.0
2006-10-26,28.71,28.89,28.18,28.71,2042850.0
2006-10-27,28.7,28.7,28.13,28.19,1479145.0
2006-10-30,28.18,28.37,27.82,28.21,1236943.0
2006-10-31,28.21,28.86,27.88,28.18,1126683.0
2006-11-01,27.98,28.18,27.65,27.77,1276204.0
2006-11-02,27.72,28.6,27.33,28.59,2331900.0
2006-11-03,28.7,28.96,28.03,28.59,1387640.0
2006-11-06,28.21,29.85,28.18,29.27,2674004.0
2006-11-07,29.28,29.7,28.97,29.12,2132645.0
2006-11-08,28.97,30.01,28.71,29.65,2534830.0
2006-11-09,29.52,29.85,29.29,29.84,1596243.0
2006-11-10,29.72,30.74,29.54,30.06,3315329.0
2006-11-13,30.01,30.01,29.18,29.7,2831549.0
2006-11-14,29.57,31.39,29.57,31.26,3130677.0
2006-11-15,31.57,32.88,31.11,32.28,3403376.0
2006-11-16,32.29,34.96,32.28,33.76,4862857.0
2006-11-17,33.91,34.19,32.88,33.7,3834146.0
2006-11-20,33.16,34.34,33.16,33.72,2706049.0
2006-11-21,33.75,33.78,32.36,32.95,3024121.0
2006-11-22,32.93,33.5,32.29,33.11,2890047.0
2006-11-23,32.89,33.66,32.89,33.12,1254785.0
2006-11-24,33.1,33.55,32.57,33.35,2349589.0
2006-11-27,33.35,34.27,33.29,33.56,1649849.0
2006-11-28,33.5,33.92,32.78,32.78,2832241.0
2006-11-29,32.36,34.53,31.8,33.62,2675401.0
2006-11-30,33.78,36.11,33.78,35.36,2101203.0
2006-12-01,35.36,37.42,35.36,36.01,4041469.0
2006-12-04,36.15,37.02,35.39,36.07,2688658.0
2006-12-05,35.96,37.2,35.91,36.58,3811783.0
2006-12-06,36.53,36.53,34.92,36.03,3749300.0
2006-12-07,35.76,36.59,35.76,36.29,2185538.0
2006-12-08,36.01,36.48,35.49,36.04,2206889.0
2006-12-11,35.54,37.84,35.54,37.74,2675430.0
2006-12-12,38.04,38.35,37.27,37.48,1176703.0
2006-12-13,37.72,37.81,36.88,37.21,3341653.0
2006-12-14,37.47,40.39,37.21,40.21,3762824.0
2006-12-15,40.19,41.73,39.68,41.3,2369730.0
2006-12-18,41.22,45.23,41.22,45.09,3523829.0
2006-12-19,45.09,46.35,43.78,44.1,3803816.0
2006-12-20,43.83,44.83,43.59,44.0,2519590.0
2006-12-21,44.0,44.62,43.06,43.31,3030146.0
2006-12-22,43.06,43.69,41.74,42.19,3043946.0
2006-12-25,42.31,43.94,42.31,43.43,2495441.0
2006-12-27,43.95,45.09,43.95,44.61,1985302.0
2006-12-28,44.78,44.89,43.58,44.61,2928105.0
2006-12-29,44.62,48.07,44.13,45.84,8297549.0
2007-01-04,46.98,47.07,44.62,44.8,4466467.0
2007-01-05,44.25,45.25,43.48,45.03,2780501.0
2007-01-08,45.04,45.2,43.78,44.29,4892359.0
2007-01-09,44.31,46.97,44.16,46.34,2830001.0
2007-01-10,46.45,47.23,45.72,46.44,2823940.0
2007-01-11,46.45,48.63,46.19,48.01,3748280.0
2007-01-12,47.97,50.73,46.97,50.61,3640208.0
2007-01-15,50.65,53.24,50.65,51.99,3067052.0
2007-01-16,51.86,52.6,50.25,51.01,3503970.0
2007-01-17,50.93,53.76,50.12,51.21,2591604.0
2007-01-18,51.15,55.06,50.63,54.92,3064535.0
2007-01-19,54.92,58.4,54.92,57.07,2225551.0
2007-01-22,57.46,60.54,57.41,59.08,2552122.0
2007-01-23,59.4,59.92,54.33,54.95,4178280.0
2007-01-24,55.06,58.98,55.06,57.3,1940422.0
2007-01-25,56.11,57.91,55.48,56.56,4484815.0
2007-01-26,55.85,57.39,51.15,56.83,3584570.0
2007-01-29,56.26,58.98,55.38,56.1,1856036.0
2007-01-30,55.71,57.99,55.57,57.28,2656109.0
2007-01-31,56.26,57.41,53.24,53.88,3326784.0
2007-02-01,52.19,55.31,51.93,54.8,2590975.0
2007-02-02,54.26,54.7,52.19,52.71,1498880.0
2007-02-05,52.71,52.71,50.48,50.63,1983799.0
2007-02-06,49.59,50.57,46.71,49.97,3952256.0
2007-02-07,49.68,52.18,49.59,50.87,1797622.0
2007-02-08,50.57,51.66,48.8,50.08,1837314.0
2007-02-09,49.68,50.41,48.54,49.15,1226217.0
2007-02-12,48.96,51.54,48.64,50.63,1251133.0
2007-02-13,51.09,52.11,50.63,52.09,1876710.0
2007-02-14,52.5,53.23,51.15,51.96,1561447.0
2007-02-15,52.53,54.79,52.2,53.87,1680518.0
2007-02-16,54.68,54.8,51.96,52.28,2507162.0
2007-02-26,52.09,52.09,50.11,50.64,1532146.0
2007-02-27,50.37,50.37,45.57,45.74,3186695.0
2007-03-01,50.31,50.31,48.48,50.31,4458245.0
2007-03-02,50.63,52.71,50.08,51.04,3477066.0
2007-03-05,51.1,51.1,49.48,49.53,2180501.0
2007-03-06,49.06,52.79,48.54,52.25,2435058.0
2007-03-07,52.87,53.99,52.2,52.95,2642534.0
2007-03-08,52.66,53.24,51.72,52.95,1380763.0
2007-03-09,52.25,53.49,51.72,52.2,1618595.0
2007-03-12,52.09,52.2,51.48,52.09,1944399.0
2007-03-13,51.65,52.09,50.12,51.36,1908052.0
2007-03-14,50.63,51.15,49.74,50.12,2160027.0
2007-03-15,49.58,51.15,49.58,50.85,2097319.0
2007-03-16,51.04,51.15,49.64,50.95,1463493.0
2007-03-19,49.59,51.26,49.48,50.83,2595161.0
2007-03-20,50.8,50.89,49.3,49.38,2118752.0
2007-03-21,49.4,50.26,47.82,49.06,2828956.0
2007-03-22,49.17,49.52,48.02,49.32,3139702.0
2007-03-23,48.81,49.64,48.12,49.58,3027938.0
2007-03-26,49.48,49.53,48.9,49.07,2265620.0
2007-03-27,48.94,49.06,47.94,48.43,3719764.0
2007-03-28,48.47,48.98,47.5,48.59,3492636.0
2007-03-29,48.63,50.36,48.16,50.3,4941537.0
2007-03-30,50.41,50.44,48.64,49.32,3098507.0
2007-04-02,49.58,49.59,47.97,49.0,2825719.0
2007-04-03,49.0,49.9,48.07,49.52,4280091.0
2007-04-04,49.58,51.14,49.58,50.8,4080726.0
2007-04-05,50.56,50.56,49.44,49.76,3746014.0
2007-04-06,49.37,49.59,48.8,49.06,2761536.0
2007-04-09,49.35,50.42,48.49,49.58,6283418.0
2007-04-10,49.7,50.0,49.11,49.26,6304682.0
2007-04-11,49.56,49.56,48.49,49.0,5382825.0
2007-04-12,48.9,52.25,48.53,51.59,7645857.0
2007-04-13,51.67,55.0,50.63,53.73,8478318.0
2007-04-16,53.18,54.25,52.45,53.1,3781242.0
2007-04-17,53.24,53.99,50.63,51.51,4461885.0
2007-04-18,51.51,51.51,49.84,50.41,4878084.0
2007-04-19,49.95,50.11,47.7,48.43,3988171.0
2007-04-20,48.54,49.84,48.49,49.36,4151694.0
2007-04-23,49.36,50.01,48.54,49.89,4748675.0
2007-04-24,50.06,50.09,48.81,49.31,3947857.0
2007-04-25,49.32,50.52,48.85,50.1,3782234.0
2007-04-26,50.15,51.4,49.58,50.8,3369828.0
2007-04-27,50.77,50.79,48.86,48.95,2647491.0
2007-04-30,48.54,50.82,48.3,49.8,4355729.0
2007-05-08,50.42,51.1,49.86,50.37,4602697.0
2007-05-09,50.37,50.37,46.92,48.02,15177660.0
2007-05-14,48.85,52.6,48.11,49.26,13187045.0
2007-05-15,49.31,49.31,47.42,47.46,7103792.0
2007-05-16,47.44,49.37,47.34,48.84,5043288.0
2007-05-17,48.72,52.22,48.71,51.68,9518160.0
2007-05-18,51.31,52.77,50.63,51.37,5183691.0
2007-05-21,49.74,51.76,49.13,50.43,4150822.0
2007-05-22,50.16,50.37,49.16,49.5,5990195.0
2007-05-23,49.4,51.67,49.4,50.61,4033890.0
2007-05-24,50.87,51.99,50.44,51.86,5579895.0
2007-05-25,52.21,57.05,52.21,55.53,8310533.0
2007-05-28,55.59,58.06,55.57,57.57,5551105.0
2007-05-29,57.67,60.23,56.52,57.01,4294511.0
2007-05-30,54.28,56.88,52.09,53.22,7290654.0
2007-06-01,56.9,58.54,56.47,57.64,6966650.0
2007-06-04,57.77,60.13,54.02,55.13,5694906.0
2007-06-05,53.76,55.84,49.62,55.36,5294878.0
2007-06-06,54.8,56.89,53.25,55.07,3138434.0
2007-06-07,55.07,56.11,54.37,55.15,5337084.0
2007-06-08,55.74,56.1,54.8,55.8,3581908.0
2007-06-11,56.16,61.38,55.83,61.38,5409546.0
2007-06-12,62.63,63.94,60.05,62.86,4419028.0
2007-06-13,62.37,64.43,61.59,62.56,3868378.0
2007-06-14,62.01,67.85,61.74,65.32,3488110.0
2007-06-15,64.7,65.87,64.61,65.7,1489786.0
2007-06-18,66.01,68.6,65.3,66.26,2172221.0
2007-06-19,65.54,66.28,63.68,64.41,2794684.0
2007-06-20,63.95,66.27,63.26,64.42,1917026.0
2007-06-21,63.47,65.13,63.15,64.63,1940141.0
2007-06-22,64.65,65.45,62.11,63.06,1785337.0
2007-06-25,62.68,64.99,61.85,62.16,3275657.0
2007-06-26,62.05,63.15,60.32,62.75,1227169.0
2007-06-27,63.26,65.04,62.21,64.97,2376647.0
2007-06-28,65.19,65.5,63.43,63.61,2621217.0
2007-06-29,62.37,64.43,61.67,62.46,1549939.0
2007-07-02,62.11,62.63,60.02,62.15,1960022.0
2007-07-03,62.21,62.37,60.54,61.7,1100903.0
2007-07-04,61.7,62.32,60.65,61.13,1155694.0
2007-07-05,60.54,61.59,59.04,59.52,1704363.0
2007-07-06,59.29,61.61,59.29,61.52,1559604.0
2007-07-09,61.69,63.0,61.33,62.71,1164344.0
2007-07-10,62.63,62.63,61.07,61.59,979370.0
2007-07-11,61.07,61.07,59.92,60.46,1212996.0
2007-07-12,60.54,60.79,59.44,59.69,1473914.0
2007-07-13,59.88,60.64,59.82,60.12,916686.0
2007-07-16,60.38,60.38,58.41,58.44,1074733.0
2007-07-17,58.4,60.5,57.4,60.46,1506588.0
2007-07-18,59.78,61.45,58.82,60.96,1135686.0
2007-07-19,60.44,62.53,60.39,62.36,1474677.0
2007-07-20,61.91,63.28,61.44,62.99,1429446.0
2007-07-23,63.44,66.51,62.52,65.88,1909284.0
2007-07-24,65.96,66.17,64.54,64.83,1310379.0
2007-07-25,64.33,65.12,63.8,64.06,1524167.0
2007-07-26,64.53,65.64,64.17,64.61,1305304.0
2007-07-27,63.31,64.32,62.5,62.75,1631215.0
2007-07-30,62.75,65.96,62.6,65.32,2787699.0
2007-07-31,65.05,68.27,64.71,67.78,2716592.0
2007-08-01,67.74,68.27,65.65,66.18,1996605.0
2007-08-02,66.43,69.06,66.43,68.22,2052129.0
2007-08-03,68.21,73.04,68.09,72.52,3410698.0
2007-08-06,72.54,73.51,71.43,72.51,1746992.0
2007-08-07,72.5,72.98,71.66,72.74,2387426.0
2007-08-08,72.74,76.66,71.29,72.92,1294506.0
2007-08-09,74.89,76.86,73.52,75.93,1547505.0
2007-08-10,75.7,76.41,72.99,73.5,2384176.0
2007-08-13,73.51,73.51,70.03,72.33,1914059.0
2007-08-14,71.42,72.47,70.48,71.91,1614446.0
2007-08-15,71.9,73.78,70.63,71.42,2351953.0
2007-08-16,70.64,72.47,69.06,70.9,2130630.0
2007-08-17,71.51,74.14,70.64,70.98,2416437.0
2007-08-20,72.0,76.04,72.0,75.35,1875135.0
2007-08-21,75.37,78.77,75.37,77.74,1881098.0
2007-08-22,76.67,82.34,76.41,81.52,2619515.0
2007-08-23,81.51,84.65,80.87,84.0,1926367.0
2007-08-24,83.97,85.07,81.92,82.53,2063017.0
2007-08-27,82.45,84.01,81.4,81.43,2082282.0
2007-08-28,80.88,81.92,80.4,80.76,1720550.0
2007-08-29,80.23,82.69,79.82,80.66,1199701.0
2007-08-30,80.82,81.81,80.58,81.39,919487.0
2007-08-31,81.4,84.08,80.87,83.99,1000740.0
2007-09-03,84.5,85.81,83.76,83.93,1874914.0
2007-09-04,83.81,83.81,79.3,80.24,4722008.0
2007-09-05,80.3,81.37,78.03,79.72,2287969.0
2007-09-06,79.82,79.82,78.19,78.77,2752558.0
2007-09-07,78.77,78.77,75.57,75.86,3301169.0
2007-09-10,73.65,75.78,73.65,74.63,4080208.0
2007-09-11,74.57,76.92,74.57,75.52,2586608.0
2007-09-12,75.1,76.67,73.69,75.47,1219184.0
2007-09-13,75.62,75.88,74.05,75.54,2116570.0
2007-09-14,75.62,78.77,74.43,77.93,3662580.0
2007-09-17,77.72,80.34,76.54,79.81,3881924.0
2007-09-18,79.93,79.93,76.08,76.92,1483666.0
2007-09-19,76.2,76.41,73.4,74.31,2901321.0
2007-09-20,74.42,76.59,74.42,76.16,1290305.0
2007-09-21,76.18,76.4,74.47,76.07,1278793.0
2007-09-24,75.62,76.57,73.79,74.31,3170462.0
2007-09-25,74.29,75.25,72.77,74.0,3024982.0
2007-09-26,73.0,77.46,73.0,76.5,3095959.0
2007-09-27,76.5,77.46,74.86,76.72,1271470.0
2007-09-28,76.66,80.14,76.42,79.02,2693713.0
2007-10-08,79.57,81.3,77.2,77.27,2339280.0
2007-10-09,76.93,84.55,76.93,83.37,3771099.0
2007-10-10,84.4,88.43,82.45,86.37,2265111.0
2007-10-11,86.56,92.95,86.39,90.99,3055829.0
2007-10-12,91.95,94.74,88.22,93.9,2600908.0
2007-10-15,92.48,101.88,92.48,99.03,2090812.0
2007-10-16,99.25,99.25,95.11,97.17,2109353.0
2007-10-17,96.63,96.63,95.05,95.58,1470772.0
2007-10-18,93.83,95.58,91.37,92.84,1995408.0
2007-10-19,92.69,97.68,92.69,94.61,1772868.0
2007-10-22,93.48,95.58,92.16,93.95,779737.0
2007-10-23,96.36,101.35,96.26,98.73,2229093.0
2007-10-24,98.75,104.5,88.85,100.82,2546944.0
2007-10-25,99.25,103.98,97.68,101.75,2035328.0
2007-10-26,100.17,102.93,97.21,102.42,2001033.0
2007-10-29,101.36,103.72,99.19,100.17,1107361.0
2007-10-30,100.84,101.87,96.27,98.41,1256486.0
2007-10-31,98.63,101.04,98.63,100.31,1081422.0
2007-11-01,101.09,101.09,96.57,97.06,962049.0
2007-11-02,96.1,97.04,93.48,96.66,1383580.0
2007-11-05,96.63,97.68,94.53,95.58,527930.0
2007-11-06,94.57,97.48,94.57,95.54,245919.0
2007-11-07,95.84,97.15,93.16,93.83,908571.0
2007-11-08,93.85,94.52,90.33,91.39,572311.0
2007-11-09,90.34,93.11,89.54,90.07,512665.0
2007-11-12,90.12,90.64,87.96,89.44,1522422.0
2007-11-13,90.32,96.07,90.32,93.36,2391144.0
2007-11-14,93.36,98.39,93.36,98.19,1116403.0
2007-11-15,98.24,98.24,96.21,96.63,1055782.0
2007-11-16,96.36,96.36,94.17,94.52,371566.0
2007-11-19,94.53,97.68,93.27,95.84,539734.0
2007-11-20,95.84,97.68,95.58,97.42,947292.0
2007-11-21,97.68,98.36,95.83,96.93,1241100.0
2007-11-22,95.58,96.63,93.35,93.61,772689.0
2007-11-23,93.48,95.05,90.59,91.37,769224.0
2007-11-26,93.21,94.52,91.9,94.17,865649.0
2007-11-27,93.95,96.63,92.69,95.64,1103638.0
2007-11-28,94.63,95.68,90.32,92.76,1140600.0
2007-11-29,91.91,94.0,90.58,92.16,1846321.0
2007-11-30,93.37,93.37,90.85,91.11,1427292.0
2007-12-03,90.6,91.9,90.59,91.44,851564.0
2007-12-04,91.64,93.74,91.64,92.69,900989.0
2007-12-05,92.74,97.15,92.74,96.11,992985.0
2007-12-06,97.14,97.14,95.31,96.83,527399.0
2007-12-07,97.09,101.88,97.09,101.37,1161519.0
2007-12-11,104.5,108.28,104.24,105.93,2970227.0
2007-12-12,105.76,108.28,105.01,105.97,2528187.0
2007-12-13,105.03,106.87,103.45,105.29,1743749.0
2007-12-14,104.5,114.42,103.47,113.43,1600346.0
2007-12-17,112.96,118.16,108.7,110.81,1745132.0
2007-12-18,108.76,108.76,103.98,105.55,1850765.0
2007-12-19,107.02,108.13,103.45,106.58,1393365.0
2007-12-20,108.07,108.31,105.05,107.01,690341.0
2007-12-21,107.13,111.54,107.13,110.82,951587.0
2007-12-24,113.37,113.4,109.74,109.95,2120379.0
2007-12-25,109.95,114.68,109.95,113.69,1715678.0
2007-12-26,113.42,117.37,112.93,116.59,1459384.0
2007-12-27,116.58,118.31,114.06,118.08,2190698.0
2007-12-28,116.37,120.84,114.36,120.78,2662799.0
2008-01-02,119.21,120.23,116.06,116.59,1908575.0
2008-01-03,116.74,119.21,111.21,112.46,2979946.0
2008-01-04,111.33,113.47,109.23,113.03,3330368.0
2008-01-07,113.16,115.01,110.26,111.5,3040917.0
2008-01-08,110.81,114.27,109.54,112.92,3221828.0
2008-01-09,111.27,113.93,111.27,112.93,1200960.0
2008-01-10,113.43,115.3,112.07,114.0,2082664.0
2008-01-11,114.48,115.45,111.33,113.44,1981108.0
2008-01-14,118.16,120.05,114.74,117.69,4292507.0
2008-01-15,117.84,121.07,117.84,119.92,2130322.0
2008-01-16,119.1,119.21,116.58,117.02,2241908.0
2008-01-17,117.36,117.37,113.43,114.48,3161352.0
2008-01-18,114.51,115.27,111.86,112.89,2041694.0
2008-01-21,113.14,114.1,108.7,110.81,2498681.0
2008-01-22,108.69,115.51,105.55,110.56,4490866.0
2008-01-23,112.43,115.69,111.67,115.59,2314633.0
2008-01-24,116.58,117.79,113.96,116.58,1848556.0
2008-01-25,116.53,118.42,113.43,114.95,1799311.0
2008-01-28,113.17,115.53,109.7,112.8,1417041.0
2008-01-29,112.83,114.48,111.86,113.15,1010703.0
2008-01-30,113.96,113.96,108.28,112.78,2933197.0
2008-01-31,110.8,111.86,108.18,108.2,1390499.0
2008-02-01,107.65,107.65,104.45,106.35,2146695.0
2008-02-04,107.45,112.72,107.13,111.32,2954633.0
2008-02-05,111.33,111.33,109.23,109.95,847830.0
2008-02-13,109.23,109.23,106.08,106.6,497172.0
2008-02-14,107.65,108.13,106.13,106.66,755616.0
2008-02-15,106.59,106.6,103.98,105.6,1281110.0
2008-02-18,105.97,108.76,105.97,108.68,1257682.0
2008-02-19,108.68,109.23,106.6,108.7,728733.0
2008-02-20,108.7,110.23,107.73,108.23,970139.0
2008-02-21,109.49,109.7,107.55,107.89,1220408.0
2008-02-22,107.66,108.43,103.45,105.34,1942193.0
2008-02-25,104.98,105.03,102.93,103.38,1121779.0
2008-02-26,103.98,105.21,97.62,98.62,3514323.0
2008-02-27,98.2,102.4,96.21,100.92,1211616.0
2008-02-28,100.93,101.88,98.74,99.78,722637.0
2008-02-29,100.04,102.92,98.78,102.4,711440.0
2008-03-03,107.18,112.64,107.18,112.64,1778317.0
2008-03-04,118.59,120.21,113.98,116.02,3789826.0
2008-03-05,116.01,118.73,114.22,115.88,1403869.0
2008-03-06,115.89,117.63,113.85,113.97,819736.0
2008-03-07,113.56,113.7,109.81,111.94,1489627.0
2008-03-10,110.28,112.92,108.81,110.06,1067285.0
2008-03-11,108.97,113.69,108.21,112.79,1137728.0
2008-03-12,114.48,114.89,109.42,111.46,611960.0
2008-03-13,104.04,112.91,100.32,111.7,1669009.0
2008-03-14,110.17,110.17,107.12,107.68,1185808.0
2008-03-17,105.04,107.12,104.24,105.4,1718918.0
2008-03-18,103.37,105.03,97.68,99.54,3022486.0
2008-03-19,99.26,102.4,98.78,100.34,1857929.0
2008-03-20,99.72,102.93,94.26,101.32,1475599.0
2008-03-21,102.04,103.45,100.41,101.71,399904.0
2008-03-24,101.88,103.12,99.57,100.99,935677.0
2008-03-25,98.73,100.82,97.68,98.18,1128782.0
2008-03-26,98.46,99.78,96.1,97.41,447511.0
2008-03-27,95.05,98.72,95.0,95.08,1892465.0
2008-03-28,95.31,98.52,94.53,97.98,671620.0
2008-03-31,97.57,99.51,96.1,98.57,1502108.0
2008-04-01,99.51,99.51,95.58,96.97,1367900.0
2008-04-02,96.63,99.25,90.33,95.88,1643103.0
2008-04-03,94.0,95.58,91.9,93.48,1341976.0
2008-04-07,92.95,97.41,91.9,97.04,2196869.0
2008-04-08,96.89,101.35,95.58,100.58,1305819.0
2008-04-09,99.09,99.78,96.02,96.34,1250713.0
2008-04-10,95.58,96.1,92.37,93.68,2040977.0
2008-04-11,93.74,94.0,91.9,92.24,2395773.0
2008-04-14,91.89,91.89,88.06,88.27,2168437.0
2008-04-15,87.7,88.49,84.81,88.42,2014840.0
2008-04-16,88.22,90.85,86.15,88.81,1563877.0
2008-04-17,89.54,91.37,87.23,88.81,1040105.0
2008-04-18,87.51,90.59,86.12,89.31,1376797.0
2008-04-21,94.53,96.1,87.18,90.08,1452256.0
2008-04-22,87.17,90.32,81.4,86.75,2212942.0
2008-04-23,84.76,90.85,82.45,89.81,1266988.0
2008-04-24,96.1,98.79,92.95,97.66,3932187.0
2008-04-25,96.63,96.63,93.37,93.38,2384507.0
2008-04-28,92.42,93.2,89.36,92.74,1277232.0
2008-04-29,90.33,93.35,90.33,92.72,614926.0
2008-04-30,92.77,97.1,92.77,96.17,1188327.0
2008-05-05,96.31,97.46,95.51,96.45,808973.0
2008-05-06,96.1,96.1,93.52,94.41,848761.0
2008-05-07,93.48,95.37,92.15,92.18,735375.0
2008-05-08,91.89,94.42,89.8,94.02,886066.0
2008-05-09,94.52,94.52,92.17,93.34,577401.0
2008-05-12,91.63,95.86,90.74,95.05,920633.0
2008-05-13,92.68,96.05,92.0,93.98,514506.0
2008-05-14,93.11,95.21,93.01,94.92,600844.0
2008-05-15,95.58,98.46,94.0,96.41,1469044.0
2008-05-16,96.1,97.68,95.6,96.07,467332.0
2008-05-19,96.07,96.07,94.03,94.53,382832.0
2008-05-20,93.53,95.16,90.85,90.9,992735.0
2008-05-21,90.11,92.95,89.27,91.19,1954296.0
2008-05-22,91.03,91.9,88.45,90.77,753639.0
2008-05-23,89.28,90.85,89.27,90.32,1289114.0
2008-05-26,89.27,90.85,89.27,90.77,735452.0
2008-05-27,89.79,91.37,89.06,89.17,1545589.0
2008-05-29,89.21,90.32,87.83,89.19,943131.0
2008-05-30,89.12,89.54,87.7,88.3,520308.0
2008-06-02,88.64,90.32,86.12,89.89,842312.0
2008-06-03,89.27,90.32,89.02,89.69,657703.0
2008-06-04,88.24,89.27,88.06,88.32,677030.0
2008-06-05,88.22,89.74,86.49,86.64,392205.0
2008-06-06,86.64,86.65,84.55,86.03,781469.0
2008-06-10,83.53,84.54,81.98,82.88,1271558.0
2008-06-11,82.36,82.97,80.87,82.7,912631.0
2008-06-12,82.7,82.7,77.41,79.41,1378990.0
2008-06-13,77.78,79.51,77.78,78.5,618634.0
2008-06-16,78.0,78.16,76.28,76.31,1021954.0
2008-06-17,75.79,75.79,73.99,74.97,1747415.0
2008-06-18,74.1,76.57,73.71,76.2,1759240.0
2008-06-19,76.47,76.47,73.93,74.18,697038.0
2008-06-20,73.93,76.77,73.51,76.0,1417752.0
2008-06-23,74.99,74.99,70.77,71.24,1540615.0
2008-06-24,68.71,72.61,67.6,72.15,2205273.0
2008-06-25,71.4,76.57,70.77,76.32,1278254.0
2008-06-26,77.37,78.16,75.25,76.86,775352.0
2008-06-27,75.2,75.86,73.41,74.07,1626046.0
2008-06-30,72.88,74.99,72.41,73.18,849792.0
2008-07-01,73.18,73.18,71.82,72.19,767765.0
2008-07-02,72.09,72.87,71.3,71.88,604580.0
2008-07-03,71.15,75.52,70.99,74.48,789510.0
2008-07-04,74.48,75.12,73.42,74.61,398205.0
2008-07-07,74.61,77.37,73.93,77.11,1251457.0
2008-07-08,77.03,78.0,75.65,75.93,1364836.0
2008-07-09,76.32,78.16,76.32,77.0,1018303.0
2008-07-10,76.57,77.8,76.2,77.13,717003.0
2008-07-11,76.58,77.51,76.05,76.32,301677.0
2008-07-14,76.56,77.89,75.94,77.68,525811.0
2008-07-15,77.69,78.25,76.47,76.75,573525.0
2008-07-16,76.47,78.28,75.52,77.97,901048.0
2008-07-17,78.0,83.33,78.0,81.96,1801551.0
2008-07-18,80.8,83.7,80.53,83.42,921966.0
2008-07-21,82.79,85.55,82.38,85.29,819227.0
2008-07-22,85.29,87.13,83.44,83.95,427627.0
2008-07-23,83.5,84.24,81.87,82.76,452493.0
2008-07-24,83.07,85.29,83.07,85.2,444681.0
2008-07-25,84.54,86.08,83.77,85.29,527951.0
2008-07-28,85.74,86.34,85.29,85.55,256285.0
2008-07-29,85.55,86.07,83.71,85.44,359419.0
2008-07-30,85.56,85.71,83.97,85.0,349929.0
2008-07-31,84.6,85.0,83.71,84.44,475142.0
2008-08-01,83.87,85.02,82.74,83.99,323571.0
2008-08-04,83.02,84.47,82.81,82.99,285052.0
2008-08-05,82.75,83.49,82.38,82.59,236338.0
2008-08-06,83.11,83.6,82.15,83.15,330257.0
2008-08-07,82.67,83.43,80.53,81.08,427944.0
2008-08-08,80.9,81.47,79.64,80.55,611698.0
2008-08-11,78.69,80.8,77.1,77.14,799941.0
2008-08-12,76.52,78.69,75.58,77.97,453050.0
2008-08-13,77.62,78.46,77.26,78.14,637325.0
2008-08-14,78.15,80.59,77.46,78.69,1297055.0
2008-08-15,78.69,80.8,78.21,80.15,554096.0
2008-08-18,80.15,80.75,77.21,77.33,333925.0
2008-08-19,75.04,77.53,75.04,76.06,627008.0
2008-08-20,75.56,80.8,75.56,79.88,725041.0
2008-08-21,78.96,80.8,76.58,78.09,514322.0
2008-08-22,78.14,78.62,76.13,76.72,291123.0
2008-08-25,76.66,77.05,75.26,76.16,477613.0
2008-08-26,76.16,76.16,73.3,73.94,470471.0
2008-08-27,72.95,75.25,71.28,71.37,453888.0
2008-08-28,73.92,74.99,71.82,72.09,963350.0
2008-08-29,72.34,74.46,71.82,73.93,917211.0
2008-09-01,73.77,74.09,71.56,71.64,1385644.0
2008-09-02,71.64,71.64,67.51,68.65,2662945.0
2008-09-03,67.87,68.02,66.38,67.15,3545636.0
2008-09-04,67.15,68.65,66.86,68.36,805584.0
2008-09-05,67.46,69.6,66.59,69.31,860680.0
2008-09-08,69.38,70.0,68.08,68.95,804867.0
2008-09-09,68.15,70.47,68.15,70.13,414508.0
2008-09-10,69.44,71.82,69.44,70.12,660379.0
2008-09-11,70.7,70.7,69.71,69.9,465700.0
2008-09-12,69.87,70.94,69.87,70.24,620163.0
2008-09-16,70.12,70.14,68.13,69.3,1375774.0
2008-09-17,69.35,70.13,67.49,67.69,852372.0
2008-09-18,67.33,67.6,62.41,63.8,3058171.0
2008-09-19,70.18,70.18,68.65,70.18,4674712.0
2008-09-22,72.82,76.05,70.09,70.15,5648653.0
2008-09-23,68.69,68.69,63.4,63.54,3495594.0
2008-09-24,62.84,66.95,60.83,66.79,1419794.0
2008-09-25,66.8,69.44,66.8,68.22,1506991.0
2008-09-26,68.6,70.7,68.6,69.65,1368966.0
2008-10-06,69.07,69.66,66.01,67.16,610171.0
2008-10-07,66.02,66.54,63.92,65.51,995724.0
2008-10-08,64.37,64.96,63.44,63.53,1034410.0
2008-10-09,64.53,64.59,62.05,62.08,876721.0
2008-10-10,60.2,60.63,58.15,58.83,1354716.0
2008-10-13,58.62,58.93,53.97,58.87,2209322.0
2008-10-14,61.35,62.02,56.22,56.3,1184398.0
2008-10-15,54.81,56.5,54.13,55.04,884236.0
2008-10-16,53.07,54.97,52.28,53.12,1506136.0
2008-10-17,52.83,53.33,49.96,51.7,2881243.0
2008-10-20,50.58,51.65,49.38,51.09,3044762.0
2008-10-21,51.06,52.8,49.91,49.97,1308180.0
2008-10-22,49.52,51.23,49.05,50.9,1900644.0
2008-10-23,49.64,52.39,49.64,52.36,1465493.0
2008-10-24,52.81,52.99,50.17,51.9,897561.0
2008-10-27,50.17,51.49,47.58,48.19,2774307.0
2008-10-28,47.49,49.8,46.48,49.79,1399519.0
2008-10-29,49.64,50.72,48.61,50.26,1222683.0
2008-10-30,50.69,50.96,49.33,50.33,1015716.0
2008-10-31,49.8,50.22,48.62,48.69,870573.0
2008-11-03,48.07,49.38,48.07,48.43,630617.0
2008-11-04,48.48,48.65,47.34,47.43,1107660.0
2008-11-05,47.85,49.96,47.52,49.65,1165566.0
2008-11-06,48.58,49.11,47.58,47.72,599739.0
2008-11-07,46.78,47.26,44.47,45.3,3506714.0
2008-11-10,45.67,48.36,45.42,47.86,4070807.0
2008-11-11,47.21,47.21,46.15,46.27,2710401.0
2008-11-12,45.34,46.57,44.68,46.47,1840088.0
2008-11-13,45.94,47.53,44.89,47.33,3513508.0
2008-11-14,47.56,52.06,47.56,52.06,4730806.0
2008-11-17,52.81,54.14,51.75,53.65,2590585.0
2008-11-18,53.34,53.34,49.69,51.02,3008889.0
2008-11-19,51.02,54.41,50.54,54.09,1698748.0
2008-11-20,52.81,54.5,51.93,52.88,1567803.0
2008-11-21,51.74,54.66,50.52,53.09,2391762.0
2008-11-24,53.27,53.87,52.55,52.66,940207.0
2008-11-25,52.81,53.87,51.57,52.37,987335.0
2008-11-26,52.31,53.01,52.09,52.36,734047.0
2008-11-27,54.96,56.51,53.63,54.59,2677180.0
2008-11-28,53.97,54.37,52.94,53.76,1221804.0
2008-12-01,53.55,54.55,52.83,54.5,788328.0
2008-12-02,53.36,55.51,53.36,55.42,1488514.0
2008-12-03,55.45,57.15,55.45,56.93,1436995.0
2008-12-04,57.83,60.88,57.83,59.66,2633055.0
2008-12-05,58.89,62.36,58.86,60.97,1838462.0
2008-12-08,62.47,63.79,60.81,62.84,1742992.0
2008-12-09,62.88,63.15,60.63,61.27,1301335.0
2008-12-10,60.73,61.73,60.64,61.36,1349502.0
2008-12-11,61.55,63.69,61.26,62.28,2015809.0
2008-12-12,61.61,62.74,58.54,58.62,1631445.0
2008-12-15,59.15,61.82,59.14,60.35,1400771.0
2008-12-16,59.97,61.42,58.53,60.29,1236738.0
2008-12-17,60.31,62.05,60.31,61.05,1001362.0
2008-12-18,61.05,62.66,61.05,62.3,1177063.0
2008-12-19,62.53,63.11,61.26,62.12,1062197.0
2008-12-22,62.69,62.69,60.89,61.45,902842.0
2008-12-23,61.14,61.45,58.57,59.1,1827166.0
2008-12-24,58.62,59.67,57.98,58.8,787763.0
2008-12-25,59.14,59.14,57.56,58.11,902853.0
2008-12-26,57.67,58.88,57.67,58.12,894460.0
2008-12-29,57.79,58.35,55.53,57.43,3002856.0
2008-12-30,57.38,57.56,56.51,57.37,2182996.0
2008-12-31,57.14,57.82,56.77,57.4,1831313.0
2009-01-05,57.83,58.66,56.51,57.24,1350550.0
2009-01-06,56.77,57.67,55.6,57.41,3815408.0
2009-01-07,57.52,57.56,56.35,56.4,1523802.0
2009-01-08,55.58,57.34,55.03,57.31,1863467.0
2009-01-09,56.81,57.32,56.51,56.66,1180016.0
2009-01-12,56.5,56.92,55.8,55.93,1666790.0
2009-01-13,55.44,55.97,53.61,53.79,1809911.0
2009-01-14,53.47,54.92,52.59,53.87,3200370.0
2009-01-15,53.76,53.76,52.7,52.79,2982065.0
2009-01-16,52.8,55.13,52.75,53.61,9459955.0
2009-01-19,54.08,54.82,53.71,54.06,4856293.0
2009-01-20,54.02,54.02,52.79,53.65,4910405.0
2009-01-21,52.81,53.32,52.28,52.66,6052648.0
2009-01-22,52.81,53.44,52.76,53.23,2129344.0
2009-01-23,53.07,55.09,53.07,54.5,3274252.0
2009-02-02,55.18,55.18,52.81,53.51,3088726.0
2009-02-03,53.54,55.18,52.85,54.97,4812665.0
2009-02-04,55.03,56.65,55.03,56.13,4287890.0
2009-02-05,56.32,58.41,55.98,56.53,3823158.0
2009-02-06,56.52,59.14,56.52,58.73,3966141.0
2009-02-09,59.41,61.79,59.41,61.68,4543559.0
2009-02-10,61.52,61.52,60.2,61.24,2761349.0
2009-02-11,60.72,66.3,60.2,63.42,4038656.0
2009-02-12,63.37,64.16,62.58,63.65,5447034.0
2009-02-13,63.42,64.96,63.38,64.65,2492019.0
2009-02-16,65.19,66.17,63.95,64.8,2725648.0
2009-02-17,65.38,68.62,65.38,66.6,5652541.0
2009-02-18,65.48,66.54,63.84,64.09,4558128.0
2009-02-19,63.64,65.43,63.64,64.36,2467779.0
2009-02-20,64.42,67.22,64.42,66.05,3392422.0
2009-02-23,66.1,67.65,65.19,67.48,1944278.0
2009-02-24,67.33,69.71,66.88,68.01,3693633.0
2009-02-25,68.65,68.65,64.96,67.33,2691796.0
2009-02-26,66.8,68.6,64.16,64.65,2711209.0
2009-02-27,63.13,64.96,62.17,62.54,4117059.0
2009-03-02,61.79,62.54,60.66,61.8,2717285.0
2009-03-03,60.84,61.68,60.1,60.69,1878013.0
2009-03-04,61.0,66.7,60.69,65.92,4224525.0
2009-03-05,65.96,66.8,63.38,64.43,2353230.0
2009-03-06,63.37,63.79,62.15,62.43,2066413.0
2009-03-09,62.44,63.11,60.67,60.68,2315203.0
2009-03-10,60.15,62.95,59.99,62.38,1578292.0
2009-03-11,63.37,63.84,61.26,62.04,881494.0
2009-03-12,61.3,62.2,60.27,61.23,1129627.0
2009-03-13,61.68,62.05,60.09,60.11,2003820.0
2009-03-16,60.12,60.67,59.15,60.4,1339542.0
2009-03-17,60.44,62.84,60.2,61.97,1834473.0
2009-03-18,62.27,62.79,61.24,61.3,1776703.0
2009-03-19,61.52,62.99,61.31,62.73,1889193.0
2009-03-20,63.27,63.36,61.89,62.25,1539612.0
2009-03-23,62.31,62.94,62.0,62.68,3246311.0
2009-03-24,63.64,65.27,62.51,62.68,3529464.0
2009-03-25,61.26,61.26,59.49,60.21,8621716.0
2009-03-26,60.21,60.26,58.5,59.41,5929248.0
2009-03-27,59.92,60.73,59.57,60.19,4207572.0
2009-03-30,60.2,60.73,59.2,60.23,2426944.0
2009-03-31,59.85,60.68,59.67,60.59,2642862.0
2009-04-01,60.72,61.6,60.68,61.4,4038757.0
2009-04-02,61.55,63.05,61.55,62.32,3743051.0
2009-04-03,62.9,63.66,61.47,61.56,4144100.0
2009-04-07,61.56,62.41,61.47,62.32,2141919.0
2009-04-08,62.32,62.47,61.2,61.82,2565313.0
2009-04-09,61.72,62.31,61.37,62.21,1835185.0
2009-04-10,62.74,63.64,62.2,63.07,4063061.0
2009-04-13,63.68,65.06,63.68,64.46,3668776.0
2009-04-14,64.46,64.51,62.74,63.64,3802377.0
2009-04-15,63.35,64.05,62.05,63.7,3836163.0
2009-04-16,63.38,63.79,62.45,63.24,3863241.0
2009-04-17,63.02,65.14,62.47,63.98,3830956.0
2009-04-20,64.53,67.23,63.98,67.14,3241949.0
2009-04-21,66.13,67.39,66.07,67.34,3892770.0
2009-04-22,67.69,69.03,65.22,65.39,3970610.0
2009-04-23,64.69,65.43,63.37,64.2,2249701.0
2009-04-24,64.42,65.95,64.42,64.49,2271987.0
2009-04-27,64.16,64.18,62.0,62.57,2867031.0
2009-04-28,61.72,62.62,60.15,60.88,3430733.0
2009-04-29,60.88,61.95,60.86,61.67,3107715.0
2009-04-30,61.89,61.9,60.73,61.44,2051448.0
2009-05-04,61.73,63.04,61.44,62.96,2355551.0
2009-05-05,63.37,63.79,62.52,62.86,2269054.0
2009-05-06,62.64,62.84,61.73,61.92,3806462.0
2009-05-07,62.21,62.8,61.08,61.79,3472362.0
2009-05-08,61.52,62.1,60.94,62.06,3100720.0
2009-05-11,62.05,62.62,61.39,61.48,3277361.0
2009-05-12,61.0,62.08,60.89,61.52,2598890.0
2009-05-13,61.79,61.84,60.85,61.09,3579244.0
2009-05-14,60.73,61.58,60.63,61.44,2150481.0
2009-05-15,61.66,61.78,61.05,61.26,1679862.0
2009-05-18,61.21,62.68,61.11,62.55,3507236.0
2009-05-19,62.65,62.87,61.52,61.94,2655401.0
2009-05-20,61.82,62.28,61.25,61.3,1471127.0
2009-05-21,61.15,61.78,60.31,60.42,2578840.0
2009-05-25,59.58,59.95,59.18,59.86,3367628.0
2009-05-26,59.86,60.5,59.63,59.65,1680681.0
2009-05-27,59.74,61.01,59.65,60.61,2763000.0
2009-06-01,60.74,62.37,60.58,62.19,4592011.0
2009-06-02,61.8,63.88,61.8,63.31,5016813.0
2009-06-03,63.31,63.47,62.22,63.22,2924590.0
2009-06-04,63.27,63.38,62.26,62.98,4653332.0
2009-06-05,62.66,68.49,62.66,66.57,7774093.0
2009-06-08,67.17,68.15,66.01,67.39,3688621.0
2009-06-09,67.39,71.29,67.17,69.31,7330385.0
2009-06-10,69.54,70.25,68.66,69.34,2647692.0
2009-06-11,69.33,72.09,69.33,70.39,3973846.0
2009-06-12,70.59,71.72,68.23,68.97,2703533.0
2009-06-15,68.68,72.14,68.68,71.95,4408128.0
2009-06-16,71.72,72.43,70.76,71.66,2003920.0
2009-06-17,71.48,73.14,71.4,72.69,2258367.0
2009-06-18,72.35,73.14,71.56,72.81,4119002.0
2009-06-19,72.34,73.24,71.61,72.31,1853345.0
2009-06-22,72.61,72.98,70.17,70.22,2118112.0
2009-06-23,69.6,71.03,68.42,70.43,2758804.0
2009-06-24,70.4,70.76,69.19,69.7,2093623.0
2009-06-25,70.23,71.93,69.71,71.76,2183414.0
2009-06-26,71.82,72.88,71.82,72.35,1826249.0
2009-06-29,72.88,78.69,72.51,78.01,3801548.0
2009-06-30,78.42,79.37,76.47,78.16,2455349.0
2009-07-01,78.03,78.77,77.17,77.52,1935675.0
2009-07-02,77.5,80.35,76.48,78.75,2699019.0
2009-07-03,78.24,79.31,77.39,77.67,2573876.0
2009-07-06,77.18,77.7,76.01,76.6,2949182.0
2009-07-07,76.61,78.78,76.12,77.46,2740569.0
2009-07-08,76.38,77.26,75.31,76.61,2651579.0
2009-07-09,76.22,79.03,76.22,78.36,3464234.0
2009-07-10,78.56,81.7,78.44,80.99,2977018.0
2009-07-13,81.09,81.97,79.48,81.58,3976567.0
2009-07-14,81.54,82.15,80.9,81.59,2664455.0
2009-07-15,81.59,82.12,79.82,79.85,3159841.0
2009-07-16,80.11,80.37,78.75,79.01,3643057.0
2009-07-17,79.16,80.1,78.61,78.73,1410005.0
2009-07-20,78.77,79.63,78.23,78.83,3873799.0
2009-07-21,79.25,79.94,78.23,78.41,4222026.0
2009-07-22,78.24,78.98,77.55,78.46,2503621.0
2009-07-23,78.69,78.77,77.71,77.86,1724952.0
2009-07-24,78.02,80.26,77.86,78.24,4537056.0
2009-07-27,78.5,81.7,78.5,81.49,6453123.0
2009-07-28,81.49,84.61,81.22,81.54,3622961.0
2009-07-29,81.59,83.11,76.64,78.78,3695563.0
2009-07-30,80.74,80.74,77.98,79.75,2755049.0
2009-07-31,80.36,80.36,79.12,79.85,3299219.0
2009-08-03,80.9,84.4,80.9,82.88,4445840.0
2009-08-04,83.57,83.57,81.22,82.04,2143538.0
2009-08-05,82.34,87.23,82.34,87.17,5544896.0
2009-08-06,85.7,88.62,85.21,87.86,3944209.0
2009-08-07,88.78,90.48,85.99,87.23,5786746.0
2009-08-10,87.29,87.82,84.56,87.02,2929893.0
2009-08-11,87.23,91.81,86.04,90.48,3630736.0
2009-08-12,90.43,93.41,86.22,88.49,4140439.0
2009-08-13,86.69,88.49,85.05,86.73,3376867.0
2009-08-14,86.75,86.75,83.03,83.98,2470694.0
2009-08-17,82.55,83.81,78.71,79.59,2975040.0
2009-08-18,79.04,80.99,78.78,79.92,2983979.0
2009-08-19,80.89,82.55,78.77,79.63,3357636.0
2009-08-20,79.31,81.17,78.77,80.9,3459953.0
2009-08-21,80.91,83.56,80.38,83.3,2474337.0
2009-08-24,83.56,84.62,83.32,84.31,1341758.0
2009-08-25,84.04,84.04,80.96,82.98,2450125.0
2009-08-26,81.72,85.43,81.72,84.73,2235461.0
2009-08-27,84.56,86.59,84.1,85.87,2216114.0
2009-08-28,85.69,86.6,84.63,84.77,2404913.0
2009-08-31,84.1,84.1,79.57,79.83,3733394.0
2009-09-01,79.84,82.66,79.82,80.66,2063249.0
2009-09-02,80.36,80.88,79.6,80.27,1615629.0
2009-09-03,79.86,82.77,79.85,82.56,1915657.0
2009-09-04,82.49,83.03,81.43,82.7,2155402.0
2009-09-07,83.25,88.09,83.18,86.17,3884516.0
2009-09-08,86.17,89.52,84.69,88.59,3449008.0
2009-09-09,88.59,89.95,86.22,87.47,3120277.0
2009-09-10,87.45,88.41,86.49,88.33,1325477.0
2009-09-11,88.3,89.42,87.24,88.76,1347190.0
2009-09-14,89.45,89.95,88.78,88.93,1555148.0
2009-09-15,88.99,89.85,87.41,88.11,1781601.0
2009-09-16,87.84,88.83,86.69,87.69,1343134.0
2009-09-17,87.72,88.22,87.51,87.7,1669416.0
2009-09-18,87.72,87.74,86.22,86.64,1841155.0
2009-09-21,85.87,88.14,84.73,88.05,2612924.0
2009-09-22,87.88,91.38,87.54,90.26,4097482.0
2009-09-23,90.32,90.96,87.82,87.92,2121493.0
2009-09-24,87.82,87.82,85.03,86.02,1878660.0
2009-09-25,86.22,88.71,86.22,87.55,1852804.0
2009-09-28,87.61,88.63,87.29,87.34,1345344.0
2009-09-29,87.29,87.82,85.96,86.35,1542377.0
2009-09-30,87.28,88.77,86.76,87.75,1288249.0
2009-10-09,88.78,89.95,88.73,89.61,1250608.0
2009-10-12,89.95,90.48,88.83,88.9,876204.0
2009-10-13,88.36,89.68,87.56,88.3,1023723.0
2009-10-14,88.6,88.61,86.82,87.44,3729999.0
2009-10-15,87.75,87.75,85.38,85.77,2811233.0
2009-10-16,85.76,86.22,84.71,85.15,2798654.0
2009-10-19,85.27,86.49,84.6,86.49,4363978.0
2009-10-20,86.6,88.14,85.7,88.05,4078812.0
2009-10-21,87.82,87.82,85.59,85.63,3808393.0
2009-10-22,85.21,86.21,84.09,84.59,3681739.0
2009-10-23,84.59,85.27,84.26,84.79,4651561.0
2009-10-26,85.14,85.15,83.17,83.35,4564431.0
2009-10-27,83.35,83.56,82.77,83.03,2542841.0
2009-10-28,83.08,84.02,82.92,83.79,1914190.0
2009-10-29,83.24,84.3,82.82,83.22,2056523.0
2009-10-30,83.83,84.04,83.19,83.89,2750385.0
2009-11-02,83.03,85.21,82.75,85.17,3202027.0
2009-11-03,85.16,85.91,84.66,85.1,2011889.0
2009-11-04,85.09,86.76,84.63,86.51,3361238.0
2009-11-05,86.49,86.94,85.96,86.4,2002860.0
2009-11-06,86.82,86.86,85.33,85.71,2642166.0
2009-11-09,85.71,86.12,84.79,85.1,1847589.0
2009-11-10,85.39,86.02,84.63,85.35,3287833.0
2009-11-11,85.24,88.25,85.24,86.98,4275738.0
2009-11-12,87.0,89.21,86.86,88.62,4262095.0
2009-11-13,88.67,90.64,87.94,89.72,5010775.0
2009-11-16,89.89,93.43,89.89,92.55,4148038.0
2009-11-17,92.61,93.14,89.84,92.61,2939921.0
2009-11-18,91.98,92.82,90.94,90.99,1644019.0
2009-11-19,91.06,91.97,90.06,90.54,1710850.0
2009-11-20,90.5,90.75,89.66,89.88,2313306.0
2009-11-23,90.0,91.55,89.86,91.43,3533050.0
2009-11-24,92.02,94.27,90.27,90.4,4337935.0
2009-11-25,90.43,93.08,90.43,92.64,3223322.0
2009-11-26,93.09,93.09,89.63,89.68,2650131.0
2009-11-27,89.59,89.74,87.85,87.93,2466989.0
2009-11-30,88.88,92.85,88.03,92.56,4374659.0
2009-12-01,91.95,94.85,91.56,94.34,3957941.0
2009-12-02,94.34,94.44,92.55,93.75,2059622.0
2009-12-03,93.67,93.69,91.36,92.56,2500586.0
2009-12-04,92.56,92.56,89.96,90.96,3103525.0
2009-12-07,95.81,96.37,93.04,93.96,4568280.0
2009-12-08,93.98,94.74,92.35,92.91,2614410.0
2009-12-09,92.61,92.85,91.44,91.98,1782365.0
2009-12-10,92.62,92.9,91.75,92.84,1640437.0
2009-12-11,93.15,93.66,92.35,93.1,1659376.0
2009-12-14,93.41,93.41,92.01,92.81,2118208.0
2009-12-15,92.88,93.14,91.47,92.04,2079146.0
2009-12-16,92.03,92.03,89.84,90.16,3265028.0
2009-12-17,90.54,90.54,88.41,88.53,2795703.0
2009-12-18,88.35,88.4,87.02,87.96,1830917.0
2009-12-21,88.35,90.07,88.35,89.3,1812323.0
2009-12-22,89.52,89.68,88.09,88.82,1626432.0
2009-12-23,88.8,89.47,88.37,89.25,2091885.0
2009-12-24,88.89,92.57,88.79,91.79,3820366.0
2009-12-25,91.79,92.08,90.05,90.72,3184660.0
2009-12-28,90.59,91.53,90.22,90.7,2790543.0
2009-12-29,91.28,91.41,90.38,91.12,2152713.0
2009-12-30,91.28,91.28,89.42,89.99,4825415.0
2009-12-31,90.07,90.51,89.84,90.39,2993429.0
2010-01-04,91.55,91.55,90.12,90.45,4430488.0
2010-01-05,91.01,91.28,89.95,90.18,3151318.0
2010-01-06,89.95,90.22,88.52,88.76,3988903.0
2010-01-07,88.76,88.99,86.16,87.14,4882555.0
2010-01-08,87.29,87.29,85.21,86.22,3670209.0
2010-01-11,87.08,87.77,85.43,85.85,2446103.0
2010-01-12,85.93,88.44,85.49,88.17,3106340.0
2010-01-13,87.28,87.9,85.69,85.93,3792444.0
2010-01-14,86.22,90.06,86.22,89.71,4645464.0
2010-01-15,89.69,92.28,89.69,90.41,4593850.0
2010-01-18,90.48,91.69,90.43,91.0,2146153.0
2010-01-19,91.01,91.28,90.22,90.36,1781891.0
2010-01-20,90.44,90.56,88.25,88.31,2097295.0
2010-01-21,88.28,89.62,88.09,88.74,1725748.0
2010-01-22,88.67,89.04,86.17,87.36,2543294.0
2010-01-25,87.21,89.05,86.5,88.38,2323915.0
2010-01-26,89.56,90.57,87.61,88.73,3288916.0
2010-01-27,88.37,89.3,87.08,87.28,1931657.0
2010-01-28,87.21,90.67,87.02,90.06,3026752.0
2010-01-29,90.46,90.59,89.25,89.71,3717282.0
2010-02-01,89.89,90.26,88.89,89.89,2965594.0
2010-02-02,89.42,90.48,88.51,88.63,1549353.0
2010-02-03,88.47,89.47,87.4,88.32,2303465.0
2010-02-04,88.3,90.08,87.89,89.74,2247533.0
2010-02-05,89.21,91.48,88.89,91.15,2623430.0
2010-02-08,91.15,93.46,90.76,91.14,3149610.0
2010-02-09,91.55,92.26,90.77,91.07,1415124.0
2010-02-10,91.55,91.86,90.86,91.46,639814.0
2010-02-11,91.44,92.85,91.33,92.28,1494505.0
2010-02-12,92.6,92.72,91.65,92.13,934640.0
2010-02-22,92.08,92.13,89.99,89.99,1217808.0
2010-02-23,90.08,90.75,87.66,88.75,2356213.0
2010-02-24,88.76,89.74,88.09,89.38,990427.0
2010-02-25,88.83,90.48,88.83,89.55,1531396.0
2010-02-26,89.94,89.94,88.67,88.8,1033858.0
2010-03-01,88.59,89.13,88.35,88.48,2173474.0
2010-03-02,88.68,88.77,87.77,88.14,1718223.0
2010-03-03,88.35,88.48,87.78,88.17,1423286.0
2010-03-04,88.36,88.81,87.29,87.9,1416897.0
2010-03-05,87.9,88.06,87.44,87.51,977055.0
2010-03-08,87.54,87.81,86.65,86.85,2325944.0
2010-03-09,86.86,87.13,86.6,86.85,1234097.0
2010-03-10,86.9,87.13,86.7,87.11,1181406.0
2010-03-11,87.21,87.53,86.53,86.76,1351856.0
2010-03-12,86.77,87.11,86.01,86.18,1219227.0
2010-03-15,86.18,86.18,84.04,84.47,1580851.0
2010-03-16,84.47,84.97,84.04,84.6,776413.0
2010-03-17,84.62,85.47,84.57,85.43,1871093.0
2010-03-18,85.47,85.89,83.96,84.31,1472662.0
2010-03-19,84.56,84.81,84.1,84.5,1336163.0
2010-03-22,84.76,84.95,83.93,84.1,2300846.0
2010-03-23,83.99,84.35,83.52,83.71,1832990.0
2010-03-24,83.87,85.04,83.86,84.71,2017566.0
2010-03-25,84.57,84.57,83.99,84.04,981360.0
2010-03-26,84.19,85.63,84.14,84.98,2052737.0
2010-03-29,85.0,86.21,84.63,86.08,3147543.0
2010-03-30,86.1,86.2,84.89,85.17,1901210.0
2010-03-31,85.14,86.02,84.36,84.5,1490516.0
2010-04-01,84.51,85.43,84.5,85.19,2398083.0
2010-04-02,84.1,84.1,80.69,81.24,15428170.0
2010-04-06,80.85,81.43,80.53,80.82,5312291.0
2010-04-07,80.83,81.35,80.49,80.97,4106108.0
2010-04-08,80.99,80.99,79.84,80.11,3292119.0
2010-04-09,79.84,80.16,78.66,79.38,5441818.0
2010-04-12,79.41,79.72,78.12,78.4,3851423.0
2010-04-13,78.45,80.36,78.19,79.77,5430527.0
2010-04-14,80.3,80.3,78.91,80.11,4636844.0
2010-04-15,80.18,80.18,78.24,78.5,4061730.0
2010-04-16,78.49,79.58,78.13,78.76,2939556.0
2010-04-19,78.78,79.6,77.63,77.79,4133219.0
2010-04-20,77.71,77.71,74.58,76.39,4938723.0
2010-04-21,76.38,78.89,75.43,78.78,6336587.0
2010-04-22,78.43,79.44,77.72,79.07,3706395.0
2010-04-23,78.77,79.63,76.17,76.55,6668694.0
2010-04-26,73.98,74.29,72.87,72.88,10703613.0
2010-04-27,72.86,72.86,70.63,70.76,5823448.0
2010-04-28,70.26,71.0,69.73,70.33,2628743.0
2010-04-29,70.56,71.99,70.56,71.45,3450120.0
2010-04-30,69.95,69.95,68.0,68.68,8556670.0
2010-05-04,68.12,68.96,67.54,68.47,2397516.0
2010-05-05,68.02,69.85,67.76,69.61,3383878.0
2010-05-06,69.73,69.73,67.76,67.78,2824034.0
2010-05-07,67.06,69.39,66.8,69.2,3125476.0
2010-05-10,70.26,72.39,70.26,71.08,6619258.0
2010-05-11,72.17,72.39,70.7,71.14,3363241.0
2010-05-12,70.94,71.32,69.19,70.89,2164319.0
2010-05-13,70.91,72.23,70.91,71.78,2704954.0
2010-05-14,71.79,72.44,71.32,71.83,1812616.0
2010-05-17,71.69,71.69,68.98,69.09,1764359.0
2010-05-18,69.19,69.71,67.16,69.25,2603747.0
2010-05-19,69.46,69.83,68.14,69.1,1079897.0
2010-05-20,68.9,70.97,68.67,69.98,2274045.0
2010-05-21,68.87,71.64,68.38,71.43,2734138.0
2010-05-24,71.85,72.65,71.48,72.37,2978347.0
2010-05-25,72.17,72.17,69.59,69.86,2205077.0
2010-05-26,69.99,70.61,69.28,70.23,1102531.0
2010-05-31,71.06,71.97,70.19,70.19,2354988.0
2010-06-01,70.12,71.03,69.46,70.59,2352557.0
2010-06-02,70.56,71.53,70.07,71.41,2188944.0
2010-06-03,71.85,72.65,71.0,71.87,2494942.0
2010-06-04,71.82,73.66,71.43,73.51,3003643.0
2010-06-07,72.92,75.72,72.39,75.08,3812507.0
2010-06-08,75.08,75.52,73.98,74.58,1439478.0
2010-06-09,74.63,75.9,74.56,75.27,1805393.0
2010-06-10,75.26,75.9,74.8,75.23,1178127.0
2010-06-11,75.35,75.85,73.75,73.83,1957275.0
2010-06-17,74.09,74.24,72.55,72.64,1252371.0
2010-06-18,72.39,72.81,69.73,70.4,2010229.0
2010-06-21,70.47,71.59,69.83,71.56,1895401.0
2010-06-22,70.93,71.29,69.94,70.36,2077910.0
2010-06-23,70.26,70.73,69.95,70.1,1281276.0
2010-06-24,70.21,70.51,69.02,69.18,2434403.0
2010-06-25,69.09,69.73,68.57,69.47,1901135.0
2010-06-28,69.3,69.31,68.03,68.13,1481698.0
2010-06-29,68.4,68.87,66.8,67.21,2778266.0
2010-06-30,67.06,67.86,66.88,67.79,1782412.0
2010-07-01,68.05,68.05,67.33,67.61,744969.0
2010-07-02,67.36,68.71,67.36,67.96,1645270.0
2010-07-05,67.96,68.12,66.92,67.59,1404074.0
2010-07-06,67.64,68.85,67.15,68.55,1530643.0
2010-07-07,68.55,69.04,67.96,68.4,878828.0
2010-07-08,68.29,69.04,68.29,68.94,851641.0
2010-07-09,69.08,71.02,68.61,70.41,2737851.0
2010-07-12,70.27,71.61,70.14,70.22,1783426.0
2010-07-13,70.24,70.24,69.04,69.6,743911.0
2010-07-14,69.52,70.46,69.32,69.97,964266.0
2010-07-15,70.11,71.56,70.03,70.82,1883333.0
2010-07-16,70.32,72.17,70.15,71.89,3294951.0
2010-07-19,71.48,73.17,71.4,72.96,1941232.0
2010-07-20,73.05,73.76,72.36,73.34,2688619.0
2010-07-21,73.34,75.43,73.34,74.07,2436302.0
2010-07-22,74.57,74.57,73.49,74.12,1622166.0
2010-07-23,74.24,75.76,74.24,75.59,3846600.0
2010-07-26,75.59,76.71,75.35,75.73,2201691.0
2010-07-27,75.27,76.38,75.27,76.29,2522904.0
2010-07-28,76.61,76.84,76.02,76.79,2774035.0
2010-07-29,76.79,76.88,74.76,74.9,4537287.0
2010-07-30,74.83,74.83,73.87,74.5,2943877.0
2010-08-02,74.48,78.04,74.48,77.12,4296573.0
2010-08-03,76.83,77.79,76.29,76.43,1757323.0
2010-08-04,76.29,77.47,76.14,77.37,1735013.0
2010-08-05,77.41,80.24,77.41,79.6,4196613.0
2010-08-06,79.4,79.94,79.08,79.62,2184053.0
2010-08-09,79.65,81.78,79.65,81.45,3870373.0
2010-08-10,81.45,82.51,78.71,78.85,2873994.0
2010-08-11,78.44,80.05,78.44,79.43,1519063.0
2010-08-12,79.4,81.61,78.55,80.01,3102587.0
2010-08-13,79.98,81.37,79.68,80.8,1577559.0
2010-08-16,80.81,82.35,80.81,82.14,2591045.0
2010-08-17,82.09,83.94,81.93,83.32,3574757.0
2010-08-18,83.26,84.03,81.82,82.11,3017378.0
2010-08-19,82.13,82.68,80.85,81.26,3543714.0
2010-08-20,81.23,81.23,79.77,79.99,2084159.0
2010-08-23,79.65,81.07,79.51,80.97,1321493.0
2010-08-24,80.76,82.19,80.1,81.35,1083825.0
2010-08-25,80.85,81.62,80.39,80.47,1650788.0
2010-08-26,80.53,80.88,79.78,80.78,1223254.0
2010-08-27,80.59,81.25,80.16,81.16,879939.0
2010-08-30,81.49,85.96,81.49,85.86,5378443.0
2010-08-31,85.17,86.49,84.82,85.54,3139997.0
2010-09-01,85.31,86.6,83.76,84.28,2558928.0
2010-09-02,84.88,87.08,84.81,85.95,2482198.0
2010-09-03,85.85,88.85,85.85,87.37,2776144.0
2010-09-06,88.11,90.58,88.11,89.57,2900844.0
2010-09-07,89.75,90.85,88.54,88.79,2237367.0
2010-09-08,88.64,89.99,88.64,89.44,1501080.0
2010-09-09,89.72,90.85,89.18,89.66,2150384.0
2010-09-10,89.99,91.28,89.45,91.06,1986768.0
2010-09-13,90.79,93.18,90.23,90.68,2806347.0
2010-09-14,90.66,91.45,88.97,89.87,2638343.0
2010-09-15,89.72,89.87,86.87,87.27,2103208.0
2010-09-16,87.09,88.13,84.29,85.6,2049773.0
2010-09-17,85.54,88.34,84.62,86.93,1797526.0
2010-09-20,87.49,89.18,87.03,88.46,1257607.0
2010-09-21,89.45,89.65,88.11,89.22,1494036.0
2010-09-27,89.24,90.79,88.81,90.7,1854846.0
2010-09-28,90.57,91.97,90.26,91.75,2258512.0
2010-09-29,91.55,92.16,89.72,89.8,1327200.0
2010-09-30,89.48,90.9,89.18,90.65,1457890.0
2010-10-08,90.79,94.29,90.79,93.23,3160889.0
2010-10-11,93.48,94.79,89.18,90.15,4374269.0
2010-10-12,90.15,91.32,88.26,89.5,2854304.0
2010-10-13,89.18,89.47,85.88,86.5,6028775.0
2010-10-14,86.51,86.66,84.24,85.12,5324373.0
2010-10-15,85.16,87.57,85.05,85.95,7209979.0
2010-10-18,85.96,88.73,83.16,87.26,9656442.0
2010-10-19,86.72,88.59,85.96,87.72,5344848.0
2010-10-20,86.01,90.74,86.01,89.94,4737289.0
2010-10-21,90.04,91.36,89.07,89.97,3762194.0
2010-10-22,89.98,92.19,89.54,90.32,4104654.0
2010-10-25,90.79,93.37,90.33,92.94,3619520.0
2010-10-26,92.83,92.88,90.26,90.8,2859063.0
2010-10-27,90.66,91.01,89.45,90.34,2891262.0
2010-10-28,90.2,90.42,89.57,89.74,1944068.0
2010-10-29,88.5,88.68,86.23,87.65,6546557.0
2010-11-01,87.68,88.59,87.14,87.98,4965892.0
2010-11-02,88.39,88.39,86.81,87.39,6229217.0
2010-11-03,87.57,88.99,86.76,87.76,4225317.0
2010-11-04,88.08,88.93,87.45,88.67,4462919.0
2010-11-05,88.81,89.18,87.73,88.1,3465491.0
2010-11-08,88.1,88.11,86.63,87.83,5689413.0
2010-11-09,87.89,89.5,87.42,89.11,6073790.0
2010-11-10,89.5,98.02,89.45,96.56,15000509.0
2010-11-11,97.77,97.77,93.54,94.51,7421720.0
2010-11-12,94.31,101.04,94.3,95.38,12650029.0
2010-11-15,97.77,101.0,97.77,98.69,7903878.0
2010-11-16,99.92,99.93,93.75,95.19,7229177.0
2010-11-17,94.5,94.5,88.0,88.64,8050906.0
2010-11-18,89.48,91.85,89.18,91.06,4028604.0
2010-11-19,91.92,94.55,91.44,94.1,4895475.0
2010-11-22,93.95,97.98,93.37,95.9,4794081.0
2010-11-23,95.83,101.65,94.66,101.56,10846981.0
2010-11-24,103.15,110.99,103.15,107.4,11079930.0
2010-11-25,107.73,109.39,105.84,109.04,4557974.0
2010-11-26,109.04,114.25,107.78,111.34,6379942.0
2010-11-29,110.27,119.27,110.27,116.27,6749939.0
2010-11-30,116.24,116.24,107.63,110.03,6566539.0
2010-12-01,109.06,111.75,107.46,108.74,3801622.0
2010-12-02,109.7,110.67,106.32,106.46,4294009.0
2010-12-03,106.37,109.32,106.21,107.33,4303732.0
2010-12-06,107.37,108.52,102.13,103.7,4328158.0
2010-12-07,103.09,106.8,102.0,106.14,3180480.0
2010-12-08,106.1,108.41,105.3,105.4,2833468.0
2010-12-09,105.29,105.72,103.31,104.9,2446140.0
2010-12-10,103.88,106.85,102.61,106.22,3958731.0
2010-12-13,106.1,106.1,103.96,105.83,5859283.0
2010-12-14,106.0,108.25,105.73,106.32,6154272.0
2010-12-15,106.37,109.24,106.37,107.82,4742380.0
2010-12-16,113.89,114.16,110.94,111.2,6681758.0
2010-12-17,111.75,112.39,109.49,109.82,5176982.0
2010-12-20,110.66,111.03,104.22,106.04,6855725.0
2010-12-21,106.02,106.16,103.69,104.22,5935942.0
2010-12-22,104.26,104.49,102.08,102.59,4415122.0
2010-12-23,102.53,103.53,102.08,102.46,3274389.0
2010-12-24,102.46,102.56,100.46,101.39,2940852.0
2010-12-27,101.54,102.07,97.94,98.31,4524640.0
2010-12-28,98.31,100.25,95.31,98.45,4817644.0
2010-12-29,98.37,99.96,97.78,99.93,3096760.0
2010-12-30,100.2,100.2,96.81,97.74,4177468.0
2010-12-31,97.67,99.0,97.27,98.81,4608487.0
2011-01-04,100.41,100.95,98.1,99.66,6046226.0
2011-01-05,99.34,99.6,96.97,97.28,5819802.0
2011-01-06,97.35,98.64,95.86,96.83,3758456.0
2011-01-07,96.8,97.61,95.9,96.55,3053380.0
2011-01-10,96.5,96.98,93.55,93.65,3878483.0
2011-01-11,93.31,94.29,91.98,93.24,4532210.0
2011-01-12,93.53,94.55,92.63,93.73,3132325.0
2011-01-13,94.29,97.24,93.74,96.43,4134174.0
2011-01-14,96.14,97.35,95.25,96.81,2577266.0
2011-01-17,96.54,97.88,94.03,94.33,3747516.0
2011-01-18,94.07,98.11,93.47,98.08,4096235.0
2011-01-19,98.08,98.62,97.3,98.22,2619867.0
2011-01-20,97.94,98.85,95.76,96.74,2452305.0
2011-01-21,96.6,97.51,94.37,94.49,2686737.0
2011-01-24,94.48,95.35,91.34,92.15,3477549.0
2011-01-25,91.86,92.62,91.33,91.71,1723864.0
2011-01-26,91.87,93.47,91.87,92.48,1432571.0
2011-01-27,92.38,94.17,91.1,92.97,2944427.0
2011-01-28,92.95,93.55,92.61,93.12,1959143.0
2011-01-31,93.21,97.2,92.95,95.62,3244243.0
2011-02-01,95.63,97.7,95.36,96.85,1775846.0
2011-02-09,96.7,97.14,95.09,95.61,1767531.0
2011-02-10,95.28,99.92,95.25,99.41,3600875.0
2011-02-11,99.25,101.24,99.01,99.35,3400141.0
2011-02-14,99.35,101.0,98.8,100.52,3663915.0
2011-02-15,100.52,101.43,99.28,99.52,2971640.0
2011-02-16,99.39,99.92,97.62,98.68,3644018.0
2011-02-17,98.31,98.69,97.15,97.38,3636380.0
2011-02-18,97.13,99.63,96.86,97.77,3682873.0
2011-02-21,97.78,99.28,97.35,98.57,2728985.0
2011-02-22,98.57,99.52,97.24,97.71,3829380.0
2011-02-23,97.3,98.57,97.3,98.19,1942229.0
2011-02-24,98.09,98.57,97.3,97.86,2047631.0
2011-02-25,98.25,98.25,96.27,96.5,2941343.0
2011-02-28,96.33,96.41,94.55,95.99,3909310.0
2011-03-01,96.01,96.67,95.52,95.97,2305941.0
2011-03-02,95.74,96.17,94.56,95.2,3209550.0
2011-03-03,95.24,96.0,93.88,94.02,3773509.0
2011-03-04,94.02,94.97,93.75,94.52,3335119.0
2011-03-07,94.47,95.38,94.47,95.3,3355369.0
2011-03-08,95.32,95.41,93.91,94.94,3186955.0
2011-03-09,95.35,95.74,94.58,95.62,2297146.0
2011-03-10,95.61,98.96,95.3,97.78,5449213.0
2011-03-11,97.56,98.53,96.64,96.72,2334545.0
2011-03-14,96.45,98.85,96.22,98.25,2237298.0
2011-03-15,97.58,98.43,95.11,96.31,3089855.0
2011-03-16,96.49,98.3,96.33,97.69,2417624.0
2011-03-17,97.19,101.82,96.8,101.55,8852277.0
2011-03-18,101.83,104.28,100.53,102.69,6148407.0
2011-03-21,101.97,102.6,99.15,100.53,4865124.0
2011-03-22,101.21,102.06,99.5,99.79,2788755.0
2011-03-23,99.93,100.3,98.58,100.22,4288185.0
2011-03-24,100.09,100.22,98.58,98.61,2135318.0
2011-03-25,98.31,99.7,98.31,98.55,2790552.0
2011-03-28,98.61,99.07,96.97,97.19,4029587.0
2011-03-29,97.24,97.4,95.9,96.14,2652330.0
2011-03-30,96.13,96.84,95.79,96.01,2060299.0
2011-03-31,96.01,98.21,95.9,96.62,1752586.0
2011-04-01,96.69,97.43,95.92,96.41,1822749.0
2011-04-06,96.38,96.65,94.94,95.08,2877481.0
2011-04-07,94.66,95.09,93.9,93.98,4683074.0
2011-04-08,94.0,94.82,93.91,94.37,2182315.0
2011-04-11,94.26,95.98,94.08,95.35,2617314.0
2011-04-12,95.36,96.35,94.93,95.32,3494568.0
2011-04-13,95.25,96.17,95.1,95.81,2938919.0
2011-04-14,95.79,95.9,94.27,94.41,3662196.0
2011-04-15,94.54,95.09,91.74,92.61,5332701.0
2011-04-18,92.5,93.15,91.98,92.97,1960899.0
2011-04-19,92.97,93.82,92.13,93.15,2288067.0
2011-04-20,93.15,94.11,92.94,93.91,2250928.0
2011-04-21,94.02,95.41,93.86,93.94,2868434.0
2011-04-22,94.29,94.77,93.76,94.63,1450023.0
2011-04-25,96.7,99.43,96.43,98.35,7022553.0
2011-04-26,98.31,98.58,97.18,97.33,3109542.0
2011-04-27,97.56,99.39,97.24,97.32,2774847.0
2011-04-28,97.83,98.09,95.52,95.85,2535717.0
2011-04-29,95.84,98.36,95.46,97.94,2208382.0
2011-05-03,98.31,100.36,97.78,99.85,4127082.0
2011-05-04,99.12,101.04,98.55,98.58,3252106.0
2011-05-05,98.59,100.73,98.32,99.36,2669349.0
2011-05-06,98.85,100.46,98.32,99.82,2396065.0
2011-05-09,100.24,100.73,98.8,98.94,1217595.0
2011-05-10,98.89,99.12,98.2,98.63,1591880.0
2011-05-11,98.33,100.09,98.33,99.53,1289667.0
2011-05-12,99.39,101.81,99.17,100.64,2502771.0
2011-05-13,100.65,101.53,99.66,100.82,1225320.0
2011-05-16,100.73,101.53,100.2,100.82,1150557.0
2011-05-17,100.47,102.24,99.93,100.8,2086644.0
2011-05-18,100.62,106.07,100.62,104.73,6216505.0
2011-05-19,105.3,108.33,105.3,107.38,8573805.0
2011-05-20,107.82,108.34,106.81,107.89,4004386.0
2011-05-23,107.45,108.93,105.84,105.85,3942088.0
2011-05-24,105.04,106.1,104.49,104.55,2399707.0
2011-05-26,104.65,108.95,104.65,106.74,3897036.0
2011-05-27,107.38,107.87,103.8,104.08,3172958.0
2011-05-30,103.25,108.83,103.03,108.81,4728600.0
2011-05-31,108.87,109.59,108.15,109.49,3385483.0
2011-06-01,109.65,112.81,109.07,112.76,3909376.0
2011-06-02,112.01,112.64,109.38,110.99,3958543.0
2011-06-03,110.68,114.27,110.68,113.69,2948396.0
2011-06-07,113.88,113.89,110.82,111.68,2687617.0
2011-06-08,111.5,112.66,109.37,112.14,2507047.0
2011-06-09,111.77,111.91,108.39,108.43,3617970.0
2011-06-10,108.25,109.86,107.34,108.82,3427917.0
2011-06-13,108.79,109.54,106.8,108.25,2800457.0
2011-06-14,108.24,110.12,107.72,109.84,3748788.0
2011-06-15,109.61,109.85,108.62,109.17,1640856.0
2011-06-16,108.63,110.29,107.57,109.07,1773147.0
2011-06-17,109.33,112.81,108.87,112.08,3341100.0
2011-06-20,111.8,111.9,107.99,109.31,2990915.0
2011-06-21,108.54,110.05,108.54,109.22,1273817.0
2011-06-22,109.17,111.47,109.17,110.63,1618853.0
2011-06-23,110.3,112.39,110.13,111.74,2028098.0
2011-06-24,111.67,112.9,110.32,110.91,3706850.0
2011-06-27,111.32,112.26,110.55,111.89,2319042.0
2011-06-28,112.28,113.82,111.33,113.06,2554048.0
2011-06-29,113.29,114.37,111.69,113.33,1959670.0
2011-06-30,112.83,114.59,112.83,114.23,3270121.0
2011-07-01,115.0,115.0,113.45,114.48,1581050.0
2011-07-04,114.23,115.5,113.99,115.31,4633841.0
2011-07-05,115.3,115.31,113.39,114.37,2705785.0
2011-07-06,114.1,114.71,113.58,114.15,1975377.0
2011-07-07,114.11,117.14,114.11,115.97,4095675.0
2011-07-08,116.11,116.78,115.27,115.95,1718381.0
2011-07-11,115.94,118.33,115.57,117.59,2561574.0
2011-07-12,117.29,117.59,115.69,115.75,2848826.0
2011-07-13,115.95,116.79,115.52,116.25,2210907.0
2011-07-14,116.25,116.38,115.18,115.45,2482217.0
2011-07-15,115.06,116.97,115.06,116.59,1776389.0
2011-07-18,116.62,119.75,116.62,118.86,2852341.0
2011-07-19,118.83,119.5,117.81,118.79,2027661.0
2011-07-20,119.48,119.77,118.59,119.42,1896708.0
2011-07-21,119.59,122.77,119.49,121.53,4767686.0
2011-07-22,121.37,124.79,121.37,123.24,4986088.0
2011-07-25,123.67,124.07,120.98,121.67,3526043.0
2011-07-26,121.58,121.87,120.68,121.61,2479175.0
2011-07-27,121.81,123.97,121.07,122.07,3067625.0
2011-07-28,121.81,124.2,120.68,124.12,2292323.0
2011-07-29,123.97,123.97,122.65,123.48,1910416.0
2011-08-01,123.86,123.86,121.16,121.5,1857289.0
2011-08-02,120.8,121.13,118.62,120.15,2784958.0
2011-08-03,119.01,121.16,118.89,120.55,1706132.0
2011-08-04,120.98,122.88,120.56,122.46,1777327.0
2011-08-05,119.53,122.83,119.53,121.35,2131985.0
2011-08-08,120.09,122.53,118.29,119.28,3688434.0
2011-08-09,117.36,121.28,115.3,120.14,3692433.0
2011-08-10,120.92,123.36,119.34,122.89,3843626.0
2011-08-11,121.87,128.8,121.87,128.27,6194915.0
2011-08-12,128.45,130.0,127.25,129.5,3946631.0
2011-08-15,129.76,130.71,126.61,127.43,2945063.0
2011-08-16,127.64,128.61,124.43,125.27,3749156.0
2011-08-17,125.46,126.35,124.69,125.37,1355328.0
2011-08-18,125.05,125.37,123.28,124.38,2934173.0
2011-08-19,123.61,125.55,123.4,125.4,3748808.0
2011-08-22,125.52,126.0,121.64,122.06,2816438.0
2011-08-23,121.87,123.19,121.52,122.43,2357921.0
2011-08-24,122.47,124.26,121.93,122.95,1795707.0
2011-08-25,123.97,124.56,122.48,123.92,3008305.0
2011-08-26,123.89,127.25,123.58,127.18,2274888.0
2011-08-29,126.65,129.03,125.16,128.61,2608244.0
2011-08-30,128.75,129.9,127.26,128.34,2881601.0
2011-08-31,130.72,131.13,128.15,128.31,5001461.0
2011-09-01,128.27,128.73,125.76,126.34,2568961.0
2011-09-02,125.97,126.77,125.4,126.57,1383257.0
2011-09-05,126.17,126.28,123.37,123.83,2734484.0
2011-09-06,123.07,124.44,120.85,121.28,3209469.0
2011-09-07,121.64,124.19,121.58,124.02,2008770.0
2011-09-08,124.26,124.86,122.84,122.99,1318267.0
2011-09-09,123.4,125.27,121.87,123.71,1422719.0
2011-09-13,122.23,123.07,120.13,120.46,1894913.0
2011-09-14,121.28,121.44,116.0,118.26,4762579.0
2011-09-15,118.29,119.6,118.15,118.58,1912200.0
2011-09-16,119.18,121.35,118.29,121.23,1802927.0
2011-09-19,121.7,122.17,120.63,121.11,1535204.0
2011-09-20,121.1,121.1,119.19,119.99,1278463.0
2011-09-21,119.97,122.49,119.78,122.09,2464016.0
2011-09-22,121.28,121.8,117.87,118.09,2433610.0
2011-09-23,115.96,117.1,113.45,115.93,7653720.0
2011-09-26,114.62,116.05,112.32,112.39,4221118.0
2011-09-27,113.49,114.49,112.12,113.19,2474981.0
2011-09-28,113.99,113.99,111.26,111.79,3238984.0
2011-09-29,110.46,114.11,110.46,111.77,3003061.0
2011-09-30,111.81,114.17,111.81,113.86,1826966.0
2011-10-10,114.04,114.59,112.09,112.32,1428391.0
2011-10-11,114.7,114.7,109.33,111.7,2058625.0
2011-10-12,111.42,115.06,110.18,114.73,2977855.0
2011-10-13,114.73,116.4,113.51,114.75,2396172.0
2011-10-14,114.14,115.17,113.39,114.37,1246836.0
2011-10-17,114.81,118.0,114.47,117.78,2600851.0
2011-10-18,116.7,119.11,116.5,117.35,2278575.0
2011-10-19,117.94,120.38,117.69,118.36,2265785.0
2011-10-20,117.69,118.62,113.87,114.17,2931263.0
2011-10-21,113.91,116.5,113.91,116.13,1711645.0
2011-10-24,116.98,120.15,116.14,119.81,3239068.0
2011-10-25,119.01,121.47,119.01,119.86,3204192.0
2011-10-26,119.41,120.73,118.71,120.6,2949276.0
2011-10-27,120.71,122.09,120.41,120.68,2010454.0
2011-10-28,121.58,123.55,121.58,122.48,2605660.0
2011-10-31,122.65,123.18,121.09,122.0,2812199.0
2011-11-01,121.38,123.97,120.98,123.78,2714739.0
2011-11-02,122.44,125.25,122.23,125.2,2664701.0
2011-11-03,126.1,126.36,123.77,123.83,3046590.0
2011-11-04,124.19,125.46,123.27,124.12,1854675.0
2011-11-07,124.38,124.68,123.4,123.55,1657390.0
2011-11-08,124.06,124.22,121.86,122.32,2554641.0
2011-11-09,122.41,123.46,120.98,121.95,2469607.0
2011-11-10,121.45,122.83,121.35,122.48,1461770.0
2011-11-11,122.48,122.56,121.3,121.86,1169264.0
2011-11-14,122.76,124.35,121.99,123.82,1798624.0
2011-11-15,124.03,124.23,121.28,121.83,1778226.0
2011-11-16,121.84,121.84,119.43,119.95,2954580.0
2011-11-17,119.99,121.64,119.67,120.58,1558904.0
2011-11-18,120.61,121.21,119.31,119.83,1990746.0
2011-11-21,119.9,121.52,119.55,120.0,1838975.0
2011-11-22,120.02,123.6,119.84,123.11,3565252.0
2011-11-23,122.84,125.04,122.84,124.93,3153785.0
2011-11-24,124.62,124.97,123.97,124.08,2655899.0
2011-11-25,124.12,127.45,123.67,125.45,4023570.0
2011-11-28,125.64,128.31,125.05,127.77,5337998.0
2011-11-29,127.73,129.1,126.53,126.99,4135500.0
2011-11-30,127.18,128.31,124.74,125.5,4026323.0
2011-12-01,127.37,128.56,125.62,127.16,3378549.0
2011-12-02,126.65,129.16,126.65,127.87,2726718.0
2011-12-05,128.12,128.12,123.31,123.5,3902560.0
2011-12-06,123.37,123.4,120.5,121.68,3715216.0
2011-12-07,121.7,123.37,121.7,122.89,2733376.0
2011-12-08,123.01,124.62,121.21,121.28,2466108.0
2011-12-09,121.19,121.79,119.31,119.38,3674573.0
2011-12-12,119.38,120.02,117.63,118.02,2952692.0
2011-12-13,117.64,118.28,117.08,117.24,2999583.0
2011-12-14,117.24,119.49,117.24,118.19,2081322.0
2011-12-15,117.62,118.82,116.53,117.68,2188003.0
2011-12-16,118.29,120.67,118.28,120.55,3064900.0
2011-12-19,120.06,120.32,119.07,120.08,2545636.0
2011-12-20,120.08,121.16,118.59,119.63,1710630.0
2011-12-21,120.19,120.37,117.68,117.83,2196281.0
2011-12-22,117.99,120.03,116.98,119.29,1744332.0
2011-12-23,119.43,120.32,118.89,119.94,1760956.0
2011-12-26,119.85,119.86,114.88,115.37,4699504.0
2011-12-27,115.3,115.3,112.51,112.93,3131498.0
2011-12-28,112.5,113.81,111.41,113.65,2773843.0
2011-12-29,112.97,115.24,112.97,114.83,2006213.0
2011-12-30,115.12,116.43,113.51,115.48,2946086.0
2012-01-04,114.41,115.17,110.52,110.68,3387828.0
2012-01-05,109.93,110.64,108.95,109.42,3012264.0
2012-01-06,109.39,112.35,108.52,111.5,2519062.0
2012-01-09,111.12,112.37,108.59,112.32,2616016.0
2012-01-10,111.72,116.29,111.19,116.19,3923560.0
2012-01-11,115.27,115.83,113.09,113.32,3989116.0
2012-01-12,112.66,114.44,112.66,113.72,2744036.0
2012-01-13,113.93,114.23,112.03,112.73,2054230.0
2012-01-16,111.95,111.95,104.94,105.99,5165579.0
2012-01-17,106.28,108.72,102.1,107.8,6122764.0
2012-01-18,108.38,110.63,105.54,105.97,4729465.0
2012-01-19,106.28,108.49,104.85,107.95,2432942.0
2012-01-20,108.73,111.24,108.73,111.1,2968320.0
2012-01-30,111.12,111.71,109.36,109.81,3055021.0
2012-01-31,110.18,111.48,110.14,111.37,1585470.0
2012-02-01,111.24,112.63,110.45,111.21,2482436.0
2012-02-02,111.21,111.72,110.09,111.38,2037511.0
2012-02-03,111.4,111.48,109.62,111.41,2651789.0
2012-02-06,111.49,112.77,111.0,112.64,2974767.0
2012-02-07,111.9,112.58,110.76,111.04,1794210.0
2012-02-08,111.04,112.91,110.57,112.49,2308220.0
2012-02-09,112.32,114.2,112.11,113.96,3138479.0
2012-02-10,113.23,114.94,112.97,113.82,2227637.0
2012-02-13,113.21,116.6,112.71,115.55,2163921.0
2012-02-14,115.12,116.29,114.59,115.79,1514248.0
2012-02-15,115.14,117.04,115.14,116.38,2471409.0
2012-02-16,115.61,116.38,113.87,114.54,2201602.0
2012-02-17,115.83,115.83,113.73,114.37,1228791.0
2012-02-20,115.28,115.7,113.99,114.02,1853002.0
2012-02-21,114.58,115.05,113.75,114.68,1378929.0
2012-02-22,115.16,115.6,114.1,115.16,2235227.0
2012-02-23,115.02,116.52,115.02,116.09,3343326.0
2012-02-24,116.01,118.42,115.99,118.34,2394408.0
2012-02-27,118.76,119.5,117.99,118.59,2656235.0
2012-02-28,119.14,120.05,118.62,119.93,2569800.0
2012-02-29,120.08,122.47,119.78,122.15,3943224.0
2012-03-01,121.59,122.75,120.91,121.03,1692079.0
2012-03-02,121.06,121.7,119.19,120.02,3521672.0
2012-03-05,119.99,120.01,118.65,119.39,3055381.0
2012-03-06,118.89,119.39,117.1,117.13,3147400.0
2012-03-07,116.33,116.85,115.29,115.38,2919886.0
2012-03-08,115.43,117.16,115.29,116.16,2357465.0
2012-03-09,116.31,119.56,116.02,119.44,2923934.0
2012-03-12,119.56,120.45,118.91,119.81,2568162.0
2012-03-13,119.54,121.46,119.54,120.48,1831624.0
2012-03-14,120.43,121.9,118.29,118.69,4069986.0
2012-03-15,118.91,120.92,118.65,118.85,2809496.0
2012-03-16,119.96,124.26,119.66,124.02,5158356.0
2012-03-19,124.14,126.4,122.81,124.05,4563576.0
2012-03-20,124.0,124.92,123.14,124.12,2340021.0
2012-03-21,124.14,124.86,121.79,122.53,2952771.0
2012-03-22,122.07,123.61,122.05,122.68,833187.0
2012-03-23,123.97,126.98,123.97,126.67,5487370.0
2012-03-26,126.13,128.98,126.12,128.57,3765379.0
2012-03-27,125.59,126.05,120.08,120.38,7910614.0
2012-03-28,118.89,122.47,118.48,120.32,5546101.0
2012-03-29,119.96,122.77,119.49,120.17,3698279.0
2012-03-30,120.18,121.27,116.5,117.67,3795990.0
2012-04-05,117.16,123.31,117.16,123.07,4096098.0
2012-04-06,122.84,124.31,122.79,124.25,2672989.0
2012-04-09,124.0,125.41,122.83,125.02,1447453.0
2012-04-10,125.03,125.33,122.54,124.33,1664063.0
2012-04-11,122.47,126.36,121.58,124.77,3146072.0
2012-04-12,124.77,126.96,123.48,126.91,2842297.0
2012-04-13,126.95,127.88,126.3,127.27,2052730.0
2012-04-16,126.95,128.69,126.41,127.15,2089329.0
2012-04-17,127.16,127.26,125.46,125.57,1787226.0
2012-04-18,125.7,128.33,125.46,127.77,2281545.0
2012-04-19,127.72,128.07,124.15,125.15,2182370.0
2012-04-20,124.44,127.46,124.44,126.95,1704631.0
2012-04-23,126.49,128.01,125.38,126.56,1328165.0
2012-04-24,126.77,127.26,125.42,126.37,2178206.0
2012-04-25,126.92,127.41,125.46,127.2,1552942.0
2012-04-26,128.0,129.64,127.55,129.46,3501976.0
2012-04-27,129.46,134.71,129.46,134.16,4272823.0
2012-05-02,135.02,135.36,132.63,135.01,3533975.0
2012-05-03,135.01,135.79,133.59,135.43,2565446.0
2012-05-04,135.32,140.32,135.32,139.8,3187943.0
2012-05-07,140.28,142.04,139.37,140.1,3424466.0
2012-05-08,140.07,140.31,137.04,139.86,3666491.0
2012-05-09,138.08,138.99,135.73,137.9,3290959.0
2012-05-10,138.01,138.01,135.59,136.03,3057404.0
2012-05-11,136.21,136.51,134.96,136.03,2326071.0
2012-05-14,136.21,136.21,131.8,132.74,3879704.0
2012-05-15,132.09,133.62,131.49,133.29,1616874.0
2012-05-16,133.2,133.46,130.24,131.45,2813954.0
2012-05-17,131.51,132.27,130.6,131.38,3417233.0
2012-05-18,130.64,131.42,128.98,130.19,2627778.0
2012-05-21,129.99,134.13,129.99,133.34,2884345.0
2012-05-22,134.43,138.3,134.43,136.98,4145847.0
2012-05-23,136.96,138.66,136.21,137.69,2472263.0
2012-05-24,137.29,139.06,130.17,131.58,5374347.0
2012-05-25,131.58,131.95,129.04,130.59,3056929.0
2012-05-28,130.24,134.96,130.13,134.71,2783372.0
2012-05-30,135.92,137.4,135.62,136.61,2570070.0
2012-05-31,136.33,142.07,136.21,141.4,3736705.0
2012-06-01,142.19,145.17,141.42,143.6,3850434.0
2012-06-04,142.19,145.17,141.27,141.31,2432761.0
2012-06-05,141.88,144.46,141.72,143.86,2456131.0
2012-06-06,143.98,144.58,141.24,141.34,1872894.0
2012-06-07,142.42,143.78,141.47,142.18,1967730.0
2012-06-08,142.78,143.49,140.99,142.77,1728624.0
2012-06-11,142.72,143.52,139.44,140.72,3306123.0
2012-06-12,139.92,141.29,138.68,139.71,1637252.0
2012-06-13,140.1,142.89,139.26,142.78,2046347.0
2012-06-14,142.19,146.84,141.72,146.12,2870473.0
2012-06-15,146.38,147.21,143.24,145.4,1985984.0
2012-06-18,145.42,148.35,145.42,147.24,1953835.0
2012-06-19,146.43,148.26,144.55,145.59,1729994.0
2012-06-20,145.67,146.0,144.58,145.51,1139346.0
2012-06-21,145.51,145.53,142.67,143.25,1703403.0
2012-06-25,142.25,144.55,141.89,141.95,1843405.0
2012-06-26,141.71,142.71,138.97,142.1,2612247.0
2012-06-27,142.19,144.76,142.19,144.52,2325714.0
2012-06-28,144.51,144.58,140.99,141.08,2221341.0
2012-06-29,140.62,143.98,140.62,142.87,2322419.0
2012-07-02,143.38,146.33,141.0,144.49,2573126.0
2012-07-03,144.16,152.34,143.99,152.31,5015863.0
2012-07-04,153.54,155.27,150.55,154.53,4503524.0
2012-07-05,152.67,154.12,151.19,152.71,2274937.0
2012-07-06,152.88,158.97,151.82,157.76,3915883.0
2012-07-09,157.7,159.59,154.51,154.57,2852711.0
2012-07-10,154.43,156.06,151.62,151.94,2698710.0
2012-07-11,152.26,156.76,150.72,156.56,3200994.0
2012-07-12,156.62,160.81,154.73,155.38,3727302.0
2012-07-13,155.14,160.2,154.92,159.41,2954811.0
2012-07-16,159.04,161.46,158.92,159.13,2953356.0
2012-07-17,157.77,158.37,153.71,153.98,3603098.0
2012-07-18,153.88,155.28,145.57,148.64,7404692.0
2012-07-19,148.05,150.82,147.48,149.4,2658099.0
2012-07-20,148.96,152.15,147.39,147.5,2605464.0
2012-07-23,145.56,147.73,145.03,147.2,1981140.0
2012-07-24,146.0,154.24,146.0,151.32,3437214.0
2012-07-25,151.7,155.22,151.4,155.07,2617022.0
2012-07-26,154.67,157.47,151.52,151.97,2341879.0
2012-07-27,152.23,152.91,149.76,151.37,1842165.0
2012-07-30,151.25,153.28,150.21,151.6,1749531.0
2012-07-31,151.4,154.13,149.3,149.54,1946572.0
2012-08-01,149.38,150.87,146.78,147.48,2671517.0
2012-08-02,147.52,148.96,146.33,146.94,1705477.0
2012-08-03,147.15,149.88,146.95,149.86,1647273.0
2012-08-06,149.66,151.46,148.79,150.99,1732099.0
2012-08-07,150.98,153.38,150.56,152.85,1811918.0
2012-08-08,153.19,154.13,151.09,153.4,1489341.0
2012-08-09,152.79,158.77,152.43,158.33,3067240.0
2012-08-10,152.31,154.55,148.07,150.61,9122580.0
2012-08-13,150.78,151.51,149.76,150.49,2303706.0
2012-08-14,150.49,151.69,148.67,150.18,1878686.0
2012-08-15,149.87,150.12,147.76,148.14,2272348.0
2012-08-16,148.22,148.97,145.07,145.2,3148258.0
2012-08-17,144.67,144.67,138.65,139.33,5907195.0
2012-08-20,139.33,141.19,137.13,141.17,2405208.0
2012-08-21,141.18,145.57,141.18,143.08,2632324.0
2012-08-22,143.76,143.76,139.56,140.89,2042310.0
2012-08-23,140.72,140.72,137.18,138.51,2795600.0
2012-08-24,137.87,141.33,137.77,140.71,2167620.0
2012-08-27,139.87,139.95,137.84,138.65,2089940.0
2012-08-28,138.96,139.92,136.54,136.85,2029476.0
2012-08-29,136.53,136.53,132.75,132.99,3042567.0
2012-08-30,131.67,133.0,129.55,132.21,4834871.0
2012-08-31,132.28,134.71,131.8,133.35,2248472.0
2012-09-04,143.81,144.42,140.17,141.65,11150873.0
2012-09-05,141.08,142.58,140.78,142.03,2749049.0
2012-09-06,142.14,142.3,139.02,140.63,2079419.0
2012-09-07,141.51,147.45,141.51,146.6,4281280.0
2012-09-10,146.67,149.27,145.2,146.65,2816965.0
2012-09-11,145.81,145.81,144.41,145.47,1613572.0
2012-09-12,146.54,149.58,144.96,145.79,2902325.0
2012-09-13,145.91,146.57,144.6,145.62,1429423.0
2012-09-14,146.24,148.76,145.09,148.52,2458683.0
2012-09-17,148.67,149.69,146.36,146.42,2001452.0
2012-09-18,146.11,147.51,145.33,145.83,1827708.0
2012-09-19,145.35,146.24,139.66,140.51,4099132.0
2012-09-20,140.11,141.26,138.89,138.98,2151753.0
2012-09-21,138.54,141.38,138.42,139.92,1567968.0
2012-09-24,138.96,141.37,138.4,141.0,1763483.0
2012-09-25,141.06,144.77,140.47,144.73,2623050.0
2012-09-26,144.42,145.97,141.81,143.13,2036267.0
2012-09-27,142.6,146.59,142.31,146.05,2714042.0
2012-09-28,145.04,149.24,145.03,149.15,3128344.0
2012-10-08,148.85,148.85,144.1,145.6,2360828.0
2012-10-09,146.23,148.7,145.66,148.15,2341089.0
2012-10-10,147.45,148.56,146.09,147.95,1345670.0
2012-10-11,147.06,147.91,146.32,146.8,1062599.0
2012-10-12,147.22,148.54,146.68,147.76,1174212.0
2012-10-15,148.53,150.03,148.53,149.1,1888333.0
2012-10-16,148.73,152.36,148.73,151.59,2773791.0
2012-10-17,151.59,152.0,150.43,150.96,1598080.0
2012-10-18,151.25,154.43,151.09,152.44,2227806.0
2012-10-19,152.46,154.71,152.46,153.52,1862954.0
2012-10-22,153.33,153.84,150.37,152.03,1911744.0
2012-10-23,152.19,152.19,148.42,148.48,1870276.0
2012-10-24,148.42,149.95,148.12,149.44,1097208.0
2012-10-25,149.88,150.49,148.24,149.32,915980.0
2012-10-26,150.92,151.08,145.67,146.29,2455909.0
2012-10-29,146.6,147.82,145.06,146.74,1449080.0
2012-10-30,146.72,148.96,146.37,148.41,1561011.0
2012-10-31,148.38,150.45,147.85,150.09,1584535.0
2012-11-01,150.61,152.22,149.49,151.34,1819126.0
2012-11-02,151.22,152.0,149.44,150.71,1697481.0
2012-11-05,149.87,149.87,146.36,147.4,2266559.0
2012-11-06,147.09,147.09,142.9,143.16,4171323.0
2012-11-07,142.6,144.44,142.6,144.1,1621759.0
2012-11-08,143.2,143.78,141.9,142.05,1626181.0
2012-11-09,142.05,143.08,141.79,142.48,1167006.0
2012-11-12,142.6,143.07,138.89,140.45,2046433.0
2012-11-13,140.17,140.17,136.96,138.39,2044777.0
2012-11-14,138.58,140.17,137.44,139.96,1223848.0
2012-11-15,138.96,138.96,137.34,137.9,1140061.0
2012-11-16,137.62,137.71,135.01,136.17,1967713.0
2012-11-19,136.17,136.17,126.76,129.89,7048401.0
2012-11-20,129.16,132.49,128.95,131.04,3807816.0
2012-11-21,130.98,133.38,128.51,132.68,3333464.0
2012-11-22,125.91,131.96,125.49,131.85,5152080.0
2012-11-23,130.47,135.32,130.47,134.85,2984464.0
2012-11-26,134.35,134.59,130.77,131.71,2195475.0
2012-11-27,131.71,134.16,131.18,133.35,2045885.0
2012-11-28,133.04,133.04,131.68,132.52,1501708.0
2012-11-29,132.53,133.57,132.37,133.06,1567574.0
2012-11-30,133.01,133.01,129.38,131.08,2137137.0
2012-12-03,129.25,129.25,120.78,121.48,7937236.0
2012-12-04,118.33,121.35,115.78,119.51,7870541.0
2012-12-05,117.9,121.68,114.46,119.32,11170381.0
2012-12-06,119.05,119.54,111.65,117.85,11756199.0
2012-12-07,119.53,122.99,119.29,120.63,9950141.0
2012-12-11,120.45,126.21,120.45,122.76,9223260.0
2012-12-12,124.39,128.64,122.88,128.56,6432531.0
2012-12-13,127.36,130.45,124.46,124.82,6199646.0
2012-12-14,123.18,127.12,120.45,126.17,7892633.0
2012-12-17,125.0,129.65,122.57,128.09,7136126.0
2012-12-18,128.16,131.54,128.14,130.18,4694545.0
2012-12-19,129.33,134.1,129.25,133.16,4756978.0
2012-12-20,132.59,133.74,130.82,132.53,3443414.0
2012-12-21,132.09,132.89,130.97,131.43,2509281.0
2012-12-24,128.65,128.65,121.36,124.14,10005074.0
2012-12-25,123.12,125.53,122.1,124.22,5953352.0
2012-12-26,123.65,125.49,123.0,124.55,4486624.0
2012-12-27,124.58,127.12,123.63,125.96,6092624.0
2012-12-28,125.97,130.81,125.97,128.82,5658924.0
2012-12-31,129.44,130.34,125.21,126.83,5191483.0
2013-01-04,128.64,128.64,124.39,125.57,5837034.0
2013-01-07,124.93,124.93,122.88,123.96,4127139.0
2013-01-08,123.29,127.94,123.29,127.94,6528698.0
2013-01-09,128.34,132.07,128.34,131.34,5374932.0
2013-01-10,130.81,131.68,129.25,130.16,3052786.0
2013-01-11,129.69,130.55,127.36,128.19,3700999.0
2013-01-14,126.52,127.61,123.07,127.08,6818358.0
2013-01-15,126.69,128.7,125.5,127.94,5263508.0
2013-01-16,124.39,125.49,123.59,125.0,6950165.0
2013-01-17,124.39,126.02,124.1,124.47,3620185.0
2013-01-18,125.09,125.29,121.43,123.64,5531807.0
2013-01-21,123.06,123.06,119.12,119.73,7477928.0
2013-01-22,118.82,121.2,114.69,120.65,7381541.0
2013-01-23,118.93,121.06,117.6,120.74,5101393.0
2013-01-24,120.09,121.42,118.21,118.91,5947438.0
2013-01-25,114.69,116.38,112.93,114.72,8000786.0
2013-01-28,112.87,113.96,108.01,108.31,15829058.0
2013-01-29,106.8,109.22,104.37,108.11,11544787.0
2013-01-30,107.43,110.74,107.21,109.3,7137678.0
2013-01-31,109.95,110.32,107.87,108.56,3781623.0
2013-02-01,108.54,110.3,108.03,108.61,4526564.0
2013-02-04,109.22,109.8,105.58,106.27,6496402.0
2013-02-05,106.16,111.95,105.46,111.91,8782540.0
2013-02-06,112.25,112.3,110.44,111.61,4619517.0
2013-02-07,111.04,113.2,110.03,112.36,4856791.0
2013-02-08,112.35,114.32,111.83,113.99,4157253.0
2013-02-18,114.26,114.26,108.62,109.04,5656978.0
2013-02-19,108.61,109.58,107.28,107.96,3773753.0
2013-02-20,107.4,109.21,106.2,107.95,3658226.0
2013-02-21,106.33,112.38,106.22,109.24,5383287.0
2013-02-22,109.83,113.23,109.83,112.62,6286418.0
2013-02-25,111.65,112.47,109.38,109.89,3454909.0
2013-02-26,109.65,111.65,107.6,107.63,4375479.0
2013-02-27,107.17,108.44,106.53,107.26,3415815.0
2013-02-28,107.89,107.89,104.37,106.19,5678643.0
2013-03-01,105.77,106.77,104.97,105.47,3800345.0
2013-03-04,105.41,107.17,105.41,106.02,5207295.0
2013-03-05,106.45,107.08,105.5,106.19,3697471.0
2013-03-06,106.8,107.59,105.37,107.54,4922726.0
2013-03-07,108.85,114.44,108.81,111.57,8519062.0
2013-03-08,112.87,113.78,111.45,111.73,3595978.0
2013-03-11,111.53,112.56,110.32,112.38,3496528.0
2013-03-12,112.87,112.93,109.22,110.55,2539365.0
2013-03-13,110.68,112.88,110.68,111.55,3076990.0
2013-03-14,110.74,112.12,108.41,108.58,3512400.0
2013-03-15,107.72,109.65,106.25,107.39,3596112.0
2013-03-18,107.34,107.34,102.06,102.82,7823153.0
2013-03-19,102.06,103.05,99.82,100.23,6341403.0
2013-03-20,100.28,103.51,99.58,103.1,7189498.0
2013-03-21,102.85,102.85,100.61,101.2,6539272.0
2013-03-22,101.02,103.1,100.55,102.58,4557863.0
2013-03-25,102.55,103.62,102.0,102.57,3196646.0
2013-03-26,102.61,103.89,102.19,103.08,3248009.0
2013-03-27,103.16,103.4,100.37,101.21,4766221.0
2013-03-28,100.78,102.05,98.49,101.23,4149090.0
2013-03-29,101.49,102.9,100.74,102.46,4771709.0
2013-04-01,102.0,102.22,99.87,100.09,2912880.0
2013-04-02,100.18,100.71,99.07,99.34,3252490.0
2013-04-03,99.32,100.12,99.02,99.42,2199050.0
2013-04-08,98.39,100.12,97.36,99.71,3773276.0
2013-04-09,99.45,100.06,98.73,99.27,2419465.0
2013-04-10,99.52,103.83,98.73,103.13,7085838.0
2013-04-11,103.16,103.76,102.12,102.5,2972952.0
2013-04-12,102.5,105.83,102.25,104.51,5980006.0
2013-04-15,104.53,105.38,103.17,104.82,2833673.0
2013-04-16,103.16,106.31,102.91,105.07,3913792.0
2013-04-17,105.34,108.48,105.31,108.31,4297408.0
2013-04-18,107.53,109.22,106.8,108.71,4195684.0
2013-04-19,108.86,109.15,107.34,108.76,3923838.0
2013-04-22,108.56,108.56,105.28,105.41,4274596.0
2013-04-23,105.28,106.18,104.19,104.25,3095262.0
2013-04-24,104.5,106.19,103.34,106.11,3040261.0
2013-04-25,105.6,107.74,105.11,107.22,2535969.0
2013-04-26,107.65,108.01,104.98,105.58,1630764.0
2013-05-02,104.98,105.01,102.57,103.83,2858679.0
2013-05-03,104.25,105.6,103.52,104.64,2146052.0
2013-05-06,104.98,108.0,104.36,107.89,3019639.0
2013-05-07,108.63,114.29,108.63,113.89,7102055.0
2013-05-08,113.96,115.29,112.94,114.62,4241606.0
2013-05-09,114.84,119.66,114.84,119.65,7013468.0
2013-05-10,119.55,121.92,118.94,119.61,4877659.0
2013-05-13,119.61,122.33,117.58,119.95,3257904.0
2013-05-14,118.99,119.6,115.3,116.01,3643160.0
2013-05-15,115.83,119.33,115.73,118.12,2326440.0
2013-05-16,117.73,121.67,116.51,118.24,4546227.0
2013-05-17,117.77,119.21,117.11,118.88,3355672.0
2013-05-20,119.42,120.44,117.99,118.33,3094406.0
2013-05-21,118.25,118.79,117.42,118.34,2310234.0
2013-05-22,118.72,121.72,118.39,121.04,4614964.0
2013-05-23,121.12,125.3,121.12,122.84,6224745.0
2013-05-24,123.79,125.71,121.36,121.92,4507312.0
2013-05-27,122.56,122.63,120.15,122.35,2677812.0
2013-05-28,122.5,123.37,121.09,122.66,2367636.0
2013-05-29,123.18,125.53,122.18,122.26,3234002.0
2013-05-30,121.85,123.07,120.76,121.51,2501942.0
2013-05-31,121.95,122.21,119.54,119.6,2459056.0
2013-06-03,120.21,122.91,119.65,122.62,4025675.0
2013-06-04,122.76,124.58,122.36,122.39,4235692.0
2013-06-05,122.57,122.88,121.11,122.07,2372442.0
2013-06-06,122.09,124.27,122.09,122.37,3387735.0
2013-06-07,122.29,125.35,121.28,123.01,2547838.0
2013-06-13,122.29,124.4,120.34,122.03,4499864.0
2013-06-14,121.81,122.22,118.82,121.6,3251867.0
2013-06-17,121.76,122.2,118.59,118.76,2968927.0
2013-06-18,118.56,120.21,116.9,120.12,2737772.0
2013-06-19,119.63,122.53,117.95,122.11,2890918.0
2013-06-20,121.88,122.52,119.47,120.17,2558681.0
2013-06-21,119.11,122.77,117.52,119.82,3965419.0
2013-06-24,120.09,120.34,116.06,116.34,4080720.0
2013-06-25,116.3,119.27,110.33,118.98,5135249.0
2013-06-26,118.14,118.97,115.81,118.28,3290348.0
2013-06-27,118.28,120.56,117.89,118.82,3413576.0
2013-06-28,118.36,121.25,118.36,120.57,2807002.0
2013-07-01,120.36,122.2,119.72,121.77,2582852.0
2013-07-02,121.76,124.72,120.72,124.07,3345317.0
2013-07-03,124.66,125.23,122.92,124.08,3542464.0
2013-07-04,123.51,125.26,123.21,123.23,2421452.0
2013-07-05,123.41,124.96,123.41,123.55,1777954.0
2013-07-08,123.39,124.03,120.96,122.32,2411390.0
2013-07-09,123.03,123.03,119.53,120.37,2023361.0
2013-07-10,119.84,121.65,118.39,121.49,3324496.0
2013-07-11,121.93,123.16,120.36,122.82,4605661.0
2013-07-12,122.29,123.33,118.27,118.34,4299164.0
2013-07-15,118.69,119.15,115.91,117.8,3660735.0
2013-07-16,117.93,119.89,116.26,119.68,3701140.0
2013-07-17,119.4,119.58,117.08,117.15,2738846.0
2013-07-18,117.2,117.48,115.13,115.99,2569977.0
2013-07-19,115.96,115.96,109.39,110.31,7331922.0
2013-07-22,110.1,110.99,108.46,109.61,2706232.0
2013-07-23,110.26,113.0,109.67,112.56,2875611.0
2013-07-24,112.44,112.44,108.49,109.44,4406723.0
2013-07-25,109.93,112.69,109.24,112.03,3954054.0
2013-07-26,110.94,111.44,109.62,109.66,1904567.0
2013-07-29,109.23,109.23,107.17,107.38,2688331.0
2013-07-30,106.74,107.35,103.78,105.56,4211397.0
2013-07-31,106.35,107.3,105.11,105.61,1459004.0
2013-08-01,106.54,108.11,105.96,107.73,2485259.0
2013-08-02,108.3,111.66,108.23,110.33,2924078.0
2013-08-05,110.33,110.79,108.99,109.99,1806507.0
2013-08-06,109.01,109.99,108.24,109.83,2656226.0
2013-08-07,109.56,111.98,108.89,110.55,2837775.0
2013-08-08,110.57,111.16,109.31,109.78,1607673.0
2013-08-09,109.96,110.36,107.14,108.32,2288924.0
2013-08-12,108.3,111.83,108.12,111.76,3939034.0
2013-08-13,111.57,113.13,110.62,112.78,2543583.0
2013-08-14,112.75,114.28,111.81,111.99,2172190.0
2013-08-15,112.1,113.57,111.18,111.22,1536566.0
2013-08-16,111.27,113.44,109.09,109.31,3497393.0
2013-08-19,109.93,110.25,108.43,109.79,1935761.0
2013-08-20,109.15,109.68,108.24,108.81,3125074.0
2013-08-21,109.69,109.78,108.05,109.49,2310320.0
2013-08-22,109.43,110.73,109.07,109.73,1550152.0
2013-08-23,110.29,110.3,107.49,108.42,1952964.0
2013-08-26,108.5,109.68,107.8,109.02,1688531.0
2013-08-27,108.91,108.91,107.8,108.52,2443655.0
2013-08-28,107.91,107.91,106.28,106.49,3060304.0
2013-08-29,106.55,106.76,105.36,105.6,2180402.0
2013-08-30,105.6,105.92,105.01,105.78,2586142.0
2013-09-02,100.78,100.78,95.2,95.22,22497074.0
2013-09-03,94.64,95.77,93.39,95.05,12321105.0
2013-09-04,95.27,96.24,95.02,95.33,7678998.0
2013-09-05,95.18,95.77,93.57,94.18,7128326.0
2013-09-06,94.08,94.58,93.87,94.19,3778366.0
2013-09-09,94.64,94.97,93.94,94.61,6927092.0
2013-09-10,94.51,95.19,94.06,95.03,5409309.0
2013-09-11,95.11,95.76,94.01,95.62,6901293.0
2013-09-12,95.66,96.02,94.77,95.1,4772311.0
2013-09-13,95.07,96.82,95.05,95.28,6825487.0
2013-09-16,95.65,95.65,93.76,93.79,5887712.0
2013-09-17,93.39,93.51,88.06,88.56,10905797.0
2013-09-18,88.37,89.24,87.43,88.94,6731766.0
2013-09-23,88.99,89.0,87.78,88.25,6540962.0
2013-09-24,88.37,89.16,85.68,85.74,9881915.0
2013-09-25,85.58,86.18,83.37,84.71,6978901.0
2013-09-26,83.98,85.38,83.98,84.87,4722783.0
2013-09-27,84.92,85.34,83.85,84.02,3463925.0
2013-09-30,83.94,85.43,83.68,85.2,5046064.0
2013-10-08,85.09,86.12,84.1,85.66,5686725.0
2013-10-09,85.61,86.12,85.11,85.86,4081504.0
2013-10-10,85.87,86.1,85.39,85.89,2904552.0
2013-10-11,84.8,86.39,84.8,86.19,3645556.0
2013-10-14,86.46,87.58,86.07,87.53,5527479.0
2013-10-15,87.58,90.75,87.17,90.41,6927751.0
2013-10-16,91.69,92.57,89.06,90.4,9481320.0
2013-10-17,90.62,91.38,89.94,90.37,4862119.0
2013-10-18,90.56,90.82,89.0,89.61,3557495.0
2013-10-21,89.95,91.07,89.12,90.94,4702298.0
2013-10-22,90.75,90.75,89.47,89.89,2458139.0
2013-10-23,89.79,90.68,89.13,90.06,2621511.0
2013-10-24,89.81,90.23,89.44,90.07,2625533.0
2013-10-25,89.63,89.63,84.99,85.7,5858415.0
2013-10-28,85.1,85.72,83.52,83.97,3214102.0
2013-10-29,84.08,84.4,82.42,83.23,3518294.0
2013-10-30,83.35,83.55,82.71,83.1,2534346.0
2013-10-31,83.14,85.56,83.04,84.68,3489343.0
2013-11-01,84.19,85.14,83.86,84.72,2215447.0
2013-11-04,84.89,85.85,84.78,85.45,1943628.0
2013-11-05,85.11,86.74,84.42,86.56,2784307.0
2013-11-06,86.67,88.38,86.18,87.53,4444925.0
2013-11-07,87.34,87.67,85.68,87.1,2135888.0
2013-11-08,86.87,87.74,85.24,85.33,2153743.0
2013-11-11,86.49,88.8,85.35,87.46,5232877.0
2013-11-12,87.38,91.1,87.15,90.78,6947801.0
2013-11-13,90.31,91.79,89.69,90.7,3188146.0
2013-11-14,90.88,90.88,88.8,90.3,2404202.0
2013-11-15,90.09,90.64,89.06,89.9,3359785.0
2013-11-18,90.25,90.79,89.5,89.93,4157171.0
2013-11-19,89.94,90.38,88.56,89.51,4116683.0
2013-11-20,89.46,89.58,88.62,89.04,2551780.0
2013-11-21,88.8,89.18,86.84,86.91,3299198.0
2013-11-22,86.91,87.34,86.48,86.79,2811090.0
2013-11-25,86.35,88.91,86.19,88.33,2618102.0
2013-11-26,88.37,88.9,87.61,87.73,1640604.0
2013-11-27,87.74,88.49,86.87,87.71,1567952.0
2013-11-28,87.73,89.41,87.73,88.89,2224051.0
2013-11-29,88.37,88.78,87.7,88.65,2042378.0
2013-12-02,87.75,87.91,85.55,85.73,4289240.0
2013-12-03,85.58,86.44,84.82,86.23,3288230.0
2013-12-04,86.15,87.13,85.6,86.79,3351042.0
2013-12-05,86.77,86.77,85.83,85.86,1932631.0
2013-12-06,85.72,87.18,85.24,86.96,2915072.0
2013-12-09,86.87,86.93,85.24,86.45,2537190.0
2013-12-10,86.18,86.43,85.36,85.83,2539266.0
2013-12-11,85.78,86.24,85.34,85.48,1986816.0
2013-12-12,85.45,86.08,85.36,85.49,1830695.0
2013-12-13,85.38,86.11,85.38,85.49,1926726.0
2013-12-16,85.24,85.5,83.28,83.34,3286944.0
2013-12-17,83.33,84.44,82.98,83.49,1564120.0
2013-12-18,83.35,83.67,82.93,83.04,2010517.0
2013-12-19,83.54,83.61,82.17,82.2,1781345.0
2013-12-20,82.26,82.57,78.97,79.38,3855601.0
2013-12-23,79.24,80.0,79.05,79.29,1922251.0
2013-12-24,79.6,80.04,79.21,79.35,2789714.0
2013-12-25,79.6,79.83,78.9,79.13,1843945.0
2013-12-26,78.97,79.11,77.8,78.18,3415622.0
2013-12-27,78.47,79.74,78.18,79.1,2545548.0
2013-12-30,79.25,79.58,77.71,78.01,3216672.0
2013-12-31,77.72,81.05,76.78,80.46,5754649.0
2014-01-02,80.22,80.22,78.72,78.96,2197666.0
2014-01-03,78.5,78.85,77.23,77.7,2334165.0
2014-01-06,77.02,78.28,75.65,75.67,3022921.0
2014-01-07,75.28,76.06,74.71,75.56,1803946.0
2014-01-08,75.52,75.95,73.96,74.83,3198959.0
2014-01-09,74.58,76.34,74.33,74.8,4788671.0
2014-01-10,74.59,75.48,73.99,74.75,2112663.0
2014-01-13,74.77,76.66,74.63,75.14,3764646.0
2014-01-14,75.34,76.33,74.52,76.03,2347499.0
2014-01-15,75.53,75.93,73.99,74.43,1972069.0
2014-01-16,74.49,76.75,74.42,76.46,3911963.0
2014-01-17,76.34,76.87,75.29,75.4,3236373.0
2014-01-20,76.4,79.79,75.85,79.47,6009063.0
2014-01-21,78.97,80.67,78.56,79.59,3540462.0
2014-01-22,79.58,84.49,79.16,84.09,7366781.0
2014-01-23,84.1,84.86,82.58,84.04,4025848.0
2014-01-24,83.67,85.04,83.05,84.92,3578070.0
2014-01-27,84.54,90.11,84.4,88.22,8351084.0
2014-01-28,88.06,89.0,86.18,87.26,3640115.0
2014-01-29,87.61,88.41,85.55,85.87,3152040.0
2014-01-30,85.55,85.83,82.1,82.86,3722344.0
2014-02-07,82.77,84.37,82.14,83.92,2386561.0
2014-02-10,83.98,84.24,82.02,83.27,3625174.0
2014-02-11,83.23,84.98,82.79,84.01,4300694.0
2014-02-12,84.11,84.59,83.55,84.08,1928348.0
2014-02-13,84.0,86.74,83.99,85.03,3856747.0
2014-02-14,84.86,89.63,84.86,89.56,6741037.0
2014-02-17,90.31,94.63,90.31,94.0,8746517.0
2014-02-18,93.66,93.66,91.58,92.14,3364035.0
2014-02-19,92.16,95.25,92.16,93.72,3148266.0
2014-02-20,93.7,95.0,92.76,93.38,2318897.0
2014-02-21,92.76,94.11,92.62,93.44,3412540.0
2014-02-24,93.45,94.69,91.26,92.52,3117865.0
2014-02-25,92.76,93.01,88.37,89.23,4627993.0
2014-02-26,88.1,90.87,87.15,89.02,2651394.0
2014-02-27,89.09,91.37,87.76,90.85,2564611.0
2014-02-28,90.88,94.51,90.85,94.03,4192617.0
2014-03-03,94.01,97.14,92.97,97.1,4881665.0
2014-03-04,95.34,99.84,95.27,96.14,5086676.0
2014-03-05,96.54,100.27,95.27,100.18,4721154.0
2014-03-06,100.41,101.72,98.4,101.53,4274121.0
2014-03-07,101.53,104.79,100.31,103.72,5811048.0
2014-03-10,103.29,103.92,96.54,98.36,4998548.0
2014-03-11,97.77,102.54,97.21,101.65,3856141.0
2014-03-12,100.96,102.54,97.64,99.36,3676392.0
2014-03-13,98.78,103.48,98.47,103.33,4263778.0
2014-03-14,102.82,104.04,101.41,102.71,2493355.0
2014-03-17,103.41,104.45,101.54,104.34,3219888.0
2014-03-18,105.48,110.43,105.48,107.38,5947371.0
2014-03-19,106.49,109.68,105.92,109.29,3536579.0
2014-03-20,109.24,109.37,105.92,106.03,3389521.0
2014-03-21,105.57,107.79,103.73,107.43,4031881.0
2014-03-24,107.17,110.14,106.49,107.36,2632092.0
2014-03-25,105.55,105.55,97.52,104.55,6240383.0
2014-03-26,103.48,104.11,99.25,99.33,5737639.0
2014-03-27,98.81,100.78,98.02,98.81,3804459.0
2014-03-28,98.91,99.65,94.65,95.67,4827296.0
2014-03-31,95.27,98.64,95.27,96.96,3058360.0
2014-04-01,96.96,101.88,96.77,101.84,3404689.0
2014-04-02,102.0,106.33,100.93,103.82,4669833.0
2014-04-03,105.02,105.1,102.47,103.61,2691848.0
2014-04-04,103.19,103.6,100.91,102.82,2320651.0
2014-04-08,102.74,103.68,100.91,103.13,2592749.0
2014-04-09,103.43,104.44,101.62,102.38,2161889.0
2014-04-10,102.33,107.19,99.97,106.24,5417787.0
2014-04-11,107.8,112.56,107.8,110.36,9022579.0
2014-04-14,109.49,111.13,108.43,109.28,2682436.0
2014-04-15,108.55,110.23,108.55,109.36,2588021.0
2014-04-16,108.87,109.41,106.67,107.19,2204062.0
2014-04-17,107.05,110.31,106.68,109.81,2974441.0
2014-04-18,109.68,111.42,108.62,109.88,1960146.0
2014-04-21,109.06,110.3,107.8,107.83,1833379.0
2014-04-22,107.8,109.76,107.5,107.88,2234496.0
2014-04-23,107.85,110.62,107.82,110.35,3375573.0
2014-04-24,110.4,110.75,108.87,110.16,1258135.0
2014-04-25,105.28,105.29,101.4,103.22,9587743.0
2014-04-28,101.58,103.14,100.16,102.03,3302860.0
2014-04-29,102.04,103.71,101.83,102.53,2799649.0
2014-04-30,102.76,102.97,101.87,102.71,1922066.0
2014-05-05,102.47,102.47,98.45,100.44,3674347.0
2014-05-06,100.28,101.97,100.28,100.78,1362295.0
2014-05-07,101.29,101.29,100.03,100.69,1196073.0
2014-05-08,100.78,101.84,100.54,100.7,1469786.0
2014-05-09,100.69,101.72,100.47,100.67,1672145.0
2014-05-12,101.72,101.72,99.97,100.85,2619478.0
2014-05-13,100.76,101.29,100.0,100.74,1593936.0
2014-05-14,100.27,100.86,96.53,97.32,3401655.0
2014-05-15,97.13,98.45,96.83,97.87,1698338.0
2014-05-16,97.87,98.46,96.94,97.25,1846730.0
2014-05-19,95.58,95.89,92.72,92.75,5625009.0
2014-05-20,92.82,93.66,90.0,90.87,4688591.0
2014-05-21,90.31,95.05,90.22,94.64,3873787.0
2014-05-22,94.58,96.27,93.79,94.04,1867894.0
2014-05-23,94.01,95.76,94.0,95.45,1400963.0
2014-05-26,97.08,97.08,95.8,96.25,891056.0
2014-05-27,95.89,97.62,95.81,96.02,1303507.0
2014-05-28,95.82,97.15,95.77,96.48,1250197.0
2014-05-29,96.35,97.73,96.18,96.7,1010682.0
2014-05-30,96.68,97.32,95.91,96.03,921765.0
2014-06-03,95.89,96.83,95.42,95.75,1304848.0
2014-06-04,95.89,96.13,94.03,94.73,1049431.0
2014-06-05,94.71,97.15,93.59,97.0,2067863.0
2014-06-06,96.95,97.55,95.45,96.26,947745.0
2014-06-09,95.45,96.77,95.45,96.04,1003481.0
2014-06-10,96.05,97.33,96.05,97.02,1930551.0
2014-06-11,96.99,97.38,96.02,96.48,1078145.0
2014-06-12,96.56,96.56,95.34,95.66,1149960.0
2014-06-13,95.7,96.41,94.74,95.77,1697046.0
2014-06-16,95.83,97.01,95.52,96.78,1623790.0
2014-06-17,96.71,96.71,95.39,96.01,1636486.0
2014-06-18,96.39,96.8,96.14,96.26,1402456.0
2014-06-19,96.24,96.65,95.58,95.72,1155144.0
2014-06-20,95.71,96.27,95.47,96.01,1201940.0
2014-06-23,96.21,98.01,96.12,97.97,2898385.0
2014-06-24,98.16,102.66,98.12,102.52,3853263.0
2014-06-25,102.95,102.95,100.23,100.75,3817111.0
2014-06-26,100.75,101.28,100.17,100.33,3634851.0
2014-06-27,100.18,100.18,98.62,99.44,2647792.0
2014-06-30,100.01,101.22,99.46,100.57,2439950.0
2014-07-01,101.01,101.01,99.74,100.43,1194668.0
2014-07-02,100.61,100.84,99.88,100.65,1206848.0
2014-07-03,100.74,101.58,100.16,101.48,1933167.0
2014-07-04,101.58,102.13,101.1,101.52,1540280.0
2014-07-07,101.16,102.2,100.74,102.12,2287987.0
2014-07-08,102.08,102.13,99.89,100.72,2109160.0
2014-07-09,100.59,101.2,99.89,100.05,1432860.0
2014-07-10,99.97,100.47,99.6,99.91,1215988.0
2014-07-11,100.21,101.36,99.97,100.5,1843286.0
2014-07-14,100.5,106.89,100.23,106.09,4653481.0
2014-07-15,105.62,111.92,105.62,108.95,5878798.0
2014-07-16,108.98,111.06,108.98,109.49,2445933.0
2014-07-17,109.15,110.19,107.67,108.91,2019117.0
2014-07-18,108.8,116.88,108.17,114.03,7489691.0
2014-07-21,113.62,115.38,112.34,114.03,3014322.0
2014-07-22,113.06,116.17,113.06,115.61,2982062.0
2014-07-23,114.76,116.88,114.47,116.09,2783633.0
2014-07-24,116.0,119.79,114.97,115.84,3568240.0
2014-07-25,116.17,117.62,114.09,116.09,2783358.0
2014-07-28,116.34,119.0,115.41,116.35,4296899.0
2014-07-29,116.39,116.39,113.52,114.09,3601700.0
2014-07-30,113.86,113.86,110.86,112.28,5487629.0
2014-07-31,112.13,113.61,111.19,113.53,2520631.0
2014-08-01,113.46,116.39,113.07,115.45,4325999.0
2014-08-04,115.46,117.32,114.96,116.46,3884820.0
2014-08-05,116.17,118.06,114.52,117.77,3835797.0
2014-08-06,116.74,117.43,114.76,115.69,2031723.0
2014-08-07,115.54,116.45,113.69,113.76,2539649.0
2014-08-08,114.73,115.7,113.2,114.86,2381942.0
2014-08-11,115.1,115.61,114.41,115.51,2007072.0
2014-08-12,114.62,115.29,113.45,114.78,1960436.0
2014-08-13,114.78,116.73,113.91,115.1,3445403.0
2014-08-14,114.77,115.78,114.25,114.37,2295894.0
2014-08-15,114.9,115.1,114.14,114.43,2180268.0
2014-08-18,114.76,114.97,112.7,113.16,4169827.0
2014-08-19,113.16,113.16,112.24,112.4,3209577.0
2014-08-20,112.45,114.8,112.28,114.76,3708495.0
2014-08-21,114.76,114.98,112.63,113.32,1887273.0
2014-08-22,113.34,113.62,112.45,112.82,1863671.0
2014-08-25,112.82,113.45,112.13,112.45,1537672.0
2014-08-26,112.28,112.93,111.19,111.72,1658960.0
2014-08-27,111.72,111.77,110.63,110.77,1382867.0
2014-08-28,110.51,112.18,110.51,110.52,1761803.0
2014-08-29,110.51,112.34,109.8,112.09,2383883.0
2014-09-01,112.06,112.98,111.72,112.24,1645024.0
2014-09-02,112.5,115.21,111.94,115.15,4124613.0
2014-09-03,115.17,118.6,115.15,116.75,4204225.0
2014-09-04,116.67,117.55,115.95,116.92,2397587.0
2014-09-05,117.38,119.12,117.03,118.66,3473195.0
2014-09-09,118.76,118.98,116.17,116.23,2056281.0
2014-09-10,115.96,116.88,115.47,116.11,1786772.0
2014-09-11,116.08,116.75,114.39,114.74,3187554.0
2014-09-12,114.39,115.22,113.57,115.07,1735601.0
2014-09-15,114.69,114.69,112.49,112.92,3254386.0
2014-09-16,113.69,113.76,111.23,111.54,3482315.0
2014-09-17,112.26,113.01,111.45,112.09,2584128.0
2014-09-18,111.94,112.9,111.27,112.81,2648204.0
2014-09-19,112.81,114.03,112.28,113.94,2266599.0
2014-09-22,113.84,113.84,111.1,111.17,3719154.0
2014-09-23,111.0,111.57,110.76,111.55,3454611.0
2014-09-24,110.85,113.69,110.22,113.47,4344896.0
2014-09-25,113.99,116.16,113.98,114.89,5685144.0
2014-09-26,114.4,115.55,112.77,114.98,2271665.0
2014-09-29,114.99,115.61,114.32,115.09,2348859.0
2014-09-30,115.28,115.46,114.19,114.85,2157419.0
2014-10-08,114.05,114.12,111.78,113.86,4565282.0
2014-10-09,113.25,113.52,112.33,113.35,3624491.0
2014-10-10,112.64,113.2,111.71,112.64,4314771.0
2014-10-13,111.79,111.84,108.86,110.58,5317638.0
2014-10-14,109.8,111.21,109.4,109.73,2889594.0
2014-10-15,109.62,111.62,109.59,111.44,2223805.0
2014-10-16,110.58,112.06,110.58,111.44,2394969.0
2014-10-17,111.92,112.67,111.14,112.19,3097659.0
2014-10-20,112.19,112.28,110.79,111.16,3291008.0
2014-10-21,111.21,112.87,110.93,112.25,3991128.0
2014-10-22,112.23,112.96,111.57,112.69,2283641.0
2014-10-23,112.33,113.54,111.84,112.67,3191734.0
2014-10-24,112.6,113.26,111.7,112.55,1998007.0
2014-10-27,111.19,112.7,109.72,111.57,2797069.0
2014-10-28,111.44,112.7,111.34,112.45,2054841.0
2014-10-29,112.49,113.03,111.55,112.13,2142344.0
2014-10-30,111.92,111.92,109.87,110.09,4908702.0
2014-10-31,110.13,111.14,109.34,110.99,3642170.0
2014-11-03,111.04,111.13,110.12,110.21,2467006.0
2014-11-04,110.14,110.14,106.96,107.24,5594390.0
2014-11-05,107.0,107.0,103.07,103.53,7671979.0
2014-11-06,103.53,104.48,103.43,104.24,3636297.0
2014-11-07,104.25,105.05,104.21,104.87,4150731.0
2014-11-10,106.26,108.93,105.55,108.93,6232521.0
2014-11-11,109.3,109.94,107.68,108.63,4770689.0
2014-11-12,108.37,108.8,106.4,108.3,3082375.0
2014-11-13,108.18,108.19,106.03,107.37,4915556.0
2014-11-14,107.36,111.66,106.9,111.42,7522508.0
2014-11-17,119.01,119.01,113.34,113.37,15041623.0
2014-11-18,114.05,114.63,109.8,110.26,6349780.0
2014-11-19,110.2,110.26,108.1,108.43,4629074.0
2014-11-20,108.3,108.32,106.6,106.74,4625841.0
2014-11-21,106.65,108.52,106.4,108.47,4199078.0
2014-11-24,109.0,109.8,107.67,109.05,5387899.0
2014-11-25,108.68,109.69,108.24,109.54,5323130.0
2014-11-26,109.51,110.76,109.01,110.47,6385897.0
2014-11-27,109.8,111.37,109.09,110.99,9655151.0
2014-11-28,110.91,110.91,108.5,110.39,8828818.0
2014-12-01,110.91,114.05,110.51,113.38,12174001.0
2014-12-02,112.67,114.19,112.1,114.15,9926819.0
2014-12-03,115.07,119.22,115.01,116.76,11732264.0
2014-12-04,117.94,123.61,117.94,123.35,11778143.0
2014-12-05,126.08,126.77,119.43,121.07,11290144.0
2014-12-08,119.6,125.02,118.44,122.53,10089431.0
2014-12-09,121.84,132.2,121.49,122.45,15189028.0
2014-12-10,123.96,129.99,123.96,127.45,10665611.0
2014-12-11,127.51,128.88,124.17,124.6,5488215.0
2014-12-12,125.23,128.21,124.67,125.09,5105516.0
2014-12-15,125.1,130.41,124.27,130.37,7096432.0
2014-12-16,130.13,130.13,126.17,127.95,5112944.0
2014-12-17,127.5,128.53,125.95,126.85,6002047.0
2014-12-18,127.29,129.06,126.8,127.04,3856750.0
2014-12-19,126.84,128.91,126.09,128.09,4963106.0
2014-12-22,127.26,130.55,124.59,130.41,7362381.0
2014-12-23,130.18,137.06,128.93,133.78,8565082.0
2014-12-24,133.17,135.87,127.99,129.67,6355459.0
2014-12-25,129.74,131.76,128.22,131.64,4407168.0
2014-12-26,131.11,133.88,129.63,132.87,4267749.0
2014-12-29,133.24,134.59,128.92,129.97,8983865.0
2014-12-30,129.63,133.16,129.26,132.35,5617110.0
2014-12-31,131.47,134.59,131.05,134.32,4626936.0
2015-01-05,134.32,144.68,133.66,143.46,9451517.0
2015-01-06,141.67,143.49,138.85,140.14,5502001.0
2015-01-07,138.87,141.32,134.58,136.67,5479784.0
2015-01-08,137.42,137.79,134.69,135.84,4052530.0
2015-01-09,134.87,138.68,134.67,134.81,5398220.0
2015-01-12,134.59,136.42,130.67,132.06,4991459.0
2015-01-13,132.47,133.56,130.77,130.96,3670808.0
2015-01-14,131.05,132.11,128.13,129.76,5240344.0
2015-01-15,130.26,132.04,129.26,131.81,4858552.0
2015-01-16,131.9,133.17,131.74,131.83,3997806.0
2015-01-19,128.21,129.77,121.46,124.3,6467937.0
2015-01-20,124.69,127.86,122.55,126.15,6102274.0
2015-01-21,126.28,129.56,125.52,129.18,5267474.0
2015-01-22,129.19,130.59,127.51,128.38,3825481.0
2015-01-23,127.59,129.83,127.58,128.23,3308455.0
2015-01-26,128.71,129.99,128.25,129.49,3564906.0
2015-01-27,129.5,129.5,126.09,127.58,4188362.0
2015-01-28,126.8,127.79,125.59,125.71,3068066.0
2015-01-29,124.81,126.09,123.96,124.78,3249254.0
2015-01-30,125.37,128.21,125.03,125.51,4750834.0
2015-02-02,124.33,124.96,122.9,123.84,3398336.0
2015-02-03,125.72,126.55,124.81,126.35,2779280.0
2015-02-04,126.9,128.98,125.38,125.56,3529371.0
2015-02-05,126.78,128.14,123.26,123.29,4123962.0
2015-02-06,123.71,125.03,122.97,123.68,3710238.0
2015-02-09,124.51,131.12,123.96,130.55,8729358.0
2015-02-10,130.91,131.19,128.53,129.55,5363887.0
2015-02-11,129.21,130.52,128.98,129.74,2289479.0
2015-02-12,130.33,130.69,128.93,130.04,2505098.0
2015-02-13,130.42,130.69,128.5,129.27,4012705.0
2015-02-16,129.31,130.08,128.37,129.85,3952108.0
2015-02-17,130.02,130.26,128.86,129.08,3417255.0
2015-02-25,129.63,131.54,128.29,130.31,5993512.0
2015-02-26,130.2,133.45,130.02,132.21,6229772.0
2015-02-27,132.39,137.78,132.32,135.33,6337094.0
2015-03-02,135.16,137.28,133.88,135.11,3109870.0
2015-03-03,134.09,136.01,131.16,131.72,4299960.0
2015-03-04,132.46,133.18,130.77,132.6,4066223.0
2015-03-05,131.06,132.49,130.38,131.42,3620624.0
2015-03-06,131.3,132.1,129.82,130.07,2547066.0
2015-03-09,131.62,136.71,130.2,135.7,4348603.0
2015-03-10,135.26,135.65,132.66,133.05,2963706.0
2015-03-11,133.05,136.72,133.03,135.99,4058339.0
2015-03-12,136.72,138.83,135.58,136.54,3849640.0
2015-03-13,136.5,137.35,133.58,134.53,2547927.0
2015-03-16,134.63,137.78,132.47,137.25,3116097.0
2015-03-17,138.12,140.75,138.05,139.39,4590408.0
2015-03-18,139.41,141.67,138.5,141.28,3930446.0
2015-03-19,140.64,140.96,137.47,138.33,3353977.0
2015-03-20,137.57,138.12,135.21,136.82,5137371.0
2015-03-23,137.9,139.37,136.86,138.19,4097901.0
2015-03-24,138.34,139.86,136.08,138.62,6007944.0
2015-03-25,136.72,138.2,136.05,136.56,4224030.0
2015-03-26,137.1,141.6,136.01,140.65,6710525.0
2015-03-27,140.26,140.65,136.68,137.81,4014459.0
2015-03-30,137.91,140.93,136.79,139.39,6345139.0
2015-03-31,139.32,142.22,137.44,138.81,8813097.0
2015-04-01,138.86,139.95,137.76,138.37,7687523.0
2015-04-02,138.81,139.97,136.63,137.83,6298161.0
2015-04-03,137.42,139.56,136.56,139.41,5121088.0
2015-04-07,139.44,142.44,138.7,142.15,5982433.0
2015-04-08,143.44,149.24,142.8,144.86,13585716.0
2015-04-09,144.85,145.84,141.0,141.67,6239973.0
2015-04-10,141.67,143.79,141.4,141.83,10201946.0
2015-04-13,142.77,144.85,140.92,144.44,9135609.0
2015-04-14,144.51,148.25,144.48,145.92,8190313.0
2015-04-15,148.12,148.6,144.62,145.71,5500520.0
2015-04-16,147.73,160.28,147.22,160.28,8601417.0
2015-04-17,169.23,176.17,161.71,164.74,19209492.0
2015-04-20,162.92,174.05,162.22,165.78,13058871.0
2015-04-21,170.01,182.36,170.01,182.36,12240188.0
2015-04-22,190.41,190.55,182.13,186.93,13463506.0
2015-04-23,187.01,187.13,179.2,181.37,8603012.0
2015-04-24,178.42,183.95,173.56,183.11,10053123.0
2015-04-27,182.46,189.7,179.21,181.19,7897335.0
2015-04-28,179.93,183.18,175.0,175.6,8729177.0
2015-04-29,174.33,179.22,174.33,176.94,5930057.0
2015-04-30,177.91,180.56,175.5,178.67,6406407.0
2015-05-04,178.98,183.47,177.11,180.61,5473902.0
2015-05-05,178.51,178.51,169.92,170.68,7370003.0
2015-05-06,172.83,174.96,170.02,171.91,6032432.0
2015-05-07,173.55,178.42,171.82,173.5,6810290.0
2015-05-08,174.34,180.55,174.19,180.05,5780559.0
2015-05-11,178.15,182.75,177.09,182.36,6134570.0
2015-05-12,182.19,182.19,178.51,180.22,4703129.0
2015-05-13,179.78,186.28,178.86,181.63,5891341.0
2015-05-14,181.52,183.82,177.96,178.09,4185329.0
2015-05-15,178.09,179.56,171.15,173.67,5418507.0
2015-05-18,173.55,173.55,170.08,170.82,3536324.0
2015-05-19,170.75,177.25,170.15,177.12,4763777.0
2015-05-20,178.51,184.18,176.6,179.89,6377150.0
2015-05-21,181.34,185.1,179.93,183.18,4766913.0
2015-05-22,183.95,196.08,183.89,195.41,6664906.0
2015-05-25,191.26,204.36,190.55,203.18,6747362.0
2015-05-26,203.02,205.43,201.15,202.27,6091468.0
2015-05-27,202.25,204.95,193.38,196.15,4693479.0
2015-05-28,194.98,199.05,184.25,184.96,6088499.0
2015-05-29,184.18,190.55,184.1,186.89,5778309.0
2015-06-01,186.97,193.37,184.03,192.29,6581670.0
2015-06-02,191.61,191.61,184.64,188.87,6463560.0
2015-06-03,187.85,188.87,184.18,186.15,4642403.0
2015-06-04,186.29,187.72,170.01,182.91,9236273.0
2015-06-05,182.84,185.66,174.26,179.81,8573823.0
2015-06-08,178.16,189.52,176.95,187.46,9600797.0
2015-06-09,187.72,191.12,181.7,183.49,7785186.0
2015-06-10,181.09,189.05,179.78,184.92,8046208.0
2015-06-11,184.18,187.36,182.6,184.22,5295454.0
2015-06-12,185.68,193.38,184.88,188.43,9090952.0
2015-06-15,189.12,192.68,184.23,184.81,10001422.0
2015-06-16,183.47,188.28,178.86,179.89,6930384.0
2015-06-17,179.9,182.59,176.38,180.7,5838881.0
2015-06-18,179.23,180.49,170.43,172.82,6150650.0
2015-06-19,174.17,176.02,165.77,166.69,6760866.0
2015-06-23,169.87,181.24,165.85,178.69,8124734.0
2015-06-24,177.09,187.86,175.43,185.03,9570694.0
2015-06-25,185.24,185.61,177.24,178.36,6652166.0
2015-06-26,177.11,181.17,166.68,171.74,9933201.0
2015-06-29,175.94,181.7,161.37,174.71,16507167.0
2015-06-30,174.71,184.05,174.26,182.51,12629819.0
2015-07-01,180.63,190.2,177.79,182.4,10332654.0
2015-07-02,180.85,200.19,173.56,184.39,11845972.0
2015-07-03,180.63,184.53,171.57,176.96,10960531.0
2015-07-06,189.81,189.84,169.65,179.95,27279966.0
2015-07-07,177.09,181.75,169.65,172.97,16756224.0
2015-07-08,162.22,173.54,155.67,167.78,28914054.0
2015-07-09,167.78,184.47,165.05,182.72,13820334.0
2015-07-10,182.05,200.47,178.48,188.14,25614930.0
2015-07-13,182.76,188.13,177.8,182.58,14892616.0
2015-07-14,180.63,180.76,175.11,176.42,9676830.0
2015-07-15,175.32,179.0,172.33,177.98,10407746.0
2015-07-16,177.98,180.05,175.86,178.22,7281433.0
2015-07-17,181.6,182.38,178.22,181.03,5641853.0
2015-07-20,180.13,180.72,176.44,178.51,6793355.0
2015-07-21,175.85,177.79,174.46,175.77,5178996.0
2015-07-22,174.46,176.04,171.75,172.18,7085510.0
2015-07-23,172.86,174.93,171.1,174.09,6474810.0
2015-07-24,174.85,177.38,173.47,173.83,5739009.0
2015-07-27,172.08,175.49,159.39,159.8,7694415.0
2015-07-28,158.49,166.08,156.6,163.22,8670357.0
2015-07-29,164.77,166.53,160.29,164.74,6650743.0
2015-07-30,165.6,165.6,162.64,163.32,4113400.0
2015-07-31,163.91,164.09,160.98,164.01,4073664.0
2015-08-03,162.56,166.52,160.98,166.18,5455303.0
2015-08-04,165.94,169.68,165.94,168.09,5953396.0
2015-08-05,168.85,169.58,164.1,164.3,4314385.0
2015-08-06,163.54,164.55,160.98,162.53,3924980.0
2015-08-07,164.54,165.42,163.04,164.09,3952134.0
2015-08-10,164.16,168.91,162.67,168.35,5649643.0
2015-08-11,168.35,168.44,166.54,167.12,5089705.0
2015-08-12,166.52,169.93,165.54,166.11,4582434.0
2015-08-13,167.72,167.72,163.36,166.14,3518025.0
2015-08-14,166.93,167.64,165.93,166.51,3066690.0
2015-08-17,164.96,165.59,161.77,163.53,5385832.0
2015-08-18,164.13,164.55,158.88,159.44,5128552.0
2015-08-19,158.4,160.31,157.16,159.88,5026180.0
2015-08-20,159.26,159.39,154.55,154.69,3964503.0
2015-08-21,151.87,154.52,147.59,147.76,7562061.0
2015-08-24,143.53,143.93,133.38,134.52,8981284.0
2015-08-25,132.79,144.73,131.8,140.03,12308058.0
2015-08-26,140.17,149.48,138.77,145.82,9157253.0
2015-08-27,150.67,158.52,146.62,156.28,8705201.0
2015-08-28,154.63,154.86,148.39,152.77,8992583.0
2015-08-31,150.15,155.03,146.85,154.93,6273019.0
2015-09-01,152.11,154.63,149.08,154.13,8743269.0
2015-09-02,150.76,154.63,150.03,154.32,10694546.0
2015-09-07,152.73,153.84,149.6,149.65,3221642.0
2015-09-08,149.45,151.04,146.7,150.13,3309858.0
2015-09-09,150.78,153.74,150.78,152.14,3521516.0
2015-09-10,150.97,153.29,149.99,153.21,2685248.0
2015-09-11,152.16,153.92,151.5,152.98,1693214.0
2015-09-14,152.6,160.82,149.0,160.6,8617555.0
2015-09-15,157.02,160.2,154.73,160.18,5188434.0
2015-09-16,158.61,166.16,156.8,162.21,3719802.0
2015-09-17,160.66,163.2,156.7,157.01,2642300.0
2015-09-18,157.49,159.3,157.01,158.15,1564276.0
2015-09-21,157.02,159.15,157.01,158.04,1652767.0
2015-09-22,159.21,159.53,157.79,158.02,1645740.0
2015-09-23,156.34,157.8,153.92,154.41,2234432.0
2015-09-24,155.27,155.65,152.89,153.84,1388674.0
2015-09-25,153.83,154.55,150.27,153.41,2445597.0
2015-09-28,151.84,152.49,150.06,151.76,1234110.0
2015-09-29,150.31,151.76,149.32,150.8,1840982.0
2015-09-30,150.85,151.84,150.8,150.91,1163463.0
2015-10-08,157.63,159.85,156.22,156.63,3439179.0
2015-10-09,157.63,157.73,155.82,156.18,1572174.0
2015-10-12,157.81,162.16,156.89,157.08,4903000.0
2015-10-13,157.08,158.67,157.08,157.6,1575113.0
2015-10-14,157.79,158.2,156.23,156.88,1521339.0
2015-10-15,157.14,158.89,156.66,158.59,1655013.0
2015-10-16,159.57,160.5,158.13,159.19,1923843.0
2015-10-19,162.52,162.52,160.11,160.76,2612145.0
2015-10-20,160.2,160.88,159.53,160.16,1478429.0
2015-10-21,160.25,160.62,156.23,158.84,2234914.0
2015-10-22,158.79,160.76,158.15,160.6,2372030.0
2015-10-23,163.2,172.56,163.0,167.31,5627734.0
2015-10-26,168.11,173.11,164.94,172.66,4334626.0
2015-10-27,172.16,172.62,168.57,170.69,2257279.0
2015-10-28,170.49,170.49,168.04,168.46,1655922.0
2015-10-29,168.11,170.33,168.11,168.91,1345435.0
2015-10-30,168.87,171.13,168.21,169.59,1225791.0
2015-11-02,170.18,171.18,168.51,168.56,1529820.0
2015-11-03,168.84,171.1,165.26,166.3,2317329.0
2015-11-04,166.99,171.29,166.62,170.48,3080972.0
2015-11-05,170.18,177.06,169.3,171.73,4998258.0
2015-11-06,172.36,173.35,170.94,173.21,2169571.0
2015-11-09,176.04,178.15,173.67,175.12,4052729.0
2015-11-10,174.46,177.73,173.79,176.35,2872976.0
2015-11-11,176.05,176.84,173.35,174.58,2381550.0
2015-11-12,174.64,176.84,173.97,174.47,1618085.0
2015-11-13,172.95,174.06,170.36,170.58,2839718.0
2015-11-16,168.51,171.68,168.11,169.53,2391670.0
2015-11-17,170.27,172.48,169.02,169.99,2198635.0
2015-11-18,169.38,171.29,169.38,170.22,1972554.0
2015-11-19,169.7,171.29,169.62,170.52,1526276.0
2015-11-20,170.6,171.11,168.99,169.48,2227423.0
2015-11-23,168.91,169.57,168.52,168.61,2099473.0
2015-11-24,168.42,169.13,166.53,167.87,2046902.0
2015-11-25,167.88,168.91,166.85,168.89,2424981.0
2015-11-26,169.3,169.53,167.98,168.78,1880453.0
2015-11-27,168.5,168.54,163.86,164.74,1622072.0
2015-11-30,164.97,170.32,164.78,169.95,3344003.0
2015-12-01,168.91,169.66,167.32,169.54,1887754.0
2015-12-02,170.08,180.01,168.11,175.71,4789145.0
2015-12-03,173.67,175.57,171.84,174.85,2238683.0
2015-12-04,174.43,174.43,170.5,170.74,2084871.0
2015-12-07,170.49,172.06,169.07,170.1,1925509.0
2015-12-08,170.14,170.14,167.69,168.07,1739368.0
2015-12-09,167.78,170.53,167.72,170.07,1411977.0
2015-12-10,170.49,171.45,168.11,168.88,1378671.0
2015-12-11,168.51,168.51,166.93,167.65,1303548.0
2015-12-14,166.68,170.4,165.74,169.78,2070134.0
2015-12-15,169.54,170.17,168.18,170.1,1508839.0
2015-12-16,170.03,170.21,168.58,169.63,2014480.0
2015-12-17,170.01,171.98,169.7,171.18,2425321.0
2015-12-18,170.89,173.78,170.58,171.98,2846020.0
2015-12-21,172.87,181.74,172.87,180.03,5939189.0
2015-12-22,179.85,179.85,177.06,178.45,2840245.0
2015-12-23,178.78,179.76,176.6,176.84,2237497.0
2015-12-24,177.61,178.96,177.0,178.25,1557788.0
2015-12-25,178.42,178.95,176.74,178.03,1154295.0
2015-12-28,178.8,179.22,173.67,173.76,2559452.0
2015-12-29,173.36,174.81,173.28,174.32,1577433.0
2015-12-30,174.6,174.98,172.49,173.55,2014766.0
2015-12-31,173.05,174.06,172.73,173.02,1967387.0
2016-01-04,172.87,172.87,166.52,166.54,1734969.0
2016-01-05,166.53,169.68,164.55,168.76,3190891.0
2016-01-06,168.73,169.43,165.97,168.26,2376090.0
2016-01-07,165.73,165.73,158.62,160.37,814868.0
2016-01-08,161.91,164.94,158.6,162.27,4451009.0
2016-01-11,161.1,161.6,158.12,158.49,2970258.0
2016-01-12,159.47,160.26,155.43,156.05,4028723.0
2016-01-13,157.88,163.36,157.49,158.42,2920198.0
2016-01-14,156.31,163.34,155.04,162.42,3477606.0
2016-01-15,162.37,163.5,157.01,157.81,2668119.0
2016-01-18,157.01,160.5,156.38,158.15,2737123.0
2016-01-19,159.39,166.79,158.61,166.72,5911022.0
2016-01-20,164.15,166.66,159.4,160.44,4096866.0
2016-01-21,159.6,162.24,158.52,158.8,2183229.0
2016-01-22,161.06,161.29,157.65,160.77,2273348.0
2016-01-25,160.98,161.37,159.79,160.8,1375045.0
2016-01-26,159.38,162.14,157.41,157.81,2228092.0
2016-01-27,158.58,159.3,155.19,158.54,2984041.0
2016-01-28,158.4,158.4,155.13,155.93,1790300.0
2016-01-29,156.6,160.58,156.22,159.11,2309024.0
2016-02-01,160.26,160.82,158.51,159.62,1917802.0
2016-02-02,160.18,162.4,159.11,162.21,1784208.0
2016-02-03,160.64,162.21,159.79,161.5,1515699.0
2016-02-04,162.4,163.26,161.41,162.56,1662475.0
2016-02-05,162.56,162.71,160.6,161.67,1422767.0
2016-02-15,158.6,160.98,158.28,158.92,1947018.0
2016-02-16,159.04,164.94,159.04,161.71,1922316.0
2016-02-17,161.56,162.5,159.0,160.42,2034911.0
2016-02-18,161.14,161.45,159.47,159.95,1889256.0
2016-02-19,159.88,161.12,159.49,161.06,1423846.0
2016-02-22,163.36,165.2,163.36,164.78,2775986.0
2016-02-23,164.76,170.48,164.17,168.44,3746089.0
2016-02-24,168.27,172.9,167.33,172.67,3312902.0
2016-02-25,173.51,174.84,168.22,168.44,3948065.0
2016-02-26,168.99,173.86,167.53,171.95,2833271.0
2016-02-29,173.66,175.16,163.99,170.42,4771246.0
2016-03-01,171.25,174.7,166.85,173.21,3400459.0
2016-03-02,173.67,178.82,173.4,177.8,4794266.0
2016-03-03,178.42,183.96,175.77,180.65,4019328.0
2016-03-04,179.91,190.45,178.43,189.35,8583869.0
2016-03-07,188.82,190.32,183.22,185.27,3934555.0
2016-03-08,185.01,185.01,180.01,181.76,2614722.0
2016-03-09,180.01,184.49,179.3,180.36,1640260.0
2016-03-10,181.59,185.32,180.8,180.85,2572746.0
2016-03-11,179.64,183.88,178.82,180.84,1632008.0
2016-03-14,182.99,185.16,176.2,178.08,4527783.0
2016-03-15,178.26,185.87,177.9,183.91,3635633.0
2016-03-16,182.56,184.37,178.42,181.29,2425097.0
2016-03-17,182.39,185.64,181.04,182.04,2882095.0
2016-03-18,183.97,184.18,179.04,179.22,7056894.0
2016-03-21,179.74,183.99,179.73,183.96,3854745.0
2016-03-22,184.18,188.88,183.58,185.95,4176661.0
2016-03-23,186.51,187.94,184.51,186.33,2141206.0
2016-03-24,186.35,194.6,183.42,192.43,6206802.0
2016-03-25,192.3,198.08,191.13,194.27,4475616.0
2016-03-28,194.27,200.93,194.27,197.92,4833765.0
2016-03-29,197.93,199.04,193.84,196.75,3668805.0
2016-03-30,197.46,198.57,194.66,197.19,2778260.0
2016-03-31,198.12,198.49,195.86,196.38,1945734.0
2016-04-01,197.42,198.64,193.92,194.35,2514607.0
2016-04-05,192.7,196.27,192.7,194.7,2504785.0
2016-04-06,194.92,204.27,194.92,203.97,4842492.0
2016-04-07,203.71,204.18,200.33,201.51,2553639.0
2016-04-08,199.83,202.92,196.82,198.14,2315602.0
2016-04-11,198.64,202.36,193.09,193.27,11928468.0
2016-04-12,193.25,194.28,191.98,194.22,2333909.0
2016-04-13,194.6,197.16,191.67,192.09,5427425.0
2016-04-14,192.21,194.15,191.11,192.51,2866437.0
2016-04-15,192.41,194.27,191.27,194.2,1902926.0
2016-04-18,192.54,195.08,192.3,193.24,1859304.0
2016-04-19,193.96,194.43,191.47,192.84,1423668.0
2016-04-20,192.85,193.81,186.99,189.08,3370850.0
2016-04-21,190.71,192.14,188.97,190.61,2967222.0
2016-04-22,191.11,196.57,190.61,196.19,3545938.0
2016-04-25,195.96,196.74,192.94,193.9,2499028.0
2016-04-26,194.24,195.77,192.7,193.38,1515668.0
2016-04-27,193.89,194.66,193.09,194.19,1391510.0
2016-04-28,194.94,195.66,193.49,195.43,1715655.0
2016-04-29,196.18,200.18,196.18,199.2,4607949.0
2016-05-03,198.68,207.99,198.68,206.18,5647486.0
2016-05-04,206.18,208.07,203.0,203.17,2863626.0
2016-05-05,203.4,204.71,202.61,204.41,1351789.0
2016-05-06,204.05,205.0,199.14,200.01,2717369.0
2016-05-09,198.35,200.47,197.46,198.9,2779918.0
2016-05-10,197.85,201.42,197.54,199.9,3350589.0
2016-05-11,200.11,206.56,200.11,203.7,4927713.0
2016-05-12,201.44,203.45,199.83,202.97,1889411.0
2016-05-13,202.99,205.31,198.64,199.01,2814561.0
2016-05-16,198.93,199.68,196.11,199.54,2220273.0
2016-05-17,199.05,200.15,198.11,198.27,1178569.0
2016-05-18,197.52,199.72,192.78,193.84,2838034.0
2016-05-19,194.41,197.06,193.89,194.89,2088943.0
2016-05-20,195.74,199.98,193.74,199.25,2550157.0
2016-05-23,198.03,202.21,198.03,201.58,1870618.0
2016-05-24,201.75,202.38,198.33,199.79,1167440.0
2016-05-25,201.8,202.17,199.05,199.72,1778534.0
2016-05-26,199.83,201.26,197.61,200.4,1812026.0
2016-05-27,200.41,201.97,199.34,200.18,1323044.0
2016-05-30,199.44,203.4,198.25,203.11,2980692.0
2016-05-31,203.01,211.43,202.37,209.72,5394965.0
2016-06-01,210.46,210.54,208.56,209.18,2187669.0
2016-06-02,208.57,213.06,208.57,212.32,2476076.0
2016-06-03,211.73,227.38,211.25,225.12,6479813.0
2016-06-06,223.62,224.42,218.07,218.91,3726166.0
2016-06-07,219.26,220.84,218.08,220.33,1875353.0
2016-06-08,219.18,220.34,216.88,217.5,2388209.0
2016-06-13,216.76,219.39,211.13,211.78,3777506.0
2016-06-14,212.29,217.12,212.29,216.29,2558729.0
2016-06-15,214.67,220.29,214.27,219.25,2732201.0
2016-06-16,217.96,220.29,217.11,217.3,1964357.0
2016-06-17,216.96,224.01,216.96,220.66,2470518.0
2016-06-20,221.86,221.93,217.28,218.95,1901926.0
2016-06-21,219.69,220.4,216.49,217.13,1674933.0
2016-06-22,217.1,221.53,216.3,220.8,2088448.0
2016-06-23,222.01,222.01,217.98,219.21,1398451.0
2016-06-24,218.3,219.66,211.89,217.1,2012951.0
2016-06-27,218.07,231.79,218.07,228.13,6364269.0
2016-06-28,227.6,229.7,227.05,228.55,2428223.0
2016-06-29,228.03,229.53,225.37,228.52,2814760.0
2016-06-30,229.98,236.47,229.98,231.49,3802240.0
2016-07-01,232.67,236.46,230.07,231.83,2601495.0
2016-07-04,232.5,239.31,231.69,238.09,2948864.0
2016-07-05,239.01,245.55,239.01,243.51,4170773.0
2016-07-06,242.87,257.62,242.23,256.96,4734770.0
2016-07-07,255.84,264.75,252.82,256.73,5072520.0
2016-07-08,254.0,255.59,248.03,251.06,4554563.0
2016-07-11,250.35,262.48,250.35,255.3,5748167.0
2016-07-12,255.8,264.58,255.19,263.07,5311945.0
2016-07-13,261.69,263.07,255.23,256.96,5344828.0
2016-07-14,256.07,259.89,255.35,256.88,2923085.0
2016-07-15,256.9,257.64,255.24,257.23,2681101.0
2016-07-18,257.21,258.83,255.72,256.17,2335289.0
2016-07-19,255.59,256.24,247.53,249.61,4143166.0
2016-07-20,250.02,251.84,249.11,249.97,1773384.0
2016-07-21,251.26,257.29,250.33,254.68,3300949.0
2016-07-22,253.49,255.35,249.01,249.45,2887145.0
2016-07-25,249.19,254.53,248.71,252.16,2362353.0
2016-07-26,250.33,258.83,249.92,258.46,3555567.0
2016-07-27,259.12,259.72,249.76,254.39,3922806.0
2016-07-28,252.76,258.67,252.35,256.04,3964399.0
2016-07-29,255.25,258.33,253.57,253.69,2900737.0
2016-08-01,253.57,254.34,247.09,248.67,3170185.0
2016-08-02,248.91,251.54,245.34,248.07,2654142.0
2016-08-03,248.71,249.44,246.4,248.56,2403907.0
2016-08-04,248.58,249.78,246.45,248.14,2179364.0
2016-08-05,248.29,249.82,247.11,247.84,2030848.0
2016-08-08,248.02,249.76,245.51,249.6,2200740.0
2016-08-09,249.65,257.35,248.24,255.79,3928967.0
2016-08-10,255.23,256.4,253.83,254.22,2094471.0
2016-08-11,254.68,260.51,254.39,256.62,3193972.0
2016-08-12,257.13,257.13,254.39,256.78,2335283.0
2016-08-15,255.84,260.61,254.5,258.25,3411013.0
2016-08-16,260.86,261.25,249.52,250.75,8837869.0
2016-08-17,250.81,251.92,248.3,249.65,4375406.0
2016-08-18,249.48,250.85,247.19,248.24,3100599.0
2016-08-19,247.73,249.07,246.92,248.29,1914091.0
2016-08-22,248.0,250.8,247.9,248.97,2081270.0
2016-08-23,248.97,250.36,247.73,248.61,1991426.0
2016-08-24,248.72,249.1,246.14,247.31,2277942.0
2016-08-25,247.25,247.39,243.09,245.47,2536258.0
2016-08-26,245.58,246.72,243.36,244.21,2143645.0
2016-08-29,249.52,250.16,247.25,249.14,3805557.0
2016-08-30,248.71,249.92,246.82,247.78,2117052.0
2016-08-31,248.46,251.75,247.52,251.29,4040144.0
2016-09-01,250.89,252.76,249.72,250.09,1718597.0
2016-09-02,249.52,250.69,246.99,247.72,1857224.0
2016-09-05,248.06,250.33,247.74,249.92,1913870.0
2016-09-06,249.92,251.43,249.8,251.09,2062583.0
2016-09-07,250.88,250.88,247.49,248.38,2964515.0
2016-09-08,247.26,248.3,246.61,247.75,1670578.0
2016-09-09,248.42,248.59,246.28,246.79,1622251.0
2016-09-12,244.66,246.28,241.23,241.46,3823881.0
2016-09-13,242.99,243.82,242.47,243.38,1625588.0
2016-09-14,243.12,244.82,241.42,242.69,1852765.0
2016-09-19,243.08,244.31,242.94,243.14,1285210.0
2016-09-20,243.67,243.68,238.17,238.95,3489260.0
2016-09-21,239.03,239.3,234.21,238.22,3903723.0
2016-09-22,238.42,243.02,238.18,240.59,2960617.0
2016-09-23,240.62,242.18,239.31,241.16,1267190.0
2016-09-26,240.61,240.61,233.76,233.91,3717608.0
2016-09-27,234.03,236.54,233.93,235.88,1791582.0
2016-09-28,236.38,236.38,232.96,233.65,2236001.0
2016-09-29,233.19,237.36,233.19,235.73,2370569.0
2016-09-30,234.93,242.74,234.93,241.34,2960350.0
2016-10-10,241.83,246.16,241.83,245.43,2110362.0
2016-10-11,246.28,250.33,245.47,250.26,4173675.0
2016-10-12,249.92,249.92,247.01,247.75,1928602.0
2016-10-13,248.54,248.66,245.88,246.19,1614398.0
2016-10-14,245.85,247.9,245.63,247.57,1269092.0
2016-10-17,247.45,247.49,244.25,245.02,1895703.0
2016-10-18,245.06,249.92,244.66,248.84,3038931.0
2016-10-19,249.92,250.12,247.17,248.26,1412328.0
2016-10-20,249.02,249.02,246.92,247.47,1407992.0
2016-10-21,247.15,247.47,245.13,246.43,1148332.0
2016-10-24,245.14,248.71,245.14,248.65,2624652.0
2016-10-25,249.02,253.57,249.02,253.52,4376239.0
2016-10-26,253.57,257.87,252.47,254.12,4681307.0
2016-10-27,253.56,257.8,251.95,256.7,3295162.0
2016-10-28,257.21,257.97,254.38,256.85,2013733.0
2016-10-31,258.43,261.51,256.65,257.58,4359610.0
2016-11-01,257.58,258.43,255.63,256.55,1951239.0
2016-11-02,256.07,256.94,254.12,255.33,2063642.0
2016-11-03,255.19,256.37,254.5,255.88,1869081.0
2016-11-04,255.99,257.82,254.36,255.04,2061927.0
2016-11-07,255.19,256.81,253.73,255.45,1604780.0
2016-11-08,256.4,261.0,255.74,259.24,3419383.0
2016-11-09,259.24,260.83,254.22,256.65,3000449.0
2016-11-10,258.51,260.05,257.4,258.53,1780496.0
2016-11-11,257.61,257.86,255.03,255.25,3590265.0
2016-11-14,255.63,255.89,251.13,251.94,3992049.0
2016-11-15,251.16,255.71,251.16,254.39,2447055.0
2016-11-16,254.22,255.51,252.76,253.69,1339981.0
2016-11-17,252.82,253.57,251.57,251.98,1833776.0
2016-11-18,252.08,252.59,251.04,251.14,1937769.0
2016-11-21,251.96,252.48,249.82,250.73,2608384.0
2016-11-22,251.38,251.5,249.82,250.22,2642427.0
2016-11-23,251.95,253.57,250.42,253.53,3401504.0
2016-11-24,253.73,256.81,252.29,256.75,3907870.0
2016-11-25,256.84,257.62,253.91,256.72,2236967.0
2016-11-28,257.25,259.38,256.48,258.83,4925301.0
2016-11-29,259.8,267.7,258.76,262.45,5883062.0
2016-11-30,260.23,261.91,257.98,258.49,2675237.0
2016-12-01,259.24,262.96,258.17,260.06,2794182.0
2016-12-02,260.05,261.83,258.43,260.67,3062833.0
2016-12-05,258.59,262.92,255.85,255.94,4206081.0
2016-12-06,256.18,264.57,256.18,264.44,3892309.0
2016-12-07,265.01,266.12,262.45,265.27,2527174.0
2016-12-08,265.73,275.44,264.91,273.59,5447578.0
2016-12-09,273.17,274.97,270.6,273.63,3449559.0
2016-12-12,273.58,275.44,263.86,264.8,5033244.0
2016-12-13,264.78,271.39,263.69,269.78,4178000.0
2016-12-14,269.77,270.64,266.12,269.18,3202902.0
2016-12-15,269.33,269.76,263.76,265.76,3920275.0
2016-12-16,264.91,267.24,262.14,265.38,2505126.0
2016-12-19,264.1,270.88,263.78,264.07,3047187.0
2016-12-20,264.13,264.91,260.7,264.49,3083159.0
2016-12-21,264.83,266.76,262.12,266.25,2471124.0
2016-12-22,265.72,266.09,263.19,263.45,1467813.0
2016-12-23,262.11,262.88,258.53,259.26,3109555.0
2016-12-26,258.45,263.28,256.16,262.87,2600143.0
2016-12-27,262.89,266.37,262.07,264.23,2006229.0
2016-12-28,264.9,265.72,261.94,262.25,1787811.0
2016-12-29,262.48,265.61,261.67,265.16,2122512.0
2016-12-30,264.59,271.62,264.59,270.7,3468767.0
2017-01-03,270.81,273.01,269.62,271.03,2076389.0
2017-01-04,271.08,285.3,271.07,285.09,6525738.0
2017-01-05,283.54,284.72,279.85,280.9,4170448.0
2017-01-06,280.82,291.46,280.38,284.16,6809562.0
2017-01-09,281.76,285.87,280.74,282.33,3540500.0
2017-01-10,282.29,285.16,280.79,282.73,3172764.0
2017-01-11,281.92,281.92,278.28,279.86,2359851.0
2017-01-12,280.75,281.44,279.09,281.15,1777940.0
2017-01-13,281.09,281.43,278.58,279.39,1828248.0
2017-01-16,278.79,279.33,274.47,276.63,3685545.0
2017-01-17,277.55,284.76,277.06,282.84,3518838.0
2017-01-18,282.63,289.03,281.28,287.66,4600570.0
2017-01-19,287.59,290.41,284.92,287.37,2852392.0
2017-01-20,287.51,289.54,286.0,287.58,2134417.0
2017-01-23,289.12,291.48,283.1,284.53,3258118.0
2017-01-24,284.57,285.81,280.91,283.79,2691458.0
2017-01-25,283.53,283.53,280.46,281.62,2299036.0
2017-01-26,282.03,282.57,276.49,279.02,3782617.0
2017-02-03,280.3,282.88,279.49,280.99,2093643.0
2017-02-06,282.32,282.64,279.46,280.99,1568079.0
2017-02-07,280.98,281.44,277.98,278.34,2051983.0
2017-02-08,278.49,279.9,277.6,278.85,1908854.0
2017-02-09,279.49,282.56,279.17,281.61,2332438.0
2017-02-10,282.42,283.4,279.49,279.56,2405659.0
2017-02-13,278.68,285.08,277.0,283.34,5358790.0
2017-02-14,283.17,285.65,282.81,283.71,2655868.0
2017-02-15,284.76,285.52,281.27,282.35,2625696.0
2017-02-16,282.33,282.42,279.9,281.99,1764230.0
2017-02-17,282.65,287.14,281.52,284.0,2910234.0
2017-02-20,283.87,293.52,283.55,292.69,6185340.0
2017-02-21,293.17,293.61,289.36,290.62,2770577.0
2017-02-22,292.14,296.92,291.64,293.17,3713031.0
2017-02-23,292.43,296.08,291.45,293.02,2332806.0
2017-02-24,293.26,293.98,291.68,293.77,1769278.0
2017-02-27,293.66,293.95,289.05,289.7,2540046.0
2017-02-28,289.21,290.99,286.44,287.32,2747351.0
2017-03-01,287.67,290.18,287.59,288.9,2194420.0
2017-03-02,288.98,289.21,287.21,289.07,2210362.0
2017-03-03,287.59,290.2,287.59,288.84,1415355.0
2017-03-06,289.75,291.27,288.85,290.8,2281884.0
2017-03-07,290.05,298.84,290.05,297.48,4628698.0
2017-03-08,297.46,298.52,296.1,297.52,1603770.0
2017-03-09,297.31,299.73,296.15,299.66,2340606.0
2017-03-10,299.68,305.41,298.42,299.62,4095105.0
2017-03-13,299.78,303.25,297.74,301.0,2767432.0
2017-03-14,301.0,302.86,298.4,299.34,2041649.0
2017-03-15,299.34,303.92,298.94,303.54,2515526.0
2017-03-16,305.06,306.47,302.01,303.61,2502260.0
2017-03-17,302.26,311.45,302.26,306.61,3470026.0
2017-03-20,308.25,313.28,306.94,313.04,3154594.0
2017-03-21,313.15,321.21,313.11,319.19,4846096.0
2017-03-22,316.38,319.67,311.9,319.58,4553271.0
2017-03-23,317.59,319.18,313.19,315.78,3450481.0
2017-03-24,317.83,318.55,311.9,313.37,3328772.0
2017-03-27,312.73,315.35,306.54,306.89,5369028.0
2017-03-28,307.8,308.78,305.14,308.06,4118717.0
2017-03-29,308.66,312.54,307.76,310.8,3729967.0
2017-03-30,310.28,313.43,309.95,312.82,3161299.0
2017-03-31,312.87,314.33,311.23,313.0,2447422.0
2017-04-05,312.43,319.99,311.9,315.67,4078998.0
2017-04-06,315.14,318.38,313.22,317.49,2885720.0
2017-04-07,318.37,319.19,315.62,318.27,2409723.0
2017-04-10,319.19,319.19,314.33,315.3,2886948.0
2017-04-11,314.37,316.51,308.33,312.13,4353072.0
2017-04-12,312.13,316.76,311.73,316.13,2700291.0
2017-04-13,316.58,322.91,316.36,322.74,4564835.0
2017-04-14,323.59,323.95,320.0,320.36,2364656.0
2017-04-17,316.76,322.65,314.77,320.64,2879371.0
2017-04-18,319.67,329.35,319.67,327.81,4958100.0
2017-04-19,326.48,331.42,326.36,328.7,3755011.0
2017-04-20,328.98,340.6,328.98,336.45,5045768.0
2017-04-21,336.2,336.69,324.05,324.48,4933292.0
2017-04-24,324.55,328.1,315.14,322.87,5003797.0
2017-04-25,327.94,340.39,327.94,339.35,7619271.0
2017-04-26,339.32,347.28,334.59,338.6,5662412.0
2017-04-27,336.63,341.85,332.5,341.42,2824071.0
2017-04-28,341.86,342.68,332.07,334.97,4950587.0
2017-05-02,333.44,336.2,331.48,333.83,2329168.0
2017-05-03,332.96,338.35,332.96,338.31,2026791.0
2017-05-04,335.9,339.02,335.9,337.01,2670915.0
2017-05-05,337.17,342.5,336.28,337.16,3743711.0
2017-05-08,337.16,337.82,327.87,328.49,4072165.0
2017-05-09,327.64,332.05,322.43,331.14,5280192.0
2017-05-10,330.85,335.75,329.73,332.22,2603938.0
2017-05-11,330.85,335.96,329.32,333.9,3046764.0
2017-05-12,335.06,336.44,332.16,334.96,2233742.0
2017-05-15,334.68,340.53,334.68,339.89,3344735.0
2017-05-16,339.93,349.34,338.84,348.45,5016490.0
2017-05-17,347.54,348.5,344.2,345.6,2751521.0
2017-05-18,344.34,348.92,344.31,347.98,2430080.0
2017-05-19,348.0,357.91,348.0,357.12,3831083.0
2017-05-22,355.67,361.32,353.37,357.89,3532149.0
2017-05-23,358.27,368.17,358.27,367.96,4845439.0
2017-05-24,366.9,369.8,361.31,364.81,4022618.0
2017-05-25,363.51,366.95,362.53,365.04,2889842.0
2017-05-26,365.22,369.09,362.93,366.11,2738664.0
2017-05-31,364.55,364.96,356.54,358.83,4431225.0
2017-06-01,358.48,364.51,357.27,363.97,4060478.0
2017-06-02,364.55,365.32,360.99,362.37,2178526.0
2017-06-05,362.97,363.74,358.36,360.02,1924120.0
2017-06-06,360.48,363.74,359.85,363.6,2040244.0
2017-06-07,363.84,372.65,363.84,372.14,3883430.0
2017-06-08,373.72,376.22,371.44,376.15,2895111.0
2017-06-09,376.09,381.4,375.08,377.3,3143076.0
2017-06-12,378.33,385.16,376.71,383.09,3510916.0
2017-06-13,383.23,384.4,378.33,383.22,2423798.0
2017-06-14,383.02,386.83,381.14,384.31,3376863.0
2017-06-15,384.81,385.2,375.89,376.14,5020280.0
2017-06-16,373.87,378.72,373.68,374.79,3333180.0
2017-06-19,374.24,381.07,374.24,380.89,3853668.0
2017-06-20,383.19,384.71,377.24,377.76,3450539.0
2017-06-21,380.39,383.19,377.54,382.95,4203854.0
2017-06-22,383.2,387.18,381.73,382.98,3824234.0
2017-06-23,383.07,384.71,379.4,382.97,3130362.0
2017-06-26,383.19,392.91,382.38,392.65,5293257.0
2017-06-27,391.14,392.91,389.55,392.18,2798078.0
2017-06-28,392.17,392.17,383.19,385.05,3772874.0
2017-06-29,385.86,386.71,380.76,383.19,3509272.0
2017-06-30,381.98,384.13,378.97,382.25,2242717.0
2017-07-03,384.16,384.16,370.95,372.95,4962853.0
2017-07-04,371.81,372.65,363.74,366.11,5648895.0
2017-07-05,366.99,372.92,366.99,372.76,3754032.0
2017-07-06,371.12,372.82,365.04,369.4,4204439.0
2017-07-07,370.92,370.97,362.82,366.75,3779647.0
2017-07-10,367.5,374.09,364.28,373.74,3662409.0
2017-07-11,373.76,382.05,373.35,380.86,4460182.0
2017-07-12,383.05,383.21,374.17,376.2,2895072.0
2017-07-13,374.46,379.86,373.09,375.13,2595135.0
2017-07-14,375.2,377.27,372.57,375.33,1772657.0
2017-07-17,375.85,376.67,367.0,370.12,3526368.0
2017-07-18,371.7,373.34,368.42,372.16,3068449.0
2017-07-19,373.35,381.26,372.36,375.7,5625994.0
2017-07-20,374.88,383.95,374.88,383.61,4663487.0
2017-07-21,384.01,390.63,381.29,389.14,4679241.0
2017-07-24,390.52,399.13,390.52,392.92,4271643.0
2017-07-25,396.54,397.03,391.52,393.05,2192999.0
2017-07-26,393.13,396.07,383.68,387.85,3147018.0
2017-07-27,387.85,391.32,387.41,389.69,1959503.0
2017-07-28,387.33,398.08,384.63,397.96,4661877.0
2017-07-31,398.02,401.28,395.55,395.74,3841218.0
2017-08-01,395.55,397.2,392.59,394.93,2750154.0
2017-08-02,394.77,398.75,393.51,397.07,2677422.0
2017-08-03,397.76,400.37,391.14,392.45,3176839.0
2017-08-04,392.27,393.89,388.65,389.5,1868114.0
2017-08-07,388.56,396.71,387.44,396.02,2309937.0
2017-08-08,396.38,398.2,394.32,396.85,1605158.0
2017-08-09,398.71,405.41,396.4,403.69,4179447.0
2017-08-10,403.85,410.85,402.13,404.3,3536438.0
2017-08-11,402.13,408.34,397.59,398.07,3657257.0
2017-08-14,399.02,411.26,399.02,411.04,3933147.0
2017-08-15,411.27,412.08,407.08,407.87,2716322.0
2017-08-16,409.53,410.19,405.42,408.29,1858722.0
2017-08-17,409.21,409.21,402.79,405.17,2584673.0
2017-08-18,405.26,406.61,401.31,402.67,2385775.0
2017-08-21,401.31,406.57,400.44,402.73,2354662.0
2017-08-22,400.82,402.53,391.44,400.67,4245703.0
2017-08-23,399.21,406.76,398.28,406.25,2721499.0
2017-08-24,406.24,408.22,404.62,405.27,1815678.0
2017-08-25,405.79,406.45,402.4,405.41,1729788.0
2017-08-28,405.42,408.95,403.8,404.63,2902107.0
2017-08-29,405.44,406.97,401.32,402.5,2517662.0
2017-08-30,402.71,406.04,402.26,405.4,1850364.0
2017-08-31,406.28,406.97,402.79,403.9,1873686.0
2017-09-01,403.12,408.12,402.98,407.22,3145100.0
2017-09-04,407.22,408.43,404.0,404.95,1893162.0
2017-09-05,405.32,406.24,402.54,402.95,2262215.0
2017-09-06,402.96,405.23,398.71,398.83,3300650.0
2017-09-07,399.1,400.41,394.78,395.78,3332016.0
2017-09-08,393.29,395.14,389.8,390.1,4117327.0
2017-09-11,387.4,396.56,386.49,393.35,4537440.0
2017-09-12,394.32,399.67,393.42,398.77,3434163.0
2017-09-13,398.84,404.76,395.87,404.3,3307570.0
2017-09-14,405.41,406.27,402.13,403.54,1939949.0
2017-09-15,405.01,405.01,401.31,402.82,1603946.0
2017-09-18,403.07,411.59,403.07,410.33,4220681.0
2017-09-19,411.43,413.24,407.9,408.67,2305481.0
2017-09-20,408.63,411.2,407.89,408.05,1731816.0
2017-09-21,407.84,411.66,405.32,410.17,1940268.0
2017-09-22,408.63,411.33,407.73,411.12,1634353.0
2017-09-25,411.43,417.92,411.43,417.13,3269756.0
2017-09-26,416.68,419.4,414.14,418.82,2547049.0
2017-09-27,418.51,420.25,416.17,417.93,1667111.0
2017-09-28,417.1,427.79,417.06,426.36,2596985.0
2017-09-29,424.34,432.46,423.93,425.69,2243622.0
2017-10-09,431.36,440.41,427.71,434.02,3489129.0
2017-10-10,433.42,444.48,433.39,444.12,3100644.0
2017-10-11,442.51,453.33,442.51,448.63,3340643.0
2017-10-12,448.19,450.24,444.22,447.44,1964622.0
2017-10-13,448.19,457.72,445.73,457.35,2785842.0
2017-10-16,460.51,466.0,457.12,461.09,2990901.0
2017-10-17,461.32,461.32,455.59,457.83,2097712.0
2017-10-18,455.75,462.65,455.75,461.11,1917865.0
2017-10-19,461.34,481.2,461.11,479.11,4065882.0
2017-10-20,477.79,477.79,470.19,472.31,3153433.0
2017-10-23,472.79,477.38,467.1,471.55,2377182.0
2017-10-24,470.39,471.87,463.49,466.55,3127428.0
2017-10-25,468.54,470.13,462.21,465.18,2507600.0
2017-10-26,497.53,504.11,486.76,497.6,11543497.0
2017-10-27,495.15,538.64,493.44,534.23,8438379.0
2017-10-30,528.82,529.6,510.68,511.57,8100786.0
2017-10-31,511.52,516.11,503.18,508.24,5187568.0
2017-11-01,510.59,519.35,509.22,512.34,4343525.0
2017-11-02,515.58,517.91,510.68,515.55,3424973.0
2017-11-03,516.98,529.14,516.98,525.63,4818897.0
2017-11-06,527.54,540.8,526.47,537.05,4851398.0
2017-11-07,535.01,540.41,524.81,528.01,5556485.0
2017-11-08,528.23,538.23,528.23,534.85,4395194.0
2017-11-09,532.89,537.95,530.1,534.59,3364113.0
2017-11-10,534.89,562.0,534.89,557.52,7407860.0
2017-11-13,559.2,569.71,555.75,565.68,4986984.0
2017-11-14,565.08,565.14,557.02,558.18,4636671.0
2017-11-15,558.18,567.42,554.27,565.85,4503633.0
2017-11-16,564.15,592.07,564.15,591.37,6071632.0
2017-11-17,572.36,583.05,557.37,567.63,12386124.0
2017-11-20,556.57,563.81,542.76,558.5,8830582.0
2017-11-21,550.16,566.44,544.42,556.94,9601651.0
2017-11-22,556.74,565.78,534.53,534.96,12849826.0
2017-11-23,527.95,531.24,518.27,521.15,10959913.0
2017-11-24,522.94,528.37,511.7,518.12,7654194.0
2017-11-27,521.38,523.29,504.11,510.92,6354846.0
2017-11-28,514.02,533.61,513.15,533.08,7029183.0
2017-11-29,534.48,536.15,521.38,524.76,4676372.0
2017-11-30,522.62,533.28,514.8,518.91,3801962.0
2017-12-01,524.67,525.48,509.97,511.79,4719274.0
2017-12-04,513.11,529.68,507.17,524.49,5426771.0
2017-12-05,521.38,532.39,518.19,520.52,4746576.0
2017-12-06,519.32,529.68,509.86,513.98,5817409.0
2017-12-07,513.93,513.97,505.96,507.14,5103262.0
2017-12-08,506.1,517.14,506.1,515.85,4550339.0
2017-12-11,518.91,536.14,518.91,535.35,7284917.0
2017-12-12,541.69,541.75,535.37,535.62,4788931.0
2017-12-13,538.64,550.98,535.13,549.51,4850248.0
2017-12-14,550.96,552.05,543.17,546.5,3196794.0
2017-12-15,546.05,549.29,535.17,537.65,3225595.0
2017-12-18,542.76,550.82,541.59,547.5,3916228.0
2017-12-19,545.22,552.99,543.58,548.59,4407221.0
2017-12-20,550.9,564.85,546.07,563.24,6360131.0
2017-12-21,561.67,565.31,555.5,560.63,4668038.0
2017-12-22,559.2,564.06,556.75,561.61,2831701.0
2017-12-25,564.14,572.61,562.26,565.88,3621428.0
2017-12-26,565.93,569.89,556.33,559.87,3186766.0
2017-12-27,563.2,563.2,544.81,546.19,3772205.0
2017-12-28,564.96,592.02,552.07,591.02,12414107.0
2017-12-29,590.45,597.44,568.74,573.59,7603887.0
2018-01-02,575.65,584.01,567.34,578.82,4961248.0
2018-01-03,576.88,593.25,575.44,588.69,5201941.0
2018-01-04,593.25,611.42,591.55,606.14,7220508.0
2018-01-05,609.37,613.5,598.86,607.2,3998907.0
2018-01-08,604.45,622.11,604.45,618.52,5220456.0
2018-01-09,618.59,643.91,618.59,643.51,6459195.0
2018-01-10,645.55,648.74,636.08,646.14,4771424.0
2018-01-11,647.2,648.02,634.86,637.17,5065607.0
2018-01-12,636.32,648.68,630.77,648.36,4598824.0
2018-01-15,652.51,657.11,640.63,645.86,5247313.0
2018-01-16,641.83,648.52,631.57,635.63,6542833.0
2018-01-17,633.22,636.51,607.32,615.07,9070954.0
2018-01-18,615.07,629.1,611.91,617.38,5897851.0
2018-01-19,619.15,624.09,607.74,616.92,5092556.0
2018-01-22,618.26,636.51,618.26,636.21,6712675.0
2018-01-23,639.64,641.44,632.06,636.32,4954918.0
2018-01-24,638.51,638.53,623.84,628.66,4329881.0
2018-01-25,625.81,638.15,617.59,632.53,5004072.0
2018-01-26,630.95,639.3,628.28,639.15,4397833.0
2018-01-29,640.42,641.17,604.43,605.52,7453551.0
2018-01-30,605.26,615.76,600.34,610.26,5191103.0
2018-01-31,607.72,634.62,607.72,628.73,6040241.0
2018-02-01,630.75,631.0,619.17,623.13,5058261.0
2018-02-02,618.59,619.43,596.21,608.87,7542082.0
2018-02-05,598.04,600.29,580.26,590.64,9899585.0
2018-02-06,578.12,594.24,578.12,582.94,8816871.0
2018-02-07,592.1,595.29,560.86,562.02,8828998.0
2018-02-08,561.01,590.45,561.01,576.47,8340943.0
2018-02-09,559.2,567.34,541.11,562.02,10557826.0
2018-02-12,568.25,580.17,563.48,573.58,6417955.0
2018-02-13,579.78,587.84,579.35,585.5,5338918.0
2018-02-14,592.1,592.1,585.7,590.82,3065260.0
2018-02-22,598.1,611.83,594.76,610.56,5076469.0
2018-02-23,614.3,622.16,606.08,610.58,3815877.0
2018-02-26,614.2,618.45,602.81,611.43,4365824.0
2018-02-27,615.95,621.7,606.26,606.88,4260154.0
2018-02-28,601.97,610.44,591.28,596.72,4833067.0
2018-03-01,598.68,614.18,595.2,610.17,4479465.0
2018-03-02,606.9,611.47,600.32,605.59,2599190.0
2018-03-05,607.05,610.19,589.66,592.19,3723470.0
2018-03-06,596.21,598.35,573.29,590.67,6457036.0
2018-03-07,587.99,595.39,583.04,583.91,3459594.0
2018-03-08,587.16,595.39,582.23,594.37,3534930.0
2018-03-09,598.31,602.44,594.98,598.84,3017100.0
2018-03-12,599.95,603.55,594.38,595.35,3988841.0
2018-03-13,594.57,597.53,583.87,584.16,3857709.0
2018-03-14,583.6,598.74,581.59,597.76,3735576.0
2018-03-15,598.69,614.3,598.69,613.87,5614879.0
2018-03-16,614.8,620.04,607.62,608.42,3585552.0
2018-03-19,611.81,620.05,607.72,619.63,3866658.0
2018-03-20,616.77,618.41,608.55,614.9,2887720.0
2018-03-21,616.86,619.33,608.55,610.19,2674271.0
2018-03-22,611.83,615.12,595.4,597.1,3748697.0
2018-03-23,576.47,594.97,575.72,584.75,5254677.0
2018-03-26,582.23,588.04,577.2,586.74,4625611.0
2018-03-27,594.57,596.93,578.94,587.77,4754844.0
2018-03-28,575.63,578.12,550.16,560.89,11353972.0
2018-03-29,561.01,573.88,541.45,566.69,7908196.0
2018-03-30,564.14,570.31,559.11,562.18,3654028.0
2018-04-02,559.2,568.25,554.36,559.25,3203908.0
2018-04-03,557.56,564.96,555.41,557.49,4023558.0
2018-04-04,560.85,576.0,559.52,570.73,5689131.0
2018-04-09,573.27,580.12,567.55,574.25,3083305.0
2018-04-10,579.6,582.64,574.38,582.25,3204325.0
2018-04-11,583.87,587.81,578.13,580.06,2572318.0
2018-04-12,578.94,581.31,569.25,570.88,3071361.0
2018-04-13,574.42,576.47,563.38,564.85,2754952.0
2018-04-16,559.68,564.84,556.74,560.34,3293967.0
2018-04-17,563.32,563.63,547.36,547.86,3517276.0
2018-04-18,551.8,551.8,530.42,539.17,6261660.0
2018-04-19,542.63,559.2,540.01,559.17,4420757.0
2018-04-20,560.03,570.72,549.52,551.19,4151168.0
2018-04-23,547.7,559.48,547.7,554.28,3265920.0
2018-04-24,555.91,570.31,555.09,567.33,4728256.0
2018-04-25,566.61,569.07,561.69,568.23,2525222.0
2018-04-26,569.07,569.3,553.45,557.75,3504790.0
2018-04-27,563.52,566.08,538.64,544.84,5791521.0
2018-05-02,542.76,550.15,530.47,549.2,7025911.0
2018-05-03,547.69,554.01,541.11,551.7,3632653.0
2018-05-04,551.79,554.95,543.23,545.12,3737584.0
2018-05-07,542.72,577.2,540.92,574.15,8559143.0
2018-05-08,574.03,585.63,574.03,582.91,6249783.0
2018-05-09,583.12,585.77,573.28,577.25,3233106.0
2018-05-10,578.53,588.81,578.53,587.32,3929380.0
2018-05-11,591.02,600.73,588.56,590.47,3914165.0
2018-05-14,595.39,611.01,595.39,610.53,5101471.0
2018-05-15,613.48,613.84,603.61,611.06,3805580.0
2018-05-16,608.55,613.2,603.02,604.04,3079520.0
2018-05-17,604.53,606.49,595.39,598.17,2851793.0
2018-05-18,595.38,609.37,593.08,607.99,2925517.0
2018-05-21,611.83,614.55,602.36,604.29,2905958.0
2018-05-22,604.61,608.41,600.34,608.19,1699896.0
2018-05-23,608.55,608.55,595.04,595.21,2826871.0
2018-05-24,592.1,599.22,586.34,588.32,3041634.0
2018-05-25,585.52,597.85,585.52,589.52,2651146.0
2018-05-28,590.45,609.09,588.09,608.87,4280523.0
2018-05-29,607.56,616.77,601.37,601.5,4082027.0
2018-05-30,598.04,606.33,592.14,596.93,3714710.0
2018-05-31,600.53,618.1,600.52,617.7,7185287.0
2018-06-01,617.7,620.86,607.53,612.75,3617763.0
2018-06-04,618.7,643.82,613.38,643.06,7380597.0
2018-06-05,646.79,653.53,639.16,648.06,5262967.0
2018-06-06,648.02,658.67,643.33,646.17,4896948.0
2018-06-07,649.65,654.23,640.54,642.24,3916778.0
2018-06-08,641.44,646.29,633.22,639.75,3495846.0
2018-06-11,638.19,646.37,631.84,637.93,3654755.0
2018-06-12,639.8,660.77,638.56,657.22,5528708.0
2018-06-13,657.89,660.04,648.74,649.93,3524437.0
2018-06-14,649.66,652.79,637.48,646.48,3615961.0
2018-06-15,644.87,649.36,641.45,644.98,3170773.0
2018-06-19,641.37,641.37,614.68,615.51,6019587.0
2018-06-20,618.01,638.03,618.01,636.86,4583802.0
2018-06-21,638.21,649.62,632.84,633.29,3918255.0
2018-06-22,628.86,639.7,625.52,639.31,2885481.0
2018-06-25,638.87,649.68,637.95,638.5,3293416.0
2018-06-26,638.29,642.1,623.02,629.52,4657798.0
2018-06-27,627.19,631.36,601.33,602.54,5729801.0
2018-06-28,595.5,599.67,581.32,592.94,5083394.0
2018-06-29,594.08,610.76,587.99,610.06,3292927.0
2018-07-02,612.61,616.62,586.32,593.45,3755811.0
2018-07-03,591.96,596.98,565.66,579.58,8283710.0
2018-07-04,577.15,583.82,573.81,576.24,3799075.0
2018-07-05,583.82,597.33,583.82,585.81,4712380.0
2018-07-06,589.66,601.28,583.2,595.6,4415661.0
2018-07-09,600.53,608.72,600.27,606.54,4057266.0
2018-07-10,608.01,610.09,594.94,605.3,2901047.0
2018-07-11,592.16,603.84,585.67,600.15,2427845.0
2018-07-12,598.83,618.16,598.83,615.13,4017004.0
2018-07-13,619.1,623.94,613.11,623.01,2890704.0
2018-07-16,627.44,637.29,626.38,629.42,3247487.0
2018-07-17,631.36,631.36,613.86,619.21,2780603.0
2018-07-18,619.21,625.26,613.01,615.05,2452171.0
2018-07-19,616.35,620.47,613.03,617.97,1807850.0
2018-07-20,618.43,619.79,607.17,618.12,3054850.0
2018-07-23,613.84,618.14,600.51,610.57,3596989.0
2018-07-24,611.08,623.27,603.0,621.68,4180860.0
2018-07-25,622.98,625.42,617.19,620.36,2174388.0
2018-07-26,624.6,624.6,612.37,613.53,2306726.0
2018-07-27,613.84,620.77,608.84,615.98,2091360.0
2018-07-30,616.26,617.73,596.33,599.84,4217166.0
2018-07-31,600.75,607.07,599.84,605.87,2068346.0
2018-08-01,610.01,610.76,595.59,596.28,2523788.0
2018-08-02,597.14,597.14,573.71,580.35,5500143.0
2018-08-03,579.65,579.65,563.97,566.3,4733699.0
2018-08-06,564.64,570.48,552.33,558.53,4524812.0
2018-08-07,560.72,573.67,552.14,572.38,3908559.0
2018-08-08,572.99,574.65,560.36,563.99,2968544.0
2018-08-09,559.63,579.23,558.9,577.05,3448575.0
2018-08-10,577.05,579.46,570.64,573.13,2381767.0
2018-08-13,569.64,569.64,556.03,566.49,3457041.0
2018-08-14,566.49,570.89,561.73,567.25,2169683.0
2018-08-15,566.97,567.14,551.29,552.79,3499709.0
2018-08-16,543.79,557.55,533.78,540.82,5993985.0
2018-08-17,548.37,548.37,525.45,529.49,4657457.0
2018-08-20,527.48,538.41,514.48,537.77,4885234.0
2018-08-21,539.62,560.72,539.62,560.04,5224902.0
2018-08-22,559.63,561.47,552.96,556.88,2067551.0
2018-08-23,560.22,565.89,554.78,558.97,2735727.0
2018-08-24,557.96,557.96,547.51,550.71,2609026.0
2018-08-27,552.13,573.23,552.13,573.23,4801692.0
2018-08-28,577.98,578.63,565.93,567.97,3248890.0
2018-08-29,568.81,574.55,566.39,572.02,2740403.0
2018-08-30,573.99,577.65,566.31,567.47,3378833.0
2018-08-31,564.01,564.64,547.54,549.78,5898093.0
2018-09-03,543.79,556.86,542.79,555.64,3017984.0
2018-09-04,556.13,563.8,551.79,563.0,2154048.0
2018-09-05,562.97,564.63,547.96,548.62,2898342.0
2018-09-06,543.79,549.84,533.78,537.11,4237058.0
2018-09-07,538.36,548.82,538.06,542.93,2924006.0
2018-09-10,543.95,545.3,534.36,537.78,2120220.0
2018-09-11,538.42,542.93,534.3,538.78,1949687.0
2018-09-12,536.28,537.84,523.78,525.44,4115737.0
2018-09-13,532.11,535.45,517.1,527.09,4771316.0
2018-09-14,528.76,541.93,524.21,536.2,4090019.0
2018-09-17,537.95,544.59,534.66,538.62,2911295.0
2018-09-18,536.28,557.13,535.63,556.05,3785868.0
2018-09-19,555.95,572.14,555.46,568.32,4822184.0
2018-09-20,571.48,572.89,564.94,565.93,2751948.0
2018-09-21,568.81,583.83,567.15,583.83,4261720.0
2018-09-25,579.65,588.63,578.2,581.33,3063991.0
2018-09-26,585.57,611.08,585.48,604.61,7228777.0
2018-09-27,606.76,607.17,596.66,603.84,4050853.0
2018-09-28,606.09,611.51,599.57,608.84,3508980.0
2018-10-08,596.67,599.67,572.27,572.27,8274502.0
2018-10-09,572.89,582.74,572.06,579.65,4022283.0
2018-10-10,581.53,582.15,558.54,559.57,6309820.0
2018-10-11,529.62,557.91,529.62,537.94,9158196.0
2018-10-12,542.95,561.03,542.6,557.13,5447256.0
2018-10-15,558.37,560.42,550.48,556.21,3560730.0
2018-10-16,555.45,566.75,552.13,556.41,2639360.0
2018-10-17,562.97,564.89,542.03,555.23,4307707.0
2018-10-18,550.46,550.46,537.92,538.73,5215607.0
2018-10-19,532.11,562.97,529.67,558.8,7619938.0
2018-10-22,562.97,585.5,562.97,577.98,7310857.0
2018-10-23,574.65,574.65,529.61,535.23,12311273.0
2018-10-24,523.86,542.12,517.1,531.27,7611282.0
2018-10-25,517.1,519.18,507.57,516.26,7556838.0
2018-10-26,516.26,521.27,507.07,508.84,5532738.0
2018-10-29,457.96,457.96,457.96,457.96,4907600.0
2018-10-30,425.35,452.88,424.54,437.03,20439667.0
2018-10-31,439.53,462.89,435.36,457.8,9688482.0
2018-11-01,462.89,488.32,459.76,469.56,9810672.0
2018-11-02,487.91,500.42,477.26,500.33,8915696.0
2018-11-05,494.58,494.58,476.87,480.23,7551708.0
2018-11-06,478.73,478.87,465.4,472.06,4556614.0
2018-11-07,474.56,479.52,468.73,472.39,3810778.0
2018-11-08,478.73,481.23,473.73,475.68,3376374.0
2018-11-09,473.08,474.56,468.72,468.72,2433682.0
2018-11-12,461.22,462.22,447.71,460.38,6782422.0
2018-11-13,455.48,475.4,452.88,475.4,6642905.0
2018-11-14,475.36,475.36,460.84,462.97,4176683.0
2018-11-15,466.05,471.06,463.3,466.81,3083340.0
2018-11-16,467.89,472.06,465.41,467.06,2893879.0
2018-11-19,467.31,477.06,466.31,474.58,3617925.0
2018-11-20,471.23,473.73,467.06,468.39,2694326.0
2018-11-21,462.05,474.48,461.78,470.98,2710730.0
2018-11-22,471.35,473.17,465.39,470.81,2121333.0
2018-11-23,470.39,473.14,464.47,464.47,2012621.0
2018-11-26,465.39,467.22,460.38,460.48,1912019.0
2018-11-27,460.38,462.88,455.8,457.13,2023382.0
2018-11-28,459.42,466.38,454.96,464.55,2773793.0
2018-11-29,472.08,475.23,457.89,460.05,4506945.0
2018-11-30,464.55,474.47,461.22,471.23,4901046.0
2018-12-03,491.24,504.59,487.71,501.42,8341468.0
2018-12-04,502.91,503.97,496.25,502.28,3147388.0
2018-12-05,498.33,514.18,496.25,508.84,4158819.0
2018-12-06,500.42,505.4,492.38,493.58,3775807.0
2018-12-07,496.75,499.47,487.66,489.57,2684167.0
2018-12-10,480.4,489.99,478.88,481.43,2464068.0
2018-12-11,481.23,489.2,481.23,486.23,1631660.0
2018-12-12,491.07,491.41,486.07,491.24,1992154.0
2018-12-13,492.08,506.15,491.74,501.88,4039941.0
2018-12-14,498.76,500.25,493.74,494.55,2455448.0
2018-12-17,494.22,497.06,487.91,492.51,2489585.0
2018-12-18,488.64,493.36,487.91,492.86,1922218.0
2018-12-19,491.24,492.9,480.43,481.9,2571596.0
2018-12-20,480.58,484.99,474.47,479.15,2694098.0
2018-12-21,476.23,478.27,468.9,473.24,3064043.0
2018-12-24,469.97,476.15,465.39,473.73,1910986.0
2018-12-25,468.91,473.31,461.73,471.88,2659286.0
2018-12-26,470.23,474.06,465.39,467.12,1786620.0
2018-12-27,475.4,476.94,468.91,469.56,2949357.0
2018-12-28,469.81,497.41,467.06,492.08,6367837.0
2019-01-02,508.74,510.43,496.25,499.57,6228649.0
2019-01-03,500.39,501.8,488.57,492.08,3097735.0
2019-01-04,489.81,506.81,485.42,502.08,3768347.0
2019-01-07,507.09,510.43,502.27,505.0,3475013.0
2019-01-08,505.0,510.43,500.65,504.41,2883813.0
2019-01-09,508.75,522.23,507.96,513.86,4989227.0
2019-01-10,514.7,521.17,508.97,516.07,2904390.0
2019-01-11,521.27,531.28,516.05,530.34,3888421.0
2019-01-14,527.94,530.35,518.39,520.93,2564890.0
2019-01-15,523.65,551.71,521.27,550.44,5576485.0
2019-01-16,548.79,555.17,545.12,551.38,4208364.0
2019-01-17,552.96,558.55,546.96,549.83,3028476.0
2019-01-18,554.63,575.65,551.71,570.15,6860918.0
2019-01-21,575.48,582.89,568.71,572.96,4705193.0
2019-01-22,572.14,572.14,554.81,559.63,4212221.0
2019-01-23,556.48,562.55,553.07,555.18,3362481.0
2019-01-24,559.05,565.33,554.36,560.88,2915527.0
2019-01-25,563.7,571.23,558.74,566.89,2898635.0
2019-01-28,570.48,578.8,563.83,564.64,3610287.0
2019-01-29,565.05,573.81,557.13,571.31,3034259.0
2019-01-30,571.3,572.33,563.8,563.8,2269996.0
2019-01-31,567.14,575.15,565.1,575.15,3669657.0
2019-02-01,581.35,582.99,575.15,577.71,3052062.0
2019-02-11,579.65,608.42,573.96,604.92,5814075.0
2019-02-12,603.0,605.08,596.5,598.77,3509143.0
2019-02-13,603.0,613.98,598.18,613.22,3567706.0
2019-02-14,609.84,620.23,608.96,614.81,3225813.0
2019-02-15,612.91,612.91,603.02,604.49,2323798.0
2019-02-18,609.67,621.31,609.67,617.18,3774589.0
2019-02-19,617.98,619.27,606.05,609.47,2950150.0
2019-02-20,613.01,613.01,597.21,602.17,3788237.0
2019-02-21,600.5,609.24,598.0,600.71,2985040.0
2019-02-22,598.0,607.58,595.58,605.51,2590877.0
2019-02-25,609.47,620.88,598.82,619.12,8262259.0
2019-02-26,623.69,624.84,605.5,606.63,5796466.0
2019-02-27,611.34,632.21,609.67,617.76,6594227.0
2019-02-28,615.43,636.71,614.64,629.7,5698625.0
2019-03-01,635.11,658.88,634.7,658.3,6384023.0
2019-03-04,663.05,665.83,648.22,652.09,8458596.0
2019-03-05,654.71,658.51,647.11,650.36,4483056.0
2019-03-06,646.37,650.12,638.77,640.53,4673137.0
2019-03-07,635.71,635.71,621.82,624.35,6018053.0
2019-03-08,615.43,622.88,611.88,615.1,5227525.0
2019-03-11,617.21,639.66,617.21,632.64,5305724.0
2019-03-12,637.05,637.06,616.35,621.36,5251001.0
2019-03-13,621.77,634.49,621.77,628.86,4056136.0
2019-03-14,631.36,654.71,628.86,648.87,6217256.0
2019-03-15,647.21,656.8,637.91,648.29,5240071.0
2019-03-18,649.54,679.34,648.04,675.64,8131880.0
2019-03-19,669.72,673.83,660.8,661.06,4063493.0
2019-03-20,658.88,669.14,654.71,661.22,3111752.0
2019-03-21,657.21,661.22,651.79,655.34,3257328.0
2019-03-22,657.4,667.21,654.71,662.22,3051750.0
2019-03-25,655.55,657.21,644.95,646.87,3727046.0
2019-03-26,650.54,655.5,637.28,644.7,3759569.0
2019-03-27,651.38,662.12,646.37,657.63,4280739.0
2019-03-28,661.74,679.3,655.28,672.89,5756676.0
2019-03-29,696.41,722.84,692.38,712.25,9093396.0
2019-04-01,717.26,724.73,709.76,716.43,6093461.0
2019-04-02,717.26,717.26,697.3,708.92,5322705.0
2019-04-03,700.68,710.37,695.75,704.34,4305680.0
2019-04-04,700.58,722.1,697.41,721.43,5577236.0
2019-04-08,750.63,757.3,742.38,750.79,6625193.0
2019-04-09,753.13,757.46,744.38,754.8,4798980.0
2019-04-10,753.13,793.91,750.63,790.65,6781438.0
2019-04-11,790.66,792.33,755.25,771.64,6110254.0
2019-04-12,758.13,767.3,750.63,762.3,4861217.0
2019-04-15,776.48,783.15,756.46,756.46,4552264.0
2019-04-16,754.71,783.9,751.64,783.9,4642344.0
2019-04-17,782.32,796.92,771.48,793.99,4076102.0
2019-04-18,788.5,796.23,780.83,788.57,1959852.0
2019-04-19,787.29,801.46,776.74,794.46,3237978.0
2019-04-22,800.25,816.42,784.49,791.66,4062796.0
2019-04-23,793.16,818.36,791.66,813.14,4885205.0
2019-04-24,817.25,825.69,793.34,809.01,4522700.0
2019-04-25,808.0,812.33,793.34,794.3,3980134.0
2019-04-26,789.24,800.57,788.16,788.16,4327768.0
2019-04-29,788.16,824.85,779.82,810.65,5257230.0
2019-04-30,807.34,821.48,803.26,812.34,3594318.0
2019-05-06,771.89,779.82,744.79,755.63,13509968.0
2019-05-07,745.02,762.25,725.79,742.28,10083726.0
2019-05-08,717.26,752.13,717.26,737.61,8188298.0
2019-05-09,729.77,733.84,702.67,716.27,9154515.0
2019-05-10,730.32,759.62,724.09,756.56,7990738.0
2019-05-13,749.67,759.78,737.28,743.95,4663718.0
2019-05-14,738.11,755.63,728.11,739.42,5998312.0
2019-05-15,742.48,778.15,742.48,773.14,6312425.0
2019-05-16,766.47,777.31,754.8,775.57,4454012.0
2019-05-17,773.16,777.56,750.71,756.29,4984161.0
2019-05-20,750.63,750.63,726.44,738.08,4440799.0
2019-05-21,738.11,758.97,727.29,746.45,4238565.0
2019-05-22,746.44,753.96,733.94,740.62,3204158.0
2019-05-23,734.78,737.26,714.11,718.1,5805863.0
2019-05-24,721.43,738.11,720.97,732.69,4403409.0
2019-05-27,733.19,736.44,717.31,733.11,3916191.0
2019-05-28,732.27,756.87,729.79,740.62,7477277.0
2019-05-29,740.63,771.43,740.63,760.56,6564696.0
2019-05-30,758.97,767.3,743.3,755.05,4024720.0
2019-05-31,751.07,756.45,742.28,742.28,3579380.0
2019-06-03,743.95,751.75,739.18,743.95,3447924.0
2019-06-04,746.45,746.81,726.44,730.02,3968948.0
2019-06-05,737.28,739.17,725.6,726.94,3406736.0
2019-06-06,730.29,730.42,715.6,719.04,3478685.0
2019-06-10,715.58,733.07,700.58,726.5,5550246.0
2019-06-11,730.61,763.64,729.77,759.71,8010644.0
2019-06-12,755.81,759.79,745.62,756.21,3774740.0
2019-06-13,758.97,760.88,748.12,758.97,3291742.0
2019-06-14,759.8,777.56,758.98,761.47,4245504.0
2019-06-17,756.46,773.09,755.65,760.3,3276903.0
2019-06-18,764.8,767.31,752.79,764.8,2944138.0
2019-06-19,783.99,789.57,777.32,777.32,5372640.0
2019-06-20,777.73,813.59,777.48,813.18,6727197.0
2019-06-21,808.98,821.09,804.42,814.26,4592675.0
2019-06-24,815.93,833.77,813.18,823.27,4577920.0
2019-06-25,827.36,833.19,806.5,819.83,5129595.0
2019-06-26,821.52,821.52,810.02,817.23,2958818.0
2019-06-27,821.52,834.86,818.28,830.98,4797845.0
2019-06-28,834.52,836.97,822.11,832.84,3108840.0
2019-07-01,850.2,876.51,846.56,873.34,5233723.0
2019-07-02,867.54,871.35,859.92,867.54,3906109.0
2019-07-03,863.31,865.85,830.72,836.14,6713932.0
2019-07-04,834.36,838.59,822.02,830.47,4621668.0
2019-07-05,834.53,851.46,826.32,846.23,5003271.0
2019-07-08,842.19,844.6,825.22,833.56,3361352.0
2019-07-09,828.86,837.07,819.59,826.12,3172332.0
2019-07-10,830.24,838.41,826.91,831.58,2816670.0
2019-07-11,837.88,845.01,826.07,830.72,3051419.0
2019-07-12,830.55,839.18,829.46,834.61,2817385.0
2019-07-15,819.12,829.54,805.02,826.01,5987040.0
2019-07-16,825.6,831.4,816.76,819.29,3324524.0
2019-07-17,819.29,823.52,814.33,815.49,2546887.0
2019-07-18,813.79,815.06,801.67,801.94,3925295.0
2019-07-19,808.29,813.2,802.37,809.03,2801481.0
2019-07-22,812.52,815.91,804.27,810.0,2812549.0
2019-07-23,814.47,814.72,798.86,807.43,3248395.0
2019-07-24,811.09,812.44,799.57,800.98,4677120.0
2019-07-25,800.65,815.37,794.03,815.06,3825570.0
2019-07-26,814.19,821.83,811.3,816.78,2646759.0
2019-07-29,814.24,829.03,812.53,826.41,2698133.0
2019-07-30,826.49,831.99,821.83,828.55,1953797.0
2019-07-31,825.22,830.95,818.1,823.19,2252620.0
2019-08-01,826.5,826.91,806.62,811.93,3508952.0
2019-08-02,798.98,810.81,798.13,807.83,3971940.0
2019-08-05,799.83,807.44,795.6,797.65,3677431.0
2019-08-06,787.98,802.37,781.88,800.93,4399116.0
2019-08-07,803.64,808.74,799.83,799.83,2686998.0
2019-08-08,807.02,824.37,805.75,822.41,3880813.0
2019-08-09,828.18,830.25,811.67,814.24,2846170.0
2019-08-12,855.1,863.39,842.15,862.15,8149895.0
2019-08-13,860.06,868.38,855.42,861.57,3032970.0
2019-08-14,871.79,890.31,871.79,883.05,4141095.0
2019-08-15,870.08,885.72,870.08,884.38,2723739.0
2019-08-16,888.56,910.35,881.08,892.59,3608673.0
2019-08-19,898.01,905.61,887.89,893.67,3286758.0
2019-08-20,892.93,908.74,888.7,905.62,2860213.0
2019-08-21,905.71,911.52,898.57,902.24,2506662.0
2019-08-22,908.16,934.4,905.62,934.4,3759078.0
2019-08-23,935.25,959.42,927.31,956.49,4019230.0
2019-08-26,942.02,954.71,928.21,933.51,4849789.0
2019-08-27,945.4,957.52,938.63,938.63,5216421.0
2019-08-28,938.63,950.64,916.64,931.11,4700967.0
2019-08-29,935.25,946.4,924.67,942.1,2933042.0
2019-08-30,952.18,969.95,950.48,966.56,4489077.0
2019-09-02,964.86,969.09,955.56,963.82,2823433.0
2019-09-03,964.87,974.2,955.19,964.87,2948509.0
2019-09-04,965.55,967.33,948.04,952.18,3360022.0
2019-09-05,955.56,969.02,954.71,968.26,3293084.0
2019-09-06,968.68,970.08,957.25,966.98,2617659.0
2019-09-09,969.1,971.64,960.64,961.93,2937934.0
2019-09-10,960.05,960.64,947.95,951.2,2622707.0
2019-09-11,947.28,947.92,903.93,905.22,8171654.0
2019-09-12,902.24,939.46,902.24,930.17,4121133.0
2019-09-16,916.63,934.36,916.63,930.17,3137180.0
2019-09-17,925.94,936.65,920.01,925.95,2519693.0
2019-09-18,938.21,973.34,937.94,972.4,6931447.0
2019-09-19,971.64,973.34,962.42,969.1,2447980.0
2019-09-20,974.18,981.8,971.3,979.62,3762666.0
2019-09-23,979.26,979.26,957.25,972.49,3002633.0
2019-09-24,977.57,1002.87,975.03,1002.11,3626913.0
2019-09-25,998.73,1006.23,990.69,993.65,2402458.0
2019-09-26,994.44,1001.56,980.79,987.72,2608194.0
2019-09-27,985.18,1001.27,975.87,994.28,2282661.0
2019-09-30,984.34,989.78,973.34,973.34,3082514.0
2019-10-08,975.87,998.73,975.04,987.81,3104527.0
2019-10-09,987.05,987.05,960.68,970.64,3578857.0
2019-10-10,953.87,980.89,938.65,977.57,4117370.0
2019-10-11,979.26,994.49,975.21,994.16,2868925.0
2019-10-14,1003.8,1005.21,990.26,998.73,2718751.0
2019-10-15,998.73,1028.93,996.21,1024.96,4003473.0
2019-10-16,988.57,1005.07,981.8,990.26,5915059.0
2019-10-17,995.34,1004.36,983.91,1001.54,3050870.0
2019-10-18,997.88,1007.18,991.69,995.16,2829161.0
2019-10-21,991.84,997.8,984.59,988.99,2527467.0
2019-10-22,997.03,1000.0,985.09,990.94,1930943.0
2019-10-23,988.57,997.03,978.51,980.88,2308021.0
2019-10-24,985.99,986.88,970.93,973.56,2617844.0
2019-10-25,976.13,992.38,967.44,991.41,2599845.0
2019-10-28,986.89,999.58,986.03,997.28,2248599.0
2019-10-29,999.67,1015.62,996.84,1009.73,2780371.0
2019-10-30,1007.19,1009.48,995.34,1001.94,2125475.0
2019-10-31,1012.27,1013.96,995.47,998.73,2590927.0
2019-11-01,999.57,1008.84,992.38,1002.96,2281196.0
2019-11-04,1007.19,1024.11,1006.34,1015.31,2673798.0
2019-11-05,1015.23,1019.89,1008.88,1014.81,2225472.0
2019-11-06,1013.11,1019.04,1006.24,1009.73,1973751.0
2019-11-07,1012.7,1017.25,1006.34,1016.81,1616788.0
2019-11-08,1019.89,1028.9,1016.93,1019.89,2451211.0
2019-11-11,1016.92,1020.9,1010.16,1014.81,1734246.0
2019-11-12,1019.04,1023.78,1014.14,1017.01,1915055.0
2019-11-13,1021.58,1039.18,1015.65,1035.97,3197704.0
2019-11-14,1038.51,1049.51,1034.27,1041.05,2352112.0
2019-11-15,1041.05,1043.51,1033.85,1036.73,1634072.0
2019-11-18,1036.92,1040.58,1030.89,1038.74,1803766.0
2019-11-19,1039.35,1050.87,1036.83,1043.01,2062375.0
2019-11-20,1041.05,1049.09,1039.4,1044.22,1528053.0
2019-11-21,1041.89,1045.71,1033.48,1042.15,1918739.0
2019-11-22,1035.12,1040.2,1002.96,1010.58,4705428.0
2019-11-25,1005.54,1010.58,992.01,1000.47,3828175.0
2019-11-26,1004.38,1014.47,1001.27,1002.96,4023961.0
2019-11-27,1009.56,1012.79,1002.54,1007.15,1984881.0
2019-11-28,1011.4,1013.55,989.43,995.17,2884499.0
2019-11-29,986.45,986.45,941.93,955.56,8239732.0
2019-12-02,946.42,964.89,946.42,958.95,3078441.0
2019-12-03,958.95,958.95,946.03,946.25,2734093.0
2019-12-04,964.87,968.82,946.25,949.92,3528308.0
2019-12-05,952.18,958.11,946.25,956.24,2133879.0
2019-12-06,961.46,990.26,956.49,990.26,3950626.0
2019-12-09,994.49,995.34,978.5,980.7,2182412.0
2019-12-10,981.46,986.03,974.18,985.52,1508658.0
2019-12-11,988.57,990.9,978.03,980.94,1456799.0
2019-12-12,978.41,981.75,956.48,962.33,2940916.0
2019-12-13,969.95,986.03,969.95,984.34,3000059.0
2019-12-16,984.34,984.34,963.13,971.57,3093642.0
2019-12-17,973.08,993.31,967.44,990.25,4261696.0
2019-12-18,993.65,994.66,985.18,988.57,1964009.0
2019-12-19,984.34,984.34,975.03,979.6,1955230.0
2019-12-20,983.64,983.64,966.14,970.2,2356384.0
2019-12-23,964.02,983.91,961.49,972.74,2591918.0
2019-12-24,975.87,977.57,969.1,971.64,1182310.0
2019-12-25,967.41,967.41,956.42,959.54,2430597.0
2019-12-26,958.1,966.55,947.94,960.72,2287727.0
2019-12-27,973.34,991.96,973.34,984.34,4706628.0
2019-12-30,990.43,1011.85,990.43,1003.64,4076066.0
2019-12-31,1001.27,1005.5,995.77,1001.27,2258881.0
2020-01-02,954.71,969.15,944.56,956.41,14809916.0
2020-01-03,945.4,945.4,911.46,912.87,13031878.0
2020-01-06,906.35,925.01,903.34,912.39,6341478.0
2020-01-07,911.97,930.17,911.04,926.39,4785359.0
2020-01-08,918.36,927.21,916.27,920.98,2500825.0
2020-01-09,925.94,935.58,922.55,933.3,3740587.0
2020-01-10,938.63,944.55,933.13,941.6,3597587.0
2020-01-13,941.6,955.73,941.17,951.56,3851575.0
2020-01-14,951.5,952.08,933.56,937.28,3514465.0
2020-01-15,938.64,949.3,935.25,941.28,2602911.0
2020-01-16,946.99,946.99,933.2,936.94,2319165.0
2020-01-17,939.48,941.83,931.87,937.36,2347275.0
2020-01-20,941.05,941.05,915.78,923.4,3539130.0
2020-01-21,914.94,920.01,907.57,910.11,3287405.0
2020-01-22,905.62,917.47,893.25,910.29,3620004.0
2020-01-23,910.7,910.7,877.69,891.07,5346843.0
2020-02-03,833.68,855.42,829.45,849.7,12344288.0
2020-02-04,859.07,894.62,855.7,878.55,6262418.0
2020-02-05,888.7,892.08,874.33,888.69,4741824.0
2020-02-06,896.68,909.86,890.41,906.47,4717121.0
2020-02-07,905.63,911.55,898.02,910.7,3127871.0
2020-02-10,898.85,909.52,894.79,902.65,3053342.0
2020-02-11,899.7,930.75,899.53,929.32,4791793.0
2020-02-12,921.71,929.99,919.07,928.71,2812543.0
2020-02-13,929.32,942.77,920.87,923.4,3035736.0
2020-02-14,922.93,925.52,916.72,920.86,2328760.0
2020-02-17,916.2,927.79,916.12,925.79,2702822.0
2020-02-18,922.56,928.38,916.63,917.47,2666496.0
2020-02-19,918.32,932.29,912.4,928.05,3705147.0
2020-02-20,928.22,951.33,927.13,946.25,4680262.0
2020-02-21,940.72,950.94,939.49,941.92,2894008.0
2020-02-24,935.67,939.48,918.74,920.17,3865036.0
2020-02-25,912.4,915.86,903.83,909.7,3838562.0
2020-02-26,898.85,917.47,892.93,908.76,4356097.0
2020-02-27,910.7,926.78,910.7,920.34,3449829.0
2020-02-28,905.88,915.78,888.67,894.62,4994657.0
2020-03-02,888.79,928.1,888.71,919.18,4766304.0
2020-03-03,929.32,947.0,929.32,942.02,5025015.0
2020-03-04,952.18,964.02,944.76,955.49,5379299.0
2020-03-05,961.75,994.49,956.88,991.11,6242645.0
2020-03-06,984.34,995.34,975.01,977.99,3064100.0
2020-03-09,960.64,960.64,940.59,942.87,4340409.0
2020-03-10,942.02,988.57,942.02,978.41,5806293.0
2020-03-11,977.99,989.91,965.72,980.55,3554757.0
2020-03-12,965.9,975.87,952.26,963.6,3663063.0
2020-03-13,922.55,955.54,914.09,941.2,7588531.0
2020-03-16,934.38,937.74,898.85,903.09,5123254.0
2020-03-17,892.93,912.4,855.79,884.55,7935912.0
2020-03-18,880.23,897.16,853.14,853.14,7345988.0
2020-03-19,841.29,859.07,812.61,842.99,10226507.0
2020-03-20,855.69,882.77,855.69,876.24,6013919.0
2020-03-23,846.38,876.24,839.2,862.46,4847210.0
2020-03-24,882.77,896.21,876.0,893.78,4665096.0
2020-03-25,920.84,923.7,909.18,914.17,3704866.0
2020-03-26,908.44,923.57,898.85,901.33,3004856.0
2020-03-27,918.32,924.25,909.87,910.28,3626112.0
2020-03-30,897.37,911.55,894.62,907.32,3068741.0
2020-03-31,915.78,943.71,915.61,940.33,4798437.0
2020-04-01,945.4,955.56,933.56,933.56,3320535.0
2020-04-02,934.4,969.1,934.3,969.1,4520561.0
2020-04-03,964.05,971.61,958.08,964.69,2761761.0
2020-04-07,983.45,987.3,972.4,981.76,4348800.0
2020-04-08,975.03,987.14,975.03,981.6,2422442.0
2020-04-09,986.88,989.42,971.61,980.53,2281697.0
2020-04-10,980.0,1000.0,976.3,986.03,2780434.0
2020-04-13,986.03,990.25,972.07,983.75,1598147.0
2020-04-14,995.34,1008.5,986.88,1003.04,3679955.0
2020-04-15,1008.88,1019.03,1004.74,1006.85,2933229.0
2020-04-16,1009.7,1013.2,1002.2,1013.2,2172774.0
2020-04-17,1024.12,1044.9,1019.89,1037.66,3824569.0
2020-04-20,1033.43,1042.31,1029.87,1038.76,2423864.0
2020-04-21,1033.44,1035.96,1009.73,1015.65,2922422.0
2020-04-22,1020.73,1057.55,1017.53,1053.32,4403473.0
2020-04-23,1057.97,1071.24,1056.09,1059.89,2689851.0
2020-04-24,1056.28,1066.34,1045.43,1058.45,1912240.0
2020-04-27,1063.9,1081.82,1058.79,1079.98,2590391.0
2020-04-28,1087.86,1100.24,1076.49,1082.63,3466190.0
2020-04-29,1081.5,1090.22,1064.74,1079.05,2344406.0
2020-04-30,1075.75,1087.6,1065.49,1071.26,2466087.0
2020-05-06,1058.82,1100.29,1057.97,1100.29,3583481.0
2020-05-07,1099.78,1112.98,1094.37,1110.45,2793474.0
2020-05-08,1114.68,1132.45,1107.49,1112.66,2907868.0
2020-05-11,1117.22,1129.92,1111.86,1119.77,2367119.0
2020-05-12,1115.53,1129.91,1113.83,1128.22,1972181.0
2020-05-13,1128.22,1132.45,1119.66,1130.72,2201431.0
2020-05-14,1125.68,1129.81,1121.54,1122.8,1857492.0
2020-05-15,1124.84,1128.65,1101.88,1111.29,2639808.0
2020-05-18,1105.37,1143.88,1104.63,1139.4,3436211.0
2020-05-19,1154.46,1154.46,1132.45,1139.32,2478746.0
2020-05-20,1139.32,1150.38,1131.45,1143.46,2118340.0
2020-05-21,1146.84,1161.2,1145.03,1156.24,2305158.0
2020-05-22,1156.15,1156.24,1119.66,1124.16,3442746.0
2020-05-25,1125.68,1156.64,1118.07,1153.53,3156100.0
2020-05-26,1159.44,1159.5,1146.84,1149.38,2247019.0
2020-05-27,1150.23,1151.07,1128.22,1132.45,2677741.0
2020-05-28,1132.43,1140.02,1118.18,1137.53,2648591.0
2020-05-29,1127.46,1159.52,1127.46,1156.66,3044435.0
2020-06-01,1168.85,1201.94,1168.85,1201.43,3547976.0
2020-06-02,1198.48,1208.54,1190.57,1193.99,2596010.0
2020-06-03,1197.63,1199.74,1181.35,1184.34,2355736.0
2020-06-04,1181.54,1194.24,1181.54,1191.69,1803741.0
2020-06-05,1189.37,1209.37,1185.84,1206.09,1834706.0
2020-06-08,1206.09,1214.55,1186.63,1190.09,2930045.0
2020-06-09,1191.7,1206.09,1185.51,1198.94,2261191.0
2020-06-10,1206.09,1213.14,1199.32,1204.96,2270074.0
2020-06-11,1194.25,1200.16,1182.38,1185.32,3071171.0
2020-06-12,1174.07,1198.78,1170.8,1198.78,2842742.0
2020-06-15,1186.62,1194.75,1168.85,1170.54,3461541.0
2020-06-16,1183.66,1196.78,1179.12,1188.21,2920664.0
2020-06-17,1194.97,1195.0,1180.71,1189.16,1945307.0
2020-06-18,1189.08,1196.1,1185.01,1195.93,2101041.0
2020-06-19,1201.86,1223.19,1197.71,1218.65,3895833.0
2020-06-22,1214.64,1222.08,1213.03,1217.94,2324700.0
2020-06-23,1214.55,1254.33,1213.3,1247.98,3393426.0
2020-06-24,1253.23,1255.04,1237.3,1250.16,2513899.0
2020-06-29,1239.87,1255.28,1230.46,1252.86,2808061.0
2020-06-30,1252.82,1257.84,1245.97,1252.61,2244614.0
2020-07-01,1257.0,1289.62,1253.59,1279.49,3868249.0
2020-07-02,1283.54,1327.98,1280.12,1322.07,4588372.0
2020-07-03,1327.21,1329.35,1298.85,1320.18,3512581.0
2020-07-06,1316.94,1383.72,1311.64,1370.02,5182196.0
2020-07-07,1372.67,1494.03,1370.88,1445.38,6666393.0
2020-07-08,1438.53,1471.92,1421.4,1439.67,5316998.0
2020-07-09,1447.94,1465.93,1440.24,1460.79,3503324.0
2020-07-10,1446.23,1486.99,1446.18,1467.51,3710044.0
2020-07-13,1468.22,1530.15,1468.22,1525.86,6072716.0
2020-07-14,1525.86,1525.89,1497.09,1508.74,4609351.0
2020-07-15,1494.08,1526.38,1493.93,1500.63,4071294.0
2020-07-16,1481.26,1481.26,1370.02,1382.01,10224219.0
2020-07-17,1387.15,1432.18,1387.15,1411.17,6590206.0
2020-07-20,1414.98,1424.82,1360.5,1401.67,4528033.0
2020-07-21,1409.96,1458.05,1396.56,1428.25,4196950.0
2020-07-22,1419.69,1464.21,1419.69,1436.88,3920121.0
2020-07-23,1431.68,1447.94,1412.84,1435.1,3432052.0
2020-07-24,1416.99,1426.54,1357.18,1366.0,7875201.0
2020-07-27,1383.73,1395.54,1370.02,1389.33,3878817.0
2020-07-28,1395.71,1438.53,1395.71,1429.96,5491152.0
2020-07-29,1447.09,1447.09,1398.28,1431.68,5074843.0
2020-07-30,1430.99,1456.16,1430.39,1438.53,3837304.0
2020-07-31,1442.81,1459.93,1409.41,1436.97,4068474.0
2020-08-03,1444.42,1452.72,1421.4,1428.25,3466114.0
2020-08-04,1434.24,1441.09,1421.4,1429.95,3194051.0
2020-08-05,1423.19,1432.61,1407.11,1428.25,2552169.0
2020-08-06,1429.96,1433.41,1395.71,1402.53,3264878.0
2020-08-07,1408.36,1412.55,1368.74,1396.57,3424205.0
2020-08-10,1393.97,1408.52,1376.97,1399.13,2362354.0
2020-08-11,1404.27,1426.91,1404.27,1406.42,3581818.0
2020-08-12,1398.28,1405.13,1374.52,1393.1,2793392.0
2020-08-13,1395.71,1403.32,1377.73,1399.99,2054134.0
2020-08-14,1404.19,1426.28,1396.57,1422.26,3765318.0
2020-08-17,1433.39,1459.38,1429.96,1447.09,4357201.0
2020-08-18,1453.41,1472.78,1447.94,1459.93,3042281.0
2020-08-19,1455.65,1470.21,1441.09,1444.52,2691498.0
2020-08-20,1433.39,1437.67,1417.97,1424.83,2238233.0
2020-08-21,1432.53,1453.94,1430.82,1435.1,2508241.0
2020-08-24,1455.65,1462.5,1447.95,1452.53,3093344.0
2020-08-25,1459.76,1495.71,1454.48,1478.77,4187249.0
2020-08-26,1484.76,1494.18,1468.51,1478.77,2621573.0
2020-08-27,1483.04,1484.75,1459.93,1482.19,2263553.0
2020-08-28,1482.19,1510.45,1474.06,1504.46,4229962.0
2020-08-31,1516.09,1554.98,1516.09,1529.72,4781036.0
2020-09-01,1534.43,1542.99,1519.88,1542.97,3163992.0
2020-09-02,1562.68,1565.25,1515.59,1537.0,3200929.0
2020-09-03,1537.0,1551.55,1523.89,1535.28,3043735.0
2020-09-04,1512.16,1521.57,1495.04,1515.59,3085796.0
2020-09-07,1507.03,1522.43,1459.05,1475.77,3111202.0
2020-09-08,1483.05,1488.02,1436.02,1465.41,3447238.0
2020-09-09,1455.37,1465.07,1438.56,1445.38,2596355.0
2020-09-10,1458.85,1472.78,1455.65,1460.62,2477833.0
2020-09-11,1445.38,1486.48,1445.38,1483.91,3108800.0
2020-09-14,1494.18,1514.73,1481.84,1512.16,3105601.0
2020-09-15,1515.58,1515.58,1496.54,1507.03,2082087.0
2020-09-16,1507.03,1511.15,1471.92,1477.14,2251598.0
2020-09-17,1455.65,1455.65,1419.69,1430.41,6367985.0
2020-09-18,1425.68,1451.37,1400.0,1451.37,4720140.0
2020-09-21,1449.45,1449.45,1427.1,1427.22,2244407.0
2020-09-22,1412.84,1444.5,1412.84,1426.27,2326547.0
2020-09-23,1399.99,1426.55,1388.02,1412.82,3572552.0
2020-09-24,1400.82,1420.44,1392.97,1395.13,3005078.0
2020-09-25,1395.71,1412.84,1391.43,1400.09,2258296.0
2020-09-28,1400.16,1428.68,1400.16,1422.26,2423222.0
2020-09-29,1429.39,1429.45,1414.81,1414.81,1743078.0
2020-09-30,1421.4,1448.71,1421.4,1428.68,2708781.0
2020-10-09,1448.8,1461.15,1445.38,1452.23,3423988.0
2020-10-12,1455.65,1498.99,1455.65,1498.99,4372904.0
2020-10-13,1498.99,1498.99,1485.62,1489.04,2294389.0
2020-10-14,1489.9,1495.88,1477.91,1480.48,2048139.0
2020-10-15,1473.74,1485.62,1473.63,1477.06,1620436.0
2020-10-16,1477.06,1485.26,1458.22,1465.93,1737738.0
2020-10-19,1477.06,1484.75,1448.71,1454.79,1922632.0
2020-10-20,1455.64,1485.59,1451.37,1484.76,2773493.0
2020-10-21,1484.85,1491.74,1475.34,1484.19,1890137.0
2020-10-22,1481.34,1494.18,1468.93,1492.04,2248087.0
2020-10-23,1490.57,1496.4,1467.64,1468.78,1929169.0
2020-10-26,1386.29,1423.9,1370.02,1406.84,6601529.0
2020-10-27,1406.84,1407.7,1383.83,1391.43,4394440.0
2020-10-28,1392.29,1435.96,1391.5,1425.52,3463653.0
2020-10-29,1416.98,1462.5,1410.27,1435.1,3937376.0
2020-10-30,1436.81,1452.23,1425.68,1429.98,2605545.0
2020-11-02,1434.24,1451.37,1431.68,1433.4,2106643.0
2020-11-03,1442.8,1460.7,1434.67,1451.37,2349749.0
2020-11-04,1455.65,1459.08,1442.81,1455.29,1644371.0
2020-11-05,1470.21,1483.46,1466.01,1474.4,2352414.0
2020-11-06,1481.81,1482.7,1447.09,1456.18,2305153.0
2020-11-09,1456.83,1499.05,1456.18,1492.1,4146970.0
2020-11-10,1500.96,1510.86,1486.48,1494.18,3018944.0
2020-11-11,1494.18,1522.01,1482.19,1482.49,3485073.0
2020-11-12,1481.35,1498.46,1474.72,1485.44,2347309.0
2020-11-13,1476.2,1480.38,1447.94,1459.93,2815548.0
2020-11-16,1465.07,1481.38,1453.3,1481.38,3061349.0
2020-11-17,1489.9,1491.91,1456.57,1469.18,2522403.0
2020-11-18,1468.49,1473.23,1441.23,1450.21,3517895.0
2020-11-19,1442.38,1477.06,1439.04,1472.94,2781576.0
2020-11-20,1472.78,1486.48,1466.48,1472.74,2187466.0
2020-11-23,1516.45,1549.75,1516.45,1532.89,6663724.0
2020-11-24,1515.58,1526.29,1499.72,1510.02,3246536.0
2020-11-25,1508.31,1514.63,1476.2,1478.67,2822632.0
2020-11-26,1477.91,1489.89,1477.21,1485.1,2322830.0
2020-11-27,1483.62,1489.93,1471.06,1488.1,2156861.0
2020-11-30,1485.62,1488.96,1467.56,1467.56,3194007.0
2020-12-01,1477.91,1489.04,1472.78,1487.33,2819620.0
2020-12-02,1495.04,1497.61,1482.19,1488.2,2357169.0
2020-12-03,1488.2,1503.31,1483.14,1497.61,2950578.0
2020-12-04,1500.18,1541.36,1500.18,1535.38,6249119.0
2020-12-07,1543.59,1575.86,1541.75,1551.89,5833133.0
2020-12-08,1554.12,1605.5,1552.41,1584.09,6145400.0
2020-12-09,1597.75,1597.79,1574.67,1575.53,3115212.0
2020-12-10,1575.53,1583.89,1565.25,1569.45,3265354.0
2020-12-11,1571.06,1573.23,1545.4,1558.4,3077579.0
2020-12-14,1565.06,1566.95,1554.12,1566.11,3305200.0
2020-12-15,1569.96,1573.15,1545.56,1554.99,2960497.0
2020-12-16,1567.39,1580.38,1558.58,1575.53,3215016.0
2020-12-17,1580.24,1599.5,1575.53,1597.37,3603064.0
2020-12-18,1585.64,1600.37,1576.45,1579.81,2707698.0
2020-12-21,1575.53,1585.14,1573.47,1577.67,3069672.0
2020-12-22,1584.06,1626.04,1577.68,1610.63,4065060.0
2020-12-23,1625.18,1632.21,1559.28,1576.94,4770609.0
2020-12-24,1556.69,1591.69,1537.01,1567.26,3785714.0
2020-12-25,1543.84,1581.52,1541.28,1566.97,2308805.0
2020-12-28,1564.05,1617.31,1563.58,1603.78,3008037.0
2020-12-29,1603.78,1615.6,1588.37,1598.65,2286759.0
2020-12-30,1601.22,1655.16,1601.21,1655.16,3445210.0
2020-12-31,1662.01,1711.66,1660.3,1710.82,3886007.0
2021-01-04,1712.51,1716.8,1698.67,1709.96,4351400.0
2021-01-05,1703.97,1763.44,1697.51,1763.44,5211605.0
2021-01-06,1768.02,1819.56,1743.38,1798.16,4741020.0
2021-01-07,1795.59,1832.41,1776.75,1832.41,3793139.0
2021-01-08,1834.12,1841.72,1766.49,1789.59,5386164.0
2021-01-11,1789.59,1841.4,1762.71,1797.93,5107990.0
2021-01-12,1787.88,1850.3,1785.31,1850.3,4105859.0
2021-01-13,1852.96,1860.95,1828.13,1852.96,3438993.0
2021-01-14,1846.11,1852.1,1811.95,1827.27,3615220.0
2021-01-15,1811.0,1827.57,1737.36,1782.74,5950939.0
2021-01-18,1764.81,1790.86,1747.01,1766.47,3914404.0
2021-01-19,1775.13,1794.99,1718.4,1720.59,4634519.0
2021-01-20,1719.38,1760.04,1697.55,1747.32,4508242.0
2021-01-21,1753.63,1789.61,1747.64,1772.47,3831017.0
2021-01-22,1771.61,1798.16,1763.99,1780.99,2924761.0
2021-01-25,1783.6,1866.23,1783.6,1862.38,5595716.0
2021-01-26,1870.94,1872.65,1819.66,1834.03,3174746.0
2021-01-27,1834.03,1834.03,1785.31,1788.74,3712017.0
2021-01-28,1781.03,1806.43,1763.92,1787.88,3512864.0
2021-01-29,1799.18,1840.52,1789.78,1812.01,3370133.0
2021-02-01,1823.84,1849.53,1793.88,1806.14,2934059.0
2021-02-02,1808.62,1840.96,1799.95,1836.69,3458225.0
2021-02-03,1840.97,1882.3,1832.41,1875.14,3871415.0
2021-02-04,1876.08,1995.1,1876.08,1987.26,6385101.0
2021-02-05,1990.82,2024.72,1961.7,1980.54,3972906.0
2021-02-08,2001.09,2036.95,1980.54,2028.32,3578573.0
2021-02-09,2028.32,2103.36,2012.22,2103.36,3329655.0
2021-02-10,2127.82,2227.32,2127.82,2227.15,6137057.0
2021-02-18,2216.0,2250.16,2110.69,2115.83,6591232.0
2021-02-19,2098.84,2137.8,2039.28,2106.41,5938546.0
2021-02-22,2102.13,2102.13,1950.76,1959.15,7893547.0
2021-02-23,1939.56,2007.85,1939.44,1975.4,5745460.0
2021-02-24,1976.25,1984.82,1849.96,1874.36,8211578.0
2021-02-25,1891.49,1904.76,1816.32,1840.97,5972643.0
2021-02-26,1798.16,1866.62,1770.16,1817.66,6652506.0
2021-03-01,1865.8,1865.8,1815.28,1847.82,4491626.0
2021-03-02,1866.66,1866.66,1740.79,1762.19,7076450.0
2021-03-03,1746.78,1840.77,1740.79,1832.41,5421546.0
2021-03-04,1793.88,1794.73,1721.18,1740.79,6508829.0
2021-03-05,1712.53,1793.88,1702.25,1764.0,6377920.0
2021-03-08,1776.72,1785.31,1678.28,1678.28,6309959.0
2021-03-09,1674.0,1712.53,1627.06,1658.58,8226581.0
2021-03-10,1692.84,1712.42,1684.27,1686.85,5117174.0
2021-03-11,1691.12,1781.02,1679.55,1753.63,5676897.0
2021-03-12,1772.47,1778.46,1714.25,1734.79,4032251.0
2021-03-15,1755.34,1772.3,1670.7,1691.51,6248487.0
2021-03-16,1691.06,1729.65,1682.56,1721.52,3464850.0
2021-03-17,1712.53,1755.34,1691.99,1738.53,3137491.0
2021-03-18,1742.5,1786.48,1742.5,1772.21,3386488.0
2021-03-19,1742.5,1749.35,1705.88,1721.09,3578077.0
2021-03-22,1712.62,1734.87,1674.47,1703.96,3691407.0
2021-03-23,1711.57,1720.07,1686.84,1709.11,2744619.0
2021-03-24,1696.26,1723.66,1696.26,1703.11,2935739.0
2021-03-25,1686.85,1703.01,1666.98,1687.7,3157523.0
2021-03-26,1699.69,1731.37,1676.57,1723.66,5001642.0
2021-03-29,1749.52,1795.03,1734.92,1741.73,5699220.0
2021-03-30,1746.78,1786.17,1742.57,1760.52,3262697.0
2021-03-31,1751.15,1751.94,1712.53,1720.24,3715441.0
2021-04-01,1730.51,1752.6,1713.57,1750.63,2658763.0
2021-04-02,1760.48,1853.81,1760.48,1851.25,5202757.0
2021-04-06,1850.39,1851.23,1800.13,1820.45,3274177.0
2021-04-07,1801.63,1812.97,1755.34,1764.76,4020097.0
2021-04-08,1752.8,1780.18,1750.21,1772.47,2854762.0
2021-04-09,1748.49,1758.77,1716.82,1729.66,2880886.0
2021-04-12,1721.95,1738.22,1705.42,1720.14,3194307.0
2021-04-13,1729.66,1755.17,1720.24,1730.51,2899215.0
2021-04-14,1742.5,1753.63,1726.23,1752.77,2411465.0
2021-04-15,1738.99,1752.69,1703.97,1725.89,3436621.0
2021-04-16,1734.01,1770.76,1722.81,1759.61,3029370.0
2021-04-19,1759.62,1796.75,1740.79,1787.88,3175391.0
2021-04-20,1773.41,1822.99,1772.47,1793.7,2829037.0
2021-04-21,1777.61,1796.27,1768.27,1781.03,2614975.0
2021-04-22,1789.51,1797.3,1756.63,1760.05,2685002.0
2021-04-23,1760.46,1815.18,1757.48,1805.81,3346277.0
2021-04-26,1825.56,1828.13,1775.55,1779.16,3404511.0
2021-04-27,1787.09,1794.09,1768.26,1793.4,2210785.0
2021-04-28,1721.09,1753.2,1715.1,1748.49,8134295.0
2021-04-29,1752.81,1755.29,1724.52,1735.1,4128378.0
2021-04-30,1734.79,1743.36,1715.71,1718.34,3840137.0
2021-05-06,1712.53,1718.39,1672.29,1677.42,5354614.0
2021-05-07,1682.56,1685.11,1627.76,1629.47,5249339.0
2021-05-10,1626.9,1634.61,1597.8,1608.95,4600318.0
2021-05-11,1606.35,1683.42,1604.04,1677.42,4249412.0
2021-05-12,1668.93,1711.67,1668.86,1698.83,3269887.0
2021-05-13,1683.2,1699.73,1672.29,1688.13,2507751.0
2021-05-14,1697.12,1738.65,1691.98,1720.96,3561129.0
2021-05-17,1734.02,1785.48,1734.02,1762.16,4452400.0
2021-05-18,1768.19,1778.46,1751.11,1763.32,1750428.0
2021-05-19,1763.05,1776.59,1746.78,1754.49,2240972.0
2021-05-20,1775.89,1775.98,1751.37,1762.95,2185716.0
2021-05-21,1759.69,1780.93,1744.23,1748.58,2424823.0
2021-05-24,1756.2,1781.08,1739.07,1773.57,3254808.0
2021-05-25,1785.31,1883.87,1785.31,1879.07,6775695.0
2021-05-26,1890.62,1919.57,1877.86,1900.91,3860420.0
2021-05-27,1893.22,1986.53,1884.73,1922.32,4537338.0
2021-05-28,1918.86,1926.6,1888.5,1909.47,2580731.0
2021-05-31,1897.06,1899.5,1859.81,1899.2,3173900.0
2021-06-01,1902.62,1925.7,1888.92,1918.85,3061634.0
2021-06-02,1926.6,1938.58,1890.79,1902.62,2286277.0
2021-06-03,1900.91,1935.45,1892.41,1902.81,2345031.0
2021-06-04,1896.63,1959.13,1895.81,1927.88,3142219.0
2021-06-07,1939.44,1951.43,1918.04,1944.58,2546627.0
2021-06-08,1935.16,1952.28,1850.52,1876.08,4731363.0
2021-06-09,1876.93,1895.77,1849.63,1883.35,2550235.0
2021-06-10,1879.5,1927.77,1875.29,1916.73,2556663.0
2021-06-11,1917.18,1921.46,1865.64,1865.64,3397066.0
2021-06-15,1879.59,1891.39,1839.26,1877.79,2936130.0
2021-06-16,1876.93,1879.5,1839.26,1847.82,2759315.0
2021-06-17,1845.81,1873.51,1836.14,1846.89,2106753.0
2021-06-18,1838.4,1846.54,1768.19,1790.4,5402821.0
2021-06-21,1785.31,1797.89,1755.34,1782.44,3548826.0
2021-06-22,1791.31,1796.44,1758.67,1776.72,3322818.0
2021-06-23,1781.03,1783.6,1741.77,1745.07,3707901.0
2021-06-24,1746.79,1781.03,1730.51,1770.8,3147370.0
2021-06-25,1771.84,1822.87,1765.48,1808.18,3587543.0
2021-06-28,1815.09,1830.65,1791.75,1817.69,2745242.0
2021-06-29,1822.0,1828.05,1772.74,1782.25,3303063.0
2021-06-30,1784.84,1792.62,1768.68,1777.66,2191566.0
2021-07-01,1780.49,1823.73,1755.97,1819.41,3370124.0
2021-07-02,1793.48,1793.48,1738.6,1739.89,4627531.0
2021-07-05,1728.66,1745.84,1715.69,1723.47,3442095.0
2021-07-06,1724.34,1740.76,1694.09,1739.81,3528251.0
2021-07-07,1737.3,1753.62,1727.8,1732.11,2812212.0
2021-07-08,1728.74,1732.11,1701.0,1715.69,3551669.0
2021-07-09,1697.99,1716.48,1681.12,1704.55,3090790.0
2021-07-12,1707.52,1727.6,1677.23,1694.95,3901024.0
2021-07-13,1701.0,1733.41,1698.41,1713.88,2992471.0
2021-07-14,1706.18,1706.62,1681.12,1695.81,3077069.0
2021-07-15,1689.78,1739.89,1685.96,1726.92,4219005.0
2021-07-16,1711.37,1725.72,1685.44,1690.54,3540764.0
2021-07-19,1690.53,1716.56,1677.66,1707.05,3005234.0
2021-07-20,1707.05,1719.09,1695.3,1711.37,2347521.0
2021-07-21,1719.15,1733.84,1695.82,1701.86,2978013.0
2021-07-22,1694.08,1706.1,1675.9,1676.81,3909047.0
2021-07-23,1674.91,1674.91,1637.98,1642.22,4758547.0
2021-07-26,1624.07,1624.07,1538.5,1559.34,9861948.0
2021-07-27,1558.38,1564.43,1471.95,1480.5,8657699.0
2021-07-28,1471.95,1545.59,1453.9,1528.91,8536884.0
2021-07-29,1564.44,1575.67,1499.04,1512.39,6386385.0
2021-07-30,1490.97,1490.97,1432.85,1451.2,7773589.0
2021-08-02,1438.24,1517.74,1400.83,1516.9,9740065.0
2021-08-03,1495.29,1528.99,1459.68,1511.97,5437475.0
2021-08-04,1498.8,1521.22,1484.92,1490.1,3817549.0
2021-08-05,1463.2,1508.25,1448.93,1468.49,4805969.0
2021-08-06,1459.85,1464.18,1423.2,1444.29,4568610.0
2021-08-09,1427.01,1477.14,1426.14,1464.0,4769775.0
2021-08-10,1469.36,1558.28,1447.75,1554.93,8328505.0
2021-08-11,1538.51,1542.83,1512.58,1513.01,3866259.0
2021-08-12,1497.02,1511.71,1457.42,1460.72,4755097.0
2021-08-13,1460.72,1480.59,1451.21,1469.39,3790452.0
2021-08-16,1465.9,1481.11,1456.46,1468.67,2805697.0
2021-08-17,1469.36,1469.36,1407.89,1413.18,6120077.0
2021-08-18,1404.24,1420.08,1382.93,1400.21,5997026.0
2021-08-19,1402.13,1420.26,1382.93,1400.19,4129195.0
2021-08-20,1344.18,1380.81,1318.53,1337.98,11454454.0
2021-08-23,1329.23,1382.06,1328.27,1357.16,7159720.0
2021-08-24,1361.32,1419.7,1353.34,1404.69,7259447.0
2021-08-25,1424.1,1452.82,1420.09,1439.12,5423890.0
2021-08-26,1439.1,1439.1,1378.36,1378.6,5402037.0
2021-08-27,1373.42,1404.53,1369.18,1379.49,3609545.0
2021-08-30,1387.25,1394.16,1336.21,1370.82,5158770.0
2021-08-31,1374.11,1397.06,1344.12,1346.62,4367709.0
2021-09-01,1347.49,1413.17,1323.37,1401.95,7731610.0
2021-09-02,1411.44,1420.09,1383.69,1399.17,4283679.0
2021-09-03,1391.59,1434.6,1367.37,1433.25,5283518.0
2021-09-06,1425.28,1476.41,1405.53,1444.01,5533806.0
2021-09-07,1435.68,1455.94,1427.01,1442.56,3121122.0
2021-09-08,1434.79,1444.45,1407.2,1411.53,3306367.0
2021-09-09,1405.4,1421.82,1403.68,1412.38,1995013.0
2021-09-10,1412.38,1442.39,1411.45,1437.02,3338811.0
2021-09-13,1439.11,1455.53,1417.59,1429.6,2772002.0
2021-09-14,1433.92,1454.66,1428.73,1432.19,3376061.0
2021-09-15,1426.14,1434.79,1391.57,1396.53,4157005.0
2021-09-16,1385.52,1420.96,1369.96,1415.83,4596802.0
2021-09-17,1400.21,1474.2,1400.21,1457.26,5513025.0
2021-09-22,1433.77,1458.99,1413.18,1415.5,3174300.0
2021-09-23,1415.77,1431.22,1404.6,1413.18,3034181.0
2021-09-24,1407.13,1486.63,1407.13,1464.17,6953660.0
2021-09-27,1512.57,1610.59,1512.57,1603.33,12686892.0
2021-09-28,1597.28,1607.65,1551.47,1574.86,4922105.0
2021-09-29,1563.57,1594.69,1543.6,1573.08,4329065.0
2021-09-30,1571.5,1599.2,1558.73,1581.72,4053929.0
2021-10-08,1575.17,1623.21,1562.04,1590.02,4745196.0
2021-10-11,1589.94,1633.49,1582.59,1613.8,3767557.0
2021-10-12,1612.84,1622.34,1592.46,1617.15,3060642.0
2021-10-13,1616.29,1685.4,1609.38,1668.07,5014261.0
2021-10-14,1667.23,1678.35,1638.77,1651.73,2662255.0
2021-10-15,1633.67,1668.15,1633.67,1656.89,2856078.0
2021-10-18,1631.85,1631.85,1544.55,1555.79,6965202.0
2021-10-19,1555.79,1589.33,1555.69,1566.32,4031456.0
2021-10-20,1584.31,1598.83,1560.99,1591.23,2866339.0
2021-10-21,1591.32,1607.65,1580.86,1593.82,2301870.0
2021-10-22,1603.33,1660.38,1602.46,1643.09,3596260.0
2021-10-25,1624.94,1629.27,1605.92,1618.91,3246133.0
2021-10-26,1611.13,1624.06,1593.82,1608.56,2113026.0
2021-10-27,1601.0,1606.18,1555.88,1572.21,3464729.0
2021-10-28,1577.57,1593.63,1557.52,1577.82,2949093.0
2021-10-29,1577.4,1597.28,1567.03,1578.33,2877586.0
2021-11-01,1538.5,1578.52,1521.22,1558.38,4168998.0
2021-11-02,1552.94,1594.01,1545.42,1559.8,3250024.0
2021-11-03,1555.79,1564.42,1522.25,1525.54,2782931.0
2021-11-04,1536.72,1569.62,1529.36,1559.42,3113043.0
2021-11-05,1559.43,1594.68,1559.43,1573.03,2707723.0
2021-11-08,1573.08,1582.41,1557.56,1573.16,1770572.0
2021-11-09,1573.06,1579.88,1540.23,1547.16,2735192.0
2021-11-10,1547.16,1551.47,1499.61,1516.02,3534877.0
2021-11-11,1515.11,1529.52,1505.23,1529.52,2265187.0
2021-11-12,1536.78,1542.87,1526.97,1533.13,1760663.0
2021-11-15,1533.04,1541.96,1512.57,1522.2,2494735.0
2021-11-16,1528.13,1571.35,1525.54,1562.71,3352624.0
2021-11-17,1560.11,1573.51,1547.16,1551.47,2450546.0
2021-11-18,1539.56,1561.84,1529.86,1548.88,1952089.0
2021-11-19,1550.77,1598.14,1545.59,1580.35,3115559.0
2021-11-22,1598.14,1650.0,1597.28,1602.7,4257268.0
2021-11-23,1600.74,1656.92,1600.74,1639.14,4578220.0
2021-11-24,1642.22,1699.27,1639.63,1677.66,5451235.0
2021-11-25,1688.03,1716.73,1682.2,1690.65,3975288.0
2021-11-26,1698.26,1700.13,1663.83,1677.67,3265557.0
2021-11-29,1694.08,1720.01,1686.37,1715.69,4239934.0
2021-11-30,1716.04,1719.93,1665.99,1668.82,3692487.0
2021-12-01,1685.44,1694.04,1658.66,1670.74,2625440.0
2021-12-02,1676.8,1678.66,1659.16,1671.61,2042182.0
2021-12-03,1669.88,1718.82,1669.06,1704.35,3581839.0
2021-12-06,1713.96,1720.01,1685.44,1700.39,3106388.0
2021-12-07,1712.01,1718.17,1682.61,1690.51,3697989.0
2021-12-08,1698.3,1767.55,1685.44,1765.82,6104807.0
2021-12-09,1776.14,1829.71,1767.55,1803.46,6423918.0
2021-12-10,1780.52,1811.44,1777.06,1806.45,4314822.0
2021-12-13,1861.76,1884.24,1830.65,1830.82,6580656.0
2021-12-14,1830.82,1873.78,1815.09,1858.31,4044941.0
2021-12-15,1851.52,1871.23,1836.72,1845.34,3007827.0
2021-12-16,1828.05,1853.16,1803.19,1831.5,3721136.0
2021-12-17,1815.52,1822.0,1759.77,1772.48,4840318.0
2021-12-20,1772.48,1802.7,1764.09,1779.62,3225769.0
2021-12-21,1767.55,1788.41,1739.75,1761.67,2628589.0
2021-12-22,1763.23,1783.11,1763.23,1770.14,1743079.0
2021-12-23,1774.47,1832.38,1750.27,1832.38,3909854.0
2021-12-24,1857.34,1916.18,1857.34,1896.41,5612959.0
2021-12-27,1873.86,1873.86,1825.46,1842.59,3755590.0
2021-12-28,1843.61,1863.06,1829.44,1848.09,2765070.0
2021-12-29,1858.31,1861.98,1764.09,1764.09,5404902.0
2021-12-30,1764.09,1805.56,1752.86,1793.48,3526136.0
2021-12-31,1789.16,1791.74,1752.86,1771.87,2966491.0
2022-01-04,1776.19,1788.25,1740.76,1772.94,3384262.0
2022-01-05,1767.55,1784.84,1744.21,1749.4,2839551.0
2022-01-06,1747.68,1759.77,1675.51,1713.29,5179475.0
2022-01-07,1707.05,1719.05,1676.21,1678.53,2981669.0
2022-01-10,1666.43,1708.78,1657.39,1699.27,2962670.0
2022-01-11,1683.71,1698.41,1669.17,1677.27,2227664.0
2022-01-12,1683.71,1710.33,1683.71,1700.13,2747410.0
2022-01-13,1698.25,1700.99,1612.46,1622.68,5674735.0
2022-01-14,1622.68,1636.17,1610.24,1613.7,2932164.0
2022-01-17,1614.57,1623.47,1586.34,1609.04,2735382.0
2022-01-18,1609.1,1649.87,1600.74,1635.54,3121577.0
2022-01-19,1658.65,1658.65,1632.61,1652.6,2637094.0
2022-01-20,1656.05,1711.36,1656.05,1702.31,3401391.0
2022-01-21,1694.08,1723.03,1686.31,1715.68,3081258.0
2022-01-24,1689.76,1714.83,1669.4,1685.61,2398580.0
2022-01-25,1679.39,1699.27,1669.02,1679.39,2551012.0
2022-01-26,1678.56,1701.86,1658.65,1689.76,2390513.0
2022-01-27,1729.53,1738.01,1687.17,1698.41,4266516.0
2022-01-28,1689.76,1701.0,1624.95,1630.99,4102011.0
2022-02-07,1643.08,1653.94,1599.01,1614.53,3515042.0
2022-02-08,1615.33,1618.77,1547.15,1589.5,4171306.0
2022-02-09,1589.58,1649.14,1579.1,1638.75,3388479.0
2022-02-10,1642.22,1647.32,1605.4,1618.89,2303183.0
2022-02-11,1605.06,1642.91,1591.23,1598.98,3374649.0
2022-02-14,1590.36,1622.34,1588.04,1615.14,2019587.0
2022-02-15,1615.26,1651.73,1606.79,1634.12,2710586.0
2022-02-16,1642.22,1648.27,1631.85,1635.78,1458685.0
2022-02-17,1642.75,1652.15,1625.8,1630.98,1821366.0
2022-02-18,1622.89,1649.12,1612.54,1648.27,1938549.0
2022-02-21,1642.22,1648.19,1615.39,1622.34,2081573.0
2022-02-22,1607.66,1608.52,1555.81,1562.59,5229881.0
2022-02-23,1565.65,1585.18,1555.86,1579.14,2811161.0
2022-02-24,1562.71,1567.88,1510.93,1524.77,6535925.0
2022-02-25,1534.18,1562.95,1534.18,1554.98,3897913.0
2022-02-28,1544.61,1553.2,1527.27,1547.49,2892303.0
2022-03-01,1557.52,1610.74,1557.52,1606.34,4737930.0
2022-03-02,1590.36,1599.86,1577.4,1594.58,2007448.0
2022-03-03,1595.38,1599.22,1550.61,1555.79,3154693.0
2022-03-04,1531.59,1549.65,1516.98,1538.94,3104703.0
2022-03-07,1521.39,1528.13,1472.64,1475.41,4915581.0
2022-03-08,1521.2,1544.26,1497.02,1515.34,5721546.0
2022-03-09,1524.76,1560.11,1487.6,1537.8,5643442.0
2022-03-10,1562.71,1573.94,1548.01,1550.98,3646178.0
2022-03-11,1526.4,1535.91,1484.99,1529.01,4772677.0
2022-03-14,1495.29,1512.57,1469.36,1469.36,4900661.0
2022-03-15,1426.14,1456.39,1385.52,1385.52,8905587.0
2022-03-16,1412.31,1455.44,1376.88,1447.71,7759281.0
2022-03-17,1486.64,1516.9,1479.44,1486.77,6835196.0
2022-03-18,1484.92,1508.25,1462.69,1476.09,3834868.0
2022-03-21,1490.1,1491.53,1465.05,1473.07,2787716.0
2022-03-22,1490.0,1490.0,1457.54,1465.04,2105404.0
2022-03-23,1473.68,1529.86,1466.77,1514.47,5806739.0
2022-03-24,1502.2,1503.93,1484.35,1487.45,2581532.0
2022-03-25,1479.73,1498.75,1456.39,1460.72,2970866.0
2022-03-28,1404.53,1438.93,1386.38,1435.48,5754164.0
2022-03-29,1436.08,1462.01,1436.08,1440.84,2593498.0
2022-03-30,1467.63,1495.37,1465.04,1495.37,4243343.0
2022-03-31,1486.64,1502.72,1476.96,1485.78,2517386.0
2022-04-01,1495.24,1549.74,1488.11,1538.51,4486191.0
2022-04-06,1515.17,1546.05,1515.17,1525.54,2781977.0
2022-04-07,1519.49,1542.83,1512.66,1525.54,2019571.0
2022-04-08,1528.13,1546.02,1526.87,1541.96,2294132.0
2022-04-11,1529.86,1529.86,1474.57,1486.64,4386359.0
2022-04-12,1494.42,1545.39,1476.27,1540.23,4162956.0
2022-04-13,1527.27,1551.47,1513.51,1529.0,3114766.0
2022-04-14,1545.42,1586.82,1538.68,1563.57,3764986.0
2022-04-15,1557.69,1571.35,1552.24,1560.97,2104113.0
2022-04-18,1539.48,1554.06,1528.13,1547.86,1979315.0
2022-04-19,1555.79,1584.31,1534.62,1547.41,2420476.0
2022-04-20,1557.25,1573.08,1528.72,1553.2,2415572.0
2022-04-21,1547.32,1560.98,1529.86,1538.49,2895261.0
2022-04-22,1523.81,1545.32,1521.37,1532.45,2789975.0
2022-04-25,1512.57,1535.48,1471.09,1476.27,5365802.0
2022-04-26,1472.24,1511.69,1469.36,1497.43,4456396.0
2022-04-27,1527.37,1564.43,1527.37,1551.4,5740244.0
2022-04-28,1549.74,1594.69,1544.12,1586.04,4401006.0
2022-04-29,1586.91,1598.14,1565.28,1580.32,3488527.0
2022-05-05,1581.72,1616.29,1580.84,1587.77,3366094.0
2022-05-06,1568.75,1572.21,1539.37,1549.74,2859618.0
2022-05-09,1538.5,1538.5,1502.2,1514.3,3035182.0
2022-05-10,1486.64,1542.79,1473.69,1526.57,4011919.0
2022-05-11,1516.9,1545.83,1514.3,1528.13,3031267.0
2022-05-12,1515.17,1536.78,1512.57,1523.53,2203823.0
2022-05-13,1538.5,1554.01,1526.4,1536.98,2073052.0
2022-05-16,1553.2,1553.2,1506.24,1519.49,2776531.0
2022-05-17,1529.76,1534.18,1516.9,1528.13,2014474.0
2022-05-18,1533.02,1533.25,1506.54,1522.08,2485044.0
2022-05-19,1508.25,1518.63,1503.07,1517.76,1977626.0
2022-05-20,1521.21,1556.79,1514.3,1555.8,4194960.0
2022-05-23,1555.79,1559.15,1531.59,1539.37,2215713.0
2022-05-24,1543.69,1544.55,1517.33,1521.22,2734222.0
2022-05-25,1525.77,1531.59,1509.98,1517.34,2238869.0
2022-05-26,1522.08,1522.08,1495.29,1506.35,2805344.0
2022-05-27,1521.21,1538.5,1515.18,1517.03,2511958.0
2022-05-30,1526.4,1547.62,1526.4,1537.13,3446569.0
2022-05-31,1533.98,1568.67,1527.25,1559.27,4075082.0
2022-06-01,1557.52,1568.57,1537.64,1545.64,2176001.0
2022-06-02,1545.39,1552.16,1538.5,1543.69,1691473.0
2022-06-06,1547.15,1551.47,1519.49,1545.42,3674126.0
2022-06-07,1542.08,1577.4,1530.13,1571.26,3504859.0
2022-06-08,1577.4,1626.67,1577.4,1612.49,4435381.0
2022-06-09,1618.02,1632.15,1598.14,1601.6,2632902.0
2022-06-10,1594.69,1648.27,1586.04,1642.74,4734462.0
2022-06-13,1633.58,1635.31,1597.35,1604.19,3675518.0
2022-06-14,1585.18,1620.98,1583.45,1617.16,2941623.0
2022-06-15,1616.29,1646.55,1610.24,1620.7,3366362.0
2022-06-16,1637.55,1648.82,1620.9,1622.34,2688670.0
2022-06-17,1623.29,1687.17,1623.29,1686.3,5054161.0
2022-06-20,1685.44,1702.73,1668.15,1678.54,3497478.0
2022-06-21,1684.58,1700.13,1666.43,1681.76,2371702.0
2022-06-22,1689.76,1692.36,1669.88,1673.34,1964665.0
2022-06-23,1679.13,1698.44,1676.8,1691.58,2684352.0
2022-06-24,1702.73,1745.94,1698.41,1736.44,3963465.0
2022-06-27,1745.89,1771.82,1728.92,1737.78,4011517.0
2022-06-28,1745.72,1764.09,1729.52,1759.77,2524571.0
2022-06-29,1752.86,1764.96,1738.17,1754.59,3036012.0
2022-06-30,1747.31,1814.59,1747.3,1786.63,3898243.0
2022-07-01,1795.36,1806.52,1760.6,1772.69,2159645.0
2022-07-04,1764.8,1768.53,1748.2,1763.04,2507589.0
2022-07-05,1769.4,1794.88,1756.05,1776.15,2632940.0
2022-07-06,1775.27,1781.39,1735.08,1749.06,3275166.0
2022-07-07,1751.68,1755.48,1734.22,1738.58,2093177.0
2022-07-08,1751.68,1760.32,1743.96,1746.44,1564389.0
2022-07-11,1738.75,1742.74,1704.07,1715.51,2394921.0
2022-07-12,1716.74,1723.55,1686.21,1702.24,2344686.0
2022-07-13,1699.26,1722.85,1695.48,1711.4,1985377.0
2022-07-14,1712.37,1727.04,1695.77,1706.25,2052724.0
2022-07-15,1699.36,1747.03,1698.83,1703.19,3341623.0
2022-07-18,1705.69,1711.49,1679.17,1705.08,2422072.0
2022-07-19,1699.26,1705.07,1682.66,1697.6,2195603.0
2022-07-20,1711.28,1721.1,1699.26,1703.72,1870461.0
2022-07-21,1697.6,1708.79,1690.1,1694.02,1406137.0
2022-07-22,1702.95,1714.11,1690.53,1701.01,2511357.0
2022-07-25,1703.2,1705.64,1687.03,1698.96,1691244.0
2022-07-26,1706.24,1716.71,1701.03,1703.81,2068510.0
2022-07-27,1696.64,1701.88,1674.8,1677.07,2148987.0
2022-07-28,1678.38,1693.15,1653.54,1658.2,3486986.0
2022-07-29,1655.67,1676.54,1640.81,1658.58,3703236.0
2022-08-01,1651.22,1666.94,1643.51,1651.47,2103741.0
2022-08-02,1642.47,1649.45,1623.26,1642.46,2822088.0
2022-08-03,1651.2,1663.44,1639.85,1646.84,2459842.0
2022-08-04,1651.21,1680.13,1642.59,1673.94,3035714.0
2022-08-05,1684.24,1690.53,1664.23,1680.88,2008584.0
2022-08-08,1673.18,1688.67,1666.51,1670.02,1679901.0
2022-08-09,1670.02,1676.54,1664.32,1668.68,1387461.0
2022-08-10,1668.67,1675.67,1629.0,1638.98,2792662.0
2022-08-11,1647.72,1666.06,1640.74,1665.98,2606149.0
2022-08-12,1665.98,1686.16,1659.95,1684.41,2025983.0
2022-08-15,1677.82,1694.46,1673.53,1677.32,1932314.0
2022-08-16,1680.86,1689.47,1673.93,1675.53,1483584.0
2022-08-17,1686.16,1686.16,1655.58,1675.67,1836063.0
2022-08-18,1666.94,1671.38,1643.41,1656.02,2316777.0
2022-08-19,1658.2,1667.24,1649.46,1655.59,1354417.0
2022-08-22,1646.85,1666.06,1643.68,1654.69,1542667.0
2022-08-23,1658.72,1658.72,1631.12,1633.75,2375636.0
2022-08-24,1633.73,1638.31,1617.14,1619.93,1872761.0
2022-08-25,1624.13,1649.46,1619.93,1646.84,2192534.0
2022-08-26,1659.95,1670.43,1647.72,1658.2,2314195.0
2022-08-29,1645.1,1659.92,1637.23,1641.44,1356962.0
2022-08-30,1644.53,1646.84,1619.93,1633.74,1823539.0
2022-08-31,1625.09,1682.28,1625.01,1680.92,4469151.0
2022-09-01,1670.56,1673.93,1643.25,1643.25,2684508.0
2022-09-02,1651.16,1653.8,1630.39,1638.11,1939132.0
2022-09-05,1627.31,1632.86,1590.06,1603.16,3682187.0
2022-09-06,1603.47,1614.69,1594.42,1611.9,2083004.0
2022-09-07,1603.19,1605.48,1582.2,1588.32,2830616.0
2022-09-08,1590.06,1600.54,1585.69,1585.69,1659057.0
2022-09-09,1594.42,1618.01,1586.56,1611.71,2708986.0
2022-09-13,1642.47,1649.8,1623.46,1641.6,2869309.0
2022-09-14,1628.5,1642.47,1627.62,1632.86,1604157.0
2022-09-15,1633.74,1653.94,1633.7,1642.47,2081021.0
2022-09-16,1635.31,1647.37,1620.73,1624.13,2412127.0
2022-09-19,1620.63,1649.98,1618.78,1635.17,1858351.0
2022-09-20,1633.72,1646.49,1623.73,1640.73,1411630.0
2022-09-21,1639.57,1645.1,1614.52,1614.52,2099454.0
2022-09-22,1607.53,1608.42,1587.3,1590.76,2270429.0
2022-09-23,1590.76,1620.63,1590.76,1602.66,2828769.0
2022-09-26,1590.06,1649.46,1590.04,1627.62,3513492.0
2022-09-27,1632.74,1657.33,1617.23,1649.46,2882019.0
2022-09-28,1642.91,1659.42,1637.24,1645.1,2144597.0
2022-09-29,1658.18,1661.85,1634.73,1642.78,2158966.0
2022-09-30,1658.74,1661.69,1630.24,1635.92,2128908.0
2022-10-10,1651.21,1652.08,1555.28,1560.35,4858413.0
2022-10-11,1562.97,1577.82,1537.64,1555.1,3204719.0
2022-10-12,1549.57,1554.24,1492.21,1537.64,4819500.0
2022-10-13,1503.09,1515.79,1482.6,1485.21,6396927.0
2022-10-14,1493.95,1533.27,1486.91,1518.07,4651970.0
2022-10-17,1507.93,1509.67,1483.29,1501.38,3354951.0
2022-10-18,1507.06,1511.43,1486.09,1490.31,2808277.0
2022-10-19,1486.95,1486.95,1439.79,1439.79,6012093.0
2022-10-20,1416.2,1457.64,1407.46,1435.85,4277807.0
2022-10-21,1432.8,1439.61,1406.59,1418.82,3890740.0
2022-10-24,1371.64,1388.24,1300.01,1311.6,13209804.0
2022-10-25,1292.51,1323.59,1286.02,1292.79,8136156.0
2022-10-26,1300.7,1323.58,1275.54,1279.1,8178083.0
2022-10-27,1293.01,1299.98,1209.01,1223.99,10710590.0
2022-10-28,1215.06,1228.36,1187.05,1188.17,9314275.0
2022-10-31,1179.44,1207.4,1164.58,1179.44,7184665.0
2022-11-01,1187.3,1283.75,1187.3,1277.29,11876648.0
2022-11-02,1275.54,1315.73,1254.57,1285.99,7977715.0
2022-11-03,1261.18,1277.72,1247.67,1257.63,4515970.0
2022-11-04,1256.28,1334.75,1256.28,1324.96,8000795.0
2022-11-07,1305.29,1326.63,1298.77,1316.7,4269835.0
2022-11-08,1317.47,1326.2,1283.37,1297.28,3932491.0
2022-11-09,1296.46,1300.77,1266.8,1275.45,3609016.0
2022-11-10,1261.56,1297.38,1253.83,1288.64,3771967.0
2022-11-11,1334.95,1349.32,1306.1,1335.08,7394715.0
2022-11-14,1348.49,1365.99,1334.95,1339.32,5737015.0
2022-11-15,1338.44,1396.95,1328.83,1387.37,5631760.0
2022-11-16,1381.25,1396.1,1369.89,1384.96,2684776.0
2022-11-17,1389.55,1394.62,1356.68,1369.02,3057988.0
2022-11-18,1376.88,1383.87,1359.41,1369.13,2360871.0
2022-11-21,1346.61,1346.61,1309.2,1327.94,3909600.0
2022-11-22,1325.72,1362.68,1324.56,1345.39,2990062.0
2022-11-23,1334.95,1360.28,1328.87,1353.29,2217746.0
2022-11-24,1362.03,1370.66,1322.7,1327.95,2768738.0
2022-11-25,1328.4,1338.44,1319.22,1329.71,1862104.0
2022-11-28,1297.19,1323.59,1267.68,1319.12,4772321.0
2022-11-29,1371.26,1397.85,1355.04,1396.98,7342013.0
2022-11-30,1386.6,1401.35,1384.75,1396.98,3149730.0
2022-12-01,1450.27,1467.74,1424.75,1424.76,5135768.0
2022-12-02,1428.43,1444.15,1416.37,1427.45,2388390.0
2022-12-05,1457.26,1466.87,1440.66,1454.55,3612746.0
2022-12-06,1445.9,1508.72,1443.28,1474.73,4414748.0
2022-12-07,1465.83,1502.69,1459.03,1471.24,3552626.0
2022-12-08,1469.49,1480.85,1454.64,1473.88,1972956.0
2022-12-09,1478.23,1511.43,1469.49,1511.43,3921526.0
2022-12-12,1499.07,1542.88,1498.32,1519.31,3475517.0
2022-12-13,1517.54,1538.24,1511.43,1528.9,2138546.0
2022-12-14,1522.78,1555.81,1522.78,1547.13,2909840.0
2022-12-15,1576.95,1586.56,1555.11,1561.22,3063444.0
2022-12-16,1549.21,1564.72,1522.78,1561.11,3330266.0
2022-12-19,1571.53,1571.53,1537.78,1548.99,2498710.0
2022-12-20,1542.29,1542.29,1469.88,1498.32,4619840.0
2022-12-21,1506.18,1519.29,1500.64,1519.29,2281614.0
2022-12-22,1534.75,1557.73,1524.53,1544.63,2317534.0
2022-12-23,1531.0,1556.86,1524.53,1547.25,1731921.0
2022-12-26,1547.25,1547.25,1515.81,1521.96,2138380.0
2022-12-27,1537.76,1545.85,1526.7,1533.33,1790505.0
2022-12-28,1544.73,1545.72,1511.22,1533.33,2143790.0
2022-12-29,1519.18,1528.01,1505.06,1520.95,2241780.0
2022-12-30,1535.99,1551.02,1528.02,1528.02,2533312.0
2023-01-03,1531.74,1538.14,1509.45,1530.69,2603380.0
2023-01-04,1530.68,1538.38,1518.29,1526.26,2041575.0
2023-01-05,1536.87,1593.5,1533.33,1593.5,4794285.0
2023-01-06,1598.03,1603.14,1581.11,1595.95,2490375.0
2023-01-09,1623.58,1636.83,1599.53,1629.07,3097723.0
2023-01-10,1627.17,1649.68,1619.6,1640.79,2273173.0
2023-01-11,1642.16,1645.7,1625.21,1632.38,2272031.0
2023-01-12,1635.08,1642.16,1621.81,1622.7,1719317.0
2023-01-13,1631.7,1670.47,1628.0,1669.59,3193965.0
2023-01-16,1668.7,1712.06,1664.28,1692.5,3684826.0
2023-01-17,1692.73,1701.44,1676.67,1688.17,2129923.0
2023-01-18,1693.48,1703.48,1672.24,1674.9,2106293.0
2023-01-19,1674.46,1674.47,1651.01,1663.58,2343889.0
2023-01-20,1671.53,1679.54,1643.93,1645.71,2560875.0
2023-01-30,1689.05,1689.05,1663.4,1670.47,3592255.0
2023-01-31,1677.99,1681.05,1621.87,1633.1,3299068.0
2023-02-01,1641.26,1644.81,1602.7,1632.4,3397389.0
2023-02-02,1635.42,1644.81,1615.62,1624.56,2975886.0
2023-02-03,1610.31,1615.62,1588.79,1608.54,3494490.0
2023-02-06,1574.92,1588.19,1557.22,1588.19,4266095.0
2023-02-07,1599.76,1600.4,1581.76,1589.96,2432171.0
2023-02-08,1592.62,1597.89,1570.49,1578.46,1667577.0
2023-02-09,1573.15,1618.93,1570.5,1608.54,2975366.0
2023-02-10,1601.55,1608.97,1593.54,1601.46,1798451.0
2023-02-13,1601.46,1658.53,1601.46,1642.47,3814670.0
2023-02-14,1642.57,1643.4,1623.58,1631.36,1956576.0
2023-02-15,1631.35,1641.54,1624.3,1628.89,1817691.0
2023-02-16,1629.19,1669.59,1617.39,1647.31,3324595.0
2023-02-17,1636.99,1657.2,1610.35,1611.0,2644283.0
2023-02-20,1611.19,1662.33,1607.83,1658.97,2966869.0
2023-02-21,1658.09,1658.09,1637.74,1651.89,1875052.0
2023-02-22,1641.28,1649.15,1620.75,1624.46,2186916.0
2023-02-23,1628.0,1635.79,1597.26,1608.54,2188097.0
2023-02-24,1601.56,1601.63,1576.85,1582.0,2463461.0
2023-02-27,1573.59,1605.88,1570.51,1601.82,2206489.0
2023-02-28,1609.42,1612.09,1577.84,1604.77,2395181.0
2023-03-01,1604.11,1635.08,1595.47,1626.7,2445810.0
2023-03-02,1618.27,1627.11,1611.28,1617.39,1314419.0
2023-03-03,1627.8,1629.43,1594.81,1608.57,1619806.0
2023-03-06,1608.7,1608.98,1589.75,1598.93,2064586.0
2023-03-07,1597.9,1607.3,1582.0,1582.26,2278539.0
2023-03-08,1574.93,1580.17,1558.21,1566.44,2276370.0
2023-03-09,1564.3,1579.34,1539.53,1566.09,2761150.0
2023-03-10,1549.76,1575.8,1548.37,1548.37,2116082.0
2023-03-13,1549.26,1570.49,1547.49,1558.99,2056043.0
2023-03-14,1560.57,1574.81,1538.2,1562.53,2370492.0
2023-03-15,1573.47,1579.23,1548.48,1549.19,1921253.0
2023-03-16,1539.53,1566.07,1538.65,1550.13,1764624.0
2023-03-17,1566.07,1571.28,1535.99,1541.3,2702291.0
2023-03-20,1549.26,1552.8,1528.91,1530.32,2049093.0
2023-03-21,1535.1,1580.09,1525.34,1570.49,3114182.0
2023-03-22,1574.92,1586.42,1562.13,1569.03,1533026.0
2023-03-23,1562.53,1584.75,1561.65,1570.37,1735566.0
2023-03-24,1565.26,1578.1,1562.53,1573.7,1276996.0
2023-03-27,1573.68,1573.68,1553.68,1564.11,1529555.0
2023-03-28,1566.07,1583.76,1561.66,1576.51,1726135.0
2023-03-29,1591.73,1592.61,1579.4,1583.76,1539299.0
2023-03-30,1586.42,1597.04,1574.03,1592.61,1925701.0
2023-03-31,1614.73,1635.08,1609.42,1610.31,2744633.0
2023-04-03,1614.73,1617.18,1592.68,1594.44,2141743.0
2023-04-04,1603.23,1606.03,1581.11,1605.52,2006626.0
2023-04-06,1597.04,1606.68,1582.19,1589.92,1487422.0
2023-04-07,1588.19,1597.93,1582.3,1584.64,1352468.0
2023-04-10,1584.54,1584.54,1543.06,1567.57,2941822.0
2023-04-11,1586.42,1586.42,1543.06,1544.39,2920919.0
2023-04-12,1545.95,1548.37,1497.78,1498.91,5110492.0
2023-04-13,1495.29,1525.01,1489.99,1524.48,2954268.0
2023-04-14,1527.14,1533.33,1508.38,1516.01,2123162.0
2023-04-17,1539.53,1551.03,1528.91,1551.03,3046723.0
2023-04-18,1551.03,1565.18,1544.85,1555.45,1831389.0
2023-04-19,1558.99,1562.09,1548.37,1556.34,1460056.0
2023-04-20,1557.32,1561.65,1529.79,1541.19,1988537.0
2023-04-21,1544.83,1546.67,1522.96,1526.67,1851787.0
2023-04-24,1522.71,1523.6,1505.02,1508.56,2023091.0
2023-04-25,1509.44,1535.97,1505.9,1531.01,2058251.0
2023-04-26,1543.06,1558.11,1521.83,1542.98,2789160.0
2023-04-27,1546.6,1566.07,1530.68,1555.38,2560504.0
2023-04-28,1559.88,1577.37,1551.89,1557.68,2622464.0
2023-05-04,1565.18,1572.86,1535.99,1548.28,2746642.0
2023-05-05,1562.53,1562.53,1536.33,1548.37,2071421.0
2023-05-08,1564.58,1565.18,1519.33,1522.29,3317126.0
2023-05-09,1517.41,1539.51,1510.39,1523.6,2937796.0
2023-05-10,1517.57,1535.99,1517.41,1526.25,2077260.0
2023-05-11,1531.56,1535.1,1517.41,1519.24,1524612.0
2023-05-12,1517.41,1530.57,1508.57,1509.8,1946045.0
2023-05-15,1505.9,1519.18,1496.35,1518.56,2574018.0
2023-05-16,1516.51,1521.82,1501.48,1507.05,2222377.0
2023-05-17,1511.21,1515.64,1503.26,1505.02,1677691.0
2023-05-18,1508.55,1508.91,1495.29,1496.17,1921928.0
2023-05-19,1478.48,1507.97,1464.81,1503.69,2674116.0
2023-05-22,1495.3,1550.14,1495.29,1544.83,4128432.0
2023-05-23,1551.9,1551.91,1525.86,1525.86,1689421.0
2023-05-24,1532.74,1533.82,1513.08,1513.78,1847927.0
2023-05-25,1509.43,1512.98,1495.29,1505.02,2246560.0
2023-05-26,1505.9,1508.56,1482.02,1495.78,1829110.0
2023-05-29,1501.48,1502.67,1484.67,1494.4,1777141.0
2023-05-30,1494.4,1503.15,1467.47,1476.08,2645340.0
2023-05-31,1469.64,1473.8,1439.25,1441.23,3695697.0
2023-06-01,1431.58,1482.01,1431.58,1447.44,2864525.0
2023-06-02,1455.47,1480.38,1447.61,1478.12,2505802.0
2023-06-05,1474.19,1488.99,1471.4,1473.17,1620050.0
2023-06-06,1477.59,1489.98,1461.27,1474.93,1991392.0
2023-06-07,1480.24,1485.38,1459.89,1460.69,1788964.0
2023-06-08,1465.05,1482.01,1459.9,1475.82,1470272.0
2023-06-09,1479.35,1484.64,1474.05,1474.05,1758041.0
2023-06-12,1474.07,1511.21,1470.09,1500.59,2702944.0
2023-06-13,1498.72,1508.21,1490.86,1503.25,1466254.0
2023-06-14,1520.95,1534.43,1509.63,1527.92,3150580.0
2023-06-15,1530.98,1553.37,1524.48,1552.8,2522257.0
2023-06-16,1554.57,1592.61,1548.46,1590.57,3791789.0
2023-06-19,1583.76,1590.8,1537.76,1543.06,3169992.0
2023-06-20,1539.53,1561.65,1535.1,1542.59,2094674.0
2023-06-21,1539.53,1554.21,1535.1,1535.84,1772061.0
2023-06-26,1521.93,1530.68,1499.71,1512.1,2399268.0
2023-06-27,1512.97,1521.56,1504.21,1513.91,1517446.0
2023-06-28,1515.8,1534.22,1513.87,1529.24,1857356.0
2023-06-29,1531.56,1535.09,1515.65,1516.26,1423116.0
2023-06-30,1527.23,1535.3,1515.08,1519.14,2045869.0
2023-07-03,1526.33,1549.94,1520.04,1548.88,1913909.0
2023-07-04,1548.97,1558.17,1543.47,1554.72,1247238.0
2023-07-05,1554.18,1555.95,1527.23,1541.04,1474539.0
2023-07-06,1535.45,1556.87,1527.23,1529.9,1514062.0
2023-07-07,1528.12,1535.3,1518.24,1518.27,1516742.0
2023-07-10,1531.72,1540.67,1527.23,1528.03,1347741.0
2023-07-11,1536.21,1540.85,1529.11,1536.21,1258270.0
2023-07-12,1538.94,1547.89,1537.4,1539.62,1328467.0
2023-07-13,1546.98,1568.02,1544.3,1561.72,2580654.0
2023-07-14,1577.53,1579.78,1564.24,1574.84,1855030.0
2023-07-17,1573.04,1573.04,1551.12,1554.15,1433648.0
2023-07-18,1557.39,1558.23,1546.09,1547.71,1473765.0
2023-07-19,1540.71,1552.38,1539.62,1547.89,1248322.0
2023-07-20,1552.37,1571.23,1546.99,1548.79,1669265.0
2023-07-21,1555.87,1592.36,1550.58,1591.28,3937740.0
2023-07-24,1572.61,1591.14,1572.61,1591.14,1971337.0
2023-07-25,1617.06,1643.01,1617.05,1642.71,4308646.0
2023-07-26,1642.71,1649.39,1630.61,1642.71,1961145.0
2023-07-27,1649.4,1666.28,1642.85,1651.23,2034043.0
2023-07-28,1645.81,1706.9,1642.23,1704.2,3901792.0
2023-07-31,1714.09,1738.34,1683.54,1689.45,4537861.0
2023-08-01,1687.14,1713.14,1687.04,1697.02,1923062.0
2023-08-02,1691.99,1697.92,1677.07,1688.93,1850872.0
2023-08-03,1679.95,1697.92,1662.43,1687.56,2154347.0
2023-08-04,1695.96,1712.76,1690.73,1701.03,2457364.0
2023-08-07,1689.79,1705.1,1680.87,1696.06,2389245.0
2023-08-08,1688.96,1701.25,1674.63,1697.92,1773618.0
2023-08-09,1697.92,1711.39,1691.59,1698.17,1852346.0
2023-08-10,1690.73,1697.02,1673.03,1684.44,1843619.0
2023-08-11,1693.42,1693.78,1647.5,1647.61,2678649.0
2023-08-14,1626.05,1639.5,1613.47,1619.76,2373119.0
2023-08-15,1625.15,1633.23,1617.97,1628.72,1481799.0
2023-08-16,1623.87,1638.04,1622.45,1635.03,1318431.0
2023-08-17,1622.52,1647.61,1618.45,1642.26,1729037.0
2023-08-18,1645.8,1648.5,1619.39,1619.39,1702334.0
2023-08-21,1610.77,1629.63,1608.14,1608.98,1891181.0
2023-08-22,1617.95,1619.36,1591.03,1606.28,2665036.0
2023-08-23,1614.37,1617.06,1590.18,1593.7,1991222.0
2023-08-24,1598.75,1642.22,1594.6,1631.71,2605509.0
2023-08-25,1624.96,1650.99,1622.46,1639.5,1883086.0
2023-08-28,1705.62,1705.62,1645.7,1648.48,4105213.0
2023-08-29,1642.22,1679.12,1642.22,1663.18,2895028.0
2023-08-30,1678.06,1678.15,1656.29,1667.37,1981181.0
2023-08-31,1670.96,1670.96,1653.9,1659.29,1482022.0
2023-09-01,1664.52,1675.88,1658.41,1662.92,1314519.0
2023-09-04,1673.3,1688.88,1665.15,1676.35,2387100.0
2023-09-05,1678.15,1678.15,1668.09,1669.8,1565874.0
2023-09-06,1669.17,1676.95,1661.09,1671.86,1112143.0
2023-09-07,1664.32,1668.17,1645.08,1651.2,1698157.0
2023-09-08,1648.45,1648.45,1630.49,1633.68,1221178.0
2023-09-11,1624.25,1653.0,1624.25,1636.98,1592600.0
2023-09-12,1640.96,1641.3,1631.45,1634.99,1216801.0
2023-09-13,1643.94,1643.94,1617.11,1634.95,1950143.0
2023-09-14,1637.3,1641.3,1622.45,1633.85,1750459.0
2023-09-15,1634.13,1634.83,1600.26,1600.88,2843146.0
2023-09-18,1595.78,1643.56,1592.81,1643.29,3255892.0
2023-09-19,1637.01,1643.11,1624.25,1641.26,1498950.0
2023-09-20,1636.83,1644.01,1633.28,1638.62,1250178.0
2023-09-21,1633.24,1636.83,1615.62,1615.62,1948919.0
2023-09-22,1622.12,1661.94,1610.24,1661.08,3439046.0
2023-09-25,1659.73,1660.18,1640.95,1646.15,1397913.0
2023-09-26,1642.22,1648.4,1628.83,1631.44,1576196.0
2023-09-27,1630.54,1647.16,1619.58,1629.64,2087994.0
2023-09-28,1639.5,1639.5,1615.09,1615.76,2053784.0
2023-10-09,1614.31,1614.31,1585.53,1596.4,2976268.0
2023-10-10,1601.69,1616.15,1588.31,1590.11,2028392.0
2023-10-11,1603.27,1603.27,1588.31,1597.75,2194486.0
2023-10-12,1615.18,1615.47,1596.58,1604.49,1486507.0
2023-10-13,1590.9,1597.31,1561.53,1573.04,2502788.0
2023-10-16,1573.02,1577.53,1547.39,1554.09,2078965.0
2023-10-17,1562.26,1562.66,1541.6,1550.58,1494523.0
2023-10-18,1544.11,1564.96,1542.66,1552.38,2031750.0
2023-10-19,1527.23,1527.25,1460.77,1464.34,7349237.0
2023-10-20,1464.34,1486.8,1451.99,1477.82,4537601.0
2023-10-23,1464.31,1491.29,1456.79,1476.9,2523423.0
2023-10-24,1480.51,1485.33,1456.44,1475.97,2986146.0
2023-10-25,1500.37,1525.43,1497.6,1507.01,3617898.0
2023-10-26,1497.58,1516.45,1493.1,1502.28,2238635.0
2023-10-27,1494.88,1519.93,1491.83,1506.3,3426239.0
2023-10-30,1499.38,1517.24,1499.38,1510.16,2408642.0
2023-10-31,1509.26,1518.24,1498.34,1513.37,1985877.0
2023-11-01,1661.98,1661.98,1593.52,1599.98,9314308.0
2023-11-02,1612.57,1612.57,1595.56,1598.65,2790764.0
2023-11-03,1599.09,1630.44,1593.7,1627.16,3017600.0
2023-11-06,1635.03,1638.43,1618.07,1627.84,2552392.0
2023-11-07,1621.55,1626.05,1602.76,1609.13,1958159.0
2023-11-08,1602.73,1620.48,1601.67,1615.57,1454567.0
2023-11-09,1608.18,1616.16,1601.79,1611.77,1280048.0
2023-11-10,1599.59,1606.28,1592.9,1595.36,1646557.0
2023-11-13,1592.16,1603.48,1578.41,1584.72,1836995.0
2023-11-14,1584.72,1594.59,1581.14,1585.86,1281675.0
2023-11-15,1598.2,1601.69,1587.42,1592.74,1843486.0
2023-11-16,1593.7,1595.5,1581.17,1581.17,1255757.0
2023-11-17,1573.94,1580.23,1561.27,1575.22,2171363.0
2023-11-20,1576.64,1589.66,1560.16,1583.37,1860804.0
2023-11-21,1602.17,1615.27,1590.2,1608.08,3009845.0
2023-11-22,1602.06,1611.99,1599.58,1600.45,1266457.0
2023-11-23,1597.57,1606.28,1591.01,1604.49,1154964.0
2023-11-24,1607.18,1607.18,1594.6,1596.4,1308540.0
2023-11-27,1593.08,1593.08,1576.64,1583.82,1626074.0
2023-11-28,1582.03,1593.6,1579.33,1589.25,1451976.0
2023-11-29,1588.31,1595.5,1579.33,1594.34,1714933.0
2023-11-30,1596.15,1612.35,1591.08,1609.43,2135342.0
2023-12-01,1607.46,1607.81,1570.35,1581.38,3305131.0
2023-12-04,1581.38,1582.77,1567.9,1572.78,1844047.0
2023-12-05,1571.05,1571.14,1534.43,1535.31,2990301.0
2023-12-06,1529.59,1544.72,1528.24,1529.92,2385129.0
2023-12-07,1530.82,1535.38,1515.82,1527.23,2504150.0
2023-12-08,1527.23,1535.17,1520.24,1531.65,2628801.0
2023-12-11,1518.24,1530.82,1488.6,1525.43,3683098.0
2023-12-12,1516.09,1536.2,1512.85,1536.2,2101066.0
2023-12-13,1531.91,1532.36,1488.67,1491.29,3878870.0
2023-12-14,1496.65,1500.16,1468.85,1469.64,4067215.0
2023-12-15,1480.72,1507.25,1476.93,1477.82,3709251.0
2023-12-18,1473.32,1494.28,1468.83,1493.09,1989734.0
2023-12-19,1495.78,1509.14,1477.9,1504.77,2220676.0
2023-12-20,1506.68,1508.5,1493.05,1499.22,2309203.0
2023-12-21,1490.33,1519.69,1490.33,1517.58,2901168.0
2023-12-22,1517.31,1525.85,1506.69,1518.18,2166684.0
2023-12-25,1518.49,1525.4,1515.77,1519.4,1247106.0
2023-12-26,1519.86,1522.04,1506.23,1517.58,1477126.0
2023-12-27,1515.77,1524.08,1509.41,1514.91,1605550.0
2023-12-28,1518.48,1570.28,1514.91,1567.56,3833806.0
2023-12-29,1563.02,1589.9,1563.02,1568.47,2753868.0
2024-01-02,1558.48,1561.38,1524.95,1531.22,3215644.0
2024-01-03,1527.68,1540.5,1523.34,1539.39,2022929.0
2024-01-04,1538.49,1538.49,1511.16,1516.68,2155107.0
2024-01-05,1509.71,1525.45,1501.33,1511.55,2024286.0
2024-01-08,1509.41,1510.32,1490.33,1493.95,2558620.0
2024-01-09,1491.24,1501.52,1485.84,1491.23,2441204.0
2024-01-10,1491.32,1508.01,1488.51,1491.69,1735067.0
2024-01-11,1490.41,1506.63,1488.56,1496.29,1644055.0
2024-01-12,1490.3,1500.56,1489.78,1493.1,1160324.0
2024-01-15,1485.78,1503.93,1485.28,1490.32,1785403.0
2024-01-16,1488.96,1496.68,1476.64,1489.8,2590314.0
2024-01-17,1481.24,1486.22,1433.07,1433.07,5163276.0
2024-01-18,1430.35,1465.61,1413.58,1463.85,6043981.0
2024-01-19,1462.03,1488.51,1454.77,1485.78,4637843.0
2024-01-22,1480.33,1493.05,1471.13,1492.14,4694589.0
2024-01-23,1483.06,1490.28,1462.15,1471.24,3483490.0
2024-01-24,1480.33,1484.73,1457.21,1477.6,3321635.0
2024-01-25,1478.35,1491.23,1473.97,1488.51,3120580.0
2024-01-26,1481.56,1494.05,1474.87,1487.89,2695475.0
2024-01-29,1490.6,1509.02,1490.59,1499.41,3142068.0
2024-01-30,1499.39,1499.39,1463.06,1465.79,3086633.0
2024-01-31,1465.79,1472.12,1452.27,1458.44,2964912.0
2024-02-01,1458.97,1475.68,1454.88,1463.09,2648515.0
2024-02-02,1467.6,1479.22,1436.71,1450.34,3938202.0
2024-02-05,1450.34,1488.0,1449.66,1481.24,5313036.0
2024-02-06,1481.24,1531.65,1477.69,1523.04,5247204.0
2024-02-07,1527.61,1558.11,1509.96,1554.83,5260107.0
2024-02-08,1563.03,1567.57,1531.22,1550.3,4675654.0
2024-02-19,1579.26,1579.32,1533.94,1540.69,3697744.0
2024-02-20,1542.45,1542.45,1505.37,1517.58,3447007.0
2024-02-21,1513.97,1573.02,1510.32,1560.9,4615407.0
2024-02-22,1551.66,1565.76,1545.33,1561.55,2279361.0
2024-02-23,1554.94,1567.0,1544.87,1557.65,2730589.0
2024-02-26,1552.12,1552.79,1531.23,1540.29,2731832.0
2024-02-27,1529.4,1538.41,1524.85,1535.31,2207985.0
2024-02-28,1534.78,1541.73,1521.23,1528.08,3186731.0
2024-02-29,1528.08,1541.67,1525.95,1540.3,2475833.0
2024-03-01,1535.76,1540.28,1523.66,1531.27,2686796.0
2024-03-04,1525.76,1527.57,1517.63,1523.31,2648477.0
2024-03-05,1518.32,1542.12,1514.57,1540.39,3623837.0
2024-03-06,1536.67,1540.3,1524.87,1527.17,2214248.0
2024-03-07,1526.67,1535.58,1524.85,1529.97,2159912.0
2024-03-08,1527.18,1532.74,1517.63,1518.88,2215623.0
2024-03-11,1522.13,1543.83,1520.47,1539.84,2989509.0
2024-03-12,1539.34,1589.47,1536.21,1585.74,5422654.0
2024-03-13,1581.17,1588.47,1563.11,1569.79,2649954.0
2024-03-14,1562.11,1576.51,1555.3,1559.96,1940479.0
2024-03-15,1556.21,1574.29,1555.75,1560.74,1783358.0
2024-03-18,1558.48,1562.89,1543.94,1552.35,2605501.0
2024-03-19,1547.57,1562.97,1538.59,1552.13,2394753.0
2024-03-20,1547.9,1557.28,1545.06,1553.57,1524925.0
2024-03-21,1552.21,1562.11,1548.94,1553.03,1659597.0
2024-03-22,1549.42,1553.02,1533.94,1546.07,2545614.0
2024-03-25,1543.52,1543.73,1527.2,1534.86,2447285.0
2024-03-26,1533.45,1556.48,1533.45,1553.29,2806907.0
2024-03-27,1549.39,1555.75,1543.94,1545.76,1811258.0
2024-03-28,1540.3,1561.2,1538.67,1546.34,2464218.0
2024-03-29,1546.34,1554.83,1543.12,1547.48,1345655.0
2024-04-01,1553.93,1575.74,1552.75,1564.23,2713137.0
2024-04-02,1564.84,1567.56,1549.44,1557.56,2544925.0
2024-04-03,1575.74,1580.69,1553.95,1558.58,2904580.0
2024-04-08,1540.3,1541.21,1510.86,1514.55,5916659.0
2024-04-09,1509.11,1520.31,1507.09,1510.51,2558982.0
2024-04-10,1510.56,1513.03,1494.87,1497.57,2763050.0
2024-04-11,1490.42,1499.41,1485.5,1497.59,2276624.0
2024-04-12,1500.32,1512.13,1484.9,1484.9,2674433.0
2024-04-15,1485.79,1522.68,1485.76,1520.29,3581771.0
2024-04-16,1513.49,1526.27,1507.59,1517.58,2626623.0
2024-04-17,1515.77,1522.31,1506.68,1514.86,2481911.0
2024-04-18,1507.6,1529.38,1506.84,1518.29,2656841.0
2024-04-19,1509.21,1516.22,1491.49,1496.36,2349992.0
2024-04-22,1503.05,1525.65,1494.87,1522.18,2995139.0
2024-04-23,1522.13,1540.3,1522.13,1537.83,2497995.0
2024-04-24,1542.1,1544.77,1529.7,1539.03,1708643.0
2024-04-25,1536.06,1540.85,1528.72,1538.52,1447648.0
2024-04-26,1539.39,1557.57,1539.38,1553.42,3099592.0
2024-04-29,1542.08,1570.29,1539.23,1548.48,4133223.0
2024-04-30,1549.4,1572.0,1549.39,1549.39,3075989.0
2024-05-06,1575.72,1603.91,1569.38,1599.55,5990949.0
2024-05-07,1604.63,1615.55,1596.35,1608.46,2492452.0
2024-05-08,1608.18,1608.43,1595.44,1602.98,1476909.0
2024-05-09,1597.55,1603.9,1590.28,1595.74,2238734.0
2024-05-10,1600.37,1606.53,1575.73,1580.27,2620661.0
2024-05-13,1573.94,1574.53,1545.96,1550.3,3766212.0
2024-05-14,1550.29,1556.91,1544.86,1546.65,2127417.0
2024-05-15,1547.19,1552.12,1543.57,1544.85,1573876.0
2024-05-16,1549.39,1553.83,1535.76,1548.94,2967954.0
2024-05-17,1544.86,1559.91,1544.85,1558.48,2892388.0
2024-05-20,1561.2,1574.83,1552.22,1553.03,3142572.0
2024-05-21,1552.12,1553.69,1543.17,1549.39,1629339.0
2024-05-22,1547.57,1553.9,1536.67,1542.77,2028568.0
2024-05-23,1544.85,1550.64,1535.83,1537.59,1888497.0
2024-05-24,1538.49,1540.3,1523.95,1524.02,2021663.0
2024-05-27,1524.85,1533.44,1515.78,1517.69,2509791.0
2024-05-28,1517.95,1522.28,1511.22,1512.71,2352087.0
2024-05-29,1513.95,1526.67,1513.04,1521.22,1965128.0
2024-05-30,1522.13,1522.47,1498.5,1498.5,3220792.0
2024-05-31,1499.86,1511.68,1498.0,1498.0,2185665.0
2024-06-03,1499.41,1500.25,1485.88,1489.77,3026105.0
2024-06-04,1490.78,1504.86,1487.19,1502.32,2084108.0
2024-06-05,1501.23,1507.3,1493.08,1493.96,1905557.0
2024-06-06,1493.65,1501.22,1486.61,1490.15,2561005.0
2024-06-07,1495.89,1495.94,1471.25,1471.4,3352455.0
2024-06-11,1456.69,1458.52,1423.99,1425.8,7024676.0
2024-06-12,1426.71,1444.89,1426.71,1428.24,3317050.0
2024-06-13,1432.86,1432.97,1411.4,1413.09,3618597.0
2024-06-14,1413.08,1421.22,1381.69,1413.08,5951416.0
2024-06-17,1392.44,1407.42,1373.11,1400.81,4831816.0
2024-06-18,1391.17,1412.66,1378.26,1382.64,4125825.0
2024-06-19,1389.47,1395.04,1374.73,1392.26,4126153.0
2024-06-20,1391.33,1406.18,1389.48,1391.43,2471068.0
2024-06-21,1391.8,1395.95,1363.71,1364.44,4331997.0
2024-06-24,1319.91,1381.12,1311.57,1369.58,6383993.0
2024-06-25,1370.0,1394.11,1370.0,1378.95,4209795.0
2024-06-26,1372.78,1392.33,1370.74,1381.34,2956977.0
2024-06-27,1383.91,1385.74,1361.65,1382.51,3282178.0
2024-06-28,1372.78,1386.22,1357.94,1361.09,3858202.0
2024-07-01,1362.47,1366.28,1324.55,1336.03,3216138.0
2024-07-02,1329.19,1389.48,1329.19,1382.71,5185298.0
2024-07-03,1390.41,1403.4,1380.22,1391.33,3157326.0
2024-07-04,1395.97,1402.47,1373.83,1378.11,2437973.0
2024-07-05,1371.86,1385.01,1344.96,1347.74,3882938.0
2024-07-08,1338.46,1352.16,1316.33,1317.13,3952705.0
2024-07-09,1317.13,1349.49,1307.95,1333.85,3362071.0
2024-07-10,1334.99,1359.69,1331.04,1333.45,2376322.0
2024-07-11,1344.93,1362.58,1335.88,1356.17,2902014.0
2024-07-12,1366.3,1378.72,1359.29,1371.69,2338634.0
2024-07-15,1363.51,1380.2,1363.51,1368.05,1917626.0
2024-07-16,1369.07,1374.64,1358.92,1369.07,2031644.0
2024-07-17,1369.17,1394.12,1363.53,1392.63,3431101.0
2024-07-18,1390.87,1405.25,1384.41,1389.03,2887039.0
2024-07-19,1382.81,1418.4,1376.5,1415.1,3894291.0
2024-07-22,1414.55,1419.14,1383.59,1390.41,2854321.0
2024-07-23,1390.41,1392.26,1349.59,1349.59,3094396.0
2024-07-24,1345.14,1357.66,1331.04,1335.7,2412255.0
2024-07-25,1335.7,1343.1,1317.14,1326.86,2834656.0
2024-07-26,1326.86,1333.57,1308.69,1319.16,3235379.0
2024-07-29,1312.49,1318.98,1296.72,1296.74,3086907.0
2024-07-30,1285.57,1289.55,1262.68,1280.02,5177904.0
2024-07-31,1273.63,1323.87,1273.63,1318.32,4327232.0
2024-08-01,1315.28,1317.13,1284.39,1285.74,3203810.0
2024-08-02,1274.09,1295.77,1274.09,1285.08,2192769.0
2024-08-05,1288.26,1322.7,1285.15,1307.86,3773607.0
2024-08-06,1318.99,1320.84,1293.02,1302.94,2744433.0
2024-08-07,1303.68,1318.98,1297.0,1312.96,2062221.0
2024-08-08,1308.78,1343.27,1306.93,1327.05,2513082.0
2024-08-09,1354.26,1362.58,1332.71,1332.71,3013849.0
2024-08-12,1326.41,1338.46,1323.23,1332.06,1363203.0
2024-08-13,1329.19,1331.04,1309.72,1319.92,1630843.0
2024-08-14,1319.92,1321.68,1309.73,1310.92,1341431.0
2024-08-15,1303.24,1331.96,1302.24,1323.52,2303897.0
2024-08-16,1323.43,1331.9,1314.36,1327.52,1645470.0
2024-08-19,1328.26,1353.19,1321.77,1322.18,2043279.0
2024-08-20,1326.31,1326.34,1311.56,1319.65,1859138.0
2024-08-21,1317.13,1324.53,1313.13,1314.89,1509165.0
2024-08-22,1313.42,1317.13,1298.59,1307.9,1952729.0
2024-08-23,1306.0,1320.38,1304.26,1312.48,1532046.0
2024-08-26,1314.35,1320.71,1301.5,1309.71,1562841.0
2024-08-27,1309.71,1310.64,1299.61,1302.35,1365740.0
2024-08-28,1302.35,1304.14,1275.39,1288.38,3166351.0
2024-08-29,1280.03,1315.28,1280.03,1310.92,2747161.0
2024-08-30,1310.64,1352.44,1303.22,1338.64,3873923.0
2024-09-02,1326.41,1333.83,1293.94,1293.94,3413459.0
2024-09-03,1296.72,1312.47,1292.1,1307.85,1788760.0
2024-09-04,1300.43,1316.38,1298.34,1298.58,1421109.0
2024-09-05,1299.04,1305.07,1295.8,1303.11,1450295.0
2024-09-06,1303.22,1304.14,1296.72,1296.72,1032104.0
2024-09-09,1280.04,1292.74,1270.83,1275.39,2863755.0
2024-09-10,1270.77,1292.09,1270.77,1278.17,1980284.0
2024-09-11,1275.95,1285.48,1266.11,1280.03,2099577.0
2024-09-12,1280.03,1284.67,1238.2,1238.34,4794831.0
2024-09-13,1234.58,1235.51,1203.32,1209.65,5600511.0
2024-09-18,1205.82,1205.83,1174.9,1175.12,4618531.0
2024-09-19,1170.58,1199.22,1155.58,1169.65,5998821.0
2024-09-20,1170.11,1181.61,1159.47,1172.36,3998184.0
2024-09-23,1176.14,1199.79,1169.33,1170.15,4554969.0
2024-09-24,1191.99,1273.54,1173.44,1273.16,10041281.0
2024-09-25,1298.63,1323.62,1295.53,1297.65,7395380.0
2024-09-26,1298.54,1419.04,1294.87,1418.23,9727806.0
2024-09-27,1484.09,1511.18,1451.96,1511.18,8792167.0
2024-09-30,1569.43,1632.39,1532.32,1621.37,15729341.0
2024-10-08,1771.63,1771.63,1558.46,1598.18,19470947.0
2024-10-09,1576.85,1576.85,1474.81,1479.59,12019684.0
2024-10-10,1504.74,1547.24,1475.74,1521.19,7460342.0
2024-10-11,1498.37,1521.16,1474.81,1488.72,4191471.0
2024-10-14,1496.15,1503.23,1466.62,1485.94,4481202.0
2024-10-15,1483.16,1485.01,1440.5,1441.65,4357143.0
2024-10-16,1429.25,1437.53,1400.61,1412.2,4666440.0
2024-10-17,1425.65,1426.27,1385.22,1386.33,3945955.0
2024-10-18,1384.84,1454.26,1371.82,1429.36,6861930.0
2024-10-21,1429.56,1437.68,1411.01,1418.05,4200790.0
2024-10-22,1415.97,1447.16,1413.78,1431.22,3626913.0
2024-10-23,1432.25,1462.71,1421.02,1453.94,4008846.0
2024-10-24,1447.92,1460.9,1433.08,1439.75,2392280.0
2024-10-25,1434.93,1460.71,1434.01,1445.92,2774508.0
2024-10-28,1446.99,1451.63,1411.95,1451.63,3912140.0
2024-10-29,1446.99,1465.54,1419.16,1420.66,4116578.0
2024-10-30,1414.52,1438.82,1413.05,1421.02,3200574.0
2024-10-31,1421.16,1428.44,1409.89,1417.11,2995735.0
2024-11-01,1410.81,1433.2,1410.63,1422.64,3228392.0
2024-11-04,1433.01,1437.71,1417.36,1436.04,2909292.0
2024-11-05,1428.44,1463.41,1424.74,1462.75,4564047.0
2024-11-06,1460.9,1473.88,1448.12,1457.19,3763143.0
2024-11-07,1449.27,1533.71,1449.12,1529.67,7473872.0
2024-11-08,1540.57,1546.34,1485.03,1493.34,6077120.0
2024-11-11,1474.81,1493.32,1453.66,1482.24,4385365.0
2024-11-12,1473.89,1505.42,1459.93,1462.94,4922266.0
2024-11-13,1454.41,1471.72,1448.18,1464.15,2912526.0
2024-11-14,1456.26,1478.94,1452.23,1459.79,2924814.0
2024-11-15,1455.34,1469.06,1440.5,1446.06,3376112.0
2024-11-18,1448.84,1461.82,1442.35,1446.06,2709219.0
2024-11-19,1451.63,1455.68,1414.52,1430.22,3326643.0
2024-11-20,1431.22,1441.39,1420.37,1432.9,2134455.0
2024-11-21,1432.03,1436.78,1421.02,1433.2,1826179.0
2024-11-22,1429.5,1435.64,1398.59,1398.59,3343611.0
2024-11-25,1401.54,1421.02,1388.25,1390.01,3318556.0
2024-11-26,1390.01,1408.85,1381.02,1399.68,2574479.0
2024-11-27,1399.68,1411.88,1395.97,1409.0,2593417.0
2024-11-28,1411.74,1414.51,1393.19,1408.03,2395203.0
2024-11-29,1407.1,1442.35,1403.59,1415.21,3608810.0
2024-12-02,1415.45,1419.15,1405.34,1414.52,2681954.0
2024-12-03,1413.6,1418.14,1406.25,1416.14,2480662.0
2024-12-04,1409.95,1413.28,1400.61,1409.89,2392389.0
2024-12-05,1401.41,1407.9,1400.61,1401.54,1614147.0
2024-12-06,1403.39,1427.42,1398.82,1410.82,3203969.0
2024-12-09,1411.76,1418.9,1403.58,1408.77,1979986.0
2024-12-10,1456.26,1465.29,1433.24,1434.55,6031210.0
2024-12-11,1428.44,1442.35,1420.07,1424.36,2967112.0
2024-12-12,1421.04,1452.55,1418.23,1452.37,4193652.0
2024-12-13,1437.72,1442.34,1408.85,1408.96,4951197.0
2024-12-16,1410.81,1418.23,1401.27,1416.56,3253710.0
2024-12-17,1415.44,1455.34,1410.82,1445.13,5417163.0
2024-12-18,1445.11,1462.76,1435.02,1457.66,4116226.0
2024-12-19,1451.76,1454.34,1438.02,1438.65,2480932.0
2024-12-20,1442.42,1452.47,1431.95,1433.82,2815774.0
2024-12-23,1434.76,1448.89,1429.11,1438.01,2160269.0
2024-12-24,1436.64,1454.54,1433.43,1449.66,2210492.0
2024-12-25,1449.65,1449.65,1437.68,1441.35,1712339.0
2024-12-26,1445.12,1449.63,1434.76,1439.27,1828651.0
2024-12-27,1440.32,1447.01,1431.46,1440.38,2075932.0
2024-12-30,1445.09,1454.51,1436.64,1436.64,2512982.0
2024-12-31,1437.02,1455.49,1433.83,1435.7,3935445.0
2025-01-02,1435.7,1436.16,1394.25,1401.79,5002870.0
2025-01-03,1407.91,1408.37,1382.01,1389.54,3262836.0
2025-01-06,1368.82,1377.92,1349.79,1356.57,4425512.0
2025-01-07,1360.96,1367.77,1355.63,1356.76,2422118.0
2025-01-08,1356.57,1367.7,1344.0,1358.92,3525821.0
2025-01-09,1365.04,1379.73,1349.96,1360.34,2970565.0
2025-01-10,1363.26,1367.83,1352.8,1352.8,2187195.0
2025-01-13,1342.44,1360.75,1339.62,1360.32,2108251.0
2025-01-14,1361.23,1393.01,1358.45,1387.19,3095657.0
2025-01-15,1382.01,1389.16,1375.42,1386.03,1839934.0
2025-01-16,1388.6,1396.76,1358.45,1362.58,2634213.0
2025-01-17,1362.59,1376.35,1362.58,1370.46,1830894.0
2025-01-20,1376.35,1403.47,1375.41,1389.35,3140975.0
2025-01-21,1395.19,1396.14,1380.12,1383.09,1685604.0
2025-01-22,1378.49,1382.9,1354.69,1357.51,2829384.0
2025-01-23,1365.96,1382.95,1354.69,1359.4,2712504.0
2025-01-24,1358.45,1363.91,1347.44,1352.8,3136034.0
2025-01-27,1353.74,1360.31,1344.34,1351.85,2935646.0
2025-02-05,1356.57,1359.4,1320.97,1322.47,4075652.0
2025-02-06,1318.9,1339.6,1318.9,1330.98,2735582.0
2025-02-07,1331.77,1359.09,1322.1,1352.8,3724207.0
2025-02-10,1354.69,1356.57,1344.41,1348.57,2083979.0
2025-02-11,1351.81,1352.76,1333.87,1335.84,2357283.0
2025-02-12,1335.84,1361.28,1334.79,1359.4,2547579.0
2025-02-13,1359.41,1389.78,1351.4,1380.18,4338536.0
2025-02-14,1380.18,1391.43,1373.73,1389.54,2709992.0
2025-02-17,1395.19,1408.36,1382.1,1386.36,3247059.0
2025-02-18,1384.83,1406.49,1377.37,1389.54,2779992.0
2025-02-19,1389.59,1407.86,1380.03,1404.61,3239331.0
2025-02-20,1397.08,1405.53,1388.02,1388.6,2374973.0
2025-02-21,1394.25,1410.01,1387.67,1401.99,3641783.0
2025-02-24,1401.79,1412.64,1388.6,1393.38,3474373.0
2025-02-25,1384.84,1388.02,1367.87,1369.76,2838743.0
2025-02-26,1371.12,1380.08,1361.28,1375.42,2636609.0
2025-02-27,1375.43,1403.58,1369.76,1399.49,4976217.0
2025-02-28,1399.43,1439.83,1396.14,1413.84,5612895.0
2025-03-03,1415.54,1432.87,1395.66,1400.87,3159566.0
2025-03-04,1398.96,1399.9,1380.32,1384.93,2521121.0
2025-03-05,1386.72,1388.6,1375.5,1381.41,2460522.0
2025-03-06,1388.6,1422.7,1386.79,1418.73,4216764.0
2025-03-07,1415.92,1439.81,1415.92,1432.88,3799135.0
2025-03-10,1431.76,1438.42,1418.88,1434.67,3136907.0
2025-03-11,1429.11,1458.95,1424.4,1458.95,3977560.0
2025-03-12,1457.33,1459.89,1437.92,1453.21,2960396.0
2025-03-13,1454.54,1465.38,1442.18,1448.67,2572439.0
2025-03-14,1457.99,1533.69,1451.72,1533.69,9291315.0
2025-03-17,1561.0,1561.93,1532.62,1542.97,5468913.0
2025-03-18,1549.73,1556.29,1527.74,1529.91,3161345.0
2025-03-19,1530.18,1552.52,1528.97,1540.94,2738955.0
2025-03-20,1540.94,1542.72,1502.65,1511.07,3673677.0
2025-03-21,1506.36,1518.79,1477.94,1482.57,3361430.0
2025-03-24,1479.04,1497.56,1471.86,1491.28,2556585.0
2025-03-25,1495.99,1500.52,1475.89,1484.22,1767438.0
2025-03-26,1481.65,1490.89,1479.98,1484.69,1432356.0
2025-03-27,1484.69,1505.65,1482.22,1496.94,1795563.0
2025-03-28,1498.75,1500.7,1484.69,1493.37,1622789.0
2025-03-31,1489.38,1495.01,1469.67,1470.56,2108494.0
2025-04-01,1473.39,1478.93,1462.28,1465.87,1855644.0
2025-04-02,1467.73,1476.96,1455.96,1459.27,2167401.0
2025-04-03,1441.35,1494.11,1440.42,1477.98,3548050.0
2025-04-07,1431.94,1447.81,1377.29,1413.09,10195267.0
2025-04-08,1425.34,1455.49,1408.38,1455.49,7387649.0
2025-04-09,1436.66,1466.6,1432.45,1451.76,5563004.0
2025-04-10,1461.13,1464.91,1439.47,1459.25,3862021.0
2025-04-11,1488.43,1488.43,1455.49,1478.08,3263423.0
2025-04-14,1470.53,1475.27,1461.64,1462.07,2171144.0
2025-04-15,1462.08,1474.33,1455.49,1467.73,2148928.0
2025-04-16,1462.08,1484.69,1447.95,1468.83,3115605.0
2025-04-17,1463.96,1485.16,1460.19,1479.04,2384605.0
2025-04-18,1475.27,1483.75,1465.85,1475.21,2029848.0
2025-04-21,1474.8,1474.8,1461.14,1461.14,1805703.0
2025-04-22,1460.2,1466.13,1453.8,1459.07,1843214.0
2025-04-23,1468.67,1468.88,1455.49,1462.08,1866876.0
2025-04-24,1462.08,1470.26,1459.24,1462.32,1487181.0
2025-04-25,1466.88,1470.75,1460.2,1460.2,1476490.0
2025-04-28,1462.08,1464.91,1456.99,1460.2,1465972.0
2025-04-29,1460.2,1462.59,1443.26,1454.54,1892180.0
2025-04-30,1460.19,1475.89,1456.71,1457.37,2575425.0
2025-05-06,1468.67,1468.67,1454.85,1460.38,1830026.0
2025-05-07,1479.04,1479.04,1460.38,1464.91,2746221.0
2025-05-08,1463.02,1500.5,1460.04,1486.75,3348106.0
2025-05-09,1487.51,1504.9,1483.79,1498.99,2367190.0
2025-05-12,1505.42,1525.13,1504.11,1511.54,2473533.0
2025-05-13,1515.7,1515.7,1493.27,1498.16,2125829.0
2025-05-14,1497.88,1549.69,1496.16,1540.26,3946012.0
2025-05-15,1540.08,1548.36,1530.03,1537.45,2473285.0
2025-05-16,1539.32,1542.15,1520.61,1520.61,2293522.0
2025-05-19,1503.53,1507.3,1482.69,1487.5,3806283.0
2025-05-20,1488.46,1502.4,1483.84,1494.11,1952153.0
2025-05-21,1493.17,1503.47,1489.37,1489.37,1979464.0
2025-05-22,1489.39,1493.16,1479.13,1488.46,1509024.0
2025-05-23,1483.94,1495.9,1480.6,1481.49,2153700.0
2025-05-26,1479.04,1483.4,1455.49,1460.67,2708653.0
2025-05-27,1461.14,1468.3,1454.08,1454.45,1775213.0
2025-05-28,1454.53,1456.86,1444.18,1447.95,1626568.0
2025-05-29,1450.78,1464.91,1443.24,1450.78,2185958.0
2025-05-30,1450.92,1455.49,1427.45,1433.82,3123918.0
2025-06-03,1420.64,1430.99,1417.82,1421.57,2897918.0
2025-06-04,1422.98,1434.76,1421.78,1422.48,2300809.0
2025-06-05,1426.28,1428.17,1415.17,1426.28,2321366.0
2025-06-06,1426.09,1430.96,1415.92,1419.11,2502307.0
2025-06-09,1417.82,1421.29,1399.6,1400.01,4495867.0
2025-06-10,1399.9,1405.56,1389.35,1389.55,3049220.0
2025-06-11,1391.24,1407.44,1390.58,1394.25,3089282.0
2025-06-12,1394.25,1397.9,1369.85,1374.47,4990361.0
2025-06-13,1360.72,1365.96,1342.49,1344.28,5911325.0
2025-06-16,1320.02,1342.48,1320.0,1339.89,4288787.0
2025-06-17,1337.73,1344.32,1330.36,1344.32,2723151.0
2025-06-18,1356.57,1359.81,1338.68,1342.44,3076099.0
2025-06-19,1343.38,1350.61,1335.07,1343.38,2450072.0
2025-06-20,1341.1,1357.64,1337.92,1345.89,3481581.0
2025-06-23,1337.73,1349.97,1323.77,1337.73,2672331.0
2025-06-24,1340.88,1367.57,1340.88,1353.93,3631151.0
2025-06-25,1355.73,1365.24,1338.21,1352.67,4105007.0
2025-06-26,1359.14,1371.63,1354.42,1363.95,3486025.0
2025-06-27,1363.96,1366.83,1347.7,1347.7,3824973.0
2025-06-30,1348.1,1357.44,1346.66,1353.88,3045730.0
2025-07-01,1353.38,1356.2,1347.91,1349.63,1987819.0
2025-07-02,1353.86,1358.95,1344.74,1353.96,2621825.0
2025-07-03,1356.26,1366.53,1352.42,1359.72,2441267.0
2025-07-04,1359.82,1375.37,1354.35,1366.08,2876691.0
2025-07-07,1366.14,1367.31,1354.35,1355.01,2385467.0
2025-07-08,1355.02,1363.95,1355.01,1360.21,1867370.0
2025-07-09,1359.14,1373.52,1358.35,1362.87,2774532.0
2025-07-10,1362.96,1379.49,1354.72,1370.19,3872503.0
2025-07-11,1366.98,1400.45,1366.98,1370.67,5724335.0
2025-07-14,1373.55,1378.33,1365.48,1367.4,2778094.0
2025-07-15,1364.89,1366.76,1352.73,1355.3,3540578.0
2025-07-16,1354.35,1361.53,1354.29,1355.33,2128605.0
2025-07-17,1358.16,1366.84,1357.11,1360.44,2310554.0
2025-07-18,1363.95,1381.05,1360.47,1380.27,4182341.0
2025-07-21,1380.27,1389.69,1378.35,1386.04,2620331.0
2025-07-22,1387.0,1408.71,1383.81,1407.15,4211898.0
2025-07-23,1411.01,1435.99,1410.96,1417.25,4504484.0
2025-07-24,1417.74,1439.83,1416.77,1432.62,3880364.0
2025-07-25,1432.53,1432.53,1395.64,1397.56,4191126.0
2025-07-28,1395.64,1397.55,1379.6,1381.87,3858632.0
2025-07-29,1382.77,1391.6,1378.36,1382.2,2630408.0
2025-07-30,1387.0,1399.64,1380.27,1392.22,3186771.0
2025-07-31,1386.04,1387.83,1362.02,1365.55,5179751.0
2025-08-01,1365.74,1369.67,1358.18,1361.06,2963559.0
2025-08-04,1359.14,1363.75,1358.18,1362.99,1868795.0
2025-08-05,1364.91,1373.49,1361.17,1371.38,2534227.0
2025-08-06,1372.59,1372.59,1363.27,1367.67,2369928.0
2025-08-07,1367.67,1371.34,1364.0,1366.2,2800134.0
2025-08-08,1366.88,1370.19,1362.02,1364.88,1865528.0
2025-08-11,1367.31,1394.67,1366.83,1387.96,4715907.0
2025-08-12,1391.8,1407.24,1379.31,1380.31,4201923.0
2025-08-13,1368.75,1377.09,1363.95,1363.99,6552754.0
2025-08-14,1364.85,1390.37,1364.85,1370.66,4812930.0
2025-08-15,1369.72,1372.26,1364.16,1365.94,4758165.0
2025-08-18,1370.66,1379.93,1366.92,1372.11,4737798.0
2025-08-19,1376.91,1389.55,1375.47,1381.24,4637186.0
2025-08-20,1381.24,1395.45,1373.57,1392.76,4580466.0
2025-08-21,1396.08,1397.55,1386.66,1391.08,3089057.0
2025-08-22,1391.69,1406.21,1387.74,1406.16,4497058.0
2025-08-25,1411.98,1436.95,1408.13,1431.5,6532455.0
2025-08-26,1431.49,1435.25,1421.59,1423.12,3960213.0
2025-08-27,1423.38,1426.31,1390.84,1390.84,5600609.0
2025-08-28,1390.81,1398.62,1381.97,1389.02,3928177.0
2025-08-29,1395.64,1424.06,1394.68,1421.58,6225648.0
2025-09-01,1423.69,1429.26,1407.84,1417.83,4512338.0
2025-09-02,1420.29,1449.43,1419.66,1432.43,5668837.0
2025-09-03,1432.14,1444.15,1408.13,1422.11,4504503.0
2025-09-04,1413.89,1420.9,1402.82,1414.53,4774676.0
2025-09-05,1412.93,1428.27,1406.21,1424.46,3738848.0
2025-09-08,1424.46,1446.97,1419.18,1441.97,5138298.0
2025-09-09,1445.59,1450.35,1434.47,1445.59,3574277.0
2025-09-10,1447.18,1469.56,1436.95,1461.93,4966331.0
2025-09-11,1461.93,1465.78,1448.95,1463.36,3723896.0
2025-09-12,1465.76,1477.31,1450.9,1456.16,3372209.0
2025-09-15,1456.03,1457.58,1442.23,1455.29,2582703.0
2025-09-16,1455.29,1460.95,1437.15,1440.77,3271789.0
2025-09-17,1440.78,1450.66,1431.19,1434.06,3033054.0
2025-09-18,1433.1,1438.67,1405.73,1410.01,4972125.0
2025-09-19,1410.04,1417.25,1399.49,1410.02,3263662.0
2025-09-22,1407.26,1410.02,1392.77,1395.98,3494708.0
2025-09-23,1393.24,1399.97,1383.16,1390.28,3866300.0
2025-09-24,1377.46,1399.27,1377.46,1385.08,3074350.0
2025-09-25,1385.87,1388.16,1379.31,1382.2,3386973.0
2025-09-26,1384.29,1389.99,1371.64,1378.35,4512071.0
2025-09-29,1382.56,1411.96,1378.35,1403.19,5368403.0
2025-09-30,1402.37,1403.1,1383.16,1386.99,3936362.0
2025-10-09,1379.31,1382.56,1363.95,1380.06,5491812.0
2025-10-10,1380.85,1383.1,1371.15,1373.55,3600144.0
2025-10-13,1359.82,1366.68,1359.26,1363.18,4606880.0
2025-10-14,1373.54,1406.21,1373.54,1393.74,6667233.0
2025-10-15,1393.7,1405.25,1388.04,1404.29,4278540.0
2025-10-16,1404.21,1426.33,1401.29,1426.29,4573015.0
2025-10-17,1424.55,1429.26,1396.63,1397.56,3808589.0
2025-10-20,1397.56,1411.49,1397.45,1400.38,2594988.0
2025-10-21,1401.41,1411.91,1398.04,1404.54,2544267.0
2025-10-22,1404.36,1407.87,1398.52,1401.12,1819492.0
2025-10-23,1397.56,1410.82,1390.07,1410.03,2932235.0
2025-10-24,1410.0,1420.5,1392.13,1392.76,3822583.0
2025-10-27,1383.16,1395.15,1379.3,1383.55,3710239.0
2025-10-28,1385.08,1393.91,1384.21,1387.96,2712433.0
2025-10-29,1383.18,1389.45,1373.59,1375.38,3393711.0
2025-10-30,1365.68,1379.92,1365.68,1370.42,4745610.0
2025-10-31,1365.87,1379.3,1364.05,1373.56,3569377.0
2025-11-03,1374.51,1390.84,1364.04,1378.35,3454766.0
2025-11-04,1378.45,1379.1,1367.58,1372.59,2656572.0
2025-11-05,1369.6,1374.5,1363.96,1364.02,3447527.0
2025-11-06,1373.55,1384.55,1373.54,1378.48,3834782.0
2025-11-07,1378.46,1382.95,1374.62,1376.75,1886139.0
2025-11-10,1378.35,1405.91,1378.33,1404.58,4945154.0
2025-11-11,1404.29,1404.46,1389.88,1401.4,2669156.0
2025-11-12,1402.35,1420.0,1401.61,1407.31,3299210.0
2025-11-13,1404.4,1415.41,1400.45,1412.34,3117923.0
2025-11-14,1411.97,1420.57,1398.81,1399.1,2747306.0
2025-11-17,1396.6,1414.85,1388.72,1412.93,3446221.0
2025-11-18,1412.64,1427.41,1411.01,1417.74,3420478.0
2025-11-19,1415.81,1421.13,1411.93,1412.94,2204537.0
2025-11-20,1413.89,1421.48,1407.2,1409.2,2400232.0
2025-11-21,1412.45,1421.58,1398.52,1408.71,4260720.0
2025-11-24,1409.09,1412.93,1393.85,1394.68,3360744.0
2025-11-25,1400.45,1400.45,1387.48,1387.62,2844069.0
2025-11-26,1391.69,1396.11,1386.6,1391.95,2030616.0
2025-11-27,1392.28,1392.76,1382.23,1390.17,2228689.0
2025-11-28,1389.4,1398.04,1386.04,1393.24,2321121.0
2025-12-01,1393.72,1404.55,1385.08,1390.84,2733342.0
2025-12-02,1390.84,1394.61,1378.37,1379.34,2504726.0
2025-12-03,1379.13,1379.29,1371.63,1372.69,2357279.0
2025-12-04,1372.69,1375.95,1362.39,1367.77,2907539.0
2025-12-05,1367.77,1376.52,1363.47,1373.56,2540166.0
2025-12-08,1372.78,1379.96,1362.02,1362.24,3360280.0
2025-12-09,1362.25,1364.91,1344.78,1345.71,4263443.0
2025-12-10,1344.74,1347.42,1328.58,1347.42,3313347.0
2025-12-11,1351.13,1356.25,1346.22,1356.25,2238501.0
2025-12-12,1362.02,1368.75,1357.77,1364.57,3715919.0
2025-12-15,1382.76,1383.15,1369.3,1369.71,3335879.0
2025-12-16,1369.9,1372.38,1359.14,1365.87,2396367.0
2025-12-17,1368.75,1383.1,1361.72,1376.53,3138249.0
2025-12-18,1376.91,1382.08,1369.81,1374.51,1782995.0
2025-12-19,1377.4,1379.79,1368.62,1377.4,2650868.0
2025-12-22,1377.4,1381.44,1374.06,1375.7,2042565.0
2025-12-23,1375.7,1380.26,1364.89,1375.31,2450681.0
2025-12-24,1372.51,1373.84,1367.63,1368.51,2518669.0
2025-12-25,1372.52,1386.66,1368.98,1381.47,2338621.0
2025-12-26,1381.47,1386.33,1377.4,1381.43,1780299.0
2025-12-29,1381.43,1381.43,1368.61,1369.59,2630810.0
2025-12-30,1368.61,1369.49,1353.96,1357.59,3379194.0
2025-12-31,1357.86,1361.77,1345.33,1345.34,3476563.0
2026-01-05,1352.98,1398.77,1352.98,1393.03,7094942.0
2026-01-06,1399.43,1403.75,1383.78,1394.99,3958618.0
2026-01-07,1399.75,1401.82,1387.36,1390.45,2968380.0
2026-01-08,1390.42,1390.45,1375.58,1379.65,2913454.0
2026-01-09,1384.24,1395.57,1383.27,1386.29,2984774.0
2026-01-12,1386.29,1397.91,1384.34,1390.32,3608266.0
2026-01-13,1393.8,1396.47,1376.41,1378.38,3916866.0
2026-01-14,1378.38,1389.37,1363.9,1365.69,5175797.0
2026-01-15,1363.74,1370.4,1356.48,1356.78,4090714.0
2026-01-16,1362.75,1365.19,1348.09,1350.05,5512068.0
2026-01-19,1349.95,1355.41,1343.21,1344.19,4228640.0
2026-01-20,1347.61,1349.64,1340.33,1341.79,3648443.0
2026-01-21,1341.8,1342.62,1318.79,1319.82,6451625.0
2026-01-22,1320.75,1330.28,1306.56,1309.08,5901089.0
2026-01-23,1309.12,1316.83,1301.66,1306.09,6194890.0
2026-01-26,1309.52,1323.67,1294.48,1310.97,8016606.0
2026-01-27,1313.88,1322.4,1307.06,1311.96,4841596.0
2026-01-28,1311.99,1315.57,1291.44,1293.09,7621801.0
2026-01-29,1304.13,1411.59,1298.33,1404.48,18953440.0
2026-01-30,1401.82,1401.82,1368.61,1368.61,9447974.0
2026-02-02,1392.05,1424.86,1378.98,1394.01,8572427.0
2026-02-03,1411.59,1442.67,1409.67,1440.82,8632066.0
2026-02-04,1450.67,1497.82,1439.92,1489.74,10912293.0
2026-02-05,1484.86,1528.82,1479.97,1519.05,9162274.0
2026-02-06,1519.05,1531.75,1471.06,1479.98,7896538.0
2026-02-09,1482.9,1507.21,1478.5,1489.7,5116846.0
2026-02-10,1489.71,1489.71,1461.9,1470.01,3957596.0
2026-02-11,1470.01,1479.0,1461.41,1469.55,3092846.0
2026-02-12,1465.51,1468.07,1439.3,1452.23,4624582.0
2026-02-13,1452.23,1472.94,1436.58,1450.96,4167901.0
2026-02-24,1485.83,1489.16,1429.76,1432.89,4191253.0
2026-02-25,1436.01,1474.76,1433.94,1457.17,3688067.0
2026-02-26,1452.23,1455.05,1430.81,1432.31,3295801.0
2026-02-27,1433.07,1442.08,1421.38,1421.38,3216016.0
2026-03-02,1416.48,1423.31,1403.44,1406.81,3545386.0
2026-03-03,1406.8,1419.28,1389.25,1393.22,4589086.0
2026-03-04,1382.28,1390.1,1359.9,1368.78,4801443.0
2026-03-05,1373.49,1380.29,1362.75,1366.69,3050524.0
2026-03-06,1362.75,1374.96,1355.91,1369.59,2915415.0
2026-03-09,1357.86,1372.42,1351.22,1364.7,3744162.0
2026-03-10,1372.42,1376.9,1365.68,1369.47,2462592.0
2026-03-11,1370.55,1373.48,1365.7,1367.63,2445673.0
2026-03-12,1362.75,1371.49,1358.85,1359.82,2758646.0
2026-03-13,1360.29,1384.84,1359.82,1380.96,3360783.0
2026-03-16,1387.17,1432.11,1387.17,1426.42,6008635.0
2026-03-17,1434.06,1463.43,1427.41,1450.67,4945361.0
2026-03-18,1454.57,1461.9,1429.32,1434.84,3555100.0
2026-03-19,1438.9,1438.94,1412.57,1419.28,3031859.0
2026-03-20,1419.37,1428.69,1405.73,1411.59,2613234.0
2026-03-23,1400.19,1401.82,1367.66,1375.51,4725589.0
2026-03-24,1383.26,1384.81,1367.81,1374.79,2856179.0
2026-03-25,1377.51,1385.09,1368.62,1377.66,2609346.0
2026-03-26,1376.42,1381.21,1367.92,1368.78,2309289.0
2026-03-27,1367.63,1393.03,1364.37,1383.28,3008711.0
2026-03-30,1374.47,1397.91,1370.09,1387.17,2868459.0
2026-03-31,1434.06,1445.71,1414.92,1416.48,6169066.0
2026-04-01,1430.63,1436.0,1419.29,1425.7,2912514.0
2026-04-02,1425.7,1431.01,1418.53,1426.13,2106437.0
2026-04-03,1425.79,1435.97,1421.36,1426.24,2019373.0
2026-04-07,1426.29,1436.01,1401.87,1406.73,2415218.0
2026-04-08,1426.24,1435.11,1418.56,1431.15,3383610.0
2026-04-09,1431.15,1431.15,1414.03,1426.72,2070476.0
2026-04-10,1425.4,1425.96,1407.78,1420.34,2886556.0
2026-04-13,1410.61,1413.06,1399.87,1409.94,2521364.0
2026-04-14,1409.25,1415.11,1401.82,1413.45,2423261.0
2026-04-15,1411.57,1436.78,1408.66,1433.57,3455348.0
2026-04-16,1433.52,1443.25,1426.24,1429.02,2451284.0
2026-04-17,1367.63,1388.15,1367.5,1374.7,9682499.0
2026-04-20,1370.56,1381.25,1367.63,1378.27,3645139.0
2026-04-21,1378.38,1387.07,1377.4,1379.36,2175427.0
2026-04-22,1382.28,1386.19,1372.5,1376.91,2691593.0
2026-04-23,1375.45,1386.88,1372.61,1386.19,3770109.0
2026-04-24,1380.43,1425.15,1380.43,1424.77,5545531.0
2026-04-27,1387.17,1387.17,1369.78,1370.76,7279774.0
2026-04-28,1369.59,1376.8,1367.74,1372.52,3400442.0
2026-04-29,1372.52,1377.16,1367.9,1368.77,3481313.0
2026-04-30,1367.63,1368.77,1348.09,1352.77,5275267.0
2026-05-06,1333.54,1347.12,1328.61,1343.21,4780604.0
2026-05-07,1343.21,1355.91,1338.33,1339.35,4046147.0
2026-05-08,1339.95,1350.8,1338.33,1341.25,3336853.0
2026-05-11,1341.15,1341.15,1329.53,1329.86,5713510.0
2026-05-12,1330.51,1332.05,1319.28,1323.23,5083743.0
2026-05-13,1323.18,1327.19,1307.06,1313.01,5696787.0
2026-05-14,1307.06,1337.41,1304.31,1311.14,5524434.0
2026-05-15,1304.28,1308.32,1296.43,1302.13,5818365.0
2026-05-18,1305.11,1311.64,1289.1,1292.41,4966097.0
2026-05-19,1291.34,1299.24,1287.53,1293.68,4325464.0
2026-05-20,1290.46,1302.17,1283.62,1284.6,4748733.0
2026-05-21,1282.62,1292.92,1280.69,1280.69,3886838.0
2026-05-22,1280.64,1281.58,1260.29,1260.37,4915714.0
2026-05-25,1257.24,1274.62,1247.48,1256.15,4635276.0
2026-05-26,1255.63,1260.07,1240.65,1243.94,4593162.0
2026-05-27,1238.7,1288.5,1221.2,1272.87,8272791.0
2026-05-28,1260.17,1273.85,1241.61,1246.48,4588998.0
2026-05-29,1241.22,1298.27,1240.64,1295.34,7647805.0
2026-06-01,1296.32,1296.32,1271.22,1279.32,4384460.0
2026-06-02,1275.8,1295.69,1270.92,1277.0,3636185.0
2026-06-03,1273.85,1273.85,1246.5,1252.27,5247652.0
2026-06-04,1249.42,1259.19,1237.4,1238.68,3350617.0
2026-06-05,1248.45,1253.34,1238.43,1243.43,3130397.0
2026-06-08,1242.59,1248.45,1230.87,1233.78,3082836.0
2026-06-09,1233.79,1233.8,1223.59,1226.96,2786012.0
2026-06-10,1223.13,1252.36,1221.3,1246.38,3924414.0
2026-06-11,1242.71,1253.22,1237.62,1249.43,2535198.0
2026-06-12,1241.79,1265.06,1235.76,1262.04,5049478.0
2026-06-15,1262.81,1262.81,1240.73,1241.71,4158556.0
2026-06-16,1237.72,1238.57,1225.98,1226.64,3496974.0
2026-06-17,1228.91,1230.64,1209.92,1211.33,4480330.0
2026-06-18,1206.45,1210.23,1183.22,1186.91,5747173.0
2026-06-22,1186.23,1223.83,1177.14,1212.71,5825131.0
2026-06-23,1210.35,1234.78,1188.86,1194.19,5800405.0
2026-06-24,1194.38,1213.16,1179.59,1179.76,4533528.0
2026-06-25,1179.09,1198.63,1172.26,1184.08,4844649.0
2026-06-26,1199.0,1199.0,1168.1,1168.63,5006647.0
2026-06-29,1169.0,1215.0,1151.01,1194.96,6687812.0
2026-06-30,1187.0,1195.67,1176.0,1185.49,3960779.0
2026-07-01,1180.1,1196.8,1166.33,1193.01,4247381.0
2026-07-02,1193.01,1215.52,1190.51,1203.0,5087015.0
2026-07-03,1205.24,1210.14,1185.0,1194.45,3426755.0
2026-07-06,1186.0,1215.0,1180.0,1206.91,4097001.0
2026-07-07,1200.0,1202.0,1188.11,1188.8,2736500.0
2026-07-08,1188.77,1200.98,1177.0,1199.3,2577602.0
2026-07-09,1191.0,1191.99,1178.0,1182.19,3409634.0
2026-07-10,1182.2,1204.98,1170.28,1204.98,5221255.0
2026-07-13,1197.12,1215.0,1190.19,1210.99,4198257.0
2026-07-14,1208.99,1226.87,1205.0,1214.88,4352726.0
2026-07-15,1203.66,1256.6,1198.66,1251.06,7194371.0
2026-07-16,1252.0,1267.97,1245.05,1258.99,4761114.0
2026-07-17,1269.01,1269.33,1238.98,1253.0,5841730.0
2026-07-20,1270.0,1329.0,1266.0,1327.5,10615115.0
2026-07-21,1338.98,1344.7,1296.87,1308.0,7714770.0
2026-07-22,1300.0,1308.0,1283.24,1305.0,6518140.0
2026-07-23,1299.8,1303.0,1285.43,1292.01,3391769.0
2026-07-24,1305.0,1309.21,1286.2,1297.41,3569892.0
