date,open,high,low,close,volume
2011-03-25,2.932,2.974,2.931,2.965,35462392
2011-03-28,2.962,2.991,2.96,2.965,15422599
2011-03-29,2.96,2.98,2.935,2.936,1501941
2011-03-30,2.931,2.971,2.92,2.94,903044
2011-03-31,2.931,2.95,2.904,2.918,1171951
2011-04-01,2.92,2.955,2.916,2.955,582545
2011-04-06,2.955,2.993,2.955,2.987,2971917
2011-04-07,2.987,2.996,2.976,2.987,1060120
2011-04-08,2.988,3.016,2.988,3.016,2542584
2011-04-11,3.015,3.042,3.0,3.005,3763151
2011-04-12,3.0,3.022,2.991,3.004,1575395
2011-04-13,2.992,3.038,2.985,3.035,1254527
2011-04-14,3.035,3.048,3.026,3.029,1297114
2011-04-15,3.023,3.048,3.005,3.035,4136579
2011-04-18,3.004,3.044,3.004,3.04,830244
2011-04-19,3.023,3.023,2.981,2.983,384784
2011-04-20,2.989,3.006,2.971,3.0,739120
2011-04-21,2.978,3.028,2.978,3.012,297208
2011-04-22,2.998,3.01,2.982,3.001,358312
2011-04-25,2.981,2.981,2.953,2.963,492466
2011-04-26,2.942,2.959,2.932,2.934,373691
2011-04-27,2.944,2.954,2.901,2.928,438009
2011-04-28,2.908,2.957,2.881,2.891,1646241
2011-04-29,2.893,2.905,2.873,2.905,208674
2011-05-03,2.886,2.929,2.882,2.929,296988
2011-05-04,2.872,2.913,2.854,2.855,267555
2011-05-05,2.83,2.863,2.83,2.863,145046
2011-05-06,2.851,2.858,2.834,2.855,130100
2011-05-09,2.857,2.87,2.848,2.859,58522
2011-05-10,2.859,2.872,2.851,2.867,60527
2011-05-11,2.868,2.885,2.846,2.868,158718
2011-05-12,2.843,2.868,2.837,2.84,229658
2011-05-13,2.858,2.86,2.802,2.86,656934
2011-05-16,2.859,2.865,2.833,2.845,103400
2011-05-17,2.818,2.861,2.807,2.845,551500
2011-05-18,2.846,2.866,2.836,2.865,105458
2011-05-19,2.863,2.868,2.853,2.853,48400
2011-05-20,2.853,2.855,2.832,2.855,12818
2011-05-23,2.834,2.834,2.735,2.773,1653645
2011-05-24,2.772,2.772,2.735,2.771,108400
2011-05-25,2.75,2.765,2.737,2.741,81423
2011-05-26,2.741,2.757,2.737,2.739,530768
2011-05-27,2.735,2.735,2.713,2.714,593358
2011-05-30,2.655,2.83,2.655,2.707,563433
2011-05-31,2.703,2.741,2.699,2.74,636157
2011-06-01,2.738,2.75,2.738,2.74,486183
2011-06-02,2.72,2.72,2.683,2.705,1030399
2011-06-03,2.702,2.736,2.702,2.72,665854
2011-06-07,2.732,2.742,2.72,2.74,566438
2011-06-08,2.83,2.83,2.72,2.752,177735
2011-06-09,2.745,2.745,2.709,2.709,130410
2011-06-10,2.715,2.715,2.672,2.713,539224
2011-06-13,2.68,2.702,2.673,2.682,14364
2011-06-14,2.699,2.737,2.699,2.734,349131
2011-06-15,2.81,2.81,2.706,2.718,451975
2011-06-16,2.696,2.699,2.673,2.673,268500
2011-06-17,2.673,2.684,2.651,2.651,306800
2011-06-20,2.7,2.7,2.618,2.635,88142
2011-06-21,2.71,2.71,2.635,2.657,133000
2011-06-22,2.675,2.675,2.645,2.661,487600
2011-06-23,2.66,2.704,2.634,2.702,582800
2011-06-24,2.703,2.773,2.69,2.758,159394
2011-06-27,2.77,2.775,2.752,2.761,126607
2011-06-28,2.769,2.769,2.75,2.768,77100
2011-06-29,2.768,2.768,2.73,2.74,135500
2011-06-30,2.731,2.78,2.731,2.767,112945
2011-07-01,2.77,2.787,2.75,2.773,455259
2011-07-04,2.78,2.827,2.776,2.825,5305747
2011-07-05,2.825,2.829,2.81,2.823,183034
2011-07-06,2.805,2.827,2.788,2.826,328456
2011-07-07,2.83,2.847,2.816,2.826,184611
2011-07-08,2.83,2.83,2.8,2.814,89458
2011-07-11,2.785,2.818,2.785,2.814,32422
2011-07-12,2.786,2.796,2.768,2.768,216819
2011-07-13,2.765,2.813,2.765,2.812,68064
2011-07-14,2.816,2.834,2.8,2.833,34810
2011-07-15,2.82,2.843,2.82,2.83,51400
2011-07-18,2.83,2.849,2.83,2.84,338003
2011-07-19,2.808,2.822,2.807,2.808,63218
2011-07-20,2.812,2.819,2.797,2.808,66700
2011-07-21,2.808,2.81,2.751,2.789,226008
2011-07-22,2.75,2.802,2.75,2.792,185051
2011-07-25,2.77,2.77,2.7,2.703,99600
2011-07-26,2.712,2.717,2.7,2.712,219765
2011-07-27,2.71,2.742,2.71,2.742,32667
2011-07-28,2.6,2.735,2.6,2.735,57769
2011-07-29,2.7,2.749,2.7,2.715,453615
2011-08-01,2.724,2.735,2.69,2.71,117200
2011-08-02,2.71,2.71,2.67,2.702,145200
2011-08-03,2.68,2.707,2.68,2.688,90200
2011-08-04,2.7,2.712,2.7,2.7,164400
2011-08-05,2.662,2.67,2.618,2.651,726791
2011-08-08,2.606,2.632,2.527,2.545,621000
2011-08-09,2.541,2.557,2.45,2.541,1132000
2011-08-10,2.552,2.597,2.552,2.56,94922
2011-08-11,2.48,2.605,2.48,2.59,1064300
2011-08-12,2.611,2.63,2.6,2.6,32800
2011-08-15,2.61,2.646,2.6,2.645,38000
2011-08-16,2.649,2.65,2.63,2.633,218500
2011-08-17,2.61,2.643,2.605,2.606,216500
2011-08-18,2.617,2.617,2.578,2.578,237400
2011-08-19,2.526,2.559,2.526,2.559,113984
2011-08-22,2.6,2.6,2.53,2.53,496000
2011-08-23,2.531,2.562,2.531,2.562,9753
2011-08-24,2.57,2.593,2.54,2.561,16900
2011-08-25,2.565,2.635,2.564,2.625,551568
2011-08-26,2.6,2.633,2.6,2.62,116948
2011-08-29,2.633,2.633,2.582,2.582,51100
2011-08-30,2.582,2.638,2.582,2.583,438892
2011-08-31,2.592,2.592,2.562,2.58,507400
2011-09-01,2.58,2.587,2.571,2.571,12700
2011-09-02,2.555,2.557,2.525,2.552,122112
2011-09-05,2.52,2.523,2.492,2.492,92600
2011-09-06,2.503,2.503,2.484,2.489,80327
2011-09-07,2.492,2.53,2.49,2.53,20567
2011-09-08,2.5,2.564,2.5,2.517,25800
2011-09-09,2.519,2.523,2.504,2.514,53751
2011-09-13,2.477,2.482,2.475,2.48,88722
2011-09-14,2.499,2.499,2.461,2.497,146467
2011-09-15,2.465,2.514,2.465,2.49,13400
2011-09-16,2.492,2.51,2.492,2.492,3627
2011-09-19,2.452,2.477,2.452,2.459,37600
2011-09-20,2.459,2.476,2.442,2.461,1012000
2011-09-21,2.465,2.531,2.461,2.5,34090
2011-09-22,2.535,2.535,2.46,2.467,31300
2011-09-23,2.442,2.447,2.421,2.447,1073310
2011-09-26,2.455,2.455,2.401,2.401,625900
2011-09-27,2.374,2.442,2.374,2.434,56248
2011-09-28,2.437,2.437,2.4,2.4,25100
2011-09-29,2.389,2.403,2.38,2.387,1032647
2011-09-30,2.385,2.387,2.374,2.378,48700
2011-10-10,2.381,2.385,2.35,2.35,44611
2011-10-11,2.468,2.468,2.343,2.364,27300
2011-10-12,2.364,2.439,2.334,2.412,57445
2011-10-13,2.412,2.45,2.412,2.448,167523
2011-10-14,2.422,2.448,2.42,2.445,17456
2011-10-17,2.445,2.457,2.401,2.451,215456
2011-10-18,2.442,2.442,2.39,2.39,95700
2011-10-19,2.39,2.405,2.38,2.38,43022
2011-10-20,2.38,2.38,2.33,2.331,252222
2011-10-21,2.344,2.344,2.31,2.336,93601
2011-10-24,2.36,2.38,2.31,2.339,47492
2011-10-25,2.35,2.428,2.35,2.426,55624
2011-10-26,2.351,2.466,2.351,2.454,93186
2011-10-27,2.434,2.457,2.434,2.451,79908
2011-10-28,2.466,2.481,2.454,2.481,125851
2011-10-31,2.49,2.493,2.47,2.47,135350
2011-11-01,2.471,2.511,2.435,2.489,196569
2011-11-02,2.465,2.52,2.445,2.52,140645
2011-11-03,2.548,2.548,2.488,2.53,229255
2011-11-04,2.546,2.551,2.51,2.533,59303
2011-11-07,2.529,2.546,2.502,2.521,95300
2011-11-08,2.507,2.533,2.507,2.52,134387
2011-11-09,2.526,2.536,2.501,2.536,216309
2011-11-10,2.528,2.528,2.501,2.501,733500
2011-11-11,2.505,2.505,2.484,2.502,8100
2011-11-14,2.511,2.548,2.511,2.548,95022
2011-11-15,2.531,2.551,2.531,2.545,98900
2011-11-16,2.433,2.539,2.433,2.479,93100
2011-11-17,2.483,2.492,2.406,2.471,322800
2011-11-18,2.459,2.459,2.421,2.426,266099
2011-11-21,2.405,2.431,2.362,2.415,196122
2011-11-22,2.421,2.427,2.4,2.419,243500
2011-11-23,2.45,2.45,2.4,2.41,109701
2011-11-24,2.388,2.41,2.388,2.41,65010
2011-11-25,2.4,2.408,2.39,2.394,122300
2011-11-28,2.355,2.399,2.355,2.399,282911
2011-11-29,2.4,2.415,2.384,2.415,54712
2011-11-30,2.425,2.425,2.174,2.346,49501
2011-12-01,2.345,2.499,2.345,2.425,135923
2011-12-02,2.38,2.39,2.35,2.376,177300
2011-12-05,2.241,2.435,2.241,2.429,503000
2011-12-06,2.32,2.353,2.32,2.349,141300
2011-12-07,2.355,2.355,2.33,2.355,1649581
2011-12-08,2.34,2.352,2.322,2.349,24300
2011-12-09,2.32,2.338,2.318,2.338,8412
2011-12-12,2.296,2.327,2.292,2.323,150101
2011-12-13,2.3,2.304,2.258,2.268,103200
2011-12-14,2.26,2.277,2.248,2.248,272300
2011-12-15,2.253,2.253,2.209,2.211,338000
2011-12-16,2.212,2.23,2.189,2.23,175443
2011-12-19,2.389,2.389,2.175,2.239,623400
2011-12-20,2.331,2.331,2.198,2.23,147700
2011-12-21,2.235,2.243,2.202,2.204,226401
2011-12-22,2.182,2.204,2.16,2.185,557882
2011-12-23,2.161,2.242,2.161,2.2,127381
2011-12-26,2.2,2.2,2.198,2.198,12301
2011-12-27,2.162,2.268,2.162,2.175,228858
2011-12-28,2.165,2.19,2.151,2.19,227958
2011-12-29,2.187,2.2,2.172,2.196,504558
2011-12-30,2.22,2.225,2.172,2.225,74100
2012-01-04,2.279,2.279,2.191,2.2,37612
2012-01-05,2.19,2.2,2.151,2.157,73100
2012-01-06,2.153,2.18,2.152,2.173,35799
2012-01-09,2.122,2.24,2.122,2.235,68169
2012-01-10,2.254,2.303,2.254,2.303,30400
2012-01-11,2.303,2.306,2.236,2.298,27099
2012-01-12,2.238,2.304,2.238,2.3,101151
2012-01-13,2.3,2.3,2.21,2.276,60512
2012-01-16,2.257,2.257,2.22,2.22,8545
2012-01-17,2.068,2.301,2.068,2.301,48341
2012-01-18,2.3,2.31,2.203,2.262,48516
2012-01-19,2.297,2.334,2.25,2.31,521121
2012-01-20,2.32,2.356,2.32,2.355,119399
2012-01-30,2.241,2.345,2.241,2.291,106301
2012-01-31,2.27,2.308,2.27,2.308,72627
2012-02-01,2.263,2.303,2.263,2.295,75701
2012-02-02,2.315,2.341,2.3,2.341,179565
2012-02-03,2.32,2.359,2.32,2.359,210482
2012-02-06,2.353,2.364,2.342,2.346,187901
2012-02-07,2.344,2.344,2.205,2.323,137107
2012-02-08,2.312,2.379,2.302,2.356,190222
2012-02-09,2.358,2.372,2.351,2.365,159213
2012-02-10,2.364,2.388,2.359,2.367,83716
2012-02-13,2.368,2.381,2.368,2.375,477383
2012-02-14,2.372,2.372,2.348,2.366,23901
2012-02-15,2.296,2.385,2.296,2.385,65345
2012-02-16,2.383,2.383,2.363,2.37,85290
2012-02-17,2.378,2.38,2.313,2.379,183790
2012-02-20,2.428,2.429,2.379,2.379,339202
2012-02-21,2.379,2.387,2.362,2.387,267123
2012-02-22,2.397,2.41,2.381,2.408,135422
2012-02-23,2.424,2.424,2.405,2.41,79106
2012-02-24,2.419,2.45,2.419,2.45,340453
2012-02-27,2.469,2.499,2.455,2.455,989799
2012-02-28,2.455,2.478,2.455,2.478,139822
2012-02-29,2.465,2.726,2.452,2.456,180600
2012-03-01,2.449,2.449,2.44,2.441,69900
2012-03-02,2.46,2.481,2.451,2.481,148516
2012-03-05,2.486,2.489,2.469,2.469,142200
2012-03-06,2.469,2.469,2.425,2.425,91200
2012-03-07,2.416,2.428,2.409,2.412,156508
2012-03-08,2.421,2.439,2.418,2.438,66800
2012-03-09,2.41,2.456,2.41,2.456,134200
2012-03-12,2.446,2.463,2.43,2.442,116300
2012-03-13,2.45,2.468,2.445,2.466,22900
2012-03-14,2.475,2.483,2.375,2.413,456922
2012-03-15,2.407,2.41,2.39,2.392,22100
2012-03-16,2.392,2.427,2.36,2.427,381247
2012-03-19,2.42,2.421,2.408,2.416,11100
2012-03-20,2.396,2.409,2.396,2.396,10299
2012-03-21,2.396,2.408,2.37,2.386,134738
2012-03-22,2.392,2.392,2.376,2.382,33335
2012-03-23,2.391,2.391,2.356,2.367,39499
2012-03-26,2.358,2.37,2.358,2.37,132800
2012-03-27,2.371,2.374,2.364,2.365,165144
2012-03-28,2.35,2.35,2.3,2.301,92889
2012-03-29,2.29,2.29,2.263,2.277,58300
2012-03-30,2.278,2.282,2.265,2.281,68636
2012-04-05,2.278,2.315,2.278,2.315,36084
2012-04-06,2.315,2.322,2.31,2.321,68646
2012-04-09,2.297,2.313,2.297,2.302,82082
2012-04-10,2.292,2.32,2.269,2.32,80054
2012-04-11,2.326,2.326,2.245,2.316,160523
2012-04-12,2.316,2.363,2.316,2.356,27145
2012-04-13,2.368,2.383,2.357,2.368,107300
2012-04-16,2.357,2.378,2.357,2.364,43400
2012-04-17,2.366,2.366,2.343,2.343,20798
2012-04-18,2.344,2.392,2.344,2.387,39100
2012-04-19,2.396,2.397,2.385,2.397,10200
2012-04-20,2.38,2.42,2.38,2.42,193500
2012-04-23,2.42,2.42,2.409,2.413,140100
2012-04-24,2.349,2.434,2.349,2.434,179166
2012-04-25,2.4,2.455,2.4,2.434,511932
2012-04-26,2.434,2.44,2.422,2.439,69767
2012-04-27,2.433,2.433,2.421,2.424,15567
2012-05-02,2.445,2.47,2.445,2.47,102228
2012-05-03,2.46,2.474,2.46,2.474,72300
2012-05-04,2.462,2.481,2.431,2.468,517070
2012-05-07,2.366,2.48,2.366,2.47,34124
2012-05-08,2.46,2.479,2.401,2.465,162968
2012-05-09,2.45,2.455,2.411,2.449,502943
2012-05-10,2.46,2.5,2.421,2.437,45312
2012-05-11,2.415,2.415,2.411,2.412,18200
2012-05-14,2.41,2.426,2.41,2.426,15843
2012-05-15,2.375,2.403,2.375,2.403,4000
2012-05-16,2.38,2.38,2.38,2.38,4600
2012-05-17,2.48,2.515,2.37,2.445,10000
2012-05-18,2.395,2.396,2.395,2.396,2700
2012-05-21,2.396,2.396,2.36,2.38,1100
2012-05-22,2.4,2.4,2.385,2.4,18745
2012-05-23,2.401,2.434,2.387,2.431,135554
2012-05-24,2.363,2.448,2.363,2.382,143856
2012-05-25,2.382,2.382,2.361,2.366,16400
2012-05-28,2.344,2.427,2.343,2.346,55400
2012-05-29,2.448,2.449,2.292,2.421,76200
2012-05-30,2.407,2.415,2.407,2.415,67665
2012-05-31,2.354,2.409,2.35,2.408,184600
2012-06-01,2.405,2.418,2.405,2.415,10500
2012-06-04,2.366,2.393,2.33,2.393,128100
2012-06-05,2.356,2.356,2.34,2.345,27500
2012-06-06,2.354,2.354,2.339,2.342,38400
2012-06-07,2.381,2.381,2.324,2.334,22700
2012-06-08,2.323,2.337,2.318,2.321,35400
2012-06-11,2.33,2.348,2.33,2.346,4132
2012-06-12,2.335,2.337,2.302,2.333,169300
2012-06-13,2.377,2.377,2.316,2.359,149134
2012-06-14,2.352,2.352,2.352,2.352,20000
2012-06-15,2.352,2.478,2.311,2.398,228900
2012-06-18,2.355,2.376,2.355,2.37,13200
2012-06-19,2.331,2.331,2.331,2.331,200
2012-06-20,2.36,2.361,2.331,2.349,164900
2012-06-21,2.321,2.333,2.317,2.333,107021
2012-06-25,2.334,2.334,2.276,2.291,131100
2012-06-26,2.291,2.291,2.277,2.285,333855
2012-06-27,2.288,2.298,2.285,2.286,452098
2012-06-28,2.286,2.286,2.254,2.275,392000
2012-06-29,2.275,2.318,2.267,2.3,577181
2012-07-02,2.39,2.39,2.28,2.282,35699
2012-07-03,2.3,2.3,2.288,2.288,119864
2012-07-04,2.29,2.29,2.29,2.29,112864
2012-07-05,2.28,2.284,2.232,2.284,204800
2012-07-06,2.26,2.287,2.24,2.287,202822
2012-07-09,2.241,2.264,2.241,2.243,17000
2012-07-10,2.24,2.249,2.222,2.249,43101
2012-07-11,2.23,2.251,2.223,2.251,22300
2012-07-12,2.224,2.264,2.21,2.264,5400
2012-07-13,2.211,2.251,2.211,2.243,206465
2012-07-16,2.212,2.22,2.212,2.22,3900
2012-07-17,2.229,2.23,2.221,2.224,65600
2012-07-18,2.205,2.205,2.205,2.205,3900
2012-07-19,2.272,2.272,2.24,2.24,14925
2012-07-20,2.24,2.24,2.24,2.24,3500
2012-07-23,2.208,2.218,2.208,2.208,14000
2012-07-24,2.224,2.224,2.224,2.224,100000
2012-07-25,2.27,2.27,2.21,2.214,12500
2012-07-26,2.208,2.217,2.184,2.205,31190
2012-07-27,2.204,2.206,2.2,2.206,53000
2012-07-30,2.213,2.22,2.17,2.22,102600
2012-07-31,2.14,2.18,2.14,2.18,113167
2012-08-01,2.189,2.199,2.189,2.199,6800
2012-08-02,2.191,2.191,2.191,2.191,4000
2012-08-03,2.189,2.2,2.189,2.2,27733
2012-08-06,2.2,2.275,2.2,2.23,47421
2012-08-08,2.237,2.265,2.237,2.237,6300
2012-08-09,2.201,2.267,2.201,2.247,2911
2012-08-10,2.214,2.251,2.214,2.222,11891
2012-08-13,2.23,2.23,2.23,2.23,4300
2012-08-14,2.172,2.212,2.172,2.212,19000
2012-08-15,2.298,2.298,2.19,2.19,21291
2012-08-16,2.18,2.181,2.18,2.181,85100
2012-08-17,2.181,2.189,2.181,2.189,6200
2012-08-20,2.162,2.162,2.141,2.141,10275
2012-08-21,2.2,2.2,2.2,2.2,100
2012-08-22,2.199,2.199,2.199,2.199,102000
2012-08-23,2.091,2.196,2.091,2.181,103075
2012-08-24,2.181,2.197,2.13,2.197,9400
2012-08-27,2.146,2.194,2.11,2.138,132400
2012-08-28,2.101,2.139,2.101,2.138,51847
2012-08-29,2.127,2.127,2.11,2.11,13247
2012-08-30,2.1,2.112,2.1,2.112,106500
2012-08-31,2.124,2.125,2.11,2.125,101042
2012-09-03,2.135,2.135,2.06,2.125,48421
2012-09-04,2.124,2.129,2.118,2.118,9100
2012-09-05,2.11,2.117,2.105,2.105,223300
2012-09-06,2.105,2.112,2.052,2.112,15500
2012-09-07,2.113,2.248,2.113,2.205,526133
2012-09-10,2.151,2.2,2.151,2.2,266200
2012-09-11,2.164,2.164,2.164,2.164,7100
2012-09-12,2.233,2.233,2.209,2.209,5100
2012-09-13,2.209,2.209,2.165,2.165,11600
2012-09-14,2.165,2.182,2.119,2.182,39112
2012-09-17,2.185,2.185,2.132,2.132,1587208
2012-09-18,2.124,2.14,2.123,2.13,1781379
2012-09-19,2.101,2.137,2.092,2.136,2102310
2012-09-20,2.101,2.12,2.08,2.09,1427554
2012-09-21,2.061,2.131,2.004,2.101,2289962
2012-09-24,2.038,2.097,2.038,2.095,150765
2012-09-25,2.095,2.104,2.066,2.104,156852
2012-09-26,2.095,2.099,2.07,2.074,14045
2012-09-27,2.07,2.102,2.07,2.08,515571
2012-09-28,2.05,2.177,2.05,2.177,126629
2012-10-08,2.158,2.158,2.11,2.144,20800
2012-10-09,2.17,2.186,2.121,2.174,123818
2012-10-10,2.169,2.188,2.166,2.186,180363
2012-10-11,2.169,2.186,2.16,2.177,600331
2012-10-12,2.24,2.24,2.13,2.13,231
2012-10-15,2.13,2.13,2.13,2.13,200
2012-10-16,2.188,2.198,2.188,2.198,14600
2012-10-17,2.101,2.2,2.101,2.184,31124
2012-10-18,2.165,2.208,2.165,2.208,522123
2012-10-19,2.186,2.195,2.166,2.194,33000
2012-10-22,2.112,2.197,2.112,2.197,39900
2012-10-23,2.157,2.184,2.157,2.184,6000
2012-10-24,2.18,2.199,2.115,2.184,61501
2012-10-25,2.151,2.21,2.151,2.201,586310
2012-10-26,2.197,2.197,2.14,2.187,126800
2012-10-29,2.135,2.135,2.134,2.135,4200
2012-10-30,2.139,2.139,2.101,2.135,42100
2012-10-31,2.139,2.139,2.139,2.139,13800
2012-11-01,2.139,2.251,2.139,2.18,20300
2012-11-02,2.18,2.18,2.143,2.146,29504
2012-11-05,2.175,2.175,2.16,2.16,10001
2012-11-08,2.169,2.169,2.15,2.15,12500
2012-11-09,2.147,2.147,2.137,2.137,10700
2012-11-12,2.137,2.137,2.137,2.137,4700
2012-11-13,2.086,2.125,2.086,2.117,23213
2012-11-14,2.106,2.11,2.106,2.11,14012
2012-11-16,2.106,2.106,2.106,2.106,47300
2012-11-19,2.081,2.081,2.06,2.081,24900
2012-11-20,2.08,2.223,2.051,2.177,13400
2012-11-21,2.084,2.188,2.05,2.098,6800
2012-11-22,2.096,2.096,2.096,2.096,500
2012-11-23,2.1,2.1,2.1,2.1,100
2012-11-26,1.918,2.198,1.918,2.097,28212
2012-11-27,2.05,2.06,2.05,2.055,17312
2012-11-28,2.01,2.03,2.01,2.03,401
2012-11-29,2.03,2.04,2.011,2.011,35888
2012-11-30,2.0,2.046,2.0,2.011,519504
2012-12-03,2.083,2.083,2.006,2.02,27260
2012-12-04,2.045,2.045,2.003,2.02,2420
2012-12-05,2.001,2.105,2.001,2.105,45200
2012-12-06,2.076,2.078,2.076,2.078,24301
2012-12-07,2.11,2.11,2.098,2.098,11401
2012-12-10,2.128,2.15,2.128,2.145,45735
2012-12-11,2.15,2.15,2.11,2.15,30300
2012-12-12,2.13,2.15,2.13,2.15,9000
2012-12-13,2.122,2.14,2.122,2.139,4000
2012-12-14,2.155,2.228,2.12,2.22,686700
2012-12-17,2.23,2.245,2.22,2.245,30300
2012-12-18,2.248,2.25,2.246,2.25,20600
2012-12-19,2.237,2.237,2.237,2.237,100
2012-12-20,2.205,2.237,2.205,2.236,2513120
2012-12-21,2.236,2.236,2.213,2.221,22833
2012-12-24,2.2,2.23,2.2,2.21,15919
2012-12-25,2.209,2.298,2.209,2.295,55429
2012-12-26,2.294,2.295,2.289,2.289,16400
2012-12-27,2.29,2.348,2.203,2.219,32222
2012-12-28,2.28,2.314,2.24,2.314,63084
2012-12-31,2.315,2.429,2.3,2.386,152364
2013-01-04,2.384,2.39,2.322,2.378,30320
2013-01-07,2.31,2.369,2.31,2.369,512094
2013-01-08,2.316,2.42,2.316,2.369,27900
2013-01-09,2.369,2.369,2.324,2.331,14314
2013-01-10,2.331,2.331,2.32,2.323,1700
2013-01-11,2.325,2.33,2.31,2.31,46569
2013-01-14,2.318,2.36,2.318,2.36,53576
2013-01-15,2.38,2.41,2.363,2.367,25800
2013-01-16,2.385,2.385,2.355,2.355,62100
2013-01-17,2.325,2.327,2.325,2.327,9700
2013-01-18,2.325,2.38,2.325,2.38,10000
2013-01-21,2.34,2.388,2.34,2.388,82499
2013-01-22,2.33,2.391,2.33,2.345,31800
2013-01-23,2.38,2.38,2.342,2.355,42721
2013-01-24,2.398,2.435,2.343,2.37,113688
2013-01-25,2.369,2.384,2.351,2.361,1517173
2013-01-28,2.361,2.43,2.361,2.43,631704
2013-01-29,2.44,2.44,2.381,2.43,73590
2013-01-30,2.439,2.454,2.4,2.454,69007
2013-01-31,2.45,2.475,2.45,2.46,356415
2013-02-01,2.46,2.524,2.427,2.524,729040
2013-02-04,2.524,2.525,2.504,2.506,71600
2013-02-05,2.481,2.53,2.481,2.53,31022
2013-02-06,2.5,2.538,2.5,2.52,39166
2013-02-07,2.52,2.52,2.488,2.488,13000
2013-02-08,2.51,2.548,2.455,2.49,41666
2013-02-18,2.529,2.53,2.462,2.526,33351
2013-02-19,2.47,2.482,2.45,2.45,62421
2013-02-20,2.456,2.479,2.432,2.479,26500
2013-02-21,2.421,2.444,2.381,2.381,77360
2013-02-22,2.381,2.4,2.381,2.396,19490
2013-02-25,2.396,2.41,2.362,2.373,84418
2013-02-26,2.373,2.376,2.36,2.36,27500
2013-02-27,2.36,2.378,2.36,2.378,8840
2013-02-28,2.357,2.439,2.357,2.439,47047
2013-03-01,2.391,2.439,2.391,2.439,37867
2013-03-04,2.4,2.4,2.208,2.388,70645
2013-03-05,2.356,2.399,2.356,2.399,60285
2013-03-06,2.399,2.429,2.385,2.385,557596
2013-03-07,2.432,2.432,2.371,2.38,8500
2013-03-08,2.38,2.38,2.353,2.38,4567
2013-03-11,2.374,2.374,2.346,2.351,10845
2013-03-12,2.351,2.427,2.321,2.325,667246
2013-03-13,2.34,2.345,2.306,2.336,186045
2013-03-14,2.31,2.342,2.31,2.34,380820
2013-03-15,2.34,2.346,2.307,2.307,512019
2013-03-18,2.311,2.311,2.3,2.3,30635
2013-03-19,2.315,2.315,2.315,2.315,2000
2013-03-20,2.335,2.38,2.335,2.38,5500
2013-03-21,2.399,2.4,2.371,2.38,31336
2013-03-22,2.36,2.409,2.36,2.409,15100
2013-03-26,2.35,2.35,2.35,2.35,3500
2013-03-27,2.355,2.37,2.355,2.37,6800
2013-03-28,2.349,2.349,2.315,2.315,10000
2013-03-29,2.315,2.315,2.291,2.314,10400
2013-04-01,2.3,2.3,2.3,2.3,4800
2013-04-02,2.288,2.312,2.288,2.312,41600
2013-04-03,2.29,2.3,2.29,2.3,17300
2013-04-08,2.299,2.299,2.23,2.293,9565
2013-04-09,2.293,2.293,2.293,2.293,3700
2013-04-10,2.257,2.264,2.257,2.264,518231
2013-04-11,2.308,2.308,2.308,2.308,2600
2013-04-12,2.285,2.285,2.285,2.285,1500
2013-04-15,2.259,2.259,2.23,2.237,30312
2013-04-16,2.24,2.275,2.237,2.267,35600
2013-04-17,2.231,2.231,2.231,2.231,1
2013-04-18,2.23,2.233,2.221,2.233,40000
2013-04-19,2.254,2.32,2.254,2.266,74959
2013-04-22,2.26,2.304,2.26,2.301,42865
2013-04-23,2.205,2.27,2.205,2.249,16301
2013-04-24,2.26,2.279,2.233,2.266,40200
2013-04-25,2.262,2.281,2.262,2.28,96024
2013-04-26,2.228,2.25,2.228,2.25,1742
2013-05-02,2.26,2.26,2.212,2.226,10300
2013-05-03,2.231,2.29,2.231,2.29,3200
2013-05-06,2.299,2.311,2.288,2.311,30200
2013-05-07,2.319,2.319,2.271,2.314,116766
2013-05-08,2.283,2.311,2.283,2.311,400
2013-05-09,2.29,2.309,2.29,2.309,1800
2013-05-10,2.306,2.322,2.306,2.318,500366
2013-05-13,2.261,2.277,2.261,2.277,14956
2013-05-14,2.285,2.29,2.27,2.27,21562
2013-05-15,2.259,2.283,2.259,2.262,6000
2013-05-16,2.282,2.336,2.26,2.31,79504
2013-05-17,2.318,2.359,2.31,2.357,70042
2013-05-20,2.324,2.385,2.324,2.371,31380
2013-05-21,2.383,2.383,2.35,2.38,6400
2013-05-22,2.343,2.38,2.34,2.38,43901
2013-05-23,2.3,2.36,2.3,2.36,34300
2013-05-24,2.317,2.36,2.317,2.36,50845
2013-05-27,2.365,2.384,2.341,2.341,504722
2013-05-28,2.38,2.38,2.324,2.347,36269
2013-05-29,2.38,2.406,2.37,2.406,166134
2013-05-30,2.366,2.397,2.366,2.397,46692
2013-05-31,2.396,2.397,2.358,2.365,263600
2013-06-03,2.336,2.336,2.336,2.336,300
2013-06-04,2.362,2.362,2.325,2.345,2900
2013-06-05,2.32,2.347,2.32,2.342,56174
2013-06-06,2.27,2.35,2.27,2.315,10345
2013-06-07,2.311,2.311,2.264,2.266,34100
2013-06-13,2.26,2.26,2.151,2.256,53400
2013-06-14,2.25,2.256,2.223,2.256,59300
2013-06-17,2.2,2.231,2.2,2.231,17900
2013-06-18,2.2,2.2,2.2,2.2,3422
2013-06-19,2.21,2.21,2.21,2.21,3000
2013-06-20,2.185,2.185,2.158,2.158,900
2013-06-21,2.151,2.151,2.151,2.151,2100
2013-06-24,2.14,2.14,2.01,2.01,29901
2013-06-25,2.163,2.163,1.942,2.035,316500
2013-06-26,2.0,2.026,1.999,2.025,176001
2013-06-27,2.027,2.199,2.026,2.03,35900
2013-06-28,2.03,2.099,1.966,2.097,60500
2013-07-01,2.05,2.05,2.03,2.03,23500
2013-07-02,2.04,2.081,2.003,2.021,66300
2013-07-03,2.03,2.089,2.03,2.05,128300
2013-07-04,2.095,2.095,2.07,2.09,65100
2013-07-05,2.09,2.09,2.06,2.09,6300
2013-07-08,2.035,2.05,2.035,2.05,23400
2013-07-09,1.984,2.05,1.984,2.05,13301
2013-07-10,2.011,2.05,2.011,2.05,133400
2013-07-11,2.097,2.149,2.082,2.137,168873
2013-07-12,2.121,2.159,2.11,2.11,82700
2013-07-15,2.148,2.155,2.11,2.11,501028
2013-07-16,2.1,2.11,2.1,2.11,51300
2013-07-17,2.148,2.15,2.148,2.15,46299
2013-07-18,2.08,2.098,2.08,2.098,12800
2013-07-19,2.098,2.11,2.075,2.075,7300
2013-07-22,1.908,2.086,1.908,2.086,12099
2013-07-23,2.118,2.12,2.118,2.12,10100
2013-07-25,2.081,2.144,2.081,2.144,11901
2013-07-26,2.102,2.19,2.088,2.19,372399
2013-07-29,2.092,2.135,2.052,2.076,90000
2013-07-30,2.138,2.138,2.039,2.046,14145
2013-07-31,2.04,2.05,2.04,2.046,9146
2013-08-01,2.107,2.107,2.107,2.107,1000
2013-08-02,2.1,2.1,2.1,2.1,2700
2013-08-05,2.1,2.1,2.1,2.1,100
2013-08-06,2.1,2.1,2.029,2.045,4922
2013-08-07,2.125,2.199,2.101,2.101,13422
2013-08-08,2.09,2.126,2.09,2.126,40301
2013-08-09,2.09,2.104,2.09,2.093,12800
2013-08-12,2.126,2.155,2.126,2.155,15201
2013-08-13,2.091,2.18,2.091,2.161,62300
2013-08-14,2.162,2.209,2.162,2.165,43500
2013-08-15,2.175,2.175,2.175,2.175,500
2013-08-16,2.145,2.201,2.145,2.17,46390
2013-08-19,2.182,2.182,2.161,2.161,6600
2013-08-22,2.101,2.225,2.101,2.225,1100
2013-08-23,2.18,2.18,2.169,2.169,17600
2013-08-26,2.167,2.168,2.16,2.16,39796
2013-08-27,2.162,2.17,2.162,2.17,200
2013-08-28,2.19,2.19,2.167,2.167,23500
2013-08-29,2.153,2.153,2.153,2.153,100
2013-08-30,2.153,2.2,2.153,2.2,63466
2013-09-02,2.202,2.202,2.202,2.202,500
2013-09-03,2.205,2.206,2.161,2.206,25900
2013-09-04,2.218,2.238,2.198,2.238,55488
2013-09-05,2.129,2.237,2.129,2.237,5499
2013-09-06,2.129,2.255,2.129,2.255,59521
2013-09-09,2.255,2.364,2.255,2.3,5132135
2013-09-10,2.34,2.37,2.306,2.306,39200
2013-09-11,2.358,2.371,2.33,2.37,70399
2013-09-12,2.369,2.409,2.369,2.409,506120
2013-09-13,2.342,2.407,2.342,2.37,4800
2013-09-16,2.399,2.399,2.331,2.396,15081
2013-09-17,2.316,2.357,2.316,2.344,6749
2013-09-18,2.312,2.312,2.224,2.311,6000
2013-09-23,2.3,2.35,2.3,2.35,134028
2013-09-24,2.306,2.34,2.306,2.34,45699
2013-09-26,2.3,2.3,2.3,2.3,11000
2013-09-27,2.263,2.345,2.263,2.345,1100
2013-09-30,2.33,2.33,2.33,2.33,2900
2013-10-08,2.274,2.357,2.274,2.357,12400
2013-10-09,2.292,2.37,2.292,2.332,11200
2013-10-10,2.41,2.41,2.292,2.339,2700
2013-10-11,2.359,2.359,2.33,2.35,126687
2013-10-14,2.364,2.384,2.364,2.384,308046
2013-10-15,2.409,2.409,2.336,2.336,200
2013-10-16,2.35,2.35,2.35,2.35,601
2013-10-17,2.38,2.38,2.303,2.35,14301
2013-10-18,2.34,2.35,2.32,2.32,44511
2013-10-21,2.321,2.365,2.321,2.365,3101
2013-10-22,2.301,2.31,2.301,2.31,11500
2013-10-23,2.35,2.37,2.3,2.34,373962
2013-10-24,2.301,2.34,2.288,2.34,29101
2013-10-25,2.32,2.34,2.271,2.34,5499
2013-10-28,2.234,2.302,2.23,2.235,45022
2013-10-29,2.28,2.339,2.25,2.261,45120
2013-10-30,2.232,2.34,2.232,2.326,28717
2013-10-31,2.261,2.37,2.261,2.37,28821
2013-11-04,2.28,2.28,2.28,2.28,3522
2013-11-05,2.28,2.28,2.28,2.28,3900
2013-11-07,2.28,2.28,2.275,2.28,23122
2013-11-08,2.24,2.339,2.1,2.215,1712446
2013-11-11,2.255,2.255,2.255,2.255,100
2013-11-12,2.225,2.244,2.224,2.244,12000
2013-11-13,2.206,2.206,2.206,2.206,3000
2013-11-14,2.191,2.216,2.177,2.216,70500
2013-11-18,2.242,2.31,2.242,2.31,85445
2013-11-19,2.3,2.344,2.296,2.302,119245
2013-11-20,2.32,2.32,2.26,2.281,1100
2013-11-22,2.3,2.3,2.286,2.286,500
2013-11-25,2.279,2.3,2.279,2.3,11167
2013-11-26,2.29,2.296,2.29,2.29,13300
2013-11-27,2.296,2.296,2.294,2.294,15000
2013-11-28,2.31,2.338,2.31,2.321,35000
2013-11-29,2.305,2.339,2.305,2.311,61096
2013-12-02,2.339,2.339,2.313,2.336,36100
2013-12-03,2.334,2.34,2.326,2.327,40745
2013-12-04,2.35,2.385,2.345,2.381,196485
2013-12-05,2.399,2.399,2.356,2.387,98499
2013-12-06,2.38,2.382,2.348,2.348,24300
2013-12-09,2.349,2.379,2.349,2.37,10601
2013-12-10,2.37,2.38,2.37,2.38,164756
2013-12-11,2.332,2.368,2.332,2.333,84100
2013-12-12,2.34,2.359,2.34,2.359,158599
2013-12-13,2.32,2.37,2.32,2.37,150100
2013-12-16,2.323,2.369,2.323,2.369,99000
2013-12-17,2.284,2.32,2.284,2.32,808
2013-12-18,2.335,2.335,2.335,2.335,100
2013-12-19,2.335,2.335,2.334,2.334,15600
2013-12-20,2.26,2.33,2.26,2.33,8100
2013-12-23,2.183,2.328,2.182,2.328,11600
2013-12-24,2.2,2.379,2.2,2.221,154122
2013-12-25,2.221,2.221,2.221,2.221,6700
2013-12-26,2.2,2.2,2.2,2.2,900
2013-12-27,2.3,2.3,2.3,2.3,100
2013-12-30,2.3,2.3,2.174,2.174,39922
2013-12-31,2.224,2.225,2.224,2.225,3522
2014-01-02,2.22,2.221,2.22,2.221,20100
2014-01-03,2.24,2.24,2.19,2.192,2900
2014-01-06,2.16,2.189,2.137,2.145,524900
2014-01-07,2.16,2.16,2.144,2.144,19185
2014-01-08,2.194,2.194,2.153,2.194,12000
2014-01-09,2.19,2.19,2.159,2.159,23448
2014-01-10,2.16,2.16,2.16,2.16,600
2014-01-13,2.158,2.164,2.15,2.15,4000
2014-01-14,2.149,2.159,2.149,2.159,1300
2014-01-15,2.145,2.145,2.145,2.145,300
2014-01-16,2.162,2.17,2.162,2.169,20000
2014-01-17,2.18,2.18,2.121,2.121,5422
2014-01-20,2.116,2.116,2.106,2.106,3522
2014-01-21,2.164,2.164,2.164,2.164,2200
2014-01-22,2.19,2.19,2.19,2.19,2500
2014-01-23,2.158,2.19,2.158,2.167,10945
2014-01-24,2.209,2.209,2.168,2.17,15300
2014-01-27,2.156,2.156,2.156,2.156,100
2014-01-28,2.15,2.17,2.15,2.169,35200
2014-01-30,2.156,2.156,2.156,2.156,4500
2014-02-07,2.131,2.151,2.13,2.151,26979
2014-02-10,2.155,2.203,2.155,2.203,69289
2014-02-11,2.212,2.247,2.203,2.203,119178
2014-02-12,2.225,2.263,2.214,2.26,23899
2014-02-13,2.225,2.238,2.22,2.237,19349
2014-02-14,2.218,2.244,2.218,2.243,25900
2014-02-17,2.234,2.265,2.234,2.247,66957
2014-02-18,2.26,2.26,2.22,2.22,23312
2014-02-19,2.233,2.295,2.233,2.295,25500
2014-02-20,2.295,2.315,2.295,2.314,17500
2014-02-21,2.242,2.246,2.242,2.246,13789
2014-02-24,2.223,2.223,2.223,2.223,8500
2014-02-25,2.24,2.24,2.154,2.24,4502
2014-02-26,2.132,2.235,2.132,2.235,2200
2014-02-27,2.156,2.235,2.156,2.173,9601
2014-02-28,2.195,2.212,2.195,2.212,2300
2014-03-03,2.219,2.237,2.219,2.237,9199
2014-03-04,2.237,2.244,2.177,2.244,116550
2014-03-05,2.247,2.247,2.184,2.24,11800
2014-03-06,2.238,2.28,2.235,2.275,4200
2014-03-07,2.181,2.274,2.181,2.191,5100
2014-03-10,2.159,2.159,2.159,2.159,17000
2014-03-11,2.259,2.289,2.15,2.289,20200
2014-03-12,2.28,2.28,2.107,2.112,8634
2014-03-13,2.259,2.259,2.12,2.255,4100
2014-03-14,2.2,2.269,2.2,2.269,103779
2014-03-17,2.16,2.16,2.16,2.16,15400
2014-03-18,2.269,2.269,2.146,2.16,1300
2014-03-19,2.266,2.266,2.125,2.125,5400
2014-03-20,2.126,2.132,2.124,2.132,11200
2014-03-21,2.13,2.26,2.091,2.259,10200
2014-03-24,2.16,2.25,2.16,2.25,105800
2014-03-25,2.175,2.218,2.175,2.181,108479
2014-03-26,2.181,2.208,2.177,2.177,4900
2014-03-27,2.18,2.219,2.161,2.161,29000
2014-03-28,2.189,2.189,2.158,2.179,13400
2014-04-01,2.18,2.18,2.18,2.18,200
2014-04-02,2.176,2.189,2.166,2.189,30100
2014-04-04,2.189,2.189,2.18,2.18,25600
2014-04-08,2.162,2.23,2.162,2.23,101600
2014-04-09,2.23,2.25,2.23,2.23,99143
2014-04-10,2.23,2.278,2.23,2.273,32300
2014-04-11,2.269,2.298,2.179,2.246,161842
2014-04-14,2.269,2.269,2.268,2.269,74931
2014-04-16,2.216,2.269,2.213,2.269,74969
2014-04-17,2.243,2.249,2.231,2.248,51616
2014-04-24,2.173,2.28,2.173,2.28,10600
2014-04-25,2.161,2.229,2.161,2.229,500
2014-04-28,2.122,2.199,2.122,2.199,5500
2014-04-29,2.112,2.18,2.112,2.18,19122
2014-04-30,2.187,2.187,2.132,2.168,6300
2014-05-05,2.17,2.17,2.132,2.167,10540
2014-05-06,2.269,2.299,2.132,2.18,7900
2014-05-07,2.156,2.156,2.133,2.133,3700
2014-05-08,2.131,2.131,2.131,2.131,100
2014-05-09,2.192,2.192,2.111,2.158,42500
2014-05-12,2.166,2.185,2.158,2.184,99756
2014-05-13,2.184,2.3,2.153,2.175,517202
2014-05-14,2.175,2.179,2.175,2.179,10202
2014-05-15,2.169,2.169,2.145,2.145,1200
2014-05-16,2.169,2.169,2.15,2.15,1800
2014-05-19,2.169,2.169,2.115,2.129,189800
2014-05-20,2.142,2.142,2.134,2.134,6100
2014-05-21,2.132,2.148,2.121,2.148,4200
2014-05-22,2.178,2.178,2.178,2.178,100
2014-05-23,2.133,2.133,2.133,2.133,2000
2014-05-26,2.14,2.177,2.14,2.177,4493
2014-05-27,2.151,2.151,2.151,2.151,100
2014-05-28,2.15,2.15,2.15,2.15,1027
2014-05-29,2.156,2.156,2.146,2.146,27378
2014-05-30,2.174,2.174,2.174,2.174,1000
2014-06-03,2.16,2.179,2.16,2.165,78282
2014-06-04,2.17,2.17,2.13,2.15,60444
2014-06-05,2.15,2.166,2.148,2.15,9115
2014-06-06,2.17,2.17,2.17,2.17,3900
2014-06-10,2.17,2.17,2.154,2.154,1600
2014-06-11,2.2,2.2,2.195,2.195,700
2014-06-12,2.151,2.151,2.151,2.151,100
2014-06-17,2.186,2.186,2.171,2.171,4500
2014-06-19,2.16,2.171,2.146,2.171,40776
2014-06-20,2.162,2.162,2.132,2.159,29527
2014-06-23,2.183,2.183,2.183,2.183,37300
2014-06-24,2.144,2.144,2.144,2.144,84
2014-06-25,2.15,2.2,2.145,2.2,22800
2014-06-26,2.16,2.199,2.16,2.199,884
2014-06-30,2.19,2.191,2.172,2.172,15600
2014-07-01,2.171,2.171,2.171,2.171,20534
2014-07-02,2.173,2.203,2.173,2.203,83855
2014-07-03,2.209,2.25,2.208,2.247,63900
2014-07-04,2.195,2.28,2.195,2.196,27098
2014-07-07,2.193,2.219,2.193,2.194,18300
2014-07-08,2.194,2.205,2.185,2.185,18812
2014-07-09,2.268,2.268,2.21,2.21,500
2014-07-10,2.25,2.25,2.171,2.249,6500
2014-07-11,2.31,2.31,2.175,2.185,8601
2014-07-14,2.185,2.25,2.185,2.25,41301
2014-07-15,2.229,2.229,2.202,2.202,6750
2014-07-16,2.235,2.24,2.22,2.232,26542
2014-07-17,2.192,2.192,2.192,2.192,1100
2014-07-18,2.229,2.23,2.211,2.23,341817
2014-07-21,2.23,2.23,2.23,2.23,11167
2014-07-22,2.198,2.289,2.198,2.24,373889
2014-07-23,2.26,2.26,2.26,2.26,28200
2014-07-24,2.272,2.28,2.272,2.272,38945
2014-07-25,2.31,2.31,2.3,2.309,12200
2014-07-28,2.359,2.479,2.281,2.325,65561
2014-07-29,2.345,2.37,2.345,2.364,14322
2014-07-30,2.337,2.39,2.337,2.39,4800
2014-07-31,2.341,2.379,2.341,2.359,12500
2014-08-01,2.366,2.388,2.366,2.388,3600
2014-08-04,2.388,2.401,2.374,2.4,17100
2014-08-05,2.391,2.391,2.388,2.388,600
2014-08-06,2.41,2.41,2.376,2.382,8800
2014-08-07,2.371,2.398,2.371,2.371,23244
2014-08-08,2.359,2.359,2.357,2.357,5600
2014-08-11,2.376,2.419,2.376,2.4,10561
2014-08-12,2.405,2.405,2.4,2.4,55000
2014-08-13,2.371,2.375,2.371,2.375,600
2014-08-14,2.376,2.4,2.376,2.4,22435
2014-08-15,2.399,2.4,2.391,2.393,28835
2014-08-18,2.392,2.418,2.392,2.418,7600
2014-08-19,2.416,2.416,2.416,2.416,200
2014-08-20,2.41,2.415,2.41,2.415,8900
2014-08-21,2.396,2.418,2.39,2.399,24400
2014-08-22,2.419,2.424,2.39,2.424,14800
2014-08-25,2.429,2.429,2.4,2.42,17360
2014-08-26,2.415,2.415,2.364,2.364,4300
2014-08-27,2.363,2.395,2.363,2.363,7059
2014-08-28,2.398,2.398,2.369,2.371,9700
2014-08-29,2.356,2.36,2.356,2.36,10367
2014-09-02,2.419,2.432,2.417,2.432,52821
2014-09-03,2.457,2.457,2.436,2.449,48899
2014-09-04,2.44,2.51,2.44,2.508,516311
2014-09-05,2.499,2.509,2.46,2.5,36308
2014-09-09,2.5,2.52,2.5,2.52,65680
2014-09-10,2.5,2.529,2.47,2.529,10000
2014-09-11,2.478,2.543,2.465,2.465,10541
2014-09-12,2.499,2.537,2.499,2.537,15140
2014-09-15,2.539,2.539,2.496,2.534,4100
2014-09-16,2.544,2.544,2.483,2.483,34323
2014-09-17,2.46,2.499,2.46,2.496,25900
2014-09-18,2.499,2.499,2.499,2.499,16723
2014-09-19,2.509,2.51,2.509,2.51,56600
2014-09-22,2.524,2.524,2.385,2.503,52600
2014-09-24,2.49,2.615,2.464,2.482,24584
2014-09-25,2.514,2.55,2.514,2.528,29652
2014-09-26,2.544,2.599,2.404,2.558,755198
2014-09-29,2.518,2.579,2.518,2.575,103147
2014-09-30,2.574,2.586,2.556,2.574,72611
2014-10-08,2.598,2.6,2.597,2.6,31800
2014-10-09,2.61,2.61,2.58,2.6,60127
2014-10-10,2.561,2.618,2.561,2.581,70322
2014-10-13,2.581,2.6,2.581,2.599,141800
2014-10-14,2.59,2.608,2.569,2.569,76112
2014-10-15,2.589,2.597,2.562,2.597,28000
2014-10-16,2.6,2.605,2.6,2.6,69545
2014-10-17,2.544,2.544,2.544,2.544,100
2014-10-20,2.565,2.599,2.553,2.599,53560
2014-10-21,2.571,2.599,2.544,2.599,126640
2014-10-22,2.526,2.598,2.525,2.597,36800
2014-10-23,2.534,2.586,2.493,2.586,20500
2014-10-24,2.473,2.595,2.473,2.592,19742
2014-10-27,2.589,2.59,2.589,2.59,20805
2014-10-28,2.525,2.525,2.525,2.525,1700
2014-10-29,2.604,2.604,2.604,2.604,2500
2014-10-30,2.6,2.61,2.547,2.608,84414
2014-10-31,2.604,2.614,2.6,2.614,58700
2014-11-03,2.614,2.626,2.5,2.594,552562
2014-11-04,2.61,2.73,2.51,2.669,642584
2014-11-05,2.62,2.669,2.61,2.669,28251
2014-11-06,2.599,2.67,2.599,2.668,58152
2014-11-07,2.603,2.727,2.603,2.725,77900
2014-11-10,2.644,2.779,2.565,2.69,1109500
2014-11-11,2.689,2.698,2.651,2.67,32200
2014-11-12,2.665,2.768,2.665,2.665,33500
2014-11-13,2.75,2.75,2.641,2.67,81661
2014-11-14,2.621,2.664,2.621,2.663,49700
2014-11-17,2.685,2.749,2.643,2.696,140166
2014-11-18,2.614,2.748,2.614,2.716,40400
2014-11-19,2.67,2.73,2.635,2.73,84589
2014-11-20,2.748,2.801,2.748,2.78,43300
2014-11-21,2.63,2.904,2.63,2.85,62481
2014-11-24,2.86,3.0,2.692,2.8,120343
2014-11-25,2.75,2.865,2.75,2.86,432027
2014-11-26,2.86,2.899,2.751,2.783,108865
2014-11-27,2.83,2.849,2.801,2.848,80500
2014-11-28,2.848,2.878,2.813,2.878,59100
2014-12-01,2.878,2.996,2.878,2.922,136255
2014-12-02,2.913,3.034,2.881,2.971,607596
2014-12-03,3.027,3.052,2.973,3.051,255921
2014-12-04,3.045,3.24,3.001,3.2,552253
2014-12-05,3.199,3.24,3.0,3.17,368912
2014-12-08,3.164,3.29,3.1,3.28,474171
2014-12-09,3.29,3.602,3.151,3.226,4902763
2014-12-10,3.14,3.226,3.101,3.226,3245923
2014-12-11,3.22,3.35,3.156,3.2,111100
2014-12-12,3.152,3.235,3.152,3.168,115167
2014-12-15,3.168,3.178,3.006,3.174,1628612
2014-12-16,3.169,3.263,3.133,3.259,130000
2014-12-17,3.208,3.3,3.208,3.3,265984
2014-12-18,3.3,3.358,3.266,3.32,169340
2014-12-19,3.31,3.399,3.202,3.399,1851071
2014-12-22,3.399,3.6,3.399,3.45,3782120
2014-12-23,3.346,3.5,3.346,3.357,1292900
2014-12-24,3.34,3.428,3.251,3.275,820342
2014-12-25,3.32,3.321,3.28,3.32,2205800
2014-12-26,3.35,3.489,3.277,3.432,4697812
2014-12-29,3.44,3.53,3.433,3.521,444024
2014-12-30,3.477,3.52,3.424,3.489,6147191
2014-12-31,3.489,3.52,3.482,3.515,402810
2015-01-05,3.549,3.74,3.511,3.708,440757
2015-01-06,3.697,3.79,3.553,3.687,814300
2015-01-07,3.68,3.687,3.602,3.687,115638
2015-01-08,3.698,3.698,3.611,3.62,775724
2015-01-09,3.615,3.75,3.553,3.649,2205189
2015-01-12,3.62,3.666,3.571,3.645,159016
2015-01-13,3.6,3.681,3.59,3.59,2193985
2015-01-14,3.62,3.62,3.54,3.556,71100
2015-01-15,3.525,3.659,3.525,3.658,162438
2015-01-16,3.66,3.719,3.622,3.686,140200
2015-01-19,3.42,3.65,3.42,3.588,255100
2015-01-20,3.436,3.586,3.436,3.571,151402
2015-01-21,3.5,3.659,3.5,3.635,997504
2015-01-22,3.634,3.7,3.627,3.688,168200
2015-01-23,3.688,3.72,3.61,3.691,774160
2015-01-26,3.699,3.73,3.64,3.73,2267981
2015-01-27,3.73,3.73,3.641,3.698,53441
2015-01-28,3.602,3.7,3.602,3.656,58500
2015-01-29,3.534,3.6,3.533,3.6,172401
2015-01-30,3.551,3.597,3.51,3.51,68800
2015-02-02,3.45,3.469,3.41,3.415,281139
2015-02-03,3.429,3.499,3.42,3.498,322649
2015-02-04,3.425,3.549,3.425,3.46,144600
2015-02-05,3.66,3.66,3.548,3.548,174200
2015-02-06,3.56,3.56,3.44,3.46,58400
2015-02-09,3.443,3.5,3.4,3.47,27722
2015-02-10,3.469,3.54,3.469,3.475,37342
2015-02-11,3.545,3.55,3.468,3.48,39600
2015-02-12,3.499,3.499,3.398,3.435,96379
2015-02-13,3.478,3.539,3.47,3.47,95681
2015-02-16,3.47,3.47,3.432,3.47,71661
2015-02-17,3.477,3.54,3.477,3.53,141305
2015-02-25,3.53,3.543,3.519,3.543,2025900
2015-02-26,3.535,3.7,3.535,3.691,83200
2015-02-27,3.73,3.73,3.575,3.65,70800
2015-03-02,3.65,3.7,3.65,3.67,579700
2015-03-03,3.699,3.699,3.551,3.63,98302
2015-03-04,3.545,3.699,3.545,3.58,89681
2015-03-05,3.587,3.639,3.582,3.6,57500
2015-03-06,3.639,3.639,3.584,3.584,5200
2015-03-09,3.51,3.624,3.51,3.584,39700
2015-03-10,3.69,3.695,3.585,3.68,63800
2015-03-11,3.68,3.68,3.61,3.626,42000
2015-03-12,3.682,3.682,3.596,3.611,54800
2015-03-13,3.612,3.67,3.612,3.65,68500
2015-03-16,3.69,3.72,3.621,3.719,173634
2015-03-17,3.721,3.78,3.7,3.78,221578
2015-03-18,3.78,3.84,3.78,3.84,380056
2015-03-19,3.84,3.855,3.815,3.85,294141
2015-03-20,3.85,3.927,3.831,3.882,394636
2015-03-23,3.9,3.978,3.9,3.97,206933
2015-03-24,3.995,3.999,3.903,3.972,469297
2015-03-25,3.969,4.03,3.929,4.03,956438
2015-03-26,3.949,4.2,3.94,4.091,478147
2015-03-27,4.08,4.08,3.952,4.066,48070
2015-03-30,4.08,4.2,3.991,4.18,129500
2015-03-31,4.237,4.331,4.061,4.151,318912
2015-04-01,4.08,4.168,4.08,4.147,192800
2015-04-02,4.147,4.16,4.124,4.16,203563
2015-04-03,4.16,4.18,4.154,4.178,194563
2015-04-07,4.18,4.298,4.18,4.241,380747
2015-04-08,4.265,4.665,4.241,4.345,598446
2015-04-09,4.344,4.345,4.267,4.299,227028
2015-04-10,4.29,4.355,4.29,4.348,66846
2015-04-13,4.349,4.749,4.349,4.558,1246867
2015-04-14,4.783,4.783,4.492,4.523,1937386
2015-04-15,4.5,4.587,4.402,4.5,135800
2015-04-16,4.399,4.531,4.234,4.5,217846
2015-04-17,4.501,4.9,4.501,4.899,556780
2015-04-20,4.7,5.0,4.67,4.871,909692
2015-04-21,4.857,4.857,4.605,4.66,735000
2015-04-22,4.66,4.764,4.65,4.73,1055458
2015-04-23,4.726,4.89,4.705,4.84,546758
2015-04-24,4.83,4.83,4.6,4.784,7842500
2015-04-27,4.727,5.0,4.723,4.984,494735
2015-04-28,4.968,5.0,4.817,4.9,8287215
2015-04-29,4.721,4.95,4.721,4.861,6900061
2015-04-30,4.869,4.914,4.82,4.849,278076
2015-05-04,4.75,4.949,4.75,4.839,208800
2015-05-05,4.886,4.99,4.67,4.703,1604141
2015-05-06,4.615,4.799,4.585,4.677,411800
2015-05-07,4.67,4.67,4.519,4.533,743703
2015-05-08,4.533,4.727,4.533,4.566,127423
2015-05-11,4.566,4.72,4.561,4.719,615500
2015-05-12,4.71,5.0,4.665,4.892,2378724
2015-05-13,4.969,4.969,4.75,4.788,124924
2015-05-14,4.715,4.77,4.704,4.714,1125900
2015-05-15,4.786,4.786,4.623,4.654,417484
2015-05-18,4.662,4.71,4.576,4.65,204902
2015-05-19,4.63,4.8,4.63,4.749,193208
2015-05-20,4.749,4.878,4.713,4.779,345835
2015-05-21,4.779,4.85,4.779,4.85,203240
2015-05-22,4.915,4.988,4.901,4.975,747200
2015-05-25,4.997,5.246,4.952,5.234,3880063
2015-05-26,5.295,5.299,4.879,5.259,38766360
2015-05-27,5.27,5.3,5.2,5.232,8779664
2015-05-28,5.232,5.49,5.11,5.11,16984050
2015-05-29,4.987,5.27,4.696,4.844,14420150
2015-06-01,4.851,5.2,4.851,5.2,3561093
2015-06-02,5.198,5.72,5.121,5.56,7380738
2015-06-03,5.54,5.54,5.15,5.194,16097349
2015-06-04,5.28,5.3,5.05,5.181,13370014
2015-06-05,5.276,5.539,5.276,5.5,759770
2015-06-08,5.5,5.5,5.19,5.499,335047
2015-06-09,5.55,5.7,5.255,5.479,10746600
2015-06-10,5.305,5.547,5.305,5.529,11340445
2015-06-11,5.515,5.515,5.405,5.458,11804000
2015-06-12,5.488,5.547,5.442,5.53,10298114
2015-06-15,5.5,5.548,5.45,5.529,2386357
2015-06-16,5.468,5.53,5.22,5.258,12899889
2015-06-17,5.278,5.39,5.15,5.349,10339494
2015-06-18,5.327,5.39,5.105,5.122,13610294
2015-06-19,5.119,5.287,4.8,4.949,15635210
2015-06-23,4.551,4.987,4.551,4.95,40397968
2015-06-24,4.951,5.1,4.95,5.094,5860100
2015-06-25,5.094,5.115,4.846,4.939,1831400
2015-06-26,4.65,4.939,4.445,4.627,1217400
2015-06-29,4.88,4.889,4.222,4.28,1043987
2015-06-30,4.29,4.708,4.131,4.663,2302721
2015-07-01,4.617,4.617,4.344,4.44,2079245
2015-07-02,4.374,4.412,4.21,4.278,4144200
2015-07-03,4.278,4.398,3.96,4.332,12761345
2015-07-06,4.764,4.764,4.0,4.199,16362100
2015-07-07,4.0,4.118,3.807,3.811,2365500
2015-07-08,3.45,4.02,3.44,3.451,1424865
2015-07-09,3.52,3.796,3.261,3.796,1012626
2015-07-10,4.0,4.176,4.0,4.176,677516
2015-07-13,4.39,4.488,4.18,4.346,836125
2015-07-14,4.298,4.298,4.154,4.195,497200
2015-07-15,4.18,4.18,3.961,3.974,340900
2015-07-16,4.068,4.098,3.845,4.087,5408105
2015-07-17,4.138,4.2,4.021,4.195,3100889
2015-07-20,4.195,4.258,4.123,4.215,628244
2015-07-21,4.182,4.275,4.153,4.26,609028
2015-07-22,4.222,4.309,4.216,4.275,4330400
2015-07-23,4.309,4.436,4.295,4.407,239633
2015-07-24,4.355,4.458,4.3,4.34,223900
2015-07-27,4.18,4.383,3.907,3.911,14723400
2015-07-28,3.905,4.009,3.8,3.911,15225023
2015-07-29,3.989,4.06,3.9,4.06,12607000
2015-07-30,3.925,4.075,3.925,3.951,10093000
2015-07-31,3.92,3.977,3.825,3.915,43228
2015-08-03,3.92,3.92,3.755,3.8,69900
2015-08-04,3.909,3.964,3.806,3.964,86000
2015-08-05,3.964,3.997,3.921,3.921,38700
2015-08-06,3.88,3.937,3.88,3.928,22400
2015-08-07,3.988,3.999,3.901,3.994,85961
2015-08-10,4.0,4.196,3.936,4.19,121967
2015-08-11,4.19,4.214,4.091,4.184,93700
2015-08-12,4.17,4.17,4.058,4.069,89222
2015-08-13,4.137,4.21,4.055,4.2,183383
2015-08-14,4.2,4.215,4.08,4.185,110100
2015-08-17,4.101,4.173,4.09,4.173,191800
2015-08-18,4.13,4.194,3.998,4.001,200100
2015-08-19,3.985,4.109,3.92,4.068,122800
2015-08-20,4.08,4.08,4.002,4.039,20000
2015-08-21,3.984,3.984,3.84,3.858,14563600
2015-08-24,3.861,3.861,3.5,3.502,3143400
2015-08-25,3.488,3.488,3.152,3.152,178800
2015-08-26,3.21,3.298,3.05,3.203,186329
2015-08-27,3.18,3.27,3.163,3.27,85900
2015-08-28,3.394,3.42,3.257,3.383,145229
2015-08-31,3.41,3.417,3.324,3.399,14563212
2015-09-01,3.405,3.431,3.323,3.357,14608800
2015-09-02,3.332,3.4,3.22,3.373,14161500
2015-09-07,3.373,3.525,3.31,3.334,15208512
2015-09-08,3.31,3.38,3.238,3.38,123700
2015-09-09,3.419,3.49,3.342,3.472,73111
2015-09-10,3.478,3.478,3.401,3.458,79700
2015-09-11,3.438,3.438,3.368,3.427,6900
2015-09-14,3.332,3.382,3.251,3.251,98800
2015-09-15,3.21,3.269,3.21,3.21,5800
2015-09-16,3.15,3.35,3.15,3.35,32400
2015-09-17,3.453,3.453,3.303,3.355,79400
2015-09-18,3.355,3.356,3.304,3.306,18800
2015-09-21,3.345,3.367,3.304,3.326,16900
2015-09-22,3.39,3.398,3.335,3.398,22300
2015-09-23,3.43,3.43,3.32,3.324,54272
2015-09-24,3.311,3.32,3.311,3.314,10400
2015-09-25,3.355,3.355,3.29,3.295,28100
2015-09-28,3.29,3.29,3.29,3.29,100
2015-09-29,3.203,3.303,3.203,3.218,10900
2015-09-30,3.33,3.33,3.223,3.289,10900
2015-10-08,3.396,3.396,3.322,3.377,40300
2015-10-09,3.381,3.386,3.351,3.383,33500
2015-10-12,3.383,3.6,3.304,3.525,142215
2015-10-13,3.488,3.526,3.46,3.526,36300
2015-10-14,3.48,3.509,3.47,3.509,49200
2015-10-15,3.421,3.559,3.421,3.556,25500
2015-10-16,3.55,3.59,3.522,3.588,76970
2015-10-19,3.63,3.63,3.52,3.57,57870
2015-10-20,3.53,3.6,3.521,3.585,46700
2015-10-21,3.556,3.649,3.502,3.537,63700
2015-10-22,3.596,3.596,3.481,3.559,13900
2015-10-23,3.559,3.629,3.487,3.536,28122
2015-10-26,3.65,3.65,3.59,3.59,30800
2015-10-27,3.503,3.584,3.502,3.584,5000
2015-10-28,3.584,3.636,3.565,3.609,13800
2015-10-29,3.648,3.648,3.62,3.62,300
2015-10-30,3.556,3.612,3.508,3.56,11500
2015-11-02,3.531,3.537,3.53,3.53,24822
2015-11-03,3.478,3.599,3.478,3.526,34172
2015-11-04,3.526,3.66,3.526,3.65,54400
2015-11-05,3.634,3.77,3.601,3.715,99353
2015-11-06,3.713,3.796,3.701,3.796,59200
2015-11-09,3.795,3.869,3.795,3.829,75500
2015-11-10,3.764,3.855,3.763,3.834,14000
2015-11-11,3.778,3.911,3.778,3.904,106700
2015-11-12,3.841,3.927,3.821,3.909,98320
2015-11-13,3.812,3.88,3.767,3.875,18084
2015-11-16,3.711,3.869,3.7,3.84,24000
2015-11-17,3.9,3.9,3.816,3.869,39300
2015-11-18,3.844,3.854,3.776,3.8,14500
2015-11-19,3.68,3.844,3.68,3.844,6600
2015-11-20,3.76,3.9,3.759,3.88,21900
2015-11-23,3.788,3.85,3.788,3.814,19400
2015-11-24,3.762,3.762,3.762,3.762,400
2015-11-25,3.783,3.876,3.783,3.876,34500
2015-11-26,3.958,3.958,3.83,3.86,24700
2015-11-27,3.778,3.848,3.617,3.765,51400
2015-11-30,3.64,3.704,3.6,3.672,62700
2015-12-01,3.68,3.68,3.617,3.679,4000
2015-12-02,3.754,3.754,3.661,3.701,54700
2015-12-03,3.667,3.795,3.664,3.795,67800
2015-12-04,3.799,3.799,3.693,3.786,40200
2015-12-07,3.682,3.763,3.682,3.737,34100
2015-12-08,3.671,3.743,3.671,3.673,3800
2015-12-09,3.729,3.729,3.7,3.7,4700
2015-12-10,3.7,3.7,3.651,3.651,2000
2015-12-11,3.651,3.651,3.649,3.649,19900
2015-12-14,3.644,3.73,3.644,3.716,48000
2015-12-15,3.73,3.73,3.715,3.715,8600
2015-12-16,3.712,3.75,3.711,3.717,24700
2015-12-17,3.73,3.843,3.73,3.748,22500
2015-12-18,3.752,3.85,3.752,3.833,41926
2015-12-21,3.817,3.879,3.817,3.852,61000
2015-12-22,3.8,3.917,3.797,3.87,14700
2015-12-23,3.816,3.898,3.815,3.898,14800
2015-12-24,3.898,3.898,3.768,3.849,2600
2015-12-25,3.796,3.899,3.796,3.899,172
2015-12-28,3.812,3.812,3.755,3.756,19800
2015-12-29,3.717,3.792,3.716,3.788,3900
2015-12-30,3.737,3.829,3.737,3.829,28300
2015-12-31,3.761,3.798,3.761,3.798,3500
2016-01-04,3.845,3.845,3.691,3.699,15800
2016-01-05,3.601,3.797,3.401,3.797,45700
2016-01-06,3.59,3.697,3.519,3.697,60400
2016-01-07,3.511,3.511,3.398,3.441,3500
2016-01-08,3.48,3.594,3.47,3.557,28100
2016-01-11,3.53,3.53,3.268,3.271,83600
2016-01-12,3.271,3.359,3.25,3.28,57700
2016-01-13,3.32,3.32,3.26,3.26,23300
2016-01-14,3.2,3.319,3.2,3.29,64100
2016-01-15,3.145,3.344,3.145,3.18,64500
2016-01-18,3.21,3.243,3.207,3.243,12200
2016-01-19,3.243,3.33,3.18,3.314,104000
2016-01-20,3.314,3.314,3.16,3.201,55700
2016-01-21,3.2,3.27,3.2,3.202,88600
2016-01-22,3.2,3.2,3.168,3.199,67122
2016-01-25,3.235,3.235,3.235,3.235,4400
2016-01-26,3.137,3.172,3.0,3.085,51700
2016-01-27,3.018,3.11,2.999,3.09,79300
2016-01-28,2.983,3.054,2.983,2.983,77384
2016-01-29,2.999,3.043,2.98,2.991,45006
2016-02-01,3.043,3.043,2.947,3.03,9900
2016-02-02,2.94,3.036,2.94,3.029,14500
2016-02-03,2.954,3.0,2.954,3.0,21106
2016-02-04,2.96,3.096,2.96,3.0,23206
2016-02-05,3.001,3.037,3.001,3.029,2900
2016-02-15,2.91,3.04,2.91,3.04,11506
2016-02-16,3.2,3.2,3.006,3.102,23000
2016-02-17,3.12,3.12,3.036,3.08,15100
2016-02-18,3.058,3.175,3.058,3.096,9900
2016-02-19,3.05,3.12,3.05,3.12,14000
2016-02-22,3.1,3.137,3.1,3.136,13431
2016-02-23,3.16,3.16,3.105,3.126,4000
2016-02-24,3.119,3.119,3.119,3.119,500
2016-02-25,3.083,3.1,2.978,3.079,70750
2016-02-26,3.054,3.145,2.969,3.145,22000
2016-02-29,3.094,3.094,2.902,2.977,44100
2016-03-01,2.916,3.015,2.916,2.993,19437
2016-03-02,2.989,3.078,2.985,3.076,108300
2016-03-03,3.076,3.12,3.076,3.078,84400
2016-03-04,3.091,3.091,3.091,3.091,100
2016-03-07,3.09,3.127,3.08,3.111,18141
2016-03-08,3.023,3.128,3.023,3.128,29100
2016-03-09,3.052,3.052,3.052,3.052,500
2016-03-10,3.025,3.058,3.025,3.058,6066
2016-03-11,3.003,3.082,3.002,3.002,1600
2016-03-14,3.099,3.123,3.099,3.122,19400
2016-03-15,3.112,3.112,3.04,3.04,4000
2016-03-16,3.089,3.12,3.089,3.103,21300
2016-03-17,3.15,3.15,3.137,3.138,48181
2016-03-18,3.196,3.211,3.156,3.19,36600
2016-03-21,3.203,3.264,3.203,3.26,11400
2016-03-22,3.266,3.297,3.201,3.275,59200
2016-03-23,3.176,3.23,3.176,3.216,14600
2016-03-24,3.245,3.245,3.163,3.233,5300
2016-03-25,3.162,3.205,3.162,3.205,54400
2016-03-28,3.27,3.27,3.263,3.263,2700
2016-03-29,3.162,3.213,3.14,3.213,45023
2016-03-30,3.082,3.24,3.082,3.24,210807
2016-03-31,3.253,3.253,3.23,3.252,12000
2016-04-01,3.191,3.252,3.191,3.247,1000
2016-04-05,3.252,3.297,3.252,3.297,2223
2016-04-06,3.303,3.308,3.242,3.28,8484
2016-04-07,3.255,3.255,3.246,3.252,800
2016-04-08,3.235,3.235,3.235,3.235,200
2016-04-11,3.295,3.295,3.238,3.289,20300
2016-04-12,3.212,3.297,3.212,3.297,3800
2016-04-13,3.313,3.313,3.261,3.305,9300
2016-04-14,3.223,3.313,3.223,3.309,4500
2016-04-15,3.23,3.364,3.23,3.322,8400
2016-04-18,3.298,3.298,3.298,3.298,100
2016-04-19,3.299,3.299,3.211,3.288,5500
2016-04-20,3.238,3.26,3.133,3.242,37000
2016-04-21,3.139,3.243,3.139,3.243,11200
2016-04-22,3.243,3.243,3.196,3.196,15400
2016-04-25,3.126,3.194,3.126,3.194,3100
2016-04-26,3.195,3.246,3.159,3.235,39000
2016-04-27,3.23,3.245,3.176,3.176,1600
2016-04-28,3.24,3.24,3.225,3.225,500
2016-04-29,3.175,3.175,3.175,3.175,500
2016-05-03,3.209,3.21,3.209,3.209,1500
2016-05-04,3.132,3.247,3.132,3.246,8900
2016-05-05,3.264,3.264,3.263,3.263,2600
2016-05-06,3.263,3.263,3.15,3.15,1300
2016-05-09,3.195,3.195,3.023,3.113,6300
2016-05-10,3.085,3.111,3.085,3.111,1800
2016-05-11,3.111,3.111,3.111,3.111,100
2016-05-12,2.911,3.173,2.911,3.129,7100
2016-05-13,3.129,3.135,3.052,3.108,8700
2016-05-16,3.19,3.19,3.091,3.103,1500
2016-05-17,3.021,3.125,3.021,3.124,10200
2016-05-18,3.0,3.157,3.0,3.156,45800
2016-05-19,3.06,3.12,3.06,3.12,10900
2016-05-20,3.13,3.13,3.105,3.107,8400
2016-05-23,3.107,3.107,3.105,3.105,2300
2016-05-24,3.116,3.116,3.062,3.081,7500
2016-05-26,3.103,3.103,3.012,3.07,16400
2016-05-27,3.05,3.108,2.997,3.108,19900
2016-05-30,3.061,3.397,3.061,3.39,52200
2016-05-31,3.26,3.26,3.16,3.205,30499
2016-06-01,3.12,3.212,3.12,3.135,14200
2016-06-02,3.205,3.209,3.138,3.148,34600
2016-06-03,3.2,3.214,3.149,3.211,5600
2016-06-06,3.222,3.222,3.21,3.21,78700
2016-06-07,3.153,3.156,3.153,3.156,600
2016-06-08,3.219,3.219,3.215,3.215,2600
2016-06-13,3.12,3.126,3.12,3.125,4900
2016-06-14,3.109,3.137,3.025,3.137,14800
2016-06-15,3.031,3.196,3.031,3.187,8800
2016-06-16,3.187,3.187,3.179,3.179,1500
2016-06-20,3.177,3.177,3.086,3.167,1300
2016-06-21,3.07,3.155,3.07,3.155,8299
2016-06-22,3.155,3.155,3.1,3.145,3400
2016-06-23,3.165,3.165,3.08,3.149,7300
2016-06-24,3.165,3.165,3.08,3.129,11000
2016-06-27,3.073,3.179,3.072,3.179,4500
2016-06-28,3.173,3.173,3.17,3.17,11200
2016-06-29,3.14,3.14,3.14,3.14,400
2016-06-30,3.131,3.131,3.125,3.125,2000
2016-07-01,3.161,3.224,3.161,3.224,2400
2016-07-04,3.218,3.292,3.2,3.29,40799
2016-07-05,3.289,3.29,3.22,3.285,28500
2016-07-06,3.226,3.298,3.226,3.298,8200
2016-07-07,3.25,3.348,3.25,3.254,19404
2016-07-08,3.278,3.278,3.249,3.249,13500
2016-07-11,3.24,3.326,3.24,3.326,33849
2016-07-12,3.263,3.382,3.263,3.382,8647
2016-07-13,3.382,3.382,3.302,3.345,7900
2016-07-14,3.339,3.35,3.31,3.35,3700
2016-07-15,3.33,3.354,3.33,3.354,200
2016-07-18,3.32,3.349,3.32,3.349,7200
2016-07-19,3.347,3.347,3.312,3.343,2400
2016-07-20,3.343,3.346,3.285,3.346,1900
2016-07-21,3.302,3.367,3.302,3.367,6600
2016-07-22,3.344,3.347,3.29,3.323,2300
2016-07-25,3.329,3.34,3.266,3.339,1500
2016-07-26,3.293,3.341,3.293,3.338,28721
2016-07-27,3.3,3.345,3.258,3.258,34700
2016-07-28,3.258,3.297,3.206,3.297,11696
2016-07-29,3.334,3.335,3.236,3.331,3100
2016-08-02,3.291,3.291,3.291,3.291,400
2016-08-03,3.348,3.348,3.291,3.291,700
2016-08-05,3.242,3.341,3.242,3.341,1100
2016-08-08,3.261,3.34,3.228,3.34,5400
2016-08-09,3.3,3.368,3.299,3.346,6900
2016-08-10,3.367,3.367,3.284,3.358,5200
2016-08-11,3.293,3.348,3.293,3.348,26204
2016-08-12,3.32,3.339,3.315,3.339,6427
2016-08-15,3.371,3.442,3.371,3.424,163407
2016-08-16,3.411,3.447,3.395,3.447,41600
2016-08-17,3.446,3.449,3.402,3.449,30200
2016-08-18,3.403,3.447,3.401,3.409,12000
2016-08-19,3.456,3.456,3.395,3.414,4900
2016-08-22,3.448,3.45,3.411,3.411,5900
2016-08-23,3.314,3.413,3.314,3.38,700
2016-08-24,3.455,3.455,3.339,3.376,15200
2016-08-25,3.366,3.372,3.361,3.372,8000
2016-08-26,3.385,3.398,3.385,3.391,2900
2016-08-29,3.407,3.407,3.37,3.37,12400
2016-08-30,3.37,3.37,3.37,3.37,345
2016-08-31,3.365,3.452,3.365,3.449,4500
2016-09-01,3.444,3.444,3.378,3.437,3400
2016-09-02,3.369,3.419,3.369,3.419,1700
2016-09-05,3.396,3.427,3.396,3.427,500
2016-09-06,3.4,3.4,3.4,3.4,900
2016-09-07,3.4,3.425,3.4,3.423,18800
2016-09-08,3.413,3.413,3.399,3.408,4400
2016-09-09,3.408,3.408,3.399,3.399,1000
2016-09-12,3.35,3.35,3.302,3.303,11800
2016-09-13,3.311,3.348,3.299,3.348,22192
2016-09-14,3.337,3.337,3.302,3.302,1800
2016-09-19,3.349,3.35,3.325,3.35,1600
2016-09-20,3.351,3.351,3.351,3.351,1292
2016-09-21,3.333,3.333,3.303,3.305,2700
2016-09-22,3.396,3.396,3.331,3.354,23662
2016-09-23,3.35,3.396,3.35,3.395,7300
2016-09-26,3.303,3.364,3.303,3.351,46500
2016-09-27,3.35,3.35,3.302,3.302,1542
2016-09-28,3.362,3.362,3.302,3.303,1100
2016-09-29,3.343,3.343,3.31,3.31,500
2016-09-30,3.2,3.361,3.2,3.354,3100
2016-10-10,3.354,3.365,3.261,3.35,9022
2016-10-11,3.375,3.375,3.341,3.368,4300
2016-10-12,3.322,3.359,3.322,3.358,2122
2016-10-13,3.349,3.374,3.349,3.374,2100
2016-10-14,3.351,3.377,3.351,3.377,2200
2016-10-17,3.325,3.428,3.325,3.38,2700
2016-10-18,3.377,3.685,3.348,3.685,54200
2016-10-19,3.42,3.458,3.42,3.436,21000
2016-10-20,3.421,3.422,3.411,3.411,7100
2016-10-21,3.441,3.445,3.441,3.445,1600
2016-10-24,3.433,3.457,3.427,3.457,22800
2016-10-25,3.471,3.496,3.382,3.496,16500
2016-10-26,3.441,3.441,3.409,3.409,2700
2016-10-27,3.436,3.436,3.352,3.379,2000
2016-10-28,3.419,3.441,3.415,3.441,12674
2016-10-31,3.371,3.44,3.371,3.426,2574
2016-11-01,3.512,3.512,3.512,3.512,800
2016-11-02,3.412,3.473,3.412,3.473,5600
2016-11-03,3.415,3.457,3.415,3.457,7900
2016-11-04,3.374,3.45,3.374,3.45,1100
2016-11-07,3.4,3.437,3.4,3.437,6800
2016-11-08,3.467,3.467,3.357,3.451,16953
2016-11-09,3.43,3.492,3.355,3.492,20253
2016-11-10,3.49,3.498,3.42,3.498,2453
2016-11-11,3.468,3.66,3.436,3.635,69853
2016-11-14,3.579,3.588,3.48,3.587,87584
2016-11-15,3.555,3.555,3.41,3.536,124000
2016-11-16,3.536,3.536,3.492,3.499,5400
2016-11-17,3.46,3.52,3.46,3.497,2700
2016-11-18,3.421,3.492,3.421,3.489,6900
2016-11-21,3.489,3.554,3.489,3.547,13900
2016-11-22,3.59,3.59,3.59,3.59,100
2016-11-23,3.6,3.6,3.506,3.579,15700
2016-11-24,3.573,3.573,3.55,3.558,11500
2016-11-25,3.589,3.589,3.528,3.588,10500
2016-11-28,3.585,3.589,3.585,3.589,62481
2016-11-29,3.579,3.618,3.579,3.591,67100
2016-11-30,3.591,3.591,3.583,3.583,5100
2016-12-01,3.584,3.608,3.526,3.607,14700
2016-12-02,3.596,3.626,3.586,3.586,49800
2016-12-05,3.531,3.627,3.531,3.57,11059
2016-12-06,3.543,3.618,3.543,3.615,2600
2016-12-07,3.511,3.61,3.511,3.61,6400
2016-12-08,3.624,3.624,3.561,3.601,6800
2016-12-09,3.573,3.608,3.573,3.608,2400
2016-12-12,3.578,3.6,3.517,3.52,3200
2016-12-14,3.618,3.62,3.49,3.49,4300
2016-12-15,3.47,3.52,3.404,3.404,7300
2016-12-16,3.49,3.49,3.438,3.438,1100
2016-12-19,3.439,3.495,3.407,3.495,2700
2016-12-20,3.485,3.485,3.485,3.485,400
2016-12-21,3.497,3.497,3.491,3.491,700
2016-12-22,3.468,3.468,3.468,3.468,800
2016-12-23,3.511,3.511,3.445,3.445,400
2016-12-26,3.499,3.499,3.436,3.436,200
2016-12-27,3.509,3.509,3.408,3.413,15200
2016-12-28,3.498,3.498,3.408,3.48,4200
2016-12-29,3.427,3.478,3.427,3.478,2400
2016-12-30,3.442,3.466,3.438,3.466,3600
2017-01-03,3.454,3.47,3.36,3.47,3700
2017-01-04,3.462,3.49,3.372,3.49,30200
2017-01-05,3.489,3.505,3.447,3.505,13600
2017-01-06,3.498,3.498,3.446,3.446,300
2017-01-09,3.48,3.48,3.48,3.48,6400
2017-01-10,3.481,3.517,3.48,3.517,1600
2017-01-11,3.506,3.506,3.48,3.48,3100
2017-01-12,3.48,3.48,3.472,3.472,12200
2017-01-13,3.458,3.499,3.458,3.459,8300
2017-01-16,3.451,3.451,3.421,3.422,1000
2017-01-17,3.448,3.48,3.439,3.439,9700
2017-01-18,3.462,3.462,3.416,3.417,700
2017-01-19,3.503,3.503,3.44,3.455,11753
2017-01-20,3.483,3.483,3.477,3.477,1500
2017-01-23,3.499,3.499,3.499,3.499,3500
2017-01-24,3.371,3.518,3.371,3.505,8500
2017-01-25,3.518,3.518,3.518,3.518,800
2017-01-26,3.523,3.53,3.428,3.514,4200
2017-02-03,3.499,3.499,3.497,3.497,1800
2017-02-06,3.48,3.54,3.367,3.486,55400
2017-02-07,3.483,3.498,3.451,3.482,27400
2017-02-08,3.468,3.486,3.467,3.485,8200
2017-02-09,3.483,3.497,3.471,3.492,9000
2017-02-10,3.492,3.501,3.492,3.501,12500
2017-02-13,3.515,3.516,3.504,3.509,32100
2017-02-14,3.512,3.524,3.431,3.524,36245
2017-02-15,3.52,3.527,3.506,3.506,51500
2017-02-16,3.516,3.517,3.51,3.511,18700
2017-02-17,3.546,3.546,3.505,3.505,4000
2017-02-20,3.546,3.547,3.514,3.514,23945
2017-02-21,3.526,3.684,3.526,3.653,523209
2017-02-22,3.679,3.679,3.581,3.594,2200
2017-02-23,3.61,3.61,3.61,3.61,6300
2017-02-24,3.62,3.62,3.601,3.62,3500
2017-02-27,3.62,3.62,3.531,3.62,5600
2017-02-28,3.629,3.629,3.574,3.616,12900
2017-03-01,3.617,3.617,3.584,3.584,400
2017-03-02,3.535,3.618,3.535,3.61,2900
2017-03-03,3.531,3.609,3.501,3.515,31500
2017-03-06,3.527,3.619,3.527,3.537,23409
2017-03-07,3.524,3.591,3.524,3.591,2300
2017-03-08,3.583,3.583,3.583,3.583,200
2017-03-10,3.581,3.581,3.581,3.581,500
2017-03-13,3.472,3.609,3.472,3.498,10900
2017-03-14,3.534,3.6,3.534,3.592,16300
2017-03-15,3.548,3.582,3.548,3.553,2900
2017-03-16,3.587,3.587,3.587,3.587,800
2017-03-17,3.579,3.615,3.531,3.613,45709
2017-03-20,3.6,3.639,3.562,3.609,5800
2017-03-21,3.639,3.639,3.63,3.631,1500
2017-03-22,3.548,3.62,3.548,3.62,900
2017-03-24,3.648,3.648,3.571,3.607,2000
2017-03-29,3.599,3.637,3.534,3.637,19700
2017-03-30,3.56,3.636,3.56,3.636,4200
2017-03-31,3.63,3.636,3.63,3.636,1400
2017-04-05,3.639,3.684,3.62,3.633,138618
2017-04-06,3.645,3.65,3.645,3.65,10500
2017-04-07,3.65,3.684,3.604,3.684,79490
2017-04-10,3.684,3.684,3.616,3.682,7500
2017-04-11,3.678,3.686,3.602,3.686,31200
2017-04-12,3.7,3.7,3.625,3.698,16600
2017-04-13,3.695,3.697,3.626,3.697,6922
2017-04-14,3.697,3.699,3.641,3.693,18600
2017-04-17,3.598,3.683,3.598,3.659,900
2017-04-18,3.67,3.689,3.651,3.689,14200
2017-04-19,3.614,3.694,3.601,3.694,12300
2017-04-21,3.6,3.693,3.6,3.693,600
2017-04-24,3.693,3.729,3.435,3.684,14912
2017-04-26,3.67,3.67,3.67,3.67,100
2017-04-27,3.601,3.601,3.598,3.598,6700
2017-04-28,3.648,3.648,3.621,3.625,4500
2017-05-02,3.558,3.647,3.558,3.647,200
2017-05-03,3.559,3.559,3.559,3.559,4500
2017-05-04,3.557,3.557,3.503,3.536,3200
2017-05-05,3.506,3.597,3.431,3.597,22600
2017-05-08,3.59,3.59,3.499,3.548,41700
2017-05-09,3.448,3.548,3.448,3.547,11800
2017-05-10,3.547,3.547,3.458,3.494,4100
2017-05-11,3.451,3.489,3.41,3.489,5800
2017-05-12,3.418,3.486,3.418,3.483,3800
2017-05-15,3.599,3.599,3.499,3.5,7100
2017-05-16,3.649,3.66,3.501,3.599,29100
2017-05-17,3.646,3.646,3.645,3.645,1400
2017-05-18,3.501,3.645,3.501,3.617,1700
2017-05-19,3.617,3.617,3.551,3.617,1200
2017-05-22,3.6,3.6,3.503,3.598,1900
2017-05-23,3.598,3.598,3.47,3.548,10400
2017-05-24,3.461,3.548,3.46,3.548,36500
2017-05-25,3.551,3.551,3.519,3.547,8800
2017-05-26,3.548,3.555,3.508,3.554,5300
2017-05-31,3.502,3.678,3.502,3.592,59400
2017-06-01,3.526,3.567,3.526,3.567,700
2017-06-02,3.54,3.649,3.54,3.649,4400
2017-06-05,3.549,3.599,3.51,3.599,1500
2017-06-06,3.507,3.535,3.505,3.532,3500
2017-06-07,3.546,3.583,3.53,3.583,54900
2017-06-08,3.728,3.728,3.56,3.563,14700
2017-06-09,3.563,3.651,3.563,3.651,10600
2017-06-12,3.647,3.654,3.601,3.654,21600
2017-06-13,3.58,3.651,3.58,3.651,3100
2017-06-14,3.602,3.678,3.6,3.678,12953
2017-06-15,3.647,3.676,3.564,3.676,9500
2017-06-16,3.701,3.701,3.601,3.661,16900
2017-06-19,3.602,3.678,3.601,3.607,19200
2017-06-20,3.618,3.618,3.581,3.618,15000
2017-06-21,3.618,3.637,3.581,3.588,15700
2017-06-22,3.637,3.637,3.59,3.59,7300
2017-06-23,3.684,3.685,3.638,3.638,28900
2017-06-26,3.638,3.638,3.638,3.638,3800
2017-06-27,3.599,3.726,3.599,3.697,14100
2017-06-28,3.629,3.698,3.552,3.698,18400
2017-06-29,3.565,3.667,3.565,3.667,27400
2017-06-30,3.577,3.664,3.576,3.648,13800
2017-07-03,3.64,3.647,3.63,3.647,15600
2017-07-04,3.64,3.64,3.64,3.64,700
2017-07-05,3.621,3.648,3.621,3.648,5400
2017-07-06,3.62,3.663,3.61,3.663,15900
2017-07-10,3.62,3.666,3.62,3.666,5300
2017-07-11,3.701,3.701,3.632,3.701,6600
2017-07-12,3.651,3.698,3.651,3.698,1200
2017-07-13,3.62,3.697,3.62,3.643,5500
2017-07-14,3.656,3.687,3.644,3.687,1600
2017-07-17,3.674,3.701,3.62,3.701,40000
2017-07-18,3.571,3.692,3.571,3.692,1700
2017-07-19,3.684,3.7,3.684,3.7,35400
2017-07-20,3.728,3.749,3.667,3.749,16600
2017-07-21,3.69,3.747,3.69,3.745,13700
2017-07-24,3.691,3.76,3.691,3.759,12100
2017-07-25,3.759,3.784,3.714,3.717,23900
2017-07-26,3.717,3.728,3.717,3.72,2500
2017-07-27,3.732,3.756,3.703,3.756,14137
2017-07-28,3.712,3.755,3.712,3.755,500
2017-07-31,3.76,3.76,3.749,3.75,637
2017-08-01,3.765,3.765,3.715,3.715,2400
2017-08-02,3.723,3.801,3.723,3.801,12100
2017-08-03,3.8,3.8,3.749,3.783,13499
2017-08-04,3.831,3.831,3.821,3.821,4500
2017-08-07,3.78,3.78,3.78,3.78,1800
2017-08-08,3.824,3.825,3.735,3.825,7000
2017-08-09,3.742,3.798,3.74,3.798,8300
2017-08-10,3.731,3.798,3.73,3.798,14600
2017-08-11,3.748,3.785,3.715,3.779,2600
2017-08-14,3.715,3.77,3.715,3.77,10300
2017-08-15,3.77,3.772,3.768,3.772,1500
2017-08-16,3.72,3.754,3.72,3.754,1100
2017-08-17,3.715,3.758,3.715,3.758,1000
2017-08-18,3.729,3.794,3.728,3.786,171800
2017-08-21,3.69,3.774,3.69,3.774,5700
2017-08-22,3.769,3.773,3.736,3.773,3400
2017-08-23,3.737,3.783,3.736,3.783,3000
2017-08-24,3.736,3.785,3.736,3.785,2100
2017-08-25,3.824,3.824,3.755,3.824,1400
2017-08-28,3.775,3.847,3.775,3.847,11000
2017-08-29,3.81,3.846,3.803,3.845,7200
2017-08-30,3.844,3.844,3.844,3.844,500
2017-08-31,3.847,3.848,3.805,3.848,3708
2017-09-01,3.824,3.847,3.821,3.847,600
2017-09-04,3.85,3.9,3.847,3.9,467553
2017-09-05,3.913,3.96,3.888,3.902,117166
2017-09-06,3.866,3.998,3.866,3.901,68400
2017-09-07,3.901,4.035,3.901,3.951,46172
2017-09-08,3.951,3.951,3.951,3.951,3800
2017-09-11,4.195,4.195,3.951,3.952,4500
2017-09-12,3.931,3.931,3.926,3.926,20200
2017-09-13,4.197,4.197,3.905,3.999,5000
2017-09-14,3.987,3.987,3.95,3.981,1600
2017-09-15,3.883,3.96,3.883,3.958,4600
2017-09-18,3.957,4.006,3.957,3.988,14700
2017-09-19,4.0,4.0,4.0,4.0,300
2017-09-20,3.999,3.999,3.952,3.954,9300
2017-09-22,3.908,3.908,3.846,3.907,4700
2017-09-25,3.87,3.87,3.85,3.85,3800
2017-09-26,3.848,3.848,3.812,3.838,4000
2017-09-27,3.925,3.925,3.923,3.925,7000
2017-09-28,3.936,3.936,3.936,3.936,100
2017-09-29,3.94,3.94,3.94,3.94,200
2017-10-09,4.28,4.28,3.94,3.955,24800
2017-10-10,4.167,4.167,4.086,4.086,1300
2017-10-11,4.0,4.079,3.985,3.985,18700
2017-10-12,4.0,4.0,3.925,3.925,5100
2017-10-13,3.938,3.987,3.938,3.94,8800
2017-10-16,3.927,3.94,3.875,3.875,5600
2017-10-17,3.91,3.91,3.858,3.866,7900
2017-10-18,3.86,3.96,3.86,3.96,900
2017-10-19,3.949,3.949,3.883,3.945,6000
2017-10-20,3.896,3.9,3.896,3.9,400
2017-10-23,3.885,3.97,3.813,3.97,20800
2017-10-24,3.87,3.963,3.851,3.963,14100
2017-10-25,3.91,3.949,3.91,3.949,4700
2017-10-26,3.958,3.974,3.958,3.974,7700
2017-10-27,3.92,3.974,3.92,3.974,700
2017-10-30,3.975,3.975,3.912,3.912,12400
2017-10-31,3.91,4.1,3.899,4.08,7600
2017-11-01,3.91,4.064,3.91,3.96,3200
2017-11-02,3.91,4.039,3.91,4.019,14000
2017-11-03,3.915,4.0,3.915,4.0,5500
2017-11-06,3.98,3.999,3.98,3.999,2600
2017-11-07,3.999,3.999,3.999,3.999,5000
2017-11-09,4.0,4.0,4.0,4.0,100
2017-11-10,4.0,4.0,4.0,4.0,3300
2017-11-13,4.074,4.246,4.074,4.074,16900
2017-11-14,4.1,4.173,3.995,4.099,6500
2017-11-15,3.981,4.01,3.951,4.01,5300
2017-11-16,3.9,4.06,3.9,4.06,28300
2017-11-17,3.982,4.055,3.93,4.043,20200
2017-11-20,3.94,4.023,3.835,3.982,20300
2017-11-21,3.98,4.057,3.875,4.057,37000
2017-11-22,3.99,4.03,3.961,4.02,14200
2017-11-23,4.02,4.02,3.951,3.99,10900
2017-11-24,3.95,3.95,3.836,3.864,7700
2017-11-27,3.87,3.899,3.87,3.899,2900
2017-11-28,3.866,4.0,3.866,3.999,5400
2017-11-29,3.885,3.992,3.885,3.9,3500
2017-11-30,3.86,3.953,3.82,3.953,5100
2017-12-01,3.987,3.987,3.895,3.93,3600
2017-12-04,3.88,3.99,3.88,3.97,19200
2017-12-06,3.948,3.97,3.866,3.969,21000
2017-12-07,3.879,3.948,3.86,3.945,12400
2017-12-08,3.89,3.93,3.857,3.93,8600
2017-12-11,3.91,3.955,3.91,3.955,1100
2017-12-12,3.857,3.943,3.857,3.943,1000
2017-12-14,3.988,3.988,3.988,3.988,100
2017-12-15,3.98,3.98,3.98,3.98,100
2017-12-18,3.862,3.938,3.862,3.937,12600
2017-12-19,3.88,3.93,3.867,3.892,8000
2017-12-21,3.83,3.942,3.735,3.942,20200
2017-12-22,3.852,3.874,3.799,3.874,6800
2017-12-26,3.815,3.816,3.803,3.814,7300
2017-12-27,3.875,3.875,3.799,3.799,4400
2017-12-28,3.856,3.856,3.835,3.835,1900
2017-12-29,3.869,3.871,3.806,3.867,6500
2018-01-02,3.9,3.9,3.887,3.887,1000
2018-01-03,3.887,3.949,3.776,3.949,38200
2018-01-04,3.864,3.946,3.864,3.909,6200
2018-01-05,3.873,3.9,3.873,3.873,7800
2018-01-08,3.87,3.896,3.87,3.896,21900
2018-01-09,3.88,3.896,3.88,3.896,19200
2018-01-10,3.882,3.918,3.882,3.916,1800
2018-01-11,3.966,3.966,3.873,3.93,1501
2018-01-12,3.88,3.926,3.88,3.926,400
2018-01-16,3.912,3.92,3.873,3.92,3400
2018-01-17,3.94,3.94,3.933,3.933,5600
2018-01-18,3.933,3.999,3.933,3.937,13801
2018-01-19,3.933,3.933,3.91,3.931,5400
2018-01-22,3.932,3.97,3.932,3.959,30000
2018-01-23,3.959,3.999,3.93,3.976,32500
2018-01-24,4.0,4.23,3.973,4.093,56000
2018-01-25,4.034,4.18,3.86,4.096,44500
2018-01-26,4.018,4.087,4.012,4.087,18600
2018-01-29,4.008,4.085,4.0,4.01,32600
2018-01-30,3.983,3.998,3.951,3.998,12000
2018-01-31,3.925,3.998,3.916,3.997,16100
2018-02-01,4.006,4.006,3.92,4.004,20100
2018-02-02,4.004,4.004,3.951,3.951,17800
2018-02-05,3.943,4.199,3.904,3.95,3500
2018-02-06,3.9,4.087,3.831,4.087,44600
2018-02-07,4.087,4.088,3.885,3.891,68100
2018-02-08,3.969,3.969,3.805,3.872,17200
2018-02-09,3.805,3.88,3.8,3.88,13500
2018-02-12,3.802,3.84,3.68,3.688,66200
2018-02-13,3.602,3.877,3.602,3.868,40800
2018-02-14,3.802,3.844,3.712,3.796,7200
2018-02-22,3.796,3.8,3.694,3.796,55800
2018-02-23,3.78,3.792,3.72,3.78,13900
2018-02-26,3.776,3.78,3.723,3.78,25500
2018-02-27,3.8,3.81,3.709,3.77,26800
2018-02-28,3.702,3.745,3.685,3.744,21100
2018-03-01,3.728,3.743,3.682,3.73,16800
2018-03-02,3.702,3.73,3.678,3.723,2900
2018-03-05,3.677,3.721,3.667,3.686,3900
2018-03-06,3.718,3.738,3.681,3.736,10300
2018-03-07,3.71,3.745,3.665,3.74,9900
2018-03-08,3.728,3.74,3.728,3.731,6000
2018-03-09,3.757,3.76,3.714,3.757,186300
2018-03-12,3.768,3.8,3.73,3.787,35900
2018-03-13,3.74,3.782,3.74,3.768,30500
2018-03-14,3.738,3.753,3.712,3.748,13100
2018-03-15,3.735,3.745,3.711,3.718,1800
2018-03-16,3.748,3.756,3.67,3.692,50000
2018-03-19,3.667,3.718,3.647,3.716,40800
2018-03-20,3.698,3.717,3.653,3.717,6800
2018-03-21,3.718,3.738,3.679,3.732,8000
2018-03-22,3.7,3.718,3.66,3.668,25000
2018-03-23,3.668,3.668,3.595,3.624,33600
2018-03-26,3.566,3.652,3.566,3.645,27600
2018-03-27,3.652,3.672,3.652,3.67,74600
2018-03-28,3.532,3.67,3.532,3.67,20100
2018-03-29,3.601,3.672,3.584,3.67,16500
2018-03-30,3.663,3.664,3.6,3.663,20500
2018-04-02,3.664,3.668,3.617,3.663,12000
2018-04-03,3.582,3.662,3.58,3.658,17300
2018-04-04,3.645,3.664,3.645,3.658,5900
2018-04-09,3.612,3.612,3.57,3.575,18400
2018-04-10,3.646,3.647,3.644,3.647,10000
2018-04-11,3.672,3.672,3.636,3.668,23600
2018-04-12,3.655,3.655,3.619,3.619,5000
2018-04-13,3.66,3.66,3.659,3.659,200
2018-04-16,3.659,3.671,3.554,3.666,43000
2018-04-17,3.618,3.65,3.5,3.65,74900
2018-04-18,3.647,3.648,3.5,3.541,59200
2018-04-19,3.586,3.588,3.557,3.558,16300
2018-04-20,3.558,3.58,3.482,3.56,35400
2018-04-23,3.518,3.558,3.475,3.558,16900
2018-04-24,3.647,3.647,3.5,3.556,22600
2018-04-25,3.54,3.548,3.5,3.548,10500
2018-04-26,3.525,3.568,3.484,3.568,9500
2018-04-27,3.497,3.551,3.497,3.536,12600
2018-05-02,3.55,3.579,3.55,3.55,4400
2018-05-03,3.526,3.598,3.501,3.598,26800
2018-05-04,3.544,3.565,3.53,3.564,15500
2018-05-07,3.62,3.62,3.525,3.559,18500
2018-05-08,3.588,3.618,3.578,3.618,5200
2018-05-09,3.58,3.626,3.58,3.624,2200
2018-05-10,3.589,3.629,3.576,3.624,1500
2018-05-11,3.62,3.639,3.597,3.597,25100
2018-05-14,3.67,3.67,3.566,3.61,14400
2018-05-15,3.59,3.598,3.584,3.597,4300
2018-05-16,3.577,3.607,3.577,3.606,7800
2018-05-17,3.582,3.621,3.582,3.598,1300
2018-05-18,3.561,3.612,3.561,3.611,6200
2018-05-21,3.645,3.645,3.592,3.635,4200
2018-05-22,3.61,3.61,3.596,3.61,31800
2018-05-23,3.61,3.63,3.608,3.623,5200
2018-05-24,3.576,3.618,3.574,3.577,5300
2018-05-25,3.614,3.614,3.553,3.556,1700
2018-05-28,3.598,3.598,3.552,3.592,3000
2018-05-29,3.551,3.551,3.551,3.551,5900
2018-05-30,3.54,3.574,3.483,3.574,11200
2018-05-31,3.5,3.545,3.5,3.545,7200
2018-06-01,3.545,3.545,3.545,3.545,3000
2018-06-04,3.501,3.565,3.501,3.565,1100
2018-06-05,3.52,3.56,3.513,3.545,5500
2018-06-06,3.538,3.538,3.516,3.516,8600
2018-06-07,3.516,3.535,3.516,3.533,4200
2018-06-08,3.529,3.529,3.49,3.507,4600
2018-06-11,3.512,3.513,3.512,3.513,1600
2018-06-12,3.498,3.567,3.477,3.552,24000
2018-06-13,3.518,3.55,3.518,3.549,12500
2018-06-14,3.55,3.55,3.506,3.545,1400
2018-06-15,3.541,3.545,3.54,3.545,3000
2018-06-19,3.648,3.648,3.476,3.53,35400
2018-06-20,3.53,3.581,3.5,3.5,46501
2018-06-21,3.478,3.478,3.311,3.431,6700
2018-06-22,3.431,3.441,3.431,3.441,101
2018-06-25,3.45,3.57,3.45,3.45,9600
2018-06-26,3.45,3.45,3.215,3.449,3300
2018-06-27,3.583,3.583,3.538,3.538,33400
2018-06-28,3.302,3.549,3.302,3.549,7500
2018-06-29,3.538,3.548,3.331,3.548,24500
2018-07-02,3.355,3.545,3.355,3.538,29800
2018-07-03,3.322,3.491,3.322,3.489,7600
2018-07-04,3.492,3.492,3.361,3.362,10400
2018-07-05,3.4,3.4,3.362,3.362,1700
2018-07-06,3.362,3.4,3.362,3.397,13600
2018-07-09,3.519,3.519,3.346,3.353,74600
2018-07-10,3.353,3.355,3.3,3.355,9900
2018-07-11,3.191,3.338,3.191,3.285,9900
2018-07-12,3.26,3.32,3.203,3.32,21800
2018-07-13,3.321,3.321,3.31,3.315,5300
2018-07-16,3.266,3.409,3.266,3.281,2942
2018-07-17,3.281,3.334,3.243,3.302,9600
2018-07-18,3.33,3.337,3.315,3.315,15600
2018-07-20,3.358,3.358,3.316,3.35,5600
2018-07-23,3.342,3.399,3.342,3.389,5100
2018-07-24,3.699,3.699,3.361,3.44,18300
2018-07-25,3.426,3.44,3.342,3.41,20700
2018-07-26,3.399,3.409,3.356,3.405,14500
2018-07-30,3.353,3.37,3.353,3.37,1000
2018-07-31,3.37,3.388,3.344,3.386,11142
2018-08-01,3.386,3.4,3.386,3.399,2900
2018-08-02,3.275,3.275,3.271,3.272,1200
2018-08-03,3.319,3.321,3.319,3.32,23200
2018-08-06,3.199,3.385,3.199,3.359,6800
2018-08-07,3.392,3.392,3.224,3.39,9900
2018-08-08,3.302,3.302,3.302,3.302,100
2018-08-09,3.281,3.5,3.281,3.344,49400
2018-08-10,3.362,3.574,3.32,3.32,37600
2018-08-13,3.3,3.51,3.291,3.4,9900
2018-08-14,3.299,3.505,3.299,3.486,9100
2018-08-15,3.481,3.482,3.3,3.32,60000
2018-08-16,3.32,3.415,3.116,3.25,28400
2018-08-17,3.221,3.245,3.2,3.21,4200
2018-08-20,3.21,3.292,3.2,3.237,3100
2018-08-21,3.167,3.29,3.167,3.289,6300
2018-08-22,3.289,3.289,3.212,3.289,2300
2018-08-23,3.289,3.289,3.216,3.216,4200
2018-08-24,3.216,3.29,3.216,3.288,1900
2018-08-27,3.391,3.391,3.202,3.322,23700
2018-08-28,3.26,3.347,3.26,3.347,27000
2018-08-29,3.344,3.347,3.344,3.347,40000
2018-08-30,3.347,3.395,3.296,3.296,50100
2018-08-31,3.383,3.383,3.26,3.29,4100
2018-09-03,3.439,3.44,3.22,3.226,1400
2018-09-04,3.4,3.4,3.264,3.27,400
2018-09-05,3.4,3.4,3.26,3.26,2600
2018-09-06,3.448,3.449,3.34,3.34,400
2018-09-07,3.35,3.35,3.21,3.35,2500
2018-09-10,3.328,3.347,3.21,3.21,2400
2018-09-11,3.212,3.312,3.212,3.25,10600
2018-09-12,3.304,3.341,3.304,3.341,4200
2018-09-13,3.339,3.339,3.223,3.337,5000
2018-09-14,3.333,3.333,3.333,3.333,600
2018-09-17,3.25,3.344,3.25,3.344,700
2018-09-18,3.344,3.344,3.223,3.237,95100
2018-09-19,3.232,3.284,3.199,3.242,14700
2018-09-20,3.275,3.275,3.249,3.249,1900
2018-09-21,3.245,3.297,3.245,3.25,18800
2018-09-25,3.299,3.315,3.251,3.312,22500
2018-09-26,3.343,3.35,3.3,3.345,10300
2018-09-27,3.282,3.282,3.282,3.282,100
2018-09-28,3.288,3.342,3.27,3.342,8800
2018-10-08,3.299,3.356,3.25,3.265,3400
2018-10-09,3.265,3.38,3.265,3.366,10700
2018-10-10,3.366,3.366,3.23,3.36,36600
2018-10-11,3.21,3.36,3.21,3.329,140800
2018-10-12,3.37,3.37,3.2,3.21,22100
2018-10-15,3.37,3.392,3.1,3.1,88900
2018-10-16,3.141,3.141,3.098,3.1,17400
2018-10-17,3.1,3.197,3.05,3.197,6500
2018-10-18,3.185,3.199,3.0,3.18,105200
2018-10-19,3.1,3.1,3.0,3.09,96900
2018-10-22,3.09,3.249,3.05,3.227,67800
2018-10-23,3.227,3.229,3.062,3.211,43400
2018-10-24,3.112,3.148,3.07,3.1,5000
2018-10-25,3.082,3.09,3.023,3.09,6600
2018-10-26,3.09,3.14,3.088,3.088,3900
2018-10-29,3.089,3.124,3.02,3.109,76300
2018-10-30,3.12,3.12,3.013,3.08,8700
2018-10-31,3.08,3.179,3.066,3.179,1900
2018-11-01,3.125,3.18,3.125,3.171,26300
2018-11-02,3.218,3.218,3.083,3.206,40600
2018-11-05,3.204,3.206,3.11,3.196,118000
2018-11-06,3.165,3.169,3.102,3.167,82400
2018-11-07,3.167,3.176,3.167,3.167,73600
2018-11-08,3.176,3.176,3.135,3.135,10300
2018-11-09,3.156,3.156,3.064,3.09,55000
2018-11-12,3.079,3.2,3.079,3.169,39000
2018-11-13,3.075,3.168,3.073,3.135,40300
2018-11-14,3.159,3.159,3.121,3.122,10300
2018-11-15,3.166,3.166,3.103,3.155,21200
2018-11-16,3.125,3.17,3.125,3.168,45500
2018-11-19,3.164,3.164,3.137,3.162,4400
2018-11-20,3.14,3.143,3.104,3.104,16100
2018-11-21,3.073,3.14,3.073,3.14,1100
2018-11-22,3.13,3.144,3.112,3.144,5300
2018-11-23,3.14,3.14,3.078,3.089,39900
2018-11-26,3.16,3.16,3.06,3.112,47900
2018-11-27,3.052,3.109,3.052,3.108,3800
2018-11-28,3.108,3.108,3.08,3.102,15500
2018-11-29,3.118,3.129,3.102,3.102,1200
2018-11-30,3.102,3.122,3.065,3.098,14400
2018-12-03,3.113,3.149,3.1,3.149,57900
2018-12-04,3.164,3.164,3.127,3.159,32400
2018-12-05,3.158,3.159,3.109,3.122,21700
2018-12-06,3.13,3.147,3.059,3.13,6200
2018-12-07,3.131,3.133,3.131,3.131,1900
2018-12-10,3.066,3.107,3.066,3.107,1900
2018-12-11,3.1,3.114,3.1,3.1,3900
2018-12-12,3.1,3.131,3.1,3.109,6100
2018-12-13,3.15,3.15,3.148,3.149,24500
2018-12-14,3.105,3.15,3.105,3.15,1400
2018-12-17,3.135,3.135,3.091,3.091,3700
2018-12-18,3.091,3.091,3.088,3.088,3559
2018-12-19,3.146,3.146,3.145,3.145,1200
2018-12-20,3.143,3.143,3.055,3.142,2200
2018-12-21,3.138,3.138,3.03,3.03,400
2018-12-24,3.03,3.286,2.986,3.197,47700
2018-12-25,3.0,3.148,3.0,3.084,61500
2018-12-26,3.083,3.084,3.05,3.05,11400
2018-12-27,3.101,3.101,3.013,3.099,500
2018-12-28,3.09,3.099,3.09,3.099,2000
2019-01-02,3.09,3.099,3.0,3.001,22500
2019-01-03,3.0,3.08,2.94,2.94,218800
2019-01-04,2.989,3.004,2.941,3.004,892800
2019-01-07,3.018,3.027,3.012,3.023,41400
2019-01-08,3.019,3.02,3.011,3.02,29900
2019-01-09,3.035,3.073,3.035,3.054,45100
2019-01-10,3.035,3.048,3.03,3.03,42700
2019-01-11,3.05,3.058,3.037,3.058,8900
2019-01-14,3.041,3.048,3.033,3.033,13300
2019-01-15,3.036,3.077,3.036,3.077,120200
2019-01-16,3.072,3.078,3.066,3.073,46600
2019-01-17,3.066,3.089,3.062,3.062,63800
2019-01-18,3.08,3.098,3.08,3.098,44300
2019-01-21,3.1,3.134,3.1,3.124,127000
2019-01-22,3.115,3.115,3.083,3.089,32800
2019-01-23,3.082,3.103,3.082,3.087,8699
2019-01-24,3.096,3.11,3.081,3.107,63000
2019-01-25,3.115,3.137,3.115,3.123,126300
2019-01-28,3.148,3.152,3.112,3.118,65200
2019-01-29,3.102,3.116,3.072,3.116,34384
2019-01-30,3.095,3.115,3.092,3.092,40600
2019-01-31,3.106,3.125,3.091,3.104,40600
2019-02-01,3.118,3.14,3.111,3.139,128000
2019-02-11,3.049,3.185,3.046,3.185,963600
2019-02-12,3.179,3.205,3.179,3.202,149300
2019-02-13,3.209,3.266,3.201,3.262,164100
2019-02-14,3.25,3.268,3.248,3.255,88700
2019-02-15,3.245,3.25,3.227,3.228,116400
2019-02-18,3.25,3.294,3.246,3.294,334200
2019-02-19,3.294,3.315,3.272,3.291,289700
2019-02-20,3.295,3.301,3.282,3.299,108300
2019-02-21,3.291,3.335,3.281,3.289,149800
2019-02-22,3.289,3.346,3.269,3.346,197600
2019-02-25,3.397,3.554,3.346,3.554,658742
2019-02-26,3.555,3.556,3.525,3.55,527199
2019-02-27,3.519,3.562,3.5,3.508,532300
2019-02-28,3.51,3.522,3.488,3.52,123800
2019-03-01,3.52,3.555,3.496,3.555,196100
2019-03-04,3.59,3.662,3.519,3.622,415700
2019-03-05,3.608,3.645,3.569,3.631,525900
2019-03-06,3.631,3.653,3.6,3.648,388400
2019-03-07,3.648,3.664,3.622,3.637,321442
2019-03-08,3.6,3.6,3.506,3.553,215900
2019-03-11,3.553,3.564,3.504,3.562,162900
2019-03-12,3.555,3.634,3.555,3.6,657000
2019-03-13,3.56,3.623,3.56,3.571,91800
2019-03-14,3.572,3.58,3.526,3.54,335000
2019-03-15,3.545,3.606,3.545,3.578,180400
2019-03-18,3.607,3.77,3.571,3.769,356100
2019-03-19,3.766,3.766,3.662,3.664,321100
2019-03-20,3.662,3.7,3.627,3.667,240700
2019-03-21,3.671,3.706,3.67,3.687,219900
2019-03-22,3.686,3.699,3.651,3.688,446500
2019-03-25,3.651,3.676,3.633,3.656,124400
2019-03-26,3.656,3.693,3.568,3.569,308400
2019-03-27,3.569,3.604,3.569,3.604,317100
2019-03-28,3.608,3.608,3.568,3.575,137900
2019-03-29,3.575,3.689,3.575,3.686,474300
2019-04-01,4.04,4.04,3.687,3.772,556400
2019-04-02,3.772,3.794,3.769,3.783,273400
2019-04-03,3.745,3.825,3.745,3.82,309900
2019-04-04,3.848,3.878,3.83,3.862,487500
2019-04-08,3.862,3.93,3.837,3.878,725700
2019-04-09,3.881,3.881,3.85,3.865,237900
2019-04-10,3.843,3.897,3.827,3.872,456900
2019-04-11,3.864,3.881,3.794,3.801,300100
2019-04-12,3.785,3.815,3.776,3.798,576500
2019-04-15,3.836,3.877,3.786,3.847,700100
2019-04-16,3.788,3.881,3.761,3.881,428500
2019-04-17,3.881,3.903,3.867,3.895,363000
2019-04-18,3.845,3.915,3.845,3.879,143500
2019-04-19,3.88,3.9,3.85,3.9,231700
2019-04-22,3.899,3.908,3.835,3.875,1032300
2019-04-23,3.875,3.875,3.807,3.817,494000
2019-04-24,3.812,3.827,3.764,3.817,859700
2019-04-25,3.817,3.817,3.719,3.72,855500
2019-04-26,3.718,3.727,3.674,3.678,634700
2019-04-29,3.626,3.712,3.626,3.661,591800
2019-04-30,3.661,3.688,3.652,3.682,496300
2019-05-06,3.68,3.68,3.445,3.48,1182200
2019-05-07,3.48,3.527,3.464,3.507,467900
2019-05-08,3.472,3.512,3.435,3.471,376700
2019-05-09,3.451,3.467,3.41,3.417,735600
2019-05-10,3.442,3.533,3.407,3.529,799300
2019-05-13,3.522,3.522,3.468,3.478,1018400
2019-05-14,3.47,3.49,3.447,3.463,421200
2019-05-15,3.463,3.543,3.463,3.534,412200
2019-05-16,3.518,3.551,3.518,3.55,328600
2019-05-17,3.551,3.551,3.461,3.471,493500
2019-05-20,3.456,3.466,3.412,3.446,935000
2019-05-21,3.455,3.511,3.455,3.494,636800
2019-05-22,3.494,3.498,3.463,3.475,817000
2019-05-23,3.475,3.475,3.426,3.43,335700
2019-05-24,3.437,3.459,3.424,3.433,557200
2019-05-27,3.428,3.484,3.405,3.477,516900
2019-05-28,3.475,3.52,3.475,3.485,454200
2019-05-29,3.555,3.555,3.475,3.507,345100
2019-05-30,3.507,3.509,3.471,3.501,202100
2019-05-31,3.491,3.52,3.491,3.495,601000
2019-06-03,3.48,3.526,3.475,3.487,369800
2019-06-04,3.487,3.487,3.436,3.451,821600
2019-06-05,3.479,3.479,3.445,3.45,452800
2019-06-06,3.452,3.452,3.411,3.414,1166500
2019-06-10,3.425,3.457,3.416,3.448,1801200
2019-06-11,3.475,3.543,3.462,3.54,1972700
2019-06-12,3.574,3.574,3.505,3.521,657100
2019-06-13,3.518,3.531,3.496,3.524,737300
2019-06-14,3.506,3.54,3.486,3.489,1181100
2019-06-17,3.489,3.515,3.489,3.494,677000
2019-06-18,3.49,3.512,3.488,3.507,785100
2019-06-19,3.542,3.578,3.542,3.549,492500
2019-06-20,3.55,3.633,3.55,3.631,1696400
2019-06-21,3.666,3.666,3.627,3.647,1547100
2019-06-24,3.645,3.655,3.628,3.652,1226100
2019-06-25,3.638,3.638,3.584,3.623,1954400
2019-06-26,3.624,3.649,3.598,3.645,2314800
2019-06-27,3.611,3.681,3.611,3.677,972001
2019-06-28,3.64,3.64,3.607,3.625,2085700
2019-07-01,3.692,3.705,3.64,3.705,1962400
2019-07-02,3.621,3.704,3.621,3.698,1838300
2019-07-03,3.698,3.698,3.659,3.67,2351000
2019-07-04,3.673,3.678,3.641,3.656,958700
2019-07-05,3.653,3.671,3.645,3.67,2273200
2019-07-08,3.675,3.675,3.557,3.585,3224600
2019-07-09,3.585,3.585,3.554,3.568,2970800
2019-07-10,3.56,3.581,3.55,3.558,1895100
2019-07-11,3.557,3.598,3.552,3.564,1877100
2019-07-12,3.56,3.591,3.557,3.588,6811900
2019-07-15,3.591,3.611,3.531,3.599,7087500
2019-07-16,3.6,3.6,3.583,3.595,4217000
2019-07-17,3.595,3.601,3.579,3.587,8186400
2019-07-18,3.585,3.585,3.558,3.56,9771501
2019-07-19,3.574,3.608,3.561,3.592,41082100
2019-07-22,3.623,3.63,3.552,3.597,53135600
2019-07-23,3.57,3.628,3.57,3.625,42275500
2019-07-24,3.632,3.674,3.632,3.652,17014600
2019-07-25,3.652,3.676,3.646,3.676,12757700
2019-07-26,3.638,3.688,3.638,3.679,8591800
2019-07-29,3.67,3.68,3.663,3.675,13271300
2019-07-30,3.686,3.703,3.683,3.696,4073900
2019-07-31,3.694,3.694,3.657,3.663,3971100
2019-08-01,3.662,3.662,3.625,3.633,4451600
2019-08-02,3.582,3.594,3.56,3.588,2174100
2019-08-05,3.599,3.599,3.52,3.53,3153600
2019-08-06,3.519,3.519,3.427,3.481,2517100
2019-08-07,3.481,3.5,3.468,3.471,3897000
2019-08-08,3.489,3.527,3.489,3.518,5108301
2019-08-09,3.532,3.554,3.502,3.523,3961801
2019-08-12,3.53,3.58,3.524,3.575,5785401
2019-08-13,3.569,3.569,3.539,3.549,4604651
2019-08-14,3.553,3.591,3.553,3.563,2301046
2019-08-15,3.539,3.574,3.51,3.573,1793868
2019-08-16,3.56,3.603,3.548,3.587,1911368
2019-08-19,3.584,3.649,3.584,3.649,1841400
2019-08-20,3.649,3.655,3.631,3.646,1829000
2019-08-21,3.632,3.65,3.632,3.642,2162700
2019-08-22,3.645,3.653,3.637,3.652,3055700
2019-08-23,3.652,3.678,3.648,3.671,2357200
2019-08-26,3.63,3.639,3.612,3.626,2408200
2019-08-27,3.637,3.696,3.637,3.687,1911000
2019-08-28,3.685,3.685,3.658,3.662,2673200
2019-08-29,3.661,3.666,3.642,3.66,4791400
2019-08-30,3.696,3.696,3.64,3.65,3423300
2019-09-02,3.662,3.697,3.662,3.695,3321400
2019-09-03,3.695,3.696,3.682,3.696,1907600
2019-09-04,3.696,3.726,3.685,3.726,1340500
2019-09-05,3.728,3.801,3.728,3.762,2628300
2019-09-06,3.782,3.784,3.763,3.782,3187900
2019-09-09,3.812,3.82,3.799,3.819,1422800
2019-09-10,3.819,3.819,3.781,3.81,738400
2019-09-11,3.834,3.834,3.793,3.794,1257300
2019-09-12,3.794,3.834,3.794,3.825,2403100
2019-09-16,3.832,3.841,3.814,3.823,898000
2019-09-17,3.827,3.827,3.758,3.77,2090500
2019-09-18,3.765,3.788,3.765,3.774,1185900
2019-09-19,3.774,3.785,3.762,3.784,1240600
2019-09-20,3.789,3.8,3.786,3.798,889600
2019-09-23,3.796,3.796,3.735,3.752,1810200
2019-09-24,3.768,3.785,3.75,3.764,1217900
2019-09-25,3.752,3.752,3.728,3.731,1470000
2019-09-26,3.725,3.747,3.694,3.694,3153568
2019-09-27,3.704,3.725,3.691,3.709,4441400
2019-09-30,3.708,3.708,3.66,3.66,5533700
2019-10-08,3.68,3.708,3.678,3.684,3065600
2019-10-09,3.687,3.701,3.66,3.701,2447200
2019-10-10,3.701,3.727,3.692,3.725,1625600
2019-10-11,3.725,3.765,3.72,3.753,2560600
2019-10-14,3.784,3.823,3.76,3.803,2342000
2019-10-15,3.803,3.803,3.778,3.784,618400
2019-10-16,3.787,3.807,3.767,3.77,2305600
2019-10-17,3.776,3.781,3.761,3.771,2220300
2019-10-18,3.78,3.784,3.718,3.721,1861200
2019-10-21,3.723,3.731,3.703,3.731,2404900
2019-10-22,3.735,3.742,3.719,3.741,1053200
2019-10-23,3.738,3.741,3.71,3.718,1183200
2019-10-24,3.718,3.735,3.705,3.721,1424800
2019-10-25,3.725,3.747,3.703,3.744,1695200
2019-10-28,3.748,3.783,3.748,3.783,5793400
2019-10-29,3.781,3.781,3.75,3.75,3667400
2019-10-30,3.73,3.75,3.7,3.735,1937400
2019-10-31,3.736,3.743,3.719,3.724,963600
2019-11-01,3.722,3.769,3.714,3.765,1445400
2019-11-04,3.769,3.797,3.769,3.79,1042200
2019-11-05,3.788,3.827,3.777,3.801,2090200
2019-11-06,3.802,3.811,3.778,3.786,1359000
2019-11-07,3.816,3.817,3.788,3.796,998500
2019-11-08,3.801,3.821,3.778,3.778,8558800
2019-11-11,3.746,3.747,3.7,3.706,5234934
2019-11-12,3.714,3.725,3.685,3.712,1150200
2019-11-13,3.712,3.713,3.691,3.7,1178000
2019-11-14,3.699,3.714,3.693,3.701,1706100
2019-11-15,3.706,3.709,3.68,3.682,1268500
2019-11-18,3.681,3.72,3.67,3.718,4268700
2019-11-19,3.718,3.745,3.715,3.744,2331000
2019-11-20,3.739,3.739,3.71,3.715,934500
2019-11-21,3.694,3.717,3.694,3.713,1466300
2019-11-22,3.7,3.739,3.679,3.691,926300
2019-11-25,3.692,3.725,3.687,3.72,724200
2019-11-26,3.719,3.73,3.711,3.726,612600
2019-11-27,3.723,3.73,3.708,3.709,368900
2019-11-28,3.709,3.723,3.692,3.701,1107900
2019-11-29,3.702,3.702,3.66,3.669,1620700
2019-12-02,3.68,3.695,3.667,3.677,2793100
2019-12-03,3.66,3.683,3.655,3.683,398600
2019-12-04,3.681,3.682,3.671,3.682,225300
2019-12-05,3.66,3.702,3.66,3.699,2337200
2019-12-06,3.705,3.714,3.696,3.714,1140800
2019-12-09,3.725,3.73,3.704,3.714,1137500
2019-12-10,3.695,3.721,3.695,3.721,2363500
2019-12-11,3.721,3.735,3.721,3.732,3845900
2019-12-12,3.731,3.736,3.724,3.727,1305600
2019-12-13,3.728,3.791,3.728,3.788,4598300
2019-12-16,3.788,3.804,3.775,3.804,447100
2019-12-17,3.804,3.875,3.799,3.856,655584
2019-12-18,3.856,3.865,3.84,3.843,860400
2019-12-19,3.843,3.853,3.839,3.847,1152800
2019-12-20,3.846,3.853,3.826,3.827,592700
2019-12-23,3.827,3.84,3.782,3.782,1102900
2019-12-24,3.793,3.814,3.786,3.811,766400
2019-12-25,3.811,3.818,3.8,3.809,371500
2019-12-26,3.801,3.843,3.771,3.843,408000
2019-12-27,3.844,3.883,3.843,3.846,555300
2019-12-30,3.834,3.897,3.823,3.892,1662500
2019-12-31,3.892,3.909,3.885,3.907,393500
2020-01-02,3.91,3.957,3.91,3.938,3824200
2020-01-03,3.902,3.948,3.868,3.934,804800
2020-01-06,3.932,3.964,3.915,3.941,4595100
2020-01-07,3.931,3.964,3.931,3.964,903000
2020-01-08,3.964,3.964,3.911,3.92,522500
2020-01-09,3.93,3.956,3.93,3.946,1627300
2020-01-10,3.94,3.96,3.928,3.941,1271500
2020-01-13,3.941,3.965,3.929,3.965,1813100
2020-01-14,3.965,3.979,3.95,3.954,213400
2020-01-15,3.955,3.958,3.92,3.931,514400
2020-01-16,3.933,3.933,3.907,3.914,298800
2020-01-17,3.914,3.934,3.903,3.908,5634800
2020-01-20,3.881,3.945,3.881,3.945,285700
2020-01-21,3.945,3.945,3.885,3.886,441200
2020-01-22,3.87,3.908,3.838,3.895,3711100
2020-01-23,3.888,3.888,3.767,3.799,1792000
2020-02-03,3.5,3.71,3.476,3.505,2430700
2020-02-04,3.495,3.659,3.49,3.58,4039600
2020-02-05,3.59,3.661,3.583,3.64,1161900
2020-02-06,3.638,3.718,3.633,3.7,756200
2020-02-07,3.7,3.719,3.671,3.716,620900
2020-02-10,3.679,3.75,3.659,3.749,641200
2020-02-11,3.749,3.767,3.731,3.749,3445897
2020-02-12,3.732,3.787,3.732,3.785,1990900
2020-02-13,3.785,3.806,3.766,3.773,596800
2020-02-14,3.773,3.803,3.767,3.792,379300
2020-02-17,3.792,3.873,3.792,3.873,1440400
2020-02-18,3.89,3.897,3.858,3.881,2514000
2020-02-19,3.881,3.91,3.88,3.881,849000
2020-02-20,3.888,3.948,3.88,3.944,883274
2020-02-21,3.944,3.977,3.929,3.956,1407900
2020-02-24,3.956,3.956,3.916,3.948,864200
2020-02-25,3.868,3.917,3.836,3.917,2111700
2020-02-26,3.913,3.941,3.842,3.9,4343700
2020-02-27,3.883,3.93,3.883,3.916,1159159
2020-02-28,3.877,3.877,3.781,3.798,1943100
2020-03-02,3.8,3.92,3.8,3.916,1406300
2020-03-03,3.955,3.985,3.926,3.952,1138900
2020-03-04,3.946,3.984,3.913,3.983,833900
2020-03-05,4.063,4.063,3.97,4.053,821700
2020-03-06,4.053,4.053,3.997,4.003,627900
2020-03-09,3.989,3.989,3.88,3.887,1416000
2020-03-10,3.881,3.955,3.832,3.955,2004400
2020-03-11,3.97,3.97,3.905,3.911,403600
2020-03-12,3.901,3.901,3.819,3.841,1067800
2020-03-13,3.78,3.841,3.68,3.8,1633900
2020-03-16,3.807,3.838,3.685,3.696,1711700
2020-03-17,3.74,3.753,3.59,3.673,1468900
2020-03-18,3.714,3.714,3.601,3.615,1172100
2020-03-19,3.573,3.64,3.51,3.576,3042705
2020-03-20,3.6,3.635,3.57,3.631,1454300
2020-03-23,3.597,3.599,3.521,3.538,2353000
2020-03-24,3.571,3.599,3.535,3.596,2185800
2020-03-25,3.706,3.706,3.644,3.671,2606200
2020-03-26,3.666,3.686,3.639,3.656,990400
2020-03-27,3.683,3.716,3.674,3.675,726600
2020-03-30,3.649,3.658,3.61,3.65,1257800
2020-03-31,3.66,3.67,3.631,3.633,711600
2020-04-01,3.62,3.666,3.61,3.622,1539800
2020-04-02,3.61,3.669,3.594,3.665,1373000
2020-04-03,3.665,3.673,3.645,3.665,949200
2020-04-07,3.693,3.732,3.693,3.717,957800
2020-04-08,3.712,3.727,3.697,3.719,605300
2020-04-09,3.72,3.737,3.72,3.728,696800
2020-04-10,3.723,3.743,3.693,3.708,1633100
2020-04-13,3.707,3.707,3.668,3.687,432400
2020-04-14,3.69,3.738,3.69,3.733,963400
2020-04-15,3.733,3.741,3.712,3.712,906400
2020-04-16,3.705,3.728,3.7,3.725,596900
2020-04-17,3.728,3.778,3.726,3.754,1390612
2020-04-20,3.754,3.778,3.75,3.776,335700
2020-04-21,3.775,3.775,3.7,3.737,727400
2020-04-22,3.71,3.77,3.71,3.77,275800
2020-04-23,3.77,3.776,3.753,3.756,736000
2020-04-24,3.75,3.753,3.716,3.719,623800
2020-04-27,3.717,3.756,3.717,3.733,712800
2020-04-28,3.732,3.737,3.66,3.724,1018000
2020-04-29,3.71,3.751,3.71,3.74,811600
2020-04-30,3.75,3.8,3.75,3.8,1013400
2020-05-06,3.783,3.819,3.765,3.815,497000
2020-05-07,3.817,3.818,3.79,3.806,247600
2020-05-08,3.806,3.854,3.806,3.846,604600
2020-05-11,3.846,3.873,3.82,3.843,440000
2020-05-12,3.837,3.843,3.81,3.835,851400
2020-05-13,3.827,3.839,3.813,3.838,1009900
2020-05-14,3.82,3.829,3.808,3.812,590000
2020-05-15,3.814,3.822,3.803,3.807,371100
2020-05-18,3.816,3.851,3.809,3.83,1010367
2020-05-19,3.832,3.873,3.832,3.859,1182400
2020-05-20,3.848,3.855,3.832,3.846,504500
2020-05-21,3.846,3.853,3.824,3.829,675400
2020-05-22,3.828,3.828,3.728,3.77,1414600
2020-05-25,3.77,3.77,3.746,3.761,1623800
2020-05-26,3.761,3.796,3.761,3.794,1408800
2020-05-27,3.79,3.804,3.785,3.792,428700
2020-05-28,3.792,3.828,3.772,3.806,571300
2020-05-29,3.798,3.82,3.793,3.815,322100
2020-06-01,3.816,3.9,3.816,3.893,953800
2020-06-02,3.93,3.93,3.894,3.909,464300
2020-06-03,3.912,3.948,3.912,3.916,1052500
2020-06-04,3.925,3.925,3.896,3.91,1009000
2020-06-05,3.91,3.921,3.89,3.921,723200
2020-06-08,3.921,3.95,3.921,3.924,845400
2020-06-09,3.923,3.942,3.92,3.94,602700
2020-06-10,3.965,3.965,3.917,3.925,317800
2020-06-11,3.924,3.937,3.894,3.901,775000
2020-06-12,3.89,3.907,3.842,3.89,273700
2020-06-15,3.89,3.906,3.865,3.867,554200
2020-06-16,3.894,3.923,3.888,3.916,578700
2020-06-17,3.924,3.924,3.899,3.924,594400
2020-06-18,3.908,3.944,3.905,3.942,351900
2020-06-19,3.942,3.979,3.942,3.971,672700
2020-06-22,4.041,4.368,3.972,3.981,21539200
2020-06-23,3.981,3.987,3.962,3.983,5858900
2020-06-24,3.989,4.016,3.982,4.016,5177100
2020-06-29,4.005,4.01,3.974,3.987,5602000
2020-06-30,3.99,4.037,3.988,4.021,5319700
2020-07-01,4.022,4.1,4.022,4.095,5052400
2020-07-02,4.1,4.202,4.096,4.193,5848900
2020-07-03,4.195,4.292,4.195,4.278,7530600
2020-07-06,4.33,4.663,4.326,4.602,14340100
2020-07-07,4.675,4.88,4.51,4.557,21826500
2020-07-08,4.546,4.65,4.522,4.629,8084700
2020-07-09,4.637,4.689,4.6,4.687,9208400
2020-07-10,4.666,4.666,4.59,4.617,9717500
2020-07-13,4.6,4.699,4.582,4.678,7830000
2020-07-14,4.678,4.696,4.58,4.638,8028800
2020-07-15,4.65,4.657,4.55,4.588,7874800
2020-07-16,4.589,4.589,4.38,4.405,15740700
2020-07-17,4.401,4.444,4.349,4.392,10289800
2020-07-20,4.426,4.54,4.407,4.54,11473800
2020-07-21,4.558,4.572,4.518,4.539,10936500
2020-07-22,4.579,4.637,4.536,4.566,50405700
2020-07-23,4.52,4.572,4.462,4.55,25222500
2020-07-24,4.51,4.54,4.36,4.384,28962500
2020-07-27,4.394,4.416,4.36,4.4,11164700
2020-07-28,4.411,4.454,4.407,4.433,11089900
2020-07-29,4.426,4.514,4.361,4.512,16744000
2020-07-30,4.514,4.538,4.48,4.504,9743200
2020-07-31,4.496,4.567,4.468,4.533,16330900
2020-08-03,4.551,4.618,4.551,4.616,11706600
2020-08-04,4.618,4.66,4.595,4.631,8752200
2020-08-05,4.637,4.644,4.582,4.638,10245500
2020-08-06,4.639,4.666,4.6,4.66,6872300
2020-08-07,4.641,4.65,4.563,4.619,9740400
2020-08-10,4.61,4.685,4.59,4.664,10866200
2020-08-11,4.664,4.695,4.59,4.611,7267828
2020-08-12,4.598,4.598,4.503,4.575,9774000
2020-08-13,4.561,4.597,4.561,4.568,5669000
2020-08-14,4.571,4.637,4.551,4.634,6855222
2020-08-17,4.637,4.757,4.637,4.745,10141400
2020-08-18,4.745,4.765,4.734,4.762,7172700
2020-08-19,4.756,4.758,4.691,4.696,7877500
2020-08-20,4.66,4.668,4.62,4.641,8948200
2020-08-21,4.642,4.668,4.618,4.653,4614300
2020-08-24,4.655,4.67,4.636,4.658,3713400
2020-08-25,4.664,4.687,4.626,4.643,5432300
2020-08-26,4.639,4.646,4.562,4.578,8217300
2020-08-27,4.57,4.607,4.556,4.605,4678200
2020-08-28,4.592,4.687,4.592,4.687,9916000
2020-08-31,4.689,4.739,4.67,4.675,7006200
2020-09-01,4.666,4.692,4.652,4.69,2708700
2020-09-02,4.69,4.728,4.635,4.669,3577800
2020-09-03,4.66,4.699,4.635,4.647,4924100
2020-09-04,4.582,4.642,4.577,4.621,5445600
2020-09-07,4.619,4.638,4.536,4.544,7490700
2020-09-08,4.553,4.582,4.525,4.575,5348300
2020-09-09,4.548,4.548,4.476,4.5,9527600
2020-09-10,4.52,4.539,4.475,4.485,6635000
2020-09-11,4.48,4.511,4.46,4.509,7726500
2020-09-14,4.511,4.54,4.511,4.537,5223200
2020-09-15,4.536,4.568,4.514,4.562,5678200
2020-09-16,4.552,4.571,4.525,4.541,3210600
2020-09-17,4.527,4.546,4.49,4.517,4220300
2020-09-18,4.511,4.616,4.511,4.615,6911200
2020-09-21,4.625,4.638,4.58,4.585,3609600
2020-09-22,4.578,4.585,4.521,4.536,4578900
2020-09-23,4.54,4.543,4.51,4.532,2643400
2020-09-24,4.501,4.524,4.444,4.447,8647000
2020-09-25,4.45,4.477,4.433,4.451,4151600
2020-09-28,4.45,4.474,4.448,4.46,4810200
2020-09-29,4.464,4.49,4.464,4.473,3773700
2020-09-30,4.48,4.487,4.427,4.451,5019200
2020-10-09,4.476,4.536,4.476,4.523,6609400
2020-10-12,4.53,4.647,4.53,4.645,9791400
2020-10-13,4.644,4.647,4.605,4.637,7112400
2020-10-14,4.634,4.634,4.594,4.603,2959700
2020-10-15,4.599,4.627,4.593,4.6,2670700
2020-10-16,4.6,4.627,4.59,4.618,2695900
2020-10-19,4.623,4.67,4.586,4.593,7263900
2020-10-20,4.571,4.607,4.563,4.607,2985900
2020-10-21,4.617,4.617,4.581,4.607,2818500
2020-10-22,4.605,4.605,4.557,4.588,4405900
2020-10-23,4.594,4.609,4.554,4.566,4606200
2020-10-26,4.565,4.565,4.451,4.509,4228500
2020-10-27,4.498,4.513,4.471,4.508,3891100
2020-10-28,4.505,4.532,4.481,4.522,3671600
2020-10-29,4.489,4.544,4.472,4.524,3803800
2020-10-30,4.516,4.53,4.449,4.462,6156300
2020-11-02,4.461,4.487,4.438,4.461,4436300
2020-11-03,4.461,4.537,4.46,4.533,5556884
2020-11-04,4.528,4.55,4.503,4.535,4573300
2020-11-05,4.56,4.594,4.557,4.589,5473300
2020-11-06,4.589,4.597,4.56,4.588,4366000
2020-11-09,4.593,4.681,4.593,4.671,9804200
2020-11-10,4.692,4.692,4.624,4.645,4097400
2020-11-11,4.638,4.661,4.619,4.627,4323400
2020-11-12,4.609,4.642,4.609,4.63,2841000
2020-11-13,4.63,4.63,4.56,4.584,5832600
2020-11-16,4.591,4.639,4.591,4.637,4922800
2020-11-17,4.635,4.638,4.612,4.634,2928700
2020-11-18,4.63,4.667,4.624,4.651,3394200
2020-11-19,4.635,4.675,4.63,4.671,2734400
2020-11-20,4.666,4.694,4.656,4.692,4644700
2020-11-23,4.692,4.772,4.691,4.741,6583000
2020-11-24,4.746,4.747,4.72,4.726,3570700
2020-11-25,4.735,4.763,4.681,4.683,5292400
2020-11-26,4.671,4.705,4.666,4.704,3114400
2020-11-27,4.704,4.752,4.683,4.749,2831500
2020-11-30,4.758,4.816,4.724,4.728,6121700
2020-12-01,4.72,4.808,4.708,4.803,4454400
2020-12-02,4.803,4.81,4.772,4.793,3561100
2020-12-03,4.794,4.794,4.758,4.775,3096800
2020-12-04,4.772,4.781,4.741,4.78,2135700
2020-12-07,4.78,4.785,4.733,4.739,2805200
2020-12-08,4.741,4.759,4.729,4.738,1899200
2020-12-09,4.752,4.752,4.685,4.688,3811000
2020-12-10,4.684,4.693,4.663,4.681,2902700
2020-12-11,4.684,4.687,4.607,4.644,7018700
2020-12-14,4.64,4.665,4.623,4.664,3561800
2020-12-15,4.66,4.668,4.633,4.66,2194000
2020-12-16,4.66,4.679,4.65,4.666,3439100
2020-12-17,4.666,4.719,4.65,4.719,4988878
2020-12-18,4.719,4.736,4.695,4.708,3425200
2020-12-21,4.709,4.755,4.698,4.744,3661400
2020-12-22,4.741,4.742,4.653,4.661,3636100
2020-12-23,4.688,4.717,4.661,4.698,3283542
2020-12-24,4.699,4.71,4.668,4.686,3030000
2020-12-25,4.681,4.724,4.656,4.723,3510633
2020-12-28,4.715,4.743,4.71,4.728,2677400
2020-12-29,4.728,4.731,4.689,4.698,2914300
2020-12-30,4.699,4.743,4.678,4.743,3811600
2020-12-31,4.752,4.833,4.75,4.831,5907700
2021-01-04,4.83,4.88,4.803,4.867,4239800
2021-01-05,4.864,4.902,4.831,4.895,4935800
2021-01-06,4.896,4.947,4.881,4.932,4239500
2021-01-07,4.928,4.984,4.914,4.984,4637000
2021-01-08,4.984,4.995,4.935,4.971,4897600
2021-01-11,4.982,5.011,4.902,4.925,5241500
2021-01-12,4.916,5.05,4.893,5.049,3267700
2021-01-13,5.049,5.072,4.999,5.034,3848200
2021-01-14,5.003,5.016,4.961,4.974,2902100
2021-01-15,4.978,5.007,4.931,4.975,2818500
2021-01-18,4.966,5.022,4.941,4.997,2563600
2021-01-19,4.996,5.014,4.943,4.959,2276500
2021-01-20,4.959,4.985,4.941,4.968,2895243
2021-01-21,4.969,5.04,4.969,5.019,3985600
2021-01-25,0.998,1.009,0.993,1.006,17100000
2021-01-26,0.997,1.001,0.988,0.99,12692000
2021-01-27,0.99,0.993,0.983,0.99,11075700
2021-01-28,0.981,0.987,0.969,0.973,21169700
2021-01-29,0.975,0.979,0.957,0.967,29117400
2021-02-01,0.968,0.972,0.962,0.972,17392700
2021-02-02,0.972,0.979,0.968,0.977,22740700
2021-02-03,0.977,0.982,0.971,0.975,23585700
2021-02-04,0.974,0.98,0.964,0.976,37968500
2021-02-05,0.976,0.984,0.971,0.974,30378000
2021-02-08,0.97,0.984,0.97,0.978,29148000
2021-02-09,0.979,1.003,0.978,1.002,33660100
2021-02-10,1.0,1.019,1.0,1.017,27017300
2021-02-18,1.037,1.048,1.018,1.025,26591900
2021-02-19,1.023,1.028,1.01,1.026,19475600
2021-02-22,1.028,1.034,1.012,1.013,21123900
2021-02-23,1.002,1.021,1.001,1.015,15633300
2021-02-24,1.011,1.016,0.985,0.991,86949100
2021-02-25,0.995,1.004,0.993,1.0,46838600
2021-02-26,0.994,0.994,0.977,0.979,64421500
2021-03-01,0.982,0.99,0.978,0.987,30456900
2021-03-02,0.989,0.989,0.969,0.977,44806900
2021-03-03,0.974,0.995,0.973,0.993,47690300
2021-03-04,0.988,0.989,0.972,0.977,52070500
2021-03-05,0.97,0.98,0.962,0.977,49312700
2021-03-08,0.979,0.984,0.95,0.96,69707700
2021-03-09,0.953,0.956,0.926,0.937,58588500
2021-03-10,0.943,0.946,0.935,0.937,27261300
2021-03-11,0.937,0.958,0.937,0.958,44430200
2021-03-12,0.96,0.964,0.953,0.963,23956700
2021-03-15,0.96,0.966,0.949,0.956,23417600
2021-03-16,0.957,0.965,0.952,0.964,17942500
2021-03-17,0.96,0.963,0.952,0.961,15602600
2021-03-18,0.961,0.969,0.96,0.964,34479100
2021-03-19,0.956,0.957,0.944,0.948,24033900
2021-03-22,0.945,0.958,0.945,0.958,38153200
2021-03-23,0.956,0.958,0.942,0.949,29236400
2021-03-24,0.943,0.948,0.936,0.939,32387000
2021-03-25,0.936,0.939,0.931,0.934,28101300
2021-03-26,0.938,0.95,0.936,0.95,40420800
2021-03-29,0.95,0.957,0.946,0.952,19629200
2021-03-30,0.951,0.959,0.949,0.957,16135300
2021-03-31,0.956,0.956,0.95,0.954,14764000
2021-04-01,0.954,0.961,0.952,0.96,15611400
2021-04-02,0.96,0.966,0.958,0.964,17118800
2021-04-06,0.965,0.968,0.961,0.965,12865900
2021-04-07,0.963,0.964,0.954,0.96,20533400
2021-04-08,0.958,0.963,0.954,0.959,12989300
2021-04-09,0.958,0.958,0.949,0.95,14142700
2021-04-12,0.95,0.953,0.939,0.942,14532500
2021-04-13,0.941,0.945,0.935,0.938,19693300
2021-04-14,0.936,0.943,0.935,0.942,16249200
2021-04-15,0.941,0.941,0.931,0.938,22506800
2021-04-16,0.938,0.948,0.936,0.945,24956800
2021-04-19,0.945,0.96,0.941,0.959,31590000
2021-04-20,0.956,0.964,0.955,0.957,26402500
2021-04-21,0.952,0.958,0.95,0.957,11933800
2021-04-22,0.956,0.959,0.95,0.954,12252400
2021-04-23,0.951,0.957,0.95,0.955,11966900
2021-04-26,0.955,0.963,0.945,0.948,30960100
2021-04-27,0.947,0.947,0.939,0.946,24981200
2021-04-28,0.945,0.949,0.94,0.949,9470900
2021-04-29,0.949,0.955,0.946,0.954,13549800
2021-04-30,0.952,0.953,0.94,0.945,26831600
2021-05-06,0.944,0.951,0.94,0.945,23039800
2021-05-07,0.946,0.95,0.938,0.939,23276900
2021-05-10,0.939,0.943,0.935,0.942,18327740
2021-05-11,0.94,0.949,0.931,0.948,28854800
2021-05-12,0.944,0.954,0.94,0.952,19115800
2021-05-13,0.948,0.948,0.939,0.942,23968400
2021-05-14,0.944,0.96,0.94,0.958,34916500
2021-05-17,0.959,0.971,0.957,0.968,38718900
2021-05-18,0.966,0.972,0.964,0.971,27424800
2021-05-19,0.968,0.97,0.964,0.969,12104500
2021-05-20,0.965,0.97,0.961,0.969,19493200
2021-05-21,0.969,0.97,0.959,0.962,21004500
2021-05-24,0.96,0.966,0.958,0.966,25599700
2021-05-25,0.965,0.99,0.964,0.989,46593300
2021-05-26,0.99,0.997,0.987,0.994,32701200
2021-05-27,0.991,1.004,0.991,0.998,23919400
2021-05-28,0.998,1.002,0.991,0.997,17129000
2021-05-31,0.997,1.0,0.99,0.998,26433600
2021-06-01,0.996,0.999,0.987,0.998,18237100
2021-06-02,0.997,0.999,0.989,0.991,26477700
2021-06-03,0.99,0.998,0.99,0.991,15759000
2021-06-04,0.988,1.001,0.985,0.994,28589800
2021-06-07,0.992,0.994,0.989,0.994,18710100
2021-06-08,0.992,0.999,0.984,0.989,29297500
2021-06-09,0.989,0.993,0.986,0.991,10933300
2021-06-10,0.991,1.0,0.99,0.995,23440800
2021-06-11,0.995,0.997,0.988,0.989,20328300
2021-06-15,0.989,0.989,0.976,0.977,25026900
2021-06-16,0.977,0.978,0.969,0.971,21966900
2021-06-17,0.97,0.972,0.967,0.97,20598700
2021-06-18,0.97,0.971,0.961,0.969,32436200
2021-06-21,0.964,0.969,0.96,0.964,27712200
2021-06-22,0.965,0.971,0.964,0.97,35422200
2021-06-23,0.97,0.975,0.968,0.972,30647900
2021-06-24,0.972,0.975,0.969,0.974,20402300
2021-06-25,0.974,0.99,0.974,0.988,28382200
2021-06-28,0.988,0.989,0.982,0.985,17766100
2021-06-29,0.984,0.984,0.976,0.976,13840900
2021-06-30,0.977,0.983,0.974,0.983,22914600
2021-07-01,0.982,0.985,0.975,0.977,21053400
2021-07-02,0.976,0.976,0.961,0.962,23898800
2021-07-05,0.962,0.966,0.96,0.966,16272100
2021-07-06,0.966,0.973,0.963,0.973,18363100
2021-07-07,0.972,0.976,0.967,0.975,19091100
2021-07-08,0.975,0.976,0.967,0.967,21582500
2021-07-09,0.963,0.97,0.96,0.97,23161400
2021-07-12,0.974,0.98,0.97,0.973,25560900
2021-07-13,0.973,0.979,0.971,0.978,20414600
2021-07-14,0.977,0.977,0.966,0.969,17531800
2021-07-15,0.968,0.979,0.964,0.977,20700200
2021-07-16,0.976,0.978,0.972,0.975,13454400
2021-07-19,0.972,0.977,0.965,0.976,19119100
2021-07-20,0.969,0.975,0.969,0.973,10528900
2021-07-21,0.973,0.983,0.973,0.979,21092100
2021-07-22,0.979,0.986,0.978,0.986,18959100
2021-07-23,0.986,0.987,0.98,0.984,19953500
2021-07-26,0.983,0.983,0.948,0.96,50458600
2021-07-27,0.958,0.963,0.936,0.94,49251100
2021-07-28,0.939,0.944,0.919,0.932,54373900
2021-07-29,0.936,0.942,0.933,0.939,42355300
2021-07-30,0.938,0.939,0.929,0.937,20610800
2021-08-02,0.93,0.958,0.928,0.958,39394200
2021-08-03,0.951,0.959,0.949,0.952,17736200
2021-08-04,0.952,0.958,0.949,0.956,16646000
2021-08-05,0.956,0.961,0.951,0.954,20863800
2021-08-06,0.954,0.954,0.949,0.953,13662500
2021-08-09,0.95,0.968,0.95,0.966,24475800
2021-08-10,0.964,0.977,0.961,0.977,28702600
2021-08-11,0.975,0.981,0.972,0.975,12241400
2021-08-12,0.974,0.978,0.972,0.973,9143900
2021-08-13,0.974,0.979,0.969,0.973,11221300
2021-08-16,0.972,0.982,0.972,0.976,15961200
2021-08-17,0.976,0.982,0.957,0.962,21844000
2021-08-18,0.962,0.971,0.955,0.97,15471400
2021-08-19,0.964,0.968,0.958,0.963,14671200
2021-08-20,0.963,0.963,0.945,0.955,34037400
2021-08-23,0.955,0.965,0.954,0.964,25928500
2021-08-24,0.963,0.977,0.963,0.975,29690190
2021-08-25,0.975,0.98,0.971,0.979,14954500
2021-08-26,0.974,0.976,0.966,0.969,9592090
2021-08-27,0.969,0.98,0.966,0.979,12062500
2021-08-30,0.98,0.987,0.977,0.985,15267800
2021-08-31,0.984,0.989,0.975,0.989,16391033
2021-09-01,0.986,1.004,0.984,1.0,26518567
2021-09-02,1.003,1.013,0.998,1.013,26666400
2021-09-03,1.011,1.021,1.004,1.009,32248200
2021-09-06,1.009,1.02,1.008,1.02,19279500
2021-09-07,1.022,1.037,1.016,1.036,25996665
2021-09-08,1.035,1.041,1.028,1.032,28700200
2021-09-09,1.027,1.04,1.026,1.04,18833400
2021-09-10,1.04,1.052,1.035,1.042,23920000
2021-09-13,1.043,1.048,1.036,1.047,18295800
2021-09-14,1.047,1.05,1.03,1.035,37584000
2021-09-15,1.031,1.035,1.023,1.029,26439000
2021-09-16,1.027,1.035,1.018,1.02,33753500
2021-09-17,1.019,1.022,1.006,1.018,42400000
2021-09-22,1.007,1.022,1.005,1.022,30295900
2021-09-23,1.023,1.033,1.021,1.026,32612300
2021-09-24,1.024,1.026,1.012,1.014,24083200
2021-09-27,1.014,1.021,1.004,1.013,35000900
2021-09-28,1.012,1.02,1.008,1.019,30870300
2021-09-29,1.012,1.012,0.996,1.005,96100800
2021-09-30,1.005,1.007,0.999,1.005,44539200
2021-10-08,1.015,1.019,1.007,1.016,57231300
2021-10-11,1.016,1.022,1.015,1.019,40238600
2021-10-12,1.018,1.018,1.0,1.012,64897200
2021-10-13,1.011,1.013,0.999,1.012,56028200
2021-10-14,1.007,1.01,1.003,1.006,27662600
2021-10-15,1.005,1.011,1.001,1.01,39386600
2021-10-18,1.01,1.01,1.001,1.007,28884100
2021-10-19,1.005,1.013,1.003,1.01,35622700
2021-10-20,1.01,1.011,1.006,1.009,19319500
2021-10-21,1.009,1.019,1.008,1.014,40907900
2021-10-22,1.012,1.019,1.01,1.013,20766600
2021-10-25,1.01,1.02,1.007,1.02,30267500
2021-10-26,1.02,1.023,1.014,1.017,23230700
2021-10-27,1.015,1.016,1.002,1.003,45039800
2021-10-28,1.003,1.003,0.988,0.993,83982900
2021-10-29,0.993,0.996,0.987,0.995,66590600
2021-11-01,0.989,0.998,0.985,0.994,54463400
2021-11-02,0.994,0.997,0.975,0.982,71456300
2021-11-03,0.981,0.983,0.976,0.98,36854400
2021-11-04,0.982,0.987,0.979,0.986,47489700
2021-11-05,0.983,0.986,0.977,0.977,43825200
2021-11-08,0.976,0.979,0.973,0.977,23440100
2021-11-09,0.977,0.982,0.974,0.98,23817900
2021-11-10,0.979,0.98,0.964,0.978,67793300
2021-11-11,0.975,0.987,0.972,0.986,61760500
2021-11-12,0.986,0.99,0.984,0.988,34406200
2021-11-15,0.99,0.993,0.984,0.989,23335500
2021-11-16,0.989,0.991,0.98,0.982,27999300
2021-11-17,0.982,0.985,0.98,0.983,17173300
2021-11-18,0.981,0.985,0.978,0.982,22116800
2021-11-19,0.98,0.993,0.979,0.993,36654500
2021-11-22,0.993,1.0,0.989,0.998,40280000
2021-11-23,0.998,1.004,0.994,1.0,47907000
2021-11-24,1.0,1.005,0.997,1.002,26816000
2021-11-25,1.002,1.004,1.0,1.001,10135600
2021-11-26,1.0,1.0,0.992,0.997,47644700
2021-11-29,0.99,0.994,0.988,0.993,35242700
2021-11-30,0.994,0.999,0.991,0.994,29245000
2021-12-01,0.993,0.999,0.992,0.999,17851500
2021-12-02,0.998,1.001,0.995,0.998,27687000
2021-12-03,0.998,1.009,0.997,1.008,64151000
2021-12-06,1.01,1.014,1.003,1.005,29549200
2021-12-07,1.006,1.011,0.999,1.005,33805700
2021-12-08,1.006,1.017,1.003,1.017,37990900
2021-12-09,1.015,1.03,1.015,1.024,41094600
2021-12-10,1.022,1.022,1.018,1.021,22009300
2021-12-13,1.024,1.033,1.022,1.025,30695700
2021-12-14,1.024,1.024,1.018,1.02,17498900
2021-12-15,1.021,1.023,1.017,1.017,17569000
2021-12-16,1.019,1.027,1.017,1.026,25188700
2021-12-17,1.026,1.027,1.015,1.016,38493400
2021-12-20,1.012,1.018,1.003,1.005,75411160
2021-12-21,1.002,1.012,1.002,1.011,43444700
2021-12-22,1.011,1.013,1.009,1.01,18043300
2021-12-23,1.01,1.019,1.008,1.019,38388460
2021-12-24,1.019,1.022,1.011,1.013,23736000
2021-12-27,1.015,1.017,1.009,1.012,30290500
2021-12-28,1.012,1.015,1.01,1.014,22829100
2021-12-29,1.015,1.015,1.006,1.006,34678400
2021-12-30,1.006,1.015,1.005,1.013,38790800
2021-12-31,1.014,1.022,1.013,1.02,36982300
2022-01-04,1.021,1.022,1.012,1.02,43408500
2022-01-05,1.017,1.021,1.008,1.014,48299600
2022-01-06,1.01,1.011,1.002,1.011,53379300
2022-01-07,1.01,1.015,1.007,1.01,42845000
2022-01-10,1.01,1.014,1.004,1.012,126064800
2022-01-11,1.013,1.014,1.005,1.006,42889800
2022-01-12,1.008,1.015,1.007,1.013,31908100
2022-01-13,1.013,1.016,1.004,1.005,40431400
2022-01-14,1.002,1.003,0.993,0.995,92043900
2022-01-17,0.993,0.999,0.993,0.999,50361400
2022-01-18,0.997,1.009,0.996,1.005,79347400
2022-01-19,1.003,1.009,1.0,1.005,39133700
2022-01-20,1.005,1.01,1.0,1.006,34945400
2022-01-21,1.004,1.004,0.992,0.997,99206600
2022-01-24,0.993,0.997,0.988,0.995,53266300
2022-01-25,0.991,0.993,0.97,0.971,107801700
2022-01-26,0.971,0.977,0.966,0.977,65811000
2022-01-27,0.971,0.977,0.96,0.963,75560400
2022-01-28,0.961,0.966,0.947,0.953,72757500
2022-02-07,0.959,0.971,0.957,0.968,70457399
2022-02-08,0.967,0.978,0.959,0.977,60612500
2022-02-09,0.976,0.986,0.974,0.983,68391900
2022-02-10,0.982,0.989,0.98,0.987,56256200
2022-02-11,0.983,0.993,0.982,0.983,59122100
2022-02-14,0.981,0.982,0.97,0.973,67846200
2022-02-15,0.97,0.979,0.97,0.978,39653900
2022-02-16,0.979,0.983,0.978,0.98,47044700
2022-02-17,0.979,0.985,0.976,0.981,63340100
2022-02-18,0.978,0.99,0.977,0.99,41236700
2022-02-21,0.988,0.99,0.982,0.989,32346500
2022-02-22,0.984,0.99,0.973,0.979,52729300
2022-02-23,0.979,0.988,0.978,0.985,39657700
2022-02-24,0.982,0.984,0.963,0.97,60257900
2022-02-25,0.974,0.982,0.971,0.975,48528600
2022-02-28,0.973,0.977,0.967,0.976,41157500
2022-03-01,0.976,0.988,0.976,0.987,56520900
2022-03-02,0.982,0.988,0.981,0.987,33649100
2022-03-03,0.989,0.99,0.983,0.986,36123600
2022-03-04,0.981,0.984,0.974,0.975,67554100
2022-03-07,0.971,0.973,0.952,0.958,97184400
2022-03-08,0.956,0.962,0.931,0.937,112917600
2022-03-09,0.938,0.941,0.893,0.927,153328300
2022-03-10,0.935,0.94,0.927,0.931,108521700
2022-03-11,0.919,0.936,0.908,0.935,88518880
2022-03-14,0.923,0.932,0.911,0.913,84771100
2022-03-15,0.908,0.909,0.865,0.872,195559300
2022-03-16,0.875,0.896,0.851,0.894,174990000
2022-03-17,0.902,0.916,0.898,0.905,158626300
2022-03-18,0.9,0.919,0.9,0.916,79816300
2022-03-21,0.918,0.921,0.908,0.917,54111100
2022-03-22,0.912,0.924,0.912,0.92,55975500
2022-03-23,0.919,0.925,0.915,0.922,51340500
2022-03-24,0.919,0.922,0.914,0.919,49525300
2022-03-25,0.918,0.922,0.91,0.912,46548100
2022-03-28,0.909,0.916,0.897,0.912,60459600
2022-03-29,0.912,0.915,0.907,0.91,46868200
2022-03-30,0.913,0.929,0.912,0.928,70885200
2022-03-31,0.926,0.93,0.921,0.924,57283100
2022-04-01,0.92,0.936,0.918,0.935,56911600
2022-04-06,0.932,0.938,0.928,0.938,44095400
2022-04-07,0.934,0.937,0.923,0.924,63780200
2022-04-08,0.924,0.931,0.917,0.931,59018900
2022-04-11,0.929,0.929,0.906,0.913,83863600
2022-04-12,0.908,0.92,0.9,0.919,78942000
2022-04-13,0.912,0.922,0.91,0.913,54887300
2022-04-14,0.917,0.926,0.914,0.923,66865100
2022-04-15,0.919,0.924,0.916,0.92,51990200
2022-04-18,0.915,0.915,0.907,0.911,56992100
2022-04-19,0.912,0.915,0.908,0.913,49923000
2022-04-20,0.915,0.915,0.898,0.901,75225600
2022-04-21,0.899,0.904,0.88,0.882,113021700
2022-04-22,0.877,0.89,0.875,0.886,82352300
2022-04-25,0.875,0.878,0.84,0.848,240022600
2022-04-26,0.845,0.85,0.828,0.833,191356700
2022-04-27,0.823,0.851,0.822,0.851,171486053
2022-04-28,0.845,0.862,0.843,0.858,155404346
2022-04-29,0.861,0.88,0.856,0.877,130226099
2022-05-05,0.876,0.888,0.874,0.885,89856206
2022-05-06,0.873,0.874,0.863,0.865,107425353
2022-05-09,0.862,0.869,0.86,0.864,73353347
2022-05-10,0.859,0.874,0.85,0.871,120410400
2022-05-11,0.868,0.886,0.867,0.876,149207300
2022-05-12,0.873,0.88,0.871,0.877,71042500
2022-05-13,0.877,0.886,0.877,0.885,83691800
2022-05-16,0.887,0.889,0.877,0.881,59494500
2022-05-17,0.879,0.886,0.877,0.886,64255300
2022-05-18,0.886,0.889,0.879,0.883,54944500
2022-05-19,0.872,0.887,0.872,0.887,59660800
2022-05-20,0.889,0.903,0.888,0.902,78534100
2022-05-23,0.903,0.903,0.895,0.9,49215400
2022-05-24,0.9,0.902,0.88,0.881,76004600
2022-05-25,0.879,0.895,0.878,0.894,64696300
2022-05-26,0.892,0.899,0.884,0.895,62062700
2022-05-27,0.898,0.903,0.894,0.898,67512900
2022-05-30,0.899,0.904,0.896,0.902,53949500
2022-05-31,0.901,0.913,0.9,0.912,64717700
2022-06-01,0.909,0.913,0.905,0.911,72775800
2022-06-02,0.908,0.915,0.904,0.913,54484200
2022-06-06,0.911,0.923,0.908,0.923,56454100
2022-06-07,0.921,0.928,0.919,0.925,50119300
2022-06-08,0.924,0.935,0.918,0.934,64122500
2022-06-09,0.93,0.936,0.925,0.929,61158000
2022-06-10,0.926,0.941,0.922,0.94,57529800
2022-06-13,0.936,0.938,0.925,0.933,58272100
2022-06-14,0.928,0.946,0.917,0.945,72204300
2022-06-15,0.944,0.964,0.942,0.953,92699812
2022-06-16,0.95,0.955,0.939,0.941,64761900
2022-06-17,0.933,0.952,0.933,0.951,75789200
2022-06-20,0.953,0.954,0.942,0.951,61636500
2022-06-21,0.949,0.952,0.938,0.946,65416700
2022-06-22,0.945,0.946,0.935,0.936,54745800
2022-06-23,0.935,0.952,0.934,0.952,62519600
2022-06-24,0.952,0.96,0.949,0.958,65336400
2022-06-27,0.958,0.971,0.958,0.967,96385400
2022-06-28,0.964,0.978,0.961,0.977,55858700
2022-06-29,0.975,0.977,0.96,0.961,107539600
2022-06-30,0.961,0.978,0.961,0.974,63370000
2022-07-01,0.973,0.976,0.968,0.972,82497900
2022-07-04,0.97,0.975,0.964,0.974,51257900
2022-07-05,0.972,0.98,0.967,0.975,57529400
2022-07-06,0.968,0.972,0.955,0.965,82521200
2022-07-07,0.961,0.967,0.956,0.966,67143200
2022-07-08,0.966,0.969,0.959,0.961,60998700
2022-07-11,0.959,0.959,0.945,0.949,75410800
2022-07-12,0.948,0.956,0.945,0.949,81138900
2022-07-13,0.945,0.951,0.941,0.947,73057200
2022-07-14,0.945,0.95,0.939,0.946,73335900
2022-07-15,0.945,0.952,0.935,0.936,86621800
2022-07-18,0.934,0.953,0.932,0.952,86041900
2022-07-19,0.951,0.952,0.943,0.948,78248100
2022-07-20,0.95,0.957,0.949,0.956,76174400
2022-07-21,0.953,0.955,0.948,0.948,79778000
2022-07-22,0.947,0.953,0.94,0.945,72946700
2022-07-25,0.945,0.947,0.939,0.942,56812700
2022-07-26,0.941,0.949,0.94,0.948,54424900
2022-07-27,0.947,0.949,0.944,0.947,51931700
2022-07-28,0.949,0.956,0.947,0.948,99807800
2022-07-29,0.948,0.953,0.938,0.94,71122300
2022-08-01,0.938,0.942,0.931,0.94,68120400
2022-08-02,0.935,0.936,0.91,0.921,124264400
2022-08-03,0.919,0.927,0.912,0.915,80957700
2022-08-04,0.917,0.921,0.911,0.921,72454800
2022-08-05,0.922,0.935,0.919,0.934,84577200
2022-08-08,0.932,0.937,0.929,0.936,63596100
2022-08-09,0.934,0.939,0.932,0.939,54569100
2022-08-10,0.938,0.939,0.93,0.934,51310900
2022-08-11,0.935,0.95,0.934,0.949,69844800
2022-08-12,0.948,0.952,0.945,0.948,50856800
2022-08-15,0.947,0.952,0.945,0.948,52268319
2022-08-16,0.948,0.956,0.948,0.95,56421993
2022-08-17,0.949,0.955,0.945,0.955,54446593
2022-08-18,0.953,0.954,0.947,0.95,48950800
2022-08-19,0.95,0.953,0.946,0.948,48368900
2022-08-22,0.944,0.95,0.941,0.95,47784400
2022-08-23,0.947,0.95,0.945,0.948,46565400
2022-08-24,0.948,0.95,0.93,0.933,81237200
2022-08-25,0.933,0.94,0.927,0.939,68979493
2022-08-26,0.938,0.944,0.937,0.939,74436400
2022-08-29,0.93,0.937,0.929,0.937,48848410
2022-08-30,0.936,0.938,0.929,0.932,49279300
2022-08-31,0.928,0.933,0.921,0.927,80441393
2022-09-01,0.925,0.93,0.922,0.922,60000200
2022-09-02,0.923,0.926,0.919,0.924,74455800
2022-09-05,0.922,0.927,0.919,0.927,49835200
2022-09-06,0.927,0.94,0.927,0.939,84131400
2022-09-07,0.935,0.939,0.934,0.937,55722200
2022-09-08,0.938,0.939,0.932,0.933,73394300
2022-09-09,0.935,0.944,0.933,0.943,80356500
2022-09-13,0.943,0.947,0.941,0.942,46304600
2022-09-14,0.938,0.939,0.932,0.936,59830500
2022-09-15,0.936,0.939,0.919,0.927,119479300
2022-09-16,0.922,0.924,0.904,0.906,187800800
2022-09-19,0.903,0.906,0.898,0.903,94957200
2022-09-20,0.904,0.907,0.9,0.903,77511100
2022-09-21,0.9,0.905,0.894,0.904,86910000
2022-09-22,0.9,0.902,0.895,0.899,68665800
2022-09-23,0.895,0.903,0.89,0.896,85210800
2022-09-26,0.888,0.897,0.882,0.885,111061200
2022-09-27,0.885,0.895,0.882,0.895,89379400
2022-09-28,0.89,0.892,0.881,0.882,85143710
2022-09-29,0.886,0.89,0.878,0.883,94212896
2022-09-30,0.882,0.886,0.877,0.88,71959400
2022-10-10,0.88,0.88,0.862,0.865,123400798
2022-10-11,0.865,0.868,0.859,0.867,85159600
2022-10-12,0.866,0.88,0.853,0.879,151240600
2022-10-13,0.874,0.879,0.87,0.875,111033500
2022-10-14,0.878,0.894,0.877,0.891,163880424
2022-10-17,0.888,0.894,0.884,0.892,70969000
2022-10-18,0.893,0.896,0.889,0.89,72773300
2022-10-19,0.89,0.89,0.88,0.882,82487202
2022-10-20,0.878,0.887,0.872,0.88,108644300
2022-10-21,0.879,0.883,0.876,0.878,72702524
2022-10-24,0.878,0.885,0.857,0.861,161090500
2022-10-25,0.86,0.867,0.851,0.862,115883900
2022-10-26,0.861,0.873,0.859,0.867,122409900
2022-10-27,0.869,0.871,0.861,0.863,88292000
2022-10-28,0.86,0.86,0.84,0.843,215014700
2022-10-31,0.838,0.844,0.833,0.841,195537700
2022-11-01,0.838,0.858,0.836,0.857,194222300
2022-11-02,0.853,0.87,0.852,0.865,185977700
2022-11-03,0.86,0.868,0.859,0.867,74425000
2022-11-04,0.864,0.886,0.863,0.884,165882008
2022-11-07,0.88,0.889,0.877,0.886,99974208
2022-11-08,0.884,0.885,0.878,0.881,65463900
2022-11-09,0.881,0.884,0.878,0.878,59673600
2022-11-10,0.874,0.878,0.871,0.877,81161485
2022-11-11,0.89,0.9,0.885,0.892,165232785
2022-11-14,0.895,0.902,0.89,0.895,109887200
2022-11-15,0.887,0.909,0.887,0.909,120401600
2022-11-16,0.904,0.909,0.899,0.901,61609600
2022-11-17,0.897,0.901,0.891,0.9,74055200
2022-11-18,0.898,0.902,0.892,0.894,64378300
2022-11-21,0.889,0.89,0.88,0.888,87708500
2022-11-22,0.889,0.897,0.884,0.889,102299900
2022-11-23,0.887,0.897,0.886,0.894,72302158
2022-11-24,0.894,0.898,0.889,0.889,58092400
2022-11-25,0.889,0.897,0.887,0.895,74324800
2022-11-28,0.889,0.892,0.876,0.891,103113300
2022-11-29,0.891,0.913,0.891,0.912,131178200
2022-11-30,0.907,0.914,0.907,0.911,78358300
2022-12-01,0.918,0.925,0.913,0.914,106435200
2022-12-02,0.912,0.916,0.91,0.912,77329900
2022-12-05,0.917,0.933,0.917,0.931,105525900
2022-12-06,0.927,0.932,0.924,0.928,66742300
2022-12-07,0.927,0.931,0.921,0.923,75245200
2022-12-08,0.922,0.926,0.92,0.924,53681800
2022-12-09,0.922,0.928,0.918,0.927,59739498
2022-12-12,0.923,0.925,0.916,0.919,61684800
2022-12-13,0.916,0.92,0.915,0.918,43431800
2022-12-14,0.918,0.921,0.915,0.918,49782800
2022-12-15,0.918,0.919,0.913,0.917,58131000
2022-12-16,0.913,0.918,0.912,0.915,73451400
2022-12-19,0.917,0.917,0.895,0.899,128553300
2022-12-20,0.896,0.896,0.885,0.89,187820900
2022-12-21,0.89,0.892,0.884,0.888,129251900
2022-12-22,0.891,0.894,0.88,0.886,128799300
2022-12-23,0.881,0.886,0.878,0.881,138393800
2022-12-26,0.881,0.886,0.881,0.886,106519900
2022-12-27,0.888,0.894,0.887,0.893,133408800
2022-12-28,0.89,0.893,0.888,0.89,70848100
2022-12-29,0.886,0.891,0.884,0.888,202653800
2022-12-30,0.89,0.895,0.889,0.893,117407801
2023-01-03,0.891,0.903,0.888,0.902,150711700
2023-01-04,0.9,0.904,0.898,0.903,82349000
2023-01-05,0.905,0.915,0.905,0.914,106718600
2023-01-06,0.913,0.918,0.911,0.914,69906900
2023-01-09,0.915,0.922,0.915,0.92,72544209
2023-01-10,0.919,0.92,0.915,0.918,49440500
2023-01-11,0.917,0.923,0.908,0.915,65283400
2023-01-12,0.917,0.92,0.914,0.918,50993100
2023-01-13,0.919,0.931,0.918,0.929,66204300
2023-01-16,0.929,0.944,0.928,0.936,63203600
2023-01-17,0.936,0.938,0.933,0.936,40858700
2023-01-18,0.935,0.939,0.934,0.936,55021500
2023-01-19,0.934,0.942,0.931,0.942,54981500
2023-01-20,0.942,0.949,0.942,0.949,48972300
2023-01-30,0.958,0.961,0.948,0.949,60478300
2023-01-31,0.946,0.953,0.942,0.945,53085700
2023-02-01,0.945,0.957,0.942,0.955,66682300
2023-02-02,0.955,0.956,0.949,0.952,54142800
2023-02-03,0.948,0.949,0.937,0.946,73748400
2023-02-06,0.939,0.942,0.933,0.94,70127100
2023-02-07,0.938,0.949,0.937,0.942,59604000
2023-02-08,0.943,0.944,0.936,0.937,49705300
2023-02-09,0.933,0.952,0.933,0.95,76647500
2023-02-10,0.949,0.949,0.942,0.945,56057500
2023-02-13,0.943,0.954,0.942,0.952,73742500
2023-02-14,0.953,0.955,0.949,0.954,42796700
2023-02-15,0.953,0.954,0.948,0.951,50110800
2023-02-16,0.948,0.959,0.935,0.941,91363200
2023-02-17,0.941,0.946,0.933,0.934,67099000
2023-02-20,0.935,0.961,0.935,0.959,95851700
2023-02-21,0.956,0.961,0.952,0.961,68524200
2023-02-22,0.956,0.96,0.953,0.956,62215700
2023-02-23,0.956,0.96,0.951,0.954,62172700
2023-02-24,0.955,0.955,0.945,0.948,61645800
2023-02-27,0.946,0.952,0.945,0.946,62522700
2023-02-28,0.948,0.956,0.943,0.956,59509300
2023-03-01,0.954,0.968,0.951,0.967,90402200
2023-03-02,0.963,0.967,0.962,0.964,54438000
2023-03-03,0.965,0.97,0.96,0.968,64896510
2023-03-06,0.968,0.968,0.96,0.965,63509600
2023-03-07,0.962,0.97,0.951,0.952,101146191
2023-03-08,0.949,0.958,0.946,0.956,61112110
2023-03-09,0.953,0.956,0.947,0.952,53250800
2023-03-10,0.947,0.948,0.939,0.94,89617100
2023-03-13,0.94,0.951,0.936,0.949,85808900
2023-03-14,0.949,0.949,0.936,0.944,78710000
2023-03-15,0.947,0.953,0.947,0.95,73252100
2023-03-16,0.945,0.949,0.943,0.945,67829400
2023-03-17,0.947,0.962,0.947,0.953,110511590
2023-03-20,0.953,0.956,0.946,0.947,70833790
2023-03-21,0.948,0.954,0.946,0.953,65262590
2023-03-22,0.954,0.959,0.953,0.958,72218510
2023-03-23,0.955,0.963,0.953,0.962,67587598
2023-03-24,0.961,0.961,0.952,0.954,88014600
2023-03-27,0.953,0.954,0.945,0.953,82879900
2023-03-28,0.952,0.957,0.95,0.952,67756700
2023-03-29,0.953,0.955,0.948,0.951,84623800
2023-03-30,0.95,0.955,0.944,0.954,86356710
2023-03-31,0.953,0.961,0.952,0.959,96469500
2023-04-03,0.958,0.966,0.957,0.965,87915800
2023-04-04,0.964,0.97,0.961,0.968,281144400
2023-04-06,0.968,0.969,0.965,0.968,61591000
2023-04-07,0.968,0.974,0.966,0.972,57342700
2023-04-10,0.973,0.976,0.97,0.971,62634000
2023-04-11,0.972,0.973,0.964,0.972,67230800
2023-04-12,0.973,0.98,0.972,0.975,275352500
2023-04-13,0.974,0.977,0.97,0.973,60514600
2023-04-14,0.975,0.98,0.974,0.979,53650000
2023-04-17,0.979,0.998,0.978,0.997,89009700
2023-04-18,0.998,1.0,0.993,0.999,77762200
2023-04-19,0.998,0.999,0.99,0.992,81395500
2023-04-20,0.992,0.992,0.984,0.992,94975200
2023-04-21,0.991,0.991,0.97,0.971,214561200
2023-04-24,0.968,0.972,0.962,0.967,111350800
2023-04-25,0.967,0.968,0.952,0.962,266437200
2023-04-26,0.96,0.964,0.953,0.961,134011400
2023-04-27,0.958,0.972,0.957,0.967,249875978
2023-04-28,0.966,0.98,0.966,0.98,117457952
2023-05-04,0.976,0.988,0.973,0.988,99478100
2023-05-05,0.986,0.993,0.978,0.982,97684600
2023-05-08,0.982,0.999,0.982,0.999,125807770
2023-05-09,0.998,1.002,0.985,0.986,131586130
2023-05-10,0.983,0.983,0.971,0.976,130406100
2023-05-11,0.974,0.978,0.971,0.973,84470300
2023-05-12,0.973,0.976,0.96,0.96,174712000
2023-05-15,0.96,0.975,0.953,0.975,337099100
2023-05-16,0.973,0.976,0.967,0.967,273072800
2023-05-17,0.965,0.971,0.961,0.968,136674500
2023-05-18,0.968,0.973,0.965,0.969,169574919
2023-05-19,0.966,0.97,0.961,0.967,179361800
2023-05-22,0.964,0.973,0.963,0.971,146421900
2023-05-23,0.969,0.97,0.955,0.957,282496919
2023-05-24,0.954,0.955,0.944,0.945,387323600
2023-05-25,0.94,0.947,0.934,0.944,330866100
2023-05-26,0.941,0.949,0.937,0.946,249120000
2023-05-29,0.947,0.951,0.944,0.949,192889926
2023-05-30,0.947,0.951,0.939,0.95,212911300
2023-05-31,0.946,0.947,0.94,0.943,203700100
2023-06-01,0.941,0.948,0.94,0.943,176111200
2023-06-02,0.945,0.95,0.944,0.95,213750222
2023-06-05,0.949,0.952,0.946,0.949,118065450
2023-06-06,0.948,0.955,0.939,0.942,249011600
2023-06-07,0.942,0.945,0.939,0.943,157214300
2023-06-08,0.941,0.95,0.937,0.946,499297700
2023-06-09,0.946,0.953,0.944,0.953,627601600
2023-06-12,0.952,0.956,0.946,0.952,424478897
2023-06-13,0.95,0.955,0.949,0.955,161461800
2023-06-14,0.953,0.958,0.953,0.954,280743438
2023-06-15,0.954,0.962,0.953,0.961,151859838
2023-06-16,0.961,0.97,0.961,0.968,381271738
2023-06-19,0.966,0.969,0.962,0.968,346572203
2023-06-20,0.889,0.889,0.882,0.884,139550500
2023-06-21,0.882,0.883,0.874,0.875,184110900
2023-06-26,0.87,0.871,0.86,0.862,361172200
2023-06-27,0.862,0.871,0.86,0.869,241927900
2023-06-28,0.869,0.872,0.863,0.871,186216262
2023-06-29,0.869,0.874,0.868,0.87,141587600
2023-06-30,0.869,0.88,0.868,0.877,164949200
2023-07-03,0.878,0.887,0.878,0.886,195926000
2023-07-04,0.885,0.887,0.882,0.886,164389000
2023-07-05,0.886,0.887,0.88,0.883,192319300
2023-07-06,0.881,0.884,0.875,0.878,196922800
2023-07-07,0.876,0.879,0.873,0.875,127192000
2023-07-10,0.878,0.88,0.874,0.878,122155100
2023-07-11,0.878,0.884,0.876,0.883,195663218
2023-07-12,0.883,0.884,0.875,0.877,134735300
2023-07-13,0.879,0.888,0.879,0.887,230965598
2023-07-14,0.888,0.892,0.886,0.89,163129198
2023-07-17,0.887,0.888,0.881,0.885,143012300
2023-07-18,0.885,0.886,0.881,0.883,127179677
2023-07-19,0.882,0.885,0.879,0.884,167124600
2023-07-20,0.884,0.886,0.874,0.875,271337000
2023-07-21,0.875,0.879,0.872,0.876,171550700
2023-07-24,0.874,0.878,0.87,0.875,212863000
2023-07-25,0.883,0.897,0.883,0.896,527329077
2023-07-26,0.893,0.895,0.89,0.892,272648577
2023-07-27,0.893,0.898,0.889,0.891,224435500
2023-07-28,0.886,0.911,0.886,0.909,520707200
2023-07-31,0.91,0.922,0.909,0.912,277214519
2023-08-01,0.91,0.916,0.909,0.911,115382200
2023-08-02,0.909,0.913,0.901,0.906,196072700
2023-08-03,0.903,0.911,0.901,0.91,224724300
2023-08-04,0.916,0.921,0.911,0.913,491792700
2023-08-07,0.91,0.91,0.905,0.907,248550400
2023-08-08,0.906,0.91,0.902,0.906,167732900
2023-08-09,0.904,0.906,0.901,0.903,219741400
2023-08-10,0.902,0.905,0.898,0.904,224171800
2023-08-11,0.904,0.904,0.887,0.888,550925262
2023-08-14,0.88,0.885,0.873,0.885,551600857
2023-08-15,0.882,0.885,0.875,0.883,333663100
2023-08-16,0.879,0.883,0.877,0.877,363180000
2023-08-17,0.873,0.882,0.87,0.881,376690500
2023-08-18,0.88,0.885,0.874,0.874,391740100
2023-08-21,0.873,0.874,0.861,0.862,549430544
2023-08-22,0.863,0.871,0.857,0.87,457698034
2023-08-23,0.832,0.833,0.823,0.825,322009367
2023-08-24,0.826,0.83,0.822,0.827,335510027
2023-08-25,0.823,0.826,0.818,0.82,454660388
2023-08-28,0.86,0.865,0.828,0.831,1254921317
2023-08-29,0.828,0.842,0.827,0.84,447460488
2023-08-30,0.839,0.843,0.837,0.84,289391736
2023-08-31,0.839,0.84,0.833,0.835,366885036
2023-09-01,0.837,0.84,0.835,0.837,205807851
2023-09-04,0.84,0.848,0.839,0.847,450145300
2023-09-05,0.846,0.846,0.842,0.843,171885200
2023-09-06,0.841,0.845,0.838,0.845,187985700
2023-09-07,0.842,0.843,0.833,0.834,316276400
2023-09-08,0.831,0.836,0.831,0.834,174959300
2023-09-11,0.835,0.842,0.833,0.839,215566329
2023-09-12,0.838,0.841,0.837,0.839,107890500
2023-09-13,0.838,0.84,0.831,0.835,187707700
2023-09-14,0.834,0.838,0.833,0.837,200772087
2023-09-15,0.838,0.841,0.831,0.834,279529490
2023-09-18,0.831,0.838,0.83,0.838,222669701
2023-09-19,0.837,0.84,0.834,0.838,167372201
2023-09-20,0.837,0.838,0.834,0.836,162025800
2023-09-21,0.834,0.836,0.829,0.83,226083600
2023-09-22,0.829,0.842,0.827,0.842,328679098
2023-09-25,0.84,0.841,0.836,0.837,159575198
2023-09-26,0.836,0.839,0.833,0.834,187278941
2023-09-27,0.834,0.84,0.833,0.838,236681000
2023-09-28,0.837,0.84,0.835,0.836,217251100
2023-10-09,0.835,0.835,0.825,0.832,333778200
2023-10-10,0.833,0.834,0.824,0.825,311473500
2023-10-11,0.827,0.829,0.823,0.826,209693840
2023-10-12,0.83,0.833,0.828,0.832,291912775
2023-10-13,0.828,0.83,0.826,0.828,237436315
2023-10-16,0.828,0.829,0.822,0.824,223173200
2023-10-17,0.825,0.827,0.822,0.827,187854900
2023-10-18,0.825,0.826,0.82,0.821,252553700
2023-10-19,0.818,0.819,0.804,0.805,654374100
2023-10-20,0.801,0.805,0.795,0.798,622863816
2023-10-23,0.795,0.796,0.783,0.788,584384600
2023-10-24,0.789,0.793,0.784,0.793,414880796
2023-10-25,0.798,0.802,0.796,0.797,438279116
2023-10-26,0.793,0.801,0.792,0.801,344955100
2023-10-27,0.798,0.813,0.796,0.807,490050800
2023-10-30,0.804,0.81,0.803,0.808,296214341
2023-10-31,0.807,0.807,0.8,0.804,358655500
2023-11-01,0.809,0.81,0.803,0.805,207828929
2023-11-02,0.806,0.81,0.802,0.803,213141192
2023-11-03,0.804,0.811,0.803,0.808,273824802
2023-11-06,0.812,0.816,0.81,0.816,320693849
2023-11-07,0.814,0.817,0.811,0.815,172934967
2023-11-08,0.814,0.816,0.81,0.814,356085100
2023-11-09,0.813,0.816,0.811,0.813,195980700
2023-11-10,0.81,0.811,0.807,0.81,154993400
2023-11-13,0.812,0.812,0.808,0.811,126482100
2023-11-14,0.812,0.817,0.811,0.816,324182600
2023-11-15,0.821,0.823,0.817,0.82,236206400
2023-11-16,0.818,0.819,0.814,0.814,154515700
2023-11-17,0.811,0.815,0.809,0.815,168622100
2023-11-20,0.815,0.821,0.812,0.819,339716600
2023-11-21,0.821,0.826,0.817,0.82,788606000
2023-11-22,0.817,0.82,0.811,0.813,367524200
2023-11-23,0.812,0.818,0.811,0.818,395173000
2023-11-24,0.817,0.817,0.81,0.811,257963800
2023-11-27,0.81,0.811,0.805,0.809,206403300
2023-11-28,0.808,0.81,0.806,0.809,131375700
2023-11-29,0.81,0.81,0.804,0.805,124944900
2023-11-30,0.805,0.807,0.802,0.807,151832400
2023-12-01,0.805,0.808,0.801,0.807,309064500
2023-12-04,0.807,0.809,0.803,0.804,166317100
2023-12-05,0.803,0.803,0.79,0.791,395700001
2023-12-06,0.789,0.793,0.787,0.79,247650600
2023-12-07,0.788,0.79,0.782,0.788,330090400
2023-12-08,0.787,0.791,0.785,0.789,191148100
2023-12-11,0.785,0.796,0.778,0.794,362791000
2023-12-12,0.791,0.798,0.791,0.797,218068900
2023-12-13,0.796,0.796,0.788,0.789,208242000
2023-12-14,0.792,0.793,0.785,0.786,187511900
2023-12-15,0.788,0.791,0.781,0.783,304129000
2023-12-18,0.78,0.784,0.776,0.78,238824400
2023-12-19,0.778,0.781,0.774,0.779,286169400
2023-12-20,0.717,0.718,0.709,0.71,374236100
2023-12-21,0.707,0.714,0.705,0.714,534876500
2023-12-22,0.712,0.717,0.71,0.713,519784457
2023-12-25,0.712,0.715,0.71,0.715,225309700
2023-12-26,0.714,0.715,0.708,0.711,312374800
2023-12-27,0.71,0.715,0.707,0.714,353027925
2023-12-28,0.713,0.725,0.712,0.724,516445225
2023-12-29,0.723,0.73,0.722,0.729,314699368
2024-01-02,0.728,0.729,0.725,0.726,245193700
2024-01-03,0.724,0.729,0.724,0.728,211636275
2024-01-04,0.727,0.728,0.72,0.724,252090575
2024-01-05,0.722,0.729,0.716,0.72,321829200
2024-01-08,0.719,0.72,0.709,0.71,445277600
2024-01-09,0.71,0.713,0.707,0.712,317756000
2024-01-10,0.709,0.713,0.705,0.707,357088500
2024-01-11,0.706,0.711,0.704,0.709,354863460
2024-01-12,0.707,0.712,0.706,0.708,275137800
2024-01-15,0.705,0.712,0.704,0.709,231101800
2024-01-16,0.707,0.71,0.701,0.709,401368897
2024-01-17,0.706,0.707,0.694,0.695,473887700
2024-01-18,0.691,0.698,0.676,0.697,823096836
2024-01-19,0.693,0.697,0.691,0.693,527673600
2024-01-22,0.692,0.693,0.671,0.675,707433700
2024-01-23,0.674,0.683,0.668,0.679,583669680
2024-01-24,0.68,0.692,0.672,0.69,709518273
2024-01-25,0.689,0.712,0.689,0.711,875101667
2024-01-26,0.708,0.716,0.707,0.713,622506138
2024-01-29,0.714,0.716,0.707,0.707,472754039
2024-01-30,0.705,0.707,0.694,0.695,589291039
2024-01-31,0.692,0.696,0.684,0.688,557672285
2024-02-01,0.684,0.689,0.677,0.682,700443139
2024-02-02,0.682,0.686,0.656,0.674,1363375000
2024-02-05,0.667,0.675,0.65,0.666,1197515700
2024-02-06,0.66,0.69,0.659,0.689,927073371
2024-02-07,0.687,0.7,0.683,0.699,732766541
2024-02-08,0.7,0.705,0.698,0.704,740035082
2024-02-19,0.708,0.716,0.704,0.715,647044505
2024-02-20,0.713,0.719,0.71,0.718,421093884
2024-02-21,0.715,0.736,0.713,0.727,720730463
2024-02-22,0.725,0.737,0.725,0.737,403892391
2024-02-23,0.737,0.743,0.735,0.741,395382600
2024-02-26,0.74,0.741,0.731,0.732,417220900
2024-02-27,0.729,0.743,0.728,0.743,567745715
2024-02-28,0.742,0.744,0.727,0.729,531155400
2024-02-29,0.726,0.74,0.725,0.739,466492010
2024-03-01,0.738,0.744,0.736,0.741,491170729
2024-03-04,0.74,0.744,0.736,0.743,321166810
2024-03-05,0.741,0.748,0.739,0.747,290782010
2024-03-06,0.746,0.75,0.744,0.745,227254128
2024-03-07,0.745,0.751,0.741,0.742,337891387
2024-03-08,0.742,0.746,0.738,0.746,225250610
2024-03-11,0.745,0.751,0.742,0.751,241653469
2024-03-12,0.751,0.752,0.745,0.748,289340987
2024-03-13,0.747,0.75,0.742,0.746,379182500
2024-03-14,0.744,0.751,0.741,0.745,276572182
2024-03-15,0.744,0.75,0.741,0.748,270042300
2024-03-18,0.748,0.756,0.747,0.756,270828480
2024-03-19,0.755,0.756,0.75,0.75,193275402
2024-03-20,0.75,0.753,0.747,0.752,159475380
2024-03-21,0.753,0.755,0.75,0.752,179275600
2024-03-22,0.751,0.751,0.739,0.744,363268500
2024-03-25,0.741,0.748,0.739,0.74,281409100
2024-03-26,0.74,0.742,0.735,0.741,240465500
2024-03-27,0.739,0.741,0.732,0.733,318767000
2024-03-28,0.732,0.74,0.729,0.735,385180601
2024-03-29,0.735,0.743,0.734,0.743,365372000
2024-04-01,0.745,0.752,0.744,0.752,414270269
2024-04-02,0.751,0.755,0.75,0.752,260353969
2024-04-03,0.752,0.753,0.748,0.752,167733149
2024-04-08,0.749,0.753,0.745,0.746,204250149
2024-04-09,0.745,0.747,0.741,0.746,160795500
2024-04-10,0.746,0.747,0.739,0.743,232758500
2024-04-11,0.739,0.746,0.738,0.743,208065400
2024-04-12,0.743,0.744,0.737,0.738,186370800
2024-04-15,0.738,0.75,0.732,0.747,405691300
2024-04-16,0.744,0.745,0.734,0.736,457745300
2024-04-17,0.734,0.749,0.732,0.749,495512200
2024-04-18,0.746,0.756,0.745,0.749,388054734
2024-04-19,0.747,0.75,0.744,0.747,217964800
2024-04-22,0.745,0.75,0.741,0.742,288073000
2024-04-23,0.742,0.742,0.736,0.737,369086700
2024-04-24,0.738,0.742,0.736,0.742,288542500
2024-04-25,0.74,0.746,0.739,0.744,216978100
2024-04-26,0.745,0.754,0.744,0.753,393901041
2024-04-29,0.753,0.76,0.75,0.759,370243301
2024-04-30,0.758,0.762,0.757,0.758,240211201
2024-05-06,0.764,0.766,0.761,0.765,423834901
2024-05-07,0.763,0.767,0.762,0.766,261525301
2024-05-08,0.764,0.766,0.761,0.762,168701200
2024-05-09,0.762,0.768,0.761,0.768,248968900
2024-05-10,0.767,0.771,0.763,0.769,228796300
2024-05-13,0.766,0.768,0.76,0.765,235969700
2024-05-14,0.764,0.768,0.762,0.765,196672900
2024-05-15,0.766,0.766,0.758,0.76,292621400
2024-05-16,0.761,0.763,0.757,0.759,468357000
2024-05-17,0.759,0.767,0.757,0.766,289587297
2024-05-20,0.766,0.772,0.766,0.772,277562198
2024-05-21,0.77,0.77,0.765,0.767,217593288
2024-05-22,0.766,0.769,0.766,0.768,133451300
2024-05-23,0.766,0.767,0.756,0.758,400409700
2024-05-24,0.756,0.76,0.751,0.752,313492300
2024-05-27,0.752,0.759,0.751,0.759,313259100
2024-05-28,0.758,0.761,0.754,0.756,210155900
2024-05-29,0.755,0.76,0.753,0.755,205275100
2024-05-30,0.753,0.758,0.748,0.751,637138900
2024-05-31,0.752,0.755,0.75,0.752,187171000
2024-06-03,0.75,0.752,0.743,0.748,398995300
2024-06-04,0.746,0.752,0.744,0.751,335230700
2024-06-05,0.75,0.751,0.745,0.746,326045000
2024-06-06,0.747,0.749,0.741,0.743,457639700
2024-06-07,0.744,0.747,0.739,0.744,359884300
2024-06-11,0.742,0.742,0.734,0.739,703544800
2024-06-12,0.737,0.742,0.736,0.741,412255900
2024-06-13,0.741,0.742,0.737,0.739,317156600
2024-06-14,0.737,0.741,0.735,0.74,341022800
2024-06-17,0.737,0.738,0.735,0.736,594674100
2024-06-18,0.736,0.739,0.735,0.738,340720200
2024-06-19,0.738,0.74,0.736,0.737,270111000
2024-06-20,0.736,0.739,0.733,0.734,453092600
2024-06-21,0.733,0.735,0.729,0.732,675037300
2024-06-24,0.73,0.73,0.723,0.724,758304800
2024-06-25,0.724,0.726,0.717,0.721,549741900
2024-06-26,0.719,0.728,0.718,0.728,547202800
2024-06-27,0.725,0.726,0.721,0.723,360380200
2024-06-28,0.721,0.733,0.72,0.729,651065000
2024-07-01,0.727,0.734,0.726,0.734,343471100
2024-07-02,0.732,0.736,0.731,0.734,454725200
2024-07-03,0.732,0.734,0.73,0.731,272803500
2024-07-04,0.731,0.734,0.725,0.726,459583400
2024-07-05,0.725,0.726,0.716,0.723,725468300
2024-07-08,0.721,0.723,0.716,0.718,461710300
2024-07-09,0.717,0.729,0.714,0.728,713620900
2024-07-10,0.726,0.728,0.722,0.724,408166700
2024-07-11,0.728,0.733,0.726,0.733,519088900
2024-07-12,0.731,0.734,0.731,0.732,349617900
2024-07-15,0.73,0.734,0.73,0.733,289223900
2024-07-16,0.732,0.736,0.731,0.736,342001400
2024-07-17,0.736,0.736,0.732,0.734,291536900
2024-07-18,0.732,0.736,0.727,0.736,455312099
2024-07-19,0.733,0.738,0.731,0.738,435739800
2024-07-22,0.737,0.737,0.729,0.732,534825000
2024-07-23,0.731,0.732,0.721,0.721,518612900
2024-07-24,0.72,0.723,0.715,0.718,515869891
2024-07-25,0.716,0.717,0.71,0.714,846337598
2024-07-26,0.713,0.717,0.711,0.715,432949700
2024-07-29,0.714,0.716,0.712,0.714,270513600
2024-07-30,0.713,0.713,0.708,0.71,494927103
2024-07-31,0.71,0.726,0.709,0.725,1085796621
2024-08-01,0.724,0.727,0.722,0.723,343103900
2024-08-02,0.72,0.723,0.717,0.718,371823102
2024-08-05,0.715,0.72,0.706,0.707,814508600
2024-08-06,0.71,0.712,0.7,0.706,840854900
2024-08-07,0.706,0.712,0.704,0.708,523292200
2024-08-08,0.707,0.712,0.703,0.709,471143600
2024-08-09,0.71,0.712,0.706,0.706,431631000
2024-08-12,0.705,0.707,0.702,0.704,366231600
2024-08-13,0.704,0.706,0.701,0.706,385897000
2024-08-14,0.706,0.706,0.703,0.703,229051600
2024-08-15,0.702,0.712,0.701,0.71,488678700
2024-08-16,0.709,0.712,0.708,0.71,229600400
2024-08-19,0.71,0.715,0.709,0.713,348555400
2024-08-20,0.713,0.713,0.704,0.707,439371200
2024-08-21,0.704,0.705,0.702,0.704,296093500
2024-08-22,0.704,0.705,0.701,0.702,257238400
2024-08-23,0.701,0.705,0.7,0.703,270589900
2024-08-26,0.703,0.704,0.7,0.703,272242400
2024-08-27,0.702,0.703,0.7,0.701,353498800
2024-08-28,0.7,0.702,0.696,0.697,458939700
2024-08-29,0.696,0.696,0.692,0.695,420447300
2024-08-30,0.693,0.703,0.692,0.699,742075900
2024-09-02,0.696,0.697,0.69,0.69,543977300
2024-09-03,0.69,0.691,0.686,0.688,412020600
2024-09-04,0.686,0.688,0.684,0.685,390096200
2024-09-05,0.686,0.688,0.683,0.686,423310200
2024-09-06,0.687,0.69,0.68,0.681,553051600
2024-09-09,0.679,0.68,0.67,0.673,736293700
2024-09-10,0.673,0.676,0.669,0.675,467657900
2024-09-11,0.673,0.674,0.666,0.669,923637700
2024-09-12,0.669,0.671,0.667,0.667,549176600
2024-09-13,0.667,0.67,0.663,0.664,505266900
2024-09-18,0.664,0.668,0.66,0.667,522053700
2024-09-19,0.668,0.674,0.662,0.672,697918101
2024-09-20,0.669,0.673,0.667,0.672,468099600
2024-09-23,0.671,0.678,0.67,0.675,943554801
2024-09-24,0.679,0.704,0.678,0.703,1472130700
2024-09-25,0.71,0.725,0.708,0.71,1409510600
2024-09-26,0.708,0.738,0.708,0.737,1734890798
2024-09-27,0.746,0.766,0.738,0.762,1198870198
2024-09-30,0.786,0.838,0.77,0.838,2149006260
2024-10-08,0.922,0.922,0.838,0.9,4325355298
2024-10-09,0.863,0.863,0.81,0.81,3381916500
2024-10-10,0.803,0.828,0.791,0.81,2292897157
2024-10-11,0.804,0.81,0.781,0.789,1760105188
2024-10-14,0.792,0.806,0.785,0.803,1837291373
2024-10-15,0.798,0.804,0.784,0.786,1185038889
2024-10-16,0.78,0.792,0.774,0.784,1334364867
2024-10-17,0.787,0.793,0.776,0.776,924100318
2024-10-18,0.776,0.812,0.771,0.799,1620809078
2024-10-21,0.798,0.804,0.791,0.798,1079430300
2024-10-22,0.796,0.805,0.795,0.804,812551800
2024-10-23,0.803,0.814,0.801,0.808,751184900
2024-10-24,0.805,0.805,0.799,0.802,510938700
2024-10-25,0.801,0.809,0.8,0.806,546529600
2024-10-28,0.805,0.811,0.8,0.81,658930000
2024-10-29,0.811,0.815,0.801,0.803,928376100
2024-10-30,0.801,0.803,0.791,0.796,673457000
2024-10-31,0.795,0.801,0.791,0.797,502370500
2024-11-01,0.794,0.805,0.794,0.798,673360810
2024-11-04,0.798,0.806,0.795,0.805,365475110
2024-11-05,0.806,0.826,0.803,0.826,1076978100
2024-11-06,0.825,0.832,0.819,0.823,741954900
2024-11-07,0.818,0.847,0.817,0.845,792149600
2024-11-08,0.846,0.852,0.833,0.837,1207930741
2024-11-11,0.834,0.842,0.827,0.841,623388941
2024-11-12,0.84,0.847,0.824,0.831,723072500
2024-11-13,0.827,0.836,0.825,0.835,410630005
2024-11-14,0.833,0.835,0.819,0.821,530880803
2024-11-15,0.819,0.825,0.811,0.813,562436003
2024-11-18,0.813,0.824,0.806,0.81,581068800
2024-11-19,0.81,0.816,0.8,0.815,560277508
2024-11-20,0.812,0.822,0.81,0.82,492025408
2024-11-21,0.818,0.822,0.815,0.82,276604900
2024-11-22,0.818,0.82,0.794,0.796,705228199
2024-11-25,0.795,0.799,0.786,0.794,440708199
2024-11-26,0.791,0.798,0.79,0.792,401834607
2024-11-27,0.791,0.806,0.785,0.806,464017500
2024-11-28,0.803,0.807,0.8,0.801,327955700
2024-11-29,0.801,0.815,0.8,0.809,489408700
2024-12-02,0.809,0.817,0.806,0.816,370623100
2024-12-03,0.815,0.822,0.812,0.821,399907105
2024-12-04,0.82,0.822,0.814,0.818,373204200
2024-12-05,0.815,0.819,0.814,0.818,233610500
2024-12-06,0.817,0.829,0.816,0.826,425625200
2024-12-09,0.825,0.831,0.821,0.825,319674538
2024-12-10,0.843,0.847,0.829,0.83,696817703
2024-12-11,0.827,0.834,0.827,0.833,305994900
2024-12-12,0.832,0.84,0.831,0.84,357223400
2024-12-13,0.836,0.837,0.823,0.824,518995400
2024-12-16,0.824,0.826,0.818,0.822,406465615
2024-12-17,0.821,0.825,0.816,0.817,388910400
2024-12-18,0.818,0.824,0.817,0.821,312649217
2024-12-19,0.816,0.819,0.812,0.818,296093999
2024-12-20,0.817,0.821,0.815,0.817,279715700
2024-12-23,0.816,0.82,0.812,0.813,353857800
2024-12-24,0.813,0.825,0.813,0.825,427264100
2024-12-25,0.824,0.826,0.819,0.824,282526200
2024-12-26,0.823,0.825,0.821,0.825,206150910
2024-12-27,0.824,0.829,0.822,0.826,332993200
2024-12-30,0.825,0.829,0.824,0.829,261942310
2024-12-31,0.829,0.83,0.816,0.817,391658600
2025-01-02,0.815,0.817,0.788,0.794,847695400
2025-01-03,0.794,0.796,0.781,0.783,641654900
2025-01-06,0.782,0.784,0.776,0.781,530131700
2025-01-07,0.78,0.786,0.777,0.786,490211600
2025-01-08,0.783,0.789,0.773,0.786,646413000
2025-01-09,0.784,0.786,0.78,0.783,303942800
2025-01-10,0.781,0.783,0.773,0.774,414200700
2025-01-13,0.77,0.773,0.765,0.77,387230700
2025-01-14,0.771,0.789,0.77,0.789,651447100
2025-01-15,0.787,0.79,0.784,0.785,272788100
2025-01-16,0.786,0.794,0.783,0.787,332944100
2025-01-17,0.785,0.792,0.784,0.79,314272700
2025-01-20,0.791,0.795,0.788,0.79,315350700
2025-01-21,0.791,0.792,0.785,0.788,271313300
2025-01-22,0.787,0.787,0.778,0.781,379422500
2025-01-23,0.785,0.796,0.785,0.787,590133199
2025-01-24,0.786,0.793,0.784,0.792,305485099
2025-01-27,0.794,0.797,0.792,0.794,394429700
2025-02-05,0.797,0.797,0.784,0.786,460395300
2025-02-06,0.784,0.795,0.784,0.795,445643000
2025-02-07,0.793,0.808,0.792,0.804,639953700
2025-02-10,0.804,0.807,0.801,0.806,328773200
2025-02-11,0.807,0.807,0.802,0.804,268129200
2025-02-12,0.804,0.814,0.802,0.814,357712899
2025-02-13,0.812,0.816,0.809,0.81,286527800
2025-02-14,0.809,0.814,0.807,0.812,272385500
2025-02-17,0.813,0.814,0.808,0.814,362362800
2025-02-18,0.812,0.816,0.804,0.807,407443900
2025-02-19,0.805,0.813,0.805,0.812,273247192
2025-02-20,0.811,0.814,0.809,0.813,277536400
2025-02-21,0.812,0.818,0.808,0.817,448945500
2025-02-24,0.816,0.819,0.812,0.816,515733300
2025-02-25,0.811,0.815,0.808,0.809,320034000
2025-02-26,0.809,0.818,0.809,0.818,319682300
2025-02-27,0.818,0.82,0.813,0.82,284705600
2025-02-28,0.817,0.819,0.803,0.805,397448100
2025-03-03,0.804,0.812,0.802,0.806,341504200
2025-03-04,0.803,0.807,0.801,0.806,170073600
2025-03-05,0.806,0.811,0.803,0.811,277207100
2025-03-06,0.812,0.819,0.811,0.818,684469830
2025-03-07,0.816,0.822,0.815,0.818,311404800
2025-03-10,0.817,0.819,0.811,0.815,158332400
2025-03-11,0.811,0.82,0.809,0.819,219790000
2025-03-12,0.819,0.822,0.816,0.818,165311700
2025-03-13,0.817,0.819,0.81,0.815,249266800
2025-03-14,0.815,0.83,0.814,0.83,521349210
2025-03-17,0.832,0.834,0.83,0.831,201503000
2025-03-18,0.833,0.834,0.83,0.833,173677200
2025-03-19,0.832,0.834,0.828,0.832,154647500
2025-03-20,0.831,0.832,0.827,0.828,161846600
2025-03-21,0.827,0.831,0.817,0.82,302498400
2025-03-24,0.818,0.822,0.813,0.822,299418500
2025-03-25,0.819,0.825,0.819,0.823,210268500
2025-03-26,0.822,0.826,0.821,0.822,261020900
2025-03-27,0.821,0.829,0.817,0.825,213507200
2025-03-28,0.824,0.825,0.817,0.819,196121500
2025-03-31,0.818,0.822,0.811,0.815,251876000
2025-04-01,0.815,0.821,0.814,0.819,217805000
2025-04-02,0.818,0.822,0.817,0.82,174031900
2025-04-03,0.815,0.82,0.812,0.815,264659300
2025-04-07,0.796,0.8,0.742,0.755,1517850709
2025-04-08,0.755,0.765,0.751,0.765,686788400
2025-04-09,0.758,0.775,0.746,0.772,905334100
2025-04-10,0.78,0.787,0.776,0.78,735685100
2025-04-11,0.777,0.788,0.777,0.784,520164009
2025-04-14,0.787,0.794,0.786,0.791,297808809
2025-04-15,0.791,0.793,0.788,0.792,196538209
2025-04-16,0.791,0.794,0.784,0.793,243537200
2025-04-17,0.79,0.797,0.789,0.794,400526800
2025-04-18,0.794,0.798,0.792,0.797,213072100
2025-04-21,0.795,0.802,0.794,0.801,218022200
2025-04-22,0.8,0.807,0.799,0.805,247213600
2025-04-23,0.805,0.807,0.801,0.803,169144600
2025-04-24,0.803,0.807,0.8,0.804,207019900
2025-04-25,0.803,0.806,0.802,0.804,130814300
2025-04-28,0.802,0.804,0.799,0.802,105072600
2025-04-29,0.801,0.804,0.799,0.801,115086500
2025-04-30,0.802,0.803,0.8,0.801,100301600
2025-05-06,0.803,0.81,0.802,0.81,225694102
2025-05-07,0.816,0.82,0.812,0.817,249609500
2025-05-08,0.815,0.819,0.812,0.817,147631300
2025-05-09,0.817,0.818,0.813,0.815,116503800
2025-05-12,0.818,0.825,0.817,0.824,200982900
2025-05-13,0.827,0.829,0.822,0.824,198012500
2025-05-14,0.824,0.835,0.823,0.832,352169900
2025-05-15,0.831,0.834,0.827,0.829,176968400
2025-05-16,0.827,0.828,0.822,0.826,167796100
2025-05-19,0.825,0.829,0.824,0.828,164699700
2025-05-20,0.827,0.833,0.827,0.831,197193300
2025-05-21,0.832,0.837,0.831,0.835,264074100
2025-05-22,0.835,0.838,0.834,0.835,162139900
2025-05-23,0.835,0.837,0.828,0.829,182505100
2025-05-26,0.827,0.831,0.824,0.827,160094300
2025-05-27,0.826,0.827,0.822,0.824,146076700
2025-05-28,0.824,0.827,0.824,0.824,121564800
2025-05-29,0.825,0.836,0.824,0.835,217420900
2025-05-30,0.831,0.832,0.828,0.831,144636800
2025-06-03,0.828,0.835,0.828,0.834,120255900
2025-06-04,0.834,0.839,0.833,0.838,139559000
2025-06-05,0.839,0.84,0.836,0.84,161618300
2025-06-06,0.84,0.842,0.838,0.841,153977000
2025-06-09,0.841,0.844,0.839,0.844,175218500
2025-06-10,0.843,0.847,0.836,0.841,225335509
2025-06-11,0.84,0.848,0.84,0.846,312026479
2025-06-12,0.844,0.848,0.842,0.848,118706470
2025-06-13,0.846,0.847,0.84,0.842,146109500
2025-06-16,0.841,0.846,0.84,0.845,116248600
2025-06-17,0.845,0.847,0.842,0.844,88608610
2025-06-18,0.844,0.846,0.84,0.846,118053100
2025-06-19,0.845,0.845,0.836,0.839,197050200
2025-06-20,0.838,0.842,0.837,0.839,116901700
2025-06-23,0.837,0.847,0.835,0.845,179319200
2025-06-24,0.844,0.855,0.844,0.854,219528500
2025-06-25,0.854,0.867,0.853,0.867,221342610
2025-06-26,0.864,0.865,0.86,0.862,160606410
2025-06-27,0.862,0.866,0.855,0.858,269310900
2025-06-30,0.857,0.86,0.853,0.86,189729800
2025-07-01,0.859,0.864,0.858,0.863,181275803
2025-07-02,0.863,0.866,0.862,0.864,135304600
2025-07-03,0.864,0.867,0.862,0.867,128802700
2025-07-04,0.866,0.876,0.865,0.87,223847500
2025-07-07,0.869,0.872,0.868,0.872,100107300
2025-07-08,0.872,0.878,0.871,0.877,236025600
2025-07-09,0.876,0.879,0.874,0.876,169343600
2025-07-10,0.875,0.884,0.874,0.88,252191800
2025-07-11,0.88,0.892,0.879,0.881,403868100
2025-07-14,0.879,0.887,0.879,0.884,192443400
2025-07-15,0.884,0.887,0.875,0.88,303233900
2025-07-16,0.881,0.882,0.877,0.881,241117500
2025-07-17,0.88,0.885,0.879,0.884,154000100
2025-07-18,0.885,0.89,0.884,0.889,206028000
2025-07-21,0.89,0.9,0.89,0.899,330446600
2025-07-22,0.899,0.904,0.893,0.903,373650400
2025-07-23,0.903,0.909,0.9,0.902,260610402
2025-07-24,0.901,0.908,0.899,0.907,313726405
2025-07-25,0.905,0.907,0.901,0.902,217847500
2025-07-28,0.902,0.905,0.899,0.904,191435892
2025-07-29,0.903,0.907,0.9,0.907,220464400
2025-07-30,0.906,0.913,0.902,0.907,276915400
2025-07-31,0.905,0.906,0.894,0.897,436261000
2025-08-01,0.896,0.9,0.892,0.896,258883500
2025-08-04,0.894,0.901,0.892,0.901,193593400
2025-08-05,0.901,0.91,0.9,0.91,293882395
2025-08-06,0.909,0.914,0.908,0.913,237841700
2025-08-07,0.913,0.917,0.91,0.915,204598562
2025-08-08,0.913,0.918,0.911,0.916,176545000
2025-08-11,0.915,0.92,0.913,0.918,261210100
2025-08-12,0.918,0.922,0.916,0.921,196187200
2025-08-13,0.921,0.928,0.921,0.927,295629075
2025-08-14,0.927,0.931,0.92,0.922,326311700
2025-08-15,0.92,0.932,0.919,0.931,341508500
2025-08-18,0.931,0.941,0.929,0.937,340550525
2025-08-19,0.937,0.94,0.931,0.933,283372000
2025-08-20,0.931,0.945,0.928,0.945,300790598
2025-08-21,0.945,0.949,0.942,0.945,374205300
2025-08-22,0.945,0.96,0.943,0.959,456593520
2025-08-25,0.96,0.973,0.959,0.973,613260930
2025-08-26,0.97,0.975,0.966,0.97,474826400
2025-08-27,0.97,0.973,0.951,0.952,921432207
2025-08-28,0.951,0.964,0.939,0.964,788947320
2025-08-29,0.96,0.968,0.958,0.966,571361300
2025-09-01,0.966,0.971,0.964,0.971,388256995
2025-09-02,0.97,0.973,0.959,0.969,529252061
2025-09-03,0.969,0.97,0.95,0.955,497634600
2025-09-04,0.955,0.956,0.94,0.949,917677779
2025-09-05,0.946,0.96,0.942,0.958,616560505
2025-09-08,0.957,0.965,0.956,0.963,402773461
2025-09-09,0.962,0.964,0.954,0.958,313167061
2025-09-10,0.957,0.962,0.953,0.958,252735661
2025-09-11,0.955,0.973,0.952,0.971,481199073
2025-09-12,0.971,0.974,0.966,0.968,442538855
2025-09-15,0.968,0.969,0.963,0.964,229167900
2025-09-16,0.965,0.967,0.957,0.964,242863100
2025-09-17,0.963,0.966,0.958,0.964,241609356
2025-09-18,0.964,0.967,0.945,0.951,453163000
2025-09-19,0.95,0.956,0.948,0.953,292305800
2025-09-22,0.951,0.953,0.947,0.952,235004900
2025-09-23,0.951,0.954,0.938,0.951,433017800
2025-09-24,0.947,0.957,0.945,0.956,337995050
2025-09-25,0.956,0.959,0.954,0.956,245165600
2025-09-26,0.954,0.958,0.952,0.952,191135300
2025-09-29,0.952,0.965,0.947,0.963,256049300
2025-09-30,0.962,0.967,0.961,0.967,394466400
2025-10-09,0.968,0.983,0.966,0.982,471673300
2025-10-10,0.979,0.981,0.969,0.973,402211950
2025-10-13,0.943,0.971,0.943,0.968,417407600
2025-10-14,0.969,0.976,0.959,0.963,427006619
2025-10-15,0.96,0.976,0.96,0.975,399941481
2025-10-16,0.972,0.981,0.971,0.977,277138150
2025-10-17,0.976,0.977,0.955,0.958,553698050
2025-10-20,0.962,0.965,0.959,0.962,303002350
2025-10-21,0.963,0.975,0.963,0.974,400596450
2025-10-22,0.971,0.975,0.97,0.974,254079150
2025-10-23,0.972,0.979,0.965,0.977,293317900
2025-10-24,0.978,0.984,0.977,0.983,281463200
2025-10-27,0.988,0.999,0.987,0.999,387743800
2025-10-28,0.998,1.0,0.992,0.995,330573600
2025-10-29,0.995,1.003,0.994,1.002,343864499
2025-10-30,1.0,1.003,0.993,0.995,331708810
2025-10-31,0.994,0.996,0.987,0.989,497253010
2025-11-03,0.989,0.993,0.983,0.993,337281100
2025-11-04,0.991,0.993,0.981,0.986,396878900
2025-11-05,0.978,0.992,0.978,0.989,391689000
2025-11-06,0.988,0.999,0.988,0.998,480982496
2025-11-07,0.994,1.002,0.994,0.998,308933432
2025-11-10,0.998,1.003,0.996,1.003,244232490
2025-11-11,1.003,1.005,0.994,0.998,291692325
2025-11-12,0.996,1.002,0.992,0.997,319503300
2025-11-13,0.995,1.006,0.995,1.005,357813326
2025-11-14,1.0,1.006,0.995,0.996,399580200
2025-11-17,0.993,0.994,0.986,0.988,557487962
2025-11-18,0.986,0.987,0.976,0.981,1003342500
2025-11-19,0.979,0.985,0.978,0.982,669407258
2025-11-20,0.985,0.988,0.979,0.981,459384600
2025-11-21,0.975,0.978,0.957,0.96,1745553053
2025-11-24,0.96,0.962,0.951,0.956,719704521
2025-11-25,0.958,0.966,0.957,0.961,683942946
2025-11-26,0.962,0.965,0.959,0.96,577877463
2025-11-27,0.961,0.968,0.96,0.963,518372893
2025-11-28,0.963,0.967,0.96,0.967,485839900
2025-12-01,0.968,0.974,0.967,0.974,381338700
2025-12-02,0.974,0.974,0.968,0.97,239351500
2025-12-03,0.97,0.972,0.964,0.966,254070100
2025-12-04,0.966,0.969,0.962,0.965,250547829
2025-12-05,0.965,0.976,0.965,0.974,392710107
2025-12-08,0.975,0.982,0.975,0.978,358474571
2025-12-09,0.976,0.978,0.972,0.975,223533632
2025-12-10,0.973,0.974,0.966,0.973,259742961
2025-12-11,0.972,0.975,0.964,0.968,391431000
2025-12-12,0.968,0.971,0.962,0.97,332075600
2025-12-15,0.965,0.973,0.965,0.966,258800700
2025-12-16,0.965,0.966,0.954,0.958,728785400
2025-12-17,0.956,0.97,0.955,0.968,561601400
2025-12-18,0.966,0.973,0.964,0.97,396528881
2025-12-19,0.97,0.978,0.969,0.975,264784962
2025-12-22,0.975,0.982,0.975,0.981,367719300
2025-12-23,0.981,0.986,0.979,0.981,260167100
2025-12-24,0.98,0.988,0.979,0.987,325010578
2025-12-25,0.986,0.993,0.985,0.991,223892600
2025-12-26,0.991,0.995,0.987,0.992,257994700
2025-12-29,0.991,0.996,0.989,0.991,232602300
2025-12-30,0.989,0.994,0.987,0.992,201185500
2025-12-31,0.992,0.995,0.989,0.992,307448119
2026-01-05,0.994,1.006,0.994,1.005,391704648
2026-01-06,1.006,1.02,1.005,1.02,304768975
2026-01-07,1.02,1.024,1.016,1.02,318733437
2026-01-08,1.018,1.021,1.015,1.018,456470155
2026-01-09,1.018,1.028,1.018,1.028,300657600
2026-01-12,1.028,1.042,1.026,1.041,281960821
2026-01-13,1.041,1.041,1.027,1.032,336502750
2026-01-14,1.03,1.042,1.022,1.029,403123700
2026-01-15,1.024,1.031,1.022,1.028,269884905
2026-01-16,1.03,1.032,1.02,1.023,285687193
2026-01-19,1.02,1.029,1.019,1.028,319759321
2026-01-20,1.027,1.031,1.019,1.031,301493369
2026-01-21,1.027,1.033,1.025,1.03,319355200
2026-01-22,1.031,1.037,1.03,1.033,236353300
2026-01-23,1.034,1.042,1.034,1.041,314809687
2026-01-26,1.039,1.044,1.034,1.038,235941299
2026-01-27,1.037,1.042,1.03,1.037,247595000
2026-01-28,1.038,1.047,1.038,1.045,297443505
2026-01-29,1.044,1.047,1.039,1.047,246812105
2026-01-30,1.041,1.044,1.021,1.034,737677700
2026-02-02,1.026,1.031,1.006,1.008,1201737685
2026-02-03,1.012,1.021,1.005,1.021,779944510
2026-02-04,1.019,1.03,1.018,1.029,634987962
2026-02-05,1.025,1.028,1.019,1.027,439014428
2026-02-06,1.019,1.03,1.014,1.024,442607690
2026-02-09,1.028,1.037,1.028,1.037,651887490
2026-02-10,1.037,1.039,1.035,1.038,224980762
2026-02-11,1.038,1.043,1.037,1.042,208895494
2026-02-12,1.041,1.044,1.039,1.043,222670200
2026-02-13,1.04,1.04,1.028,1.03,705915300
2026-02-24,1.035,1.04,1.033,1.037,404253317
2026-02-25,1.037,1.049,1.037,1.043,430165535
2026-02-26,1.044,1.045,1.039,1.044,230214830
2026-02-27,1.04,1.049,1.04,1.049,266896100
2026-03-02,1.046,1.056,1.042,1.056,553765883
2026-03-03,1.056,1.06,1.041,1.045,650142390
2026-03-04,1.036,1.037,1.024,1.031,787234738
2026-03-05,1.036,1.041,1.032,1.035,583910805
2026-03-06,1.032,1.042,1.03,1.041,356648305
2026-03-09,1.035,1.038,1.025,1.034,517346100
2026-03-10,1.036,1.041,1.035,1.041,418309467
2026-03-11,1.041,1.047,1.039,1.046,335093000
2026-03-12,1.044,1.047,1.036,1.044,388160000
2026-03-13,1.04,1.045,1.033,1.037,476505622
2026-03-16,1.034,1.035,1.023,1.032,834744900
2026-03-17,1.032,1.037,1.021,1.022,758208300
2026-03-18,1.022,1.026,1.015,1.026,844076700
2026-03-19,1.017,1.02,1.005,1.01,1546379800
2026-03-20,1.008,1.013,0.997,0.998,1277432500
2026-03-23,0.987,0.989,0.957,0.962,2706656635
2026-03-24,0.966,0.975,0.96,0.975,1375483592
2026-03-25,0.977,0.987,0.977,0.987,1438622239
2026-03-26,0.986,0.989,0.975,0.978,963712855
2026-03-27,0.97,0.989,0.969,0.986,948484578
2026-03-30,0.976,0.99,0.976,0.989,643731863
2026-03-31,0.989,0.997,0.983,0.984,582399355
2026-04-01,0.993,0.998,0.99,0.996,633770742
2026-04-02,0.995,0.997,0.985,0.99,464349360
2026-04-03,0.99,0.991,0.978,0.982,462323400
2026-04-07,0.981,0.985,0.978,0.981,394690390
2026-04-08,0.993,1.008,0.991,1.008,982786176
2026-04-09,1.001,1.003,0.997,1.0,522194078
2026-04-10,1.003,1.01,1.002,1.003,634182278
2026-04-13,0.999,1.004,0.998,1.002,426331300
2026-04-14,1.007,1.012,1.003,1.012,545350305
2026-04-15,1.016,1.018,1.011,1.012,504267738
2026-04-16,1.014,1.02,1.013,1.019,472986006
2026-04-17,1.017,1.02,1.014,1.018,340674563
2026-04-20,1.017,1.028,1.017,1.027,355280447
2026-04-21,1.026,1.028,1.022,1.028,325684927
2026-04-22,1.026,1.035,1.025,1.035,344325867
2026-04-23,1.035,1.036,1.025,1.03,465442681
2026-04-24,1.026,1.029,1.021,1.025,311321834
2026-04-27,1.024,1.028,1.023,1.027,354697764
2026-04-28,1.026,1.027,1.02,1.024,311644564
2026-04-29,1.023,1.034,1.021,1.032,341883817
2026-04-30,1.031,1.034,1.029,1.032,499997500
2026-05-06,1.037,1.046,1.036,1.045,393299900
2026-05-07,1.047,1.051,1.046,1.05,258245800
2026-05-08,1.047,1.053,1.044,1.052,503997636
2026-05-11,1.052,1.062,1.051,1.062,421294702
2026-05-12,1.061,1.062,1.052,1.056,357530085
2026-05-13,1.053,1.067,1.052,1.067,342242199
2026-05-14,1.068,1.068,1.048,1.048,562741012
2026-05-15,1.047,1.052,1.033,1.039,650907600
2026-05-18,1.035,1.039,1.03,1.037,394987060
2026-05-19,1.035,1.045,1.031,1.044,521047915
2026-05-20,1.04,1.044,1.037,1.042,343767339
2026-05-21,1.045,1.052,1.023,1.025,753690400
2026-05-22,1.025,1.034,1.022,1.033,464620437
2026-05-25,1.033,1.04,1.033,1.039,440331185
2026-05-26,1.037,1.042,1.03,1.041,432873985
2026-05-27,1.04,1.045,1.027,1.033,535674485
2026-05-28,1.03,1.036,1.023,1.032,480697582
2026-05-29,1.032,1.034,1.021,1.024,674821600
2026-06-01,1.024,1.032,1.023,1.024,650877999
2026-06-02,1.023,1.032,1.018,1.028,501513900
2026-06-03,1.026,1.033,1.023,1.029,536213463
2026-06-04,1.024,1.027,1.019,1.023,515669578
2026-06-05,1.02,1.027,1.012,1.016,791745600
2026-06-08,1.0,1.012,0.989,0.996,1619091200
2026-06-09,0.998,1.008,0.995,1.008,818338100
2026-06-10,1.001,1.006,0.997,1.003,645070836
2026-06-11,1.0,1.004,0.997,1.002,580362900
2026-06-12,1.006,1.02,1.006,1.014,914639200
2026-06-15,1.019,1.032,1.019,1.032,680454033
2026-06-16,1.03,1.031,1.024,1.027,611079307
2026-06-17,1.025,1.033,1.024,1.033,416911307
2026-06-18,1.03,1.033,1.026,1.028,577128800
2026-06-22,1.027,1.046,1.023,1.045,798425802
2026-06-23,1.042,1.047,1.024,1.029,918068800
2026-06-24,1.025,1.032,1.023,1.032,595881742
2026-06-25,1.031,1.036,1.025,1.034,509186511
2026-06-26,1.029,1.03,1.009,1.014,1377436703
2026-06-29,1.012,1.021,1.005,1.02,770254589
2026-06-30,1.017,1.028,1.014,1.026,669455573
2026-07-01,1.024,1.039,1.024,1.03,972247849
2026-07-02,1.023,1.027,1.01,1.014,1261984360
2026-07-03,1.012,1.024,1.012,1.019,659643765
2026-07-06,1.02,1.023,1.011,1.018,568594058
2026-07-07,1.014,1.015,1.002,1.006,1490546046
2026-07-08,1.005,1.01,1.0,1.002,824106159
2026-07-09,1.002,1.017,0.992,1.016,1331904542
2026-07-10,1.014,1.024,1.006,1.007,1148366300
2026-07-13,1.001,1.004,0.985,0.989,2423834365
2026-07-14,0.986,1.0,0.978,0.999,1616753178
2026-07-15,0.998,1.004,0.996,0.997,1060483520
2026-07-16,0.99,0.994,0.976,0.979,1842588589
2026-07-17,0.975,0.978,0.95,0.955,3834551400
2026-07-20,0.959,0.968,0.949,0.961,2675689652
2026-07-21,0.963,0.978,0.95,0.977,2744507806
2026-07-22,0.971,0.982,0.969,0.975,1535156011
2026-07-23,0.975,0.982,0.975,0.982,820902194
2026-07-24,0.977,0.98,0.967,0.968,1605102608
