date,open,high,low,close,volume
2004-06-16,0.7275,0.7691,0.6776,0.6901,439775000.0
2004-06-17,0.6901,0.7275,0.686,0.7026,83801500.0
2004-06-18,0.6984,0.7067,0.6569,0.6693,36598000.0
2004-06-21,0.686,0.686,0.6569,0.6652,22817000.0
2004-06-23,0.6735,0.74,0.6693,0.7358,55016000.0
2004-06-24,0.7442,0.7525,0.7192,0.7442,34723000.0
2004-06-25,0.7442,0.7566,0.7234,0.7317,21212500.0
2004-06-28,0.7275,0.7317,0.7067,0.7151,14746000.0
2004-06-29,0.7151,0.7358,0.7151,0.7192,15081500.0
2004-06-30,0.7234,0.7358,0.7151,0.7151,12217000.0
2004-07-02,0.7067,0.7275,0.6943,0.7234,13026000.0
2004-07-05,0.7192,0.7317,0.7192,0.7275,14264000.0
2004-07-06,0.7275,0.74,0.7234,0.7317,15429000.0
2004-07-07,0.7234,0.7275,0.7067,0.7109,13135000.0
2004-07-08,0.7067,0.7067,0.6776,0.6818,21149000.0
2004-07-09,0.6776,0.686,0.6693,0.6776,9376000.0
2004-07-12,0.6776,0.686,0.661,0.661,11970000.0
2004-07-13,0.6652,0.6735,0.661,0.6693,10934000.0
2004-07-14,0.6693,0.6693,0.6236,0.6278,19638000.0
2004-07-15,0.6361,0.6361,0.5903,0.6111,11319000.0
2004-07-16,0.607,0.6236,0.6028,0.6153,4126500.0
2004-07-19,0.6153,0.6278,0.5987,0.6278,5321000.0
2004-07-20,0.6194,0.6278,0.6153,0.6236,3436000.0
2004-07-21,0.6361,0.6444,0.6236,0.6319,10495000.0
2004-07-22,0.6153,0.6236,0.582,0.5903,13831000.0
2004-07-23,0.5903,0.5945,0.582,0.5862,4668000.0
2004-07-26,0.5654,0.582,0.5612,0.5612,7439000.0
2004-07-27,0.5654,0.6194,0.5612,0.6194,17906000.0
2004-07-28,0.6194,0.6236,0.6028,0.6111,4205000.0
2004-07-29,0.6028,0.6278,0.5987,0.6236,3498000.0
2004-07-30,0.6319,0.6444,0.6194,0.6402,10065000.0
2004-08-02,0.6402,0.6444,0.6153,0.6444,5352000.0
2004-08-03,0.6485,0.661,0.6444,0.661,12739000.0
2004-08-04,0.6527,0.6527,0.6361,0.6444,2849000.0
2004-08-05,0.6485,0.6693,0.6485,0.661,6785000.0
2004-08-06,0.6527,0.6735,0.6527,0.6652,4334000.0
2004-08-09,0.6652,0.6652,0.6569,0.6652,4497000.0
2004-08-10,0.6652,0.6735,0.6444,0.6444,4209000.0
2004-08-11,0.6527,0.6527,0.6111,0.6153,6565000.0
2004-08-12,0.6111,0.6236,0.6028,0.6236,5173000.0
2004-08-13,0.6111,0.6236,0.6111,0.6236,977000.0
2004-08-16,0.6111,0.6278,0.5987,0.6236,2665000.0
2004-08-17,0.6236,0.6236,0.6111,0.6153,893500.0
2004-08-18,0.6236,0.6236,0.6153,0.6194,676000.0
2004-08-19,0.6194,0.6319,0.6111,0.6153,3979000.0
2004-08-20,0.6194,0.6194,0.6111,0.6194,3456000.0
2004-08-23,0.6194,0.6236,0.5945,0.607,2150000.0
2004-08-24,0.607,0.607,0.5903,0.5987,3268000.0
2004-08-25,0.6028,0.6028,0.5779,0.582,4818000.0
2004-08-26,0.5903,0.5945,0.5612,0.5654,8416000.0
2004-08-27,0.5737,0.5862,0.5695,0.582,9896000.0
2004-08-30,0.582,0.5903,0.5779,0.582,2126000.0
2004-08-31,0.5862,0.6111,0.5779,0.607,2290000.0
2004-09-01,0.6111,0.6111,0.5987,0.6028,2072000.0
2004-09-02,0.607,0.607,0.5987,0.6028,3049000.0
2004-09-03,0.607,0.607,0.5945,0.5987,1870000.0
2004-09-06,0.5987,0.6111,0.5945,0.607,2437000.0
2004-09-07,0.6111,0.6278,0.6111,0.6278,8060000.0
2004-09-08,0.6236,0.6236,0.6111,0.6194,1711000.0
2004-09-09,0.6111,0.6153,0.607,0.607,692000.0
2004-09-10,0.607,0.6153,0.6028,0.6153,622000.0
2004-09-13,0.6028,0.6028,0.5737,0.5779,7420000.0
2004-09-14,0.582,0.607,0.582,0.5987,3611000.0
2004-09-15,0.6153,0.6361,0.6111,0.6278,14480000.0
2004-09-16,0.6319,0.6527,0.6236,0.6485,12604000.0
2004-09-17,0.6527,0.6527,0.6402,0.6402,3699000.0
2004-09-20,0.6444,0.6485,0.6278,0.6402,2416000.0
2004-09-21,0.6485,0.661,0.6361,0.6402,4143000.0
2004-09-22,0.6361,0.6402,0.6319,0.6361,1521000.0
2004-09-23,0.6319,0.6485,0.6319,0.6444,1612000.0
2004-09-24,0.6444,0.6444,0.6278,0.6319,4383000.0
2004-09-27,0.6319,0.6361,0.6278,0.6319,1303000.0
2004-09-28,0.6236,0.6319,0.6236,0.6319,2124000.0
2004-09-30,0.6361,0.6361,0.6236,0.6319,3282000.0
2004-10-04,0.6319,0.661,0.6319,0.6527,6206000.0
2004-10-05,0.6569,0.7151,0.6569,0.6943,22494640.0
2004-10-06,0.6984,0.7192,0.6984,0.7109,19159910.0
2004-10-07,0.7151,0.7317,0.7067,0.7151,9895000.0
2004-10-08,0.7234,0.7317,0.6901,0.7109,8688500.0
2004-10-11,0.7109,0.7608,0.7109,0.7442,20116580.0
2004-10-12,0.7483,0.7608,0.74,0.7566,12973000.0
2004-10-13,0.7566,0.7566,0.7234,0.7317,5590000.0
2004-10-14,0.7317,0.7442,0.7192,0.7358,3882000.0
2004-10-15,0.7275,0.7525,0.7234,0.7525,2853000.0
2004-10-18,0.7525,0.7774,0.7525,0.7649,6817000.0
2004-10-19,0.7649,0.7774,0.7442,0.7608,2197000.0
2004-10-20,0.7566,0.7608,0.7192,0.7275,3735000.0
2004-10-21,0.7275,0.7275,0.7109,0.7151,4515000.0
2004-10-25,0.7151,0.7151,0.6943,0.6984,3912000.0
2004-10-26,0.6901,0.6984,0.686,0.6943,4015000.0
2004-10-27,0.7192,0.7442,0.7192,0.74,9618000.0
2004-10-28,0.7525,0.7982,0.7525,0.7733,21639000.0
2004-10-29,0.7566,0.7774,0.7525,0.7608,4587000.0
2004-11-01,0.7566,0.7649,0.7525,0.7608,922000.0
2004-11-02,0.7649,0.7982,0.7608,0.794,7451000.0
2004-11-03,0.7816,0.7899,0.7691,0.7816,4359000.0
2004-11-04,0.7816,0.7816,0.7358,0.74,6993000.0
2004-11-05,0.7525,0.7608,0.74,0.7525,4452000.0
2004-11-08,0.7483,0.7525,0.74,0.7483,2493000.0
2004-11-09,0.7566,0.7733,0.7525,0.7566,4851000.0
2004-11-10,0.7691,0.7691,0.7566,0.7608,2129000.0
2004-11-11,0.7608,0.7608,0.7483,0.7525,2308000.0
2004-11-12,0.7691,0.7774,0.7566,0.7691,6530000.0
2004-11-15,0.7691,0.794,0.7691,0.7733,11964000.0
2004-11-16,0.7691,0.7774,0.7608,0.7774,6360000.0
2004-11-17,0.7733,0.8564,0.7733,0.8398,28680000.0
2004-11-18,0.8398,0.873,0.7774,0.7774,31583000.0
2004-11-19,0.7816,0.819,0.7774,0.8148,12685000.0
2004-11-22,0.819,0.873,0.8107,0.8481,12146000.0
2004-11-23,0.8481,0.9146,0.8481,0.898,9782000.0
2004-11-24,0.9063,0.9063,0.8564,0.8564,6270000.0
2004-11-25,0.8647,0.8897,0.8481,0.873,5813000.0
2004-11-26,0.8564,0.9229,0.8564,0.9063,9848000.0
2004-11-29,0.9146,0.9894,0.9146,0.9728,11656000.0
2004-11-30,0.9562,1.0061,0.9562,0.9811,4080000.0
2004-12-01,0.9811,0.9811,0.9479,0.9562,4494000.0
2004-12-02,0.9894,1.0144,0.9728,1.0061,7263000.0
2004-12-03,1.0227,1.056,0.9728,0.9728,5769000.0
2004-12-06,0.9811,0.9978,0.9728,0.9728,923000.0
2004-12-07,0.9811,0.9811,0.9063,0.9229,10534000.0
2004-12-08,0.9229,0.9229,0.898,0.898,4555000.0
2004-12-09,0.9146,0.9229,0.898,0.9063,3940000.0
2004-12-10,0.9146,0.9562,0.9063,0.9312,4792000.0
2004-12-13,0.9479,0.9562,0.9312,0.9479,3166000.0
2004-12-14,0.9479,0.9479,0.9146,0.9229,10572000.0
2004-12-15,0.9229,0.9645,0.9229,0.9562,8012000.0
2004-12-16,0.9728,0.9728,0.9395,0.9562,1255000.0
2004-12-17,0.9479,0.9479,0.9229,0.9229,1741000.0
2004-12-20,0.9229,0.9312,0.873,0.8813,8084000.0
2004-12-21,0.898,0.9395,0.898,0.9229,8565000.0
2004-12-22,0.9229,0.9312,0.8398,0.8481,17087000.0
2004-12-23,0.8315,0.8315,0.7774,0.8065,25722000.0
2004-12-24,0.8107,0.8273,0.8107,0.8273,4175000.0
2004-12-28,0.8273,0.8273,0.794,0.8107,6441000.0
2004-12-29,0.8107,0.8107,0.7691,0.7857,8359000.0
2004-12-30,0.7857,0.7899,0.7691,0.7733,7040000.0
2004-12-31,0.7733,0.7857,0.7691,0.7733,7767000.0
2005-01-03,0.7816,0.7899,0.7691,0.7733,8517000.0
2005-01-04,0.7774,0.7982,0.7733,0.794,16490000.0
2005-01-05,0.7899,0.7899,0.7733,0.7816,9699000.0
2005-01-06,0.7816,0.7857,0.7733,0.7816,8217800.0
2005-01-07,0.7816,0.7899,0.7733,0.7899,7487000.0
2005-01-10,0.7899,0.8273,0.7899,0.8065,7212000.0
2005-01-11,0.8148,0.8148,0.7857,0.794,8301000.0
2005-01-12,0.7982,0.7982,0.7857,0.7899,4860000.0
2005-01-13,0.7899,0.794,0.7691,0.7774,4107000.0
2005-01-14,0.7733,0.7982,0.7733,0.7899,5919000.0
2005-01-17,0.7899,0.7899,0.7816,0.7899,3691000.0
2005-01-18,0.794,0.794,0.7733,0.7816,3960000.0
2005-01-19,0.7857,0.794,0.7608,0.7733,3323000.0
2005-01-20,0.7649,0.7649,0.7358,0.7525,8175000.0
2005-01-21,0.7483,0.7483,0.7109,0.7192,6267000.0
2005-01-24,0.7151,0.74,0.7109,0.74,7805000.0
2005-01-25,0.74,0.7483,0.7151,0.7442,4481000.0
2005-01-26,0.7608,0.7608,0.7317,0.7442,2788000.0
2005-01-27,0.7442,0.7525,0.74,0.74,4699000.0
2005-01-28,0.74,0.7525,0.7358,0.7483,4905000.0
2005-01-31,0.7483,0.7566,0.74,0.7525,3523000.0
2005-02-01,0.7566,0.7816,0.7566,0.7774,4986800.0
2005-02-02,0.7899,0.8065,0.7816,0.8065,10699000.0
2005-02-03,0.8024,0.819,0.7899,0.7982,2230800.0
2005-02-04,0.7982,0.8647,0.7982,0.8315,15424000.0
2005-02-07,0.8481,0.8481,0.8231,0.8231,3453000.0
2005-02-08,0.8273,0.8273,0.7899,0.8024,5978000.0
2005-02-14,0.8107,0.8315,0.8065,0.8315,6661000.0
2005-02-15,0.8315,0.8315,0.8024,0.8148,4308000.0
2005-02-16,0.819,0.8231,0.7982,0.8065,1872150.0
2005-02-17,0.8148,0.8273,0.8065,0.8148,2298702.0
2005-02-18,0.8148,0.819,0.8065,0.819,1133000.0
2005-02-21,0.8231,0.898,0.8231,0.8897,41720000.0
2005-02-22,0.8897,0.8897,0.8647,0.873,5682400.0
2005-02-23,0.8813,0.8813,0.8398,0.8647,9458000.0
2005-02-24,0.8813,0.8813,0.8564,0.8564,2640000.0
2005-02-25,0.873,0.8813,0.8647,0.873,2822000.0
2005-02-28,0.8813,0.8897,0.8273,0.8481,5378000.0
2005-03-01,0.8564,0.8564,0.8398,0.8564,1000000.0
2005-03-02,0.8564,0.8564,0.8398,0.8398,1188300.0
2005-03-03,0.8398,0.8481,0.8315,0.8481,1897300.0
2005-03-04,0.8564,0.8897,0.8564,0.8647,5255000.0
2005-03-07,0.8813,0.8897,0.873,0.8813,4069000.0
2005-03-08,0.8813,0.9063,0.8813,0.8813,3979000.0
2005-03-09,0.8813,0.8813,0.8647,0.8647,1498000.0
2005-03-10,0.8647,0.898,0.8564,0.8897,3955000.0
2005-03-11,0.8813,0.8813,0.8564,0.873,2964000.0
2005-03-14,0.8647,0.873,0.8647,0.8647,1076000.0
2005-03-15,0.8647,0.8647,0.8398,0.8481,2476000.0
2005-03-16,0.8398,0.8564,0.8273,0.8398,2490000.0
2005-03-17,0.8315,0.8647,0.8273,0.8647,6335000.0
2005-03-18,0.8647,0.8813,0.8481,0.873,4892000.0
2005-03-21,0.8813,0.9479,0.8564,0.9229,16010000.0
2005-03-22,0.9146,0.9229,0.898,0.9146,3881010.0
2005-03-23,0.898,0.9312,0.898,0.9229,4839000.0
2005-03-24,0.9395,0.9894,0.9229,0.9645,14701000.0
2005-03-29,0.9562,0.9728,0.9562,0.9645,5620000.0
2005-03-30,0.9479,0.9645,0.9395,0.9562,5079700.0
2005-03-31,0.9562,0.9645,0.9395,0.9395,5633500.0
2005-04-01,0.9479,0.9479,0.9063,0.9395,2530000.0
2005-04-04,0.9395,0.9395,0.9063,0.9146,3567000.0
2005-04-06,0.9146,0.9229,0.9063,0.9229,2822000.0
2005-04-07,0.9312,0.9312,0.9146,0.9229,3660000.0
2005-04-08,0.9312,0.9312,0.9146,0.9146,2664000.0
2005-04-11,0.9229,0.9229,0.898,0.9063,1894000.0
2005-04-12,0.9146,0.9312,0.9146,0.9229,2912000.0
2005-04-13,0.9229,0.9229,0.898,0.9146,813340.0
2005-04-14,0.9063,0.9063,0.8813,0.898,2850000.0
2005-04-15,0.8813,0.8813,0.8564,0.8647,2426000.0
2005-04-18,0.8481,0.8564,0.8398,0.8398,4492000.0
2005-04-19,0.8516,0.8684,0.8431,0.86,4980900.0
2005-04-20,0.8684,0.8769,0.86,0.86,2183000.0
2005-04-21,0.86,0.86,0.8516,0.86,2078000.0
2005-04-22,0.8769,0.9022,0.8769,0.9022,4404000.0
2005-04-25,0.8937,0.8937,0.8769,0.8769,2798000.0
2005-04-26,0.8937,0.9106,0.8769,0.9022,3919000.0
2005-04-27,0.9022,0.9275,0.8937,0.919,9303590.0
2005-04-28,0.9275,0.9443,0.9275,0.9443,2214600.0
2005-04-29,0.9275,0.9275,0.8937,0.9106,2967000.0
2005-05-03,0.9106,0.9359,0.9106,0.9275,3468000.0
2005-05-04,0.9275,0.9275,0.919,0.9275,621000.0
2005-05-05,0.9275,0.9612,0.9275,0.9528,3691000.0
2005-05-06,0.9528,0.9612,0.9359,0.9443,1894000.0
2005-05-09,0.9443,0.9528,0.9275,0.9443,2644000.0
2005-05-10,0.9612,0.9612,0.9443,0.9443,4052000.0
2005-05-11,0.9443,0.9443,0.919,0.919,2806000.0
2005-05-12,0.9275,0.9359,0.9106,0.9275,1818000.0
2005-05-13,0.9106,0.9106,0.8853,0.8853,4068000.0
2005-05-17,0.8937,0.9022,0.8769,0.9022,892000.0
2005-05-18,0.9022,0.9106,0.8769,0.8937,2181000.0
2005-05-19,0.8853,0.9528,0.8769,0.9443,10867000.0
2005-05-20,0.9443,0.9528,0.9275,0.9275,3396000.0
2005-05-23,0.9275,0.9275,0.9106,0.9275,2236405.0
2005-05-24,0.9275,0.9275,0.9106,0.919,2274000.0
2005-05-25,0.9275,0.9359,0.9106,0.919,4430000.0
2005-05-26,0.919,0.9443,0.9022,0.9359,4412000.0
2005-05-27,0.9443,0.9528,0.919,0.9443,7556000.0
2005-05-30,0.9443,0.9443,0.9275,0.9275,2714000.0
2005-05-31,0.9359,0.9359,0.9275,0.9359,14651000.0
2005-06-01,0.9359,0.9443,0.9359,0.9359,4333000.0
2005-06-02,0.9443,0.9949,0.9443,0.978,19797000.0
2005-06-03,0.9865,1.0118,0.9528,0.9528,5985500.0
2005-06-06,0.9612,0.9865,0.9612,0.978,5853000.0
2005-06-07,0.978,0.9865,0.9696,0.978,2429000.0
2005-06-08,0.978,1.0118,0.978,1.0033,9900622.0
2005-06-09,1.0033,1.0118,0.9865,1.0033,2727000.0
2005-06-10,1.0033,1.0202,0.9865,0.9949,2103200.0
2005-06-13,0.9949,1.0033,0.978,0.9949,1889500.0
2005-06-14,0.9949,1.0286,0.9949,1.0118,6057095.0
2005-06-15,1.0202,1.0202,1.0033,1.0118,928000.0
2005-06-16,1.0118,1.0118,0.9696,1.0033,1788000.0
2005-06-17,0.9949,1.0624,0.9949,1.0539,8368000.0
2005-06-20,1.0455,1.0539,1.0371,1.0539,4541000.0
2005-06-21,1.0455,1.0455,1.0371,1.0371,1607000.0
2005-06-22,1.0455,1.0961,1.0371,1.0877,4953000.0
2005-06-23,1.0792,1.1214,1.0792,1.0961,9232450.0
2005-06-24,1.0961,1.0961,1.0708,1.0877,10540490.0
2005-06-27,1.0792,1.0877,1.0708,1.0792,3613000.0
2005-06-28,1.0624,1.0624,1.0202,1.0286,10465000.0
2005-06-29,1.0455,1.0455,1.0371,1.0371,1892000.0
2005-06-30,1.0371,1.0455,0.9865,0.9949,6329000.0
2005-07-04,0.9949,1.0202,0.9865,0.9949,4772000.0
2005-07-05,0.9949,1.0118,0.9949,1.0033,1524000.0
2005-07-06,1.0033,1.0371,1.0033,1.0371,6027000.0
2005-07-07,1.0286,1.0286,0.9949,0.9949,5022000.0
2005-07-08,1.0033,1.0286,1.0033,1.0202,6314185.0
2005-07-11,1.0286,1.0877,1.0286,1.0792,6153000.0
2005-07-12,1.0792,1.0877,1.0455,1.0624,9091730.0
2005-07-13,1.0455,1.0624,1.0455,1.0539,5692000.0
2005-07-14,1.0455,1.0877,1.0455,1.0792,22933000.0
2005-07-15,1.0792,1.0792,1.0539,1.0708,1403000.0
2005-07-18,1.0708,1.0792,1.0455,1.0455,5164000.0
2005-07-19,1.0455,1.0455,1.0033,1.0286,4941000.0
2005-07-20,1.0286,1.0286,1.0033,1.0033,8534000.0
2005-07-21,1.0118,1.0455,1.0118,1.0202,4971000.0
2005-07-22,1.0202,1.0202,0.9696,0.9865,8476000.0
2005-07-25,0.9696,1.0202,0.9696,1.0118,7998000.0
2005-07-26,1.0202,1.0371,1.0118,1.0118,2202000.0
2005-07-27,1.0286,1.0286,1.0202,1.0286,615000.0
2005-07-28,1.0371,1.0455,1.0202,1.0286,664000.0
2005-07-29,1.0286,1.0286,1.0202,1.0286,1283000.0
2005-08-01,1.0286,1.0286,1.0118,1.0202,2373000.0
2005-08-02,1.0286,1.0371,1.0033,1.0033,1919000.0
2005-08-03,1.0118,1.0118,0.9696,0.9949,7106000.0
2005-08-04,1.0118,1.0202,1.0033,1.0033,3332000.0
2005-08-05,1.0033,1.0118,0.9696,0.9865,2448000.0
2005-08-08,1.0118,1.0286,1.0033,1.0118,5648155.0
2005-08-09,1.0286,1.0539,1.0286,1.0371,8830000.0
2005-08-10,1.0539,1.0792,1.0455,1.0792,3980000.0
2005-08-11,1.0792,1.113,1.0624,1.1045,4610000.0
2005-08-12,1.1298,1.2563,1.1298,1.2394,22241000.0
2005-08-15,1.2732,1.29,1.231,1.2816,8624980.0
2005-08-16,1.2816,1.2816,1.2141,1.231,6752300.0
2005-08-17,1.2141,1.231,1.1888,1.2057,8322670.0
2005-08-18,1.2057,1.2057,1.1214,1.1551,5675000.0
2005-08-19,1.1551,1.1804,1.1382,1.172,1438000.0
2005-08-22,1.1888,1.1888,1.1635,1.1804,805000.0
2005-08-23,1.1804,1.1973,1.1635,1.1888,2002000.0
2005-08-24,1.2141,1.2479,1.1804,1.2141,5444000.0
2005-08-25,1.231,1.2732,1.231,1.2732,9227350.0
2005-08-26,1.2732,1.349,1.2563,1.3406,10889500.0
2005-08-29,1.3322,1.3322,1.29,1.2984,8818000.0
2005-08-30,1.3069,1.3153,1.2479,1.2647,5384000.0
2005-08-31,1.2816,1.29,1.2479,1.2732,3981406.0
2005-09-01,1.2816,1.3828,1.2732,1.3743,10528400.0
2005-09-02,1.3828,1.4081,1.3575,1.3996,6078000.0
2005-09-05,1.3912,1.3996,1.3406,1.3406,4497000.0
2005-09-06,1.3659,1.3659,1.2984,1.3069,2032000.0
2005-09-07,1.3237,1.3659,1.3237,1.3406,3046000.0
2005-09-08,1.3153,1.349,1.3069,1.349,6858000.0
2005-09-09,1.349,1.3996,1.349,1.3743,5616000.0
2005-09-12,1.3743,1.4586,1.3743,1.4418,7608000.0
2005-09-13,1.4671,1.4755,1.3996,1.4081,5833000.0
2005-09-14,1.4165,1.4418,1.4165,1.4333,2160000.0
2005-09-15,1.3828,1.3828,1.3322,1.3575,11902000.0
2005-09-16,1.3575,1.3659,1.3153,1.3406,6020000.0
2005-09-20,1.3575,1.4081,1.3575,1.3912,3682492.0
2005-09-21,1.3996,1.4671,1.3912,1.4165,8488000.0
2005-09-22,1.4165,1.5345,1.4081,1.4924,6899000.0
2005-09-23,1.5092,1.5177,1.4671,1.5177,2388000.0
2005-09-26,1.5008,1.5177,1.4839,1.4924,2162000.0
2005-09-27,1.5008,1.5598,1.4755,1.4839,5750000.0
2005-09-28,1.4839,1.5008,1.4586,1.4755,2101000.0
2005-09-29,1.4839,1.602,1.4755,1.5767,8444000.0
2005-09-30,1.5935,1.602,1.543,1.5851,3351000.0
2005-10-03,1.5851,1.6357,1.5683,1.5851,2814000.0
2005-10-04,1.5683,1.5851,1.5683,1.5767,2402000.0
2005-10-05,1.5683,1.5683,1.5345,1.5514,4065678.0
2005-10-06,1.5345,1.5514,1.4924,1.5261,1285190.0
2005-10-07,1.5261,1.5261,1.4755,1.5092,1870943.0
2005-10-10,1.5345,1.5345,1.4839,1.4924,666000.0
2005-10-12,1.4924,1.4924,1.3743,1.3912,4260000.0
2005-10-13,1.3659,1.4081,1.3575,1.3996,3342000.0
2005-10-14,1.3996,1.4081,1.3659,1.3828,2176000.0
2005-10-17,1.3996,1.4081,1.3912,1.3996,1150000.0
2005-10-18,1.4081,1.4081,1.3237,1.3743,3297000.0
2005-10-19,1.3659,1.3912,1.3322,1.349,1448725.0
2005-10-20,1.3996,1.4165,1.3828,1.4165,2981000.0
2005-10-21,1.4081,1.5345,1.3996,1.4755,6357132.0
2005-10-24,1.4924,1.5008,1.4081,1.4249,3920000.0
2005-10-25,1.4502,1.4755,1.3406,1.3575,2065000.0
2005-10-26,1.3659,1.3912,1.3575,1.3912,2484000.0
2005-10-27,1.3912,1.3912,1.3659,1.3743,926000.0
2005-10-28,1.3575,1.3659,1.3322,1.349,4241000.0
2005-10-31,1.3828,1.3828,1.349,1.3575,1960000.0
2005-11-01,1.3912,1.4165,1.3743,1.3912,2141000.0
2005-11-02,1.4165,1.4586,1.3996,1.4586,1954800.0
2005-11-03,1.4671,1.5345,1.4671,1.5177,4198000.0
2005-11-04,1.5177,1.5261,1.4333,1.4586,2985000.0
2005-11-07,1.4586,1.4839,1.4081,1.4333,1777000.0
2005-11-08,1.4333,1.4839,1.4333,1.4839,2375000.0
2005-11-09,1.4839,1.4839,1.4502,1.4586,1953000.0
2005-11-10,1.4671,1.4755,1.4502,1.4502,473200.0
2005-11-11,1.4755,1.5177,1.4755,1.5008,2815000.0
2005-11-14,1.5008,1.5092,1.3659,1.3912,10392000.0
2005-11-15,1.4165,1.4418,1.4081,1.4249,7084000.0
2005-11-16,1.4165,1.4333,1.2226,1.231,39900000.0
2005-11-17,1.2984,1.3659,1.2984,1.3322,27110000.0
2005-11-18,1.3743,1.3996,1.3659,1.3828,9712000.0
2005-11-21,1.4081,1.4081,1.3912,1.3912,3522000.0
2005-11-22,1.3996,1.4165,1.3828,1.3828,5408000.0
2005-11-23,1.3996,1.3996,1.3153,1.349,10085000.0
2005-11-24,1.3575,1.4671,1.3575,1.4502,17768780.0
2005-11-25,1.4502,1.4671,1.4333,1.4502,6394000.0
2005-11-28,1.4502,1.4586,1.3996,1.4081,2822000.0
2005-11-29,1.4081,1.4081,1.3743,1.3743,3528000.0
2005-11-30,1.3828,1.3996,1.3237,1.3237,9414000.0
2005-12-01,1.3406,1.3828,1.3406,1.3828,4610000.0
2005-12-02,1.3912,1.4165,1.349,1.3743,4286000.0
2005-12-05,1.3828,1.4249,1.3828,1.4165,4247530.0
2005-12-06,1.3912,1.4081,1.3828,1.3996,3185000.0
2005-12-07,1.3912,1.3912,1.3743,1.3828,2099000.0
2005-12-08,1.3743,1.3996,1.3743,1.3996,2266000.0
2005-12-09,1.3912,1.4081,1.3828,1.3912,2286000.0
2005-12-12,1.3996,1.4418,1.3912,1.4333,4501000.0
2005-12-13,1.4502,1.4502,1.4165,1.4333,1393000.0
2005-12-14,1.4333,1.4418,1.4165,1.4249,1806000.0
2005-12-15,1.4165,1.4249,1.4081,1.4165,2729000.0
2005-12-16,1.4165,1.4165,1.3743,1.3828,2589689.0
2005-12-19,1.3828,1.3912,1.3743,1.3828,2934000.0
2005-12-20,1.3828,1.4249,1.3828,1.4081,6651000.0
2005-12-21,1.4165,1.4418,1.3996,1.4165,3829820.0
2005-12-22,1.4081,1.4418,1.4081,1.4333,2982000.0
2005-12-23,1.4333,1.4333,1.4249,1.4249,1451000.0
2005-12-28,1.4249,1.4249,1.3912,1.3912,1699000.0
2005-12-29,1.3996,1.4165,1.3828,1.3912,3762000.0
2005-12-30,1.3996,1.3996,1.3828,1.3996,2226530.0
2006-01-03,1.4081,1.4839,1.4081,1.4755,8852000.0
2006-01-04,1.4839,1.543,1.4755,1.5261,7345438.0
2006-01-05,1.5345,1.543,1.4671,1.5008,3356546.0
2006-01-06,1.5008,1.5935,1.4755,1.5851,5057000.0
2006-01-09,1.5851,1.6104,1.5767,1.602,10245380.0
2006-01-10,1.602,1.6188,1.5767,1.5851,2862882.0
2006-01-11,1.5851,1.5851,1.5598,1.5683,1452000.0
2006-01-12,1.5683,1.6526,1.5683,1.6441,6729000.0
2006-01-13,1.661,1.7116,1.6357,1.6863,5387190.0
2006-01-16,1.6863,1.779,1.6779,1.779,6105000.0
2006-01-17,1.779,1.8043,1.6694,1.7116,6699883.0
2006-01-18,1.6863,1.72,1.6526,1.6863,3470200.0
2006-01-19,1.6863,1.7116,1.6694,1.6947,1634000.0
2006-01-20,1.6863,1.7537,1.6526,1.6779,1459000.0
2006-01-23,1.6357,1.6357,1.5935,1.6273,5788000.0
2006-01-24,1.6441,1.6694,1.602,1.6441,7210916.0
2006-01-25,1.6526,1.7116,1.6526,1.661,1344000.0
2006-01-26,1.6863,1.6863,1.6273,1.6441,1602000.0
2006-01-27,1.6441,1.6863,1.6357,1.6863,1774000.0
2006-02-01,1.7116,1.7453,1.6779,1.7284,4197000.0
2006-02-02,1.7537,1.7622,1.661,1.6694,3014000.0
2006-02-03,1.6694,1.6779,1.6526,1.6779,1846000.0
2006-02-06,1.6779,1.7284,1.6694,1.7284,3015437.0
2006-02-07,1.72,1.7622,1.6863,1.7032,2110935.0
2006-02-08,1.7032,1.7032,1.6273,1.6863,6349000.0
2006-02-09,1.6863,1.6947,1.6526,1.6694,3150000.0
2006-02-10,1.6694,1.6947,1.6694,1.6863,2246000.0
2006-02-13,1.7032,1.72,1.6863,1.6863,2894000.0
2006-02-14,1.6863,1.7116,1.6779,1.6947,1816462.0
2006-02-15,1.7116,1.7116,1.6779,1.6947,1379500.0
2006-02-16,1.72,1.8212,1.7032,1.779,4818000.0
2006-02-17,1.7959,1.8128,1.7537,1.7875,2613558.0
2006-02-20,1.7959,1.9224,1.7875,1.8971,5868000.0
2006-02-21,1.8886,1.8886,1.8212,1.8718,1550081.0
2006-02-22,1.8634,1.8971,1.8634,1.8802,750000.0
2006-02-23,1.8718,1.8718,1.8212,1.8212,1190000.0
2006-02-24,1.8212,1.8212,1.7537,1.7537,2146758.0
2006-02-27,1.7537,1.7706,1.7369,1.7369,1716000.0
2006-02-28,1.7537,1.7875,1.7453,1.7706,3607000.0
2006-03-01,1.7622,1.8296,1.7453,1.8043,3887000.0
2006-03-02,1.8296,1.8549,1.7706,1.779,3254000.0
2006-03-03,1.779,1.7875,1.72,1.7453,2804000.0
2006-03-06,1.7453,1.7453,1.6947,1.7032,2259000.0
2006-03-07,1.7537,1.7537,1.6947,1.7032,2053000.0
2006-03-08,1.6947,1.6947,1.6526,1.6694,3661000.0
2006-03-09,1.6863,1.7032,1.6779,1.6779,1795000.0
2006-03-10,1.661,1.6863,1.661,1.6779,577000.0
2006-03-13,1.7032,1.7537,1.6863,1.7453,1875000.0
2006-03-14,1.7706,1.7959,1.7284,1.7706,2193000.0
2006-03-15,1.7706,1.8465,1.7706,1.8212,4555500.0
2006-03-16,1.8212,1.8718,1.8212,1.8549,6587086.0
2006-03-17,1.8549,1.8886,1.8128,1.8381,6099000.0
2006-03-20,1.8381,1.8718,1.7875,1.8549,2305000.0
2006-03-21,1.8465,1.8465,1.8128,1.8296,3922500.0
2006-03-22,1.8381,1.8381,1.72,1.7284,7780000.0
2006-03-23,1.8886,1.9561,1.8549,1.9477,11317400.0
2006-03-24,2.0151,2.0826,2.0151,2.0236,14206890.0
2006-03-27,2.0236,2.032,1.9898,2.0236,2568000.0
2006-03-28,2.0741,2.1247,2.0236,2.1163,4594217.0
2006-03-29,2.1163,2.2934,2.1163,2.2765,6450000.0
2006-03-30,2.2596,2.2849,2.2175,2.2343,3739038.0
2006-03-31,2.2343,2.2343,2.1837,2.2006,4299000.0
2006-04-03,2.2006,2.2428,2.1585,2.2006,6247129.0
2006-04-04,2.2428,2.3271,2.2343,2.3187,3829650.0
2006-04-06,2.3187,2.3187,2.2343,2.2849,5014000.0
2006-04-07,2.3018,2.3861,2.2934,2.3608,6265000.0
2006-04-10,2.3861,2.58,2.3102,2.5547,5684000.0
2006-04-11,2.5294,2.5294,2.3355,2.3692,5809967.0
2006-04-12,2.3439,2.4451,2.3271,2.4451,4407000.0
2006-04-13,2.4367,2.4367,2.3692,2.3777,3331000.0
2006-04-18,2.3692,2.5463,2.3692,2.5379,7126000.0
2006-04-19,2.5463,2.5547,2.521,2.5547,6005740.0
2006-04-20,2.5294,2.5716,2.4451,2.5463,5685000.0
2006-04-21,2.5463,2.6559,2.4536,2.5547,2941000.0
2006-04-24,2.5463,2.5632,2.4451,2.462,1478000.0
2006-04-25,2.462,2.4957,2.3355,2.3439,3882000.0
2006-04-26,2.3439,2.4536,2.3439,2.4198,1660000.0
2006-04-27,2.4283,2.5463,2.4283,2.5379,173000.0
2006-04-28,2.521,2.6475,2.4114,2.6475,2574500.0
2006-05-02,2.6475,2.7234,2.5716,2.6222,5222320.0
2006-05-03,2.58,2.6981,2.58,2.6306,1178000.0
2006-05-04,2.6053,2.6475,2.5885,2.6475,971000.0
2006-05-08,2.6306,2.6475,2.6222,2.6306,2231000.0
2006-05-09,2.6306,2.7149,2.6306,2.6643,4944000.0
2006-05-10,2.6981,2.8583,2.6812,2.6812,5465000.0
2006-05-11,2.6981,2.7571,2.6981,2.7149,3096980.0
2006-05-12,2.6643,2.7065,2.5885,2.6053,4468100.0
2006-05-15,2.6104,2.6104,2.5087,2.5341,2484200.0
2006-05-16,2.5087,2.5172,2.4663,2.5087,1812000.0
2006-05-17,2.5002,2.568,2.5002,2.5596,2968450.0
2006-05-18,2.4579,2.5087,2.4409,2.4663,1532000.0
2006-05-19,2.4579,2.5935,2.4579,2.5511,6338900.0
2006-05-22,2.5426,2.5511,2.4155,2.4579,2069000.0
2006-05-23,2.3816,2.5002,2.3816,2.4833,4416666.0
2006-05-24,2.5002,2.5426,2.4324,2.4663,1301000.0
2006-05-25,2.9155,3.1189,2.8986,3.0257,20532860.0
2006-05-26,3.0257,3.085,2.9664,2.9748,6902242.0
2006-05-29,2.9748,3.0003,2.8308,2.8308,5248000.0
2006-05-30,2.8308,2.9409,2.8138,2.8477,4047661.0
2006-06-01,2.8477,3.0596,2.8308,3.0426,6838100.0
2006-06-02,3.0257,3.0257,2.8986,2.9325,4730000.0
2006-06-05,2.9325,3.0087,2.9325,2.9833,2158000.0
2006-06-06,2.9918,3.0681,2.9494,2.9918,3747211.0
2006-06-07,2.9918,2.9918,2.746,2.7884,5502000.0
2006-06-08,2.7884,2.7884,2.6443,2.6867,3625000.0
2006-06-09,2.6952,2.7799,2.6952,2.7545,4133000.0
2006-06-12,2.7969,2.9833,2.7799,2.9325,4275000.0
2006-06-13,2.763,2.9325,2.8475,2.763,48000.0
2006-06-14,2.6613,2.6613,2.4409,2.5511,6712000.0
2006-06-15,2.5596,2.6104,2.5341,2.5935,5105000.0
2006-06-16,2.6952,2.7545,2.6274,2.6952,7444000.0
2006-06-19,2.6782,2.6782,2.6019,2.6613,1367000.0
2006-06-20,2.6274,2.6274,2.4918,2.5511,4092500.0
2006-06-21,2.5426,2.6782,2.5257,2.6358,2286000.0
2006-06-22,2.7121,2.746,2.6528,2.6697,1813000.0
2006-06-23,2.6019,2.6782,2.6019,2.6274,496000.0
2006-06-26,2.6528,2.6528,2.568,2.6189,1183000.0
2006-06-27,2.6274,2.6274,2.5341,2.5596,2137104.0
2006-06-28,2.5172,2.5596,2.5172,2.5596,1866000.0
2006-06-29,2.6528,2.6613,2.5596,2.6528,2573822.0
2006-06-30,2.7121,2.7799,2.7036,2.763,6514002.0
2006-07-03,2.746,2.746,2.6867,2.7206,1183276.0
2006-07-04,2.7121,2.7375,2.6613,2.6613,837500.0
2006-07-05,2.6697,2.7375,2.6613,2.7121,1527000.0
2006-07-06,2.6952,2.7121,2.6274,2.7036,1596000.0
2006-07-07,2.6952,2.6952,2.5511,2.6274,2369000.0
2006-07-10,2.5341,2.5341,2.2883,2.4663,18094330.0
2006-07-11,2.4409,2.5341,2.4409,2.5257,5884251.0
2006-07-12,2.5257,2.5596,2.5002,2.5426,4397000.0
2006-07-13,2.5426,2.5511,2.5087,2.5426,4223000.0
2006-07-14,2.5426,2.6189,2.4833,2.6189,3259100.0
2006-07-17,2.6019,2.6019,2.5257,2.5511,1839500.0
2006-07-18,2.5426,2.5511,2.4748,2.5087,4189796.0
2006-07-19,2.5002,2.5087,2.4918,2.5002,2589000.0
2006-07-20,2.5511,2.5765,2.5172,2.5257,3431000.0
2006-07-21,2.5087,2.5172,2.4833,2.5002,2360000.0
2006-07-24,2.4985,2.4985,2.4748,2.485,4938000.0
2006-07-25,2.5426,2.5426,2.4748,2.485,4628000.0
2006-07-26,2.4884,2.5257,2.468,2.5121,1506100.0
2006-07-27,2.5121,2.5257,2.4782,2.5189,3038000.0
2006-07-28,2.5155,2.5426,2.4951,2.5358,3643000.0
2006-07-31,2.5358,2.5494,2.4884,2.5155,2258000.0
2006-08-01,2.5155,2.6375,2.5155,2.624,4345000.0
2006-08-02,2.6172,2.6952,2.5731,2.685,9965500.0
2006-08-03,2.6782,2.8138,2.6782,2.7969,3905680.0
2006-08-04,2.7901,2.8308,2.746,2.7867,2936570.0
2006-08-07,2.7935,2.8511,2.746,2.7596,1748815.0
2006-08-08,2.7697,2.8036,2.7596,2.7697,1316000.0
2006-08-09,2.7799,2.8342,2.7765,2.8036,943035.0
2006-08-10,2.8104,2.8104,2.7121,2.7291,1424000.0
2006-08-11,2.763,2.8104,2.7223,2.7901,1304000.0
2006-08-14,2.7901,2.8443,2.7867,2.8104,2203300.0
2006-08-15,2.8104,2.8308,2.763,2.8104,2067000.0
2006-08-16,2.8308,2.963,2.8138,2.9359,3396000.0
2006-08-17,2.946,3.0274,2.9359,2.9698,3036500.0
2006-08-18,2.9698,2.9698,2.9426,2.963,2889000.0
2006-08-21,2.963,3.0071,2.8511,2.9325,3339000.0
2006-08-22,2.9325,2.9494,2.8647,2.9325,2814200.0
2006-08-23,2.9494,2.9494,2.8308,2.8647,3801040.0
2006-08-24,2.8816,2.8986,2.8342,2.8477,4232760.0
2006-08-25,2.8647,2.9325,2.8477,2.8748,4346000.0
2006-08-28,2.9325,2.9325,2.7765,2.8274,2474570.0
2006-08-29,2.8647,2.8647,2.8138,2.8342,1824089.0
2006-08-30,2.8409,2.9155,2.8342,2.8545,2891105.0
2006-08-31,2.8545,2.8884,2.8138,2.8816,2282000.0
2006-09-01,2.8816,2.8816,2.8375,2.8782,6661750.0
2006-09-04,2.8782,2.9494,2.8782,2.9155,1555000.0
2006-09-05,2.885,2.9799,2.885,2.9494,1440851.0
2006-09-06,2.9528,3.0172,2.9528,3.0037,2406376.0
2006-09-07,2.9969,3.0613,2.9494,3.0511,3064425.0
2006-09-08,3.0511,3.0715,3.0274,3.0681,1811109.0
2006-09-11,3.0715,3.102,3.0376,3.0715,1833390.0
2006-09-12,3.0782,3.0782,3.0138,3.0511,1985760.0
2006-09-13,3.0613,3.2105,3.0613,3.1732,4655737.0
2006-09-14,3.1732,3.1732,3.0749,3.1291,4131687.0
2006-09-15,3.1291,3.163,3.1189,3.146,2690000.0
2006-09-18,3.1664,3.2172,3.1664,3.2003,5577405.0
2006-09-19,3.2037,3.2105,3.1562,3.1969,6178100.0
2006-09-20,3.1969,3.1969,3.0952,3.1494,2471920.0
2006-09-21,3.1562,3.1833,3.1359,3.1698,2769500.0
2006-09-22,3.1867,3.1867,3.1325,3.1494,1923800.0
2006-09-25,3.146,3.1766,3.1427,3.146,1981549.0
2006-09-26,3.1562,3.1562,3.0071,3.1054,1687866.0
2006-09-27,3.102,3.1732,3.0918,3.1121,2681262.0
2006-09-28,3.0986,3.1189,3.0443,3.0782,1994605.0
2006-09-29,3.0816,3.0816,3.0172,3.041,4627819.0
2006-10-03,3.0342,3.0342,2.9494,2.9664,3658403.0
2006-10-04,2.9494,2.963,2.9257,2.946,1123000.0
2006-10-05,2.9664,3.0952,2.9596,3.0477,4691804.0
2006-10-06,3.0816,3.102,3.0003,3.0986,2949000.0
2006-10-09,3.102,3.1121,2.9765,3.0511,1233000.0
2006-10-10,3.085,3.102,3.0104,3.0511,1650739.0
2006-10-11,3.0511,3.1359,3.0376,3.0511,2697000.0
2006-10-12,3.0613,3.0715,3.0342,3.0545,2757800.0
2006-10-13,3.0342,3.1359,3.0342,3.0681,2721000.0
2006-10-16,3.0749,3.1562,3.0681,3.0816,2759127.0
2006-10-17,3.085,3.146,3.085,3.1325,6174407.0
2006-10-18,3.1325,3.146,3.1088,3.1291,653000.0
2006-10-19,3.1189,3.1359,3.1121,3.1257,1108030.0
2006-10-20,3.1257,3.1427,3.1257,3.1359,1566140.0
2006-10-23,3.1698,3.1698,3.0308,3.0647,2441000.0
2006-10-24,3.0952,3.0952,3.0511,3.0681,1659247.0
2006-10-25,3.0681,3.0952,3.0342,3.0545,1117025.0
2006-10-26,3.0511,3.1054,3.0511,3.085,1816391.0
2006-10-27,3.085,3.1359,3.085,3.085,1310700.0
2006-10-31,3.0613,3.163,3.0545,3.1494,4913700.0
2006-11-01,3.2003,3.3122,3.18,3.3122,7666756.0
2006-11-02,3.3054,3.424,3.2884,3.4156,6332573.0
2006-11-03,3.5257,3.5257,3.38,3.3986,2678669.0
2006-11-06,3.3901,3.4749,3.3732,3.4664,4087472.0
2006-11-07,3.5427,3.5427,3.4579,3.4749,2127000.0
2006-11-08,3.4325,3.4749,3.3901,3.4749,959036.0
2006-11-09,3.4495,3.7292,3.4495,3.7207,2843548.0
2006-11-10,3.7207,3.797,3.5766,3.6274,3437882.0
2006-11-13,3.6274,3.7207,3.6105,3.7037,1483000.0
2006-11-14,3.7207,3.78,3.6444,3.6698,950602.0
2006-11-15,3.7292,3.78,3.6613,3.6783,1320000.0
2006-11-16,3.6783,3.7461,3.602,3.6613,1513000.0
2006-11-17,3.7037,3.7037,3.5935,3.6105,1244876.0
2006-11-20,3.6105,3.6444,3.5935,3.6274,2031000.0
2006-11-21,3.602,4.0258,3.602,4.0004,4888243.0
2006-11-22,4.0682,4.1021,3.8478,3.9156,3527440.0
2006-11-23,4.0173,4.0936,3.8139,3.8987,8464560.0
2006-11-24,3.8987,3.8987,3.6953,3.7207,3892000.0
2006-11-27,3.7292,3.7885,3.5596,3.5935,2983000.0
2006-11-28,3.5681,3.7292,3.5257,3.5427,5653931.0
2006-11-29,3.5766,3.6783,3.4495,3.4918,4241809.0
2006-11-30,3.5596,3.6444,3.5596,3.6359,3635000.0
2006-12-01,3.6953,3.7037,3.5512,3.602,3769555.0
2006-12-04,3.6359,3.6444,3.5766,3.619,2176000.0
2006-12-05,3.6953,3.8478,3.6953,3.797,5958000.0
2006-12-06,3.8987,4.0258,3.8648,3.9156,5301000.0
2006-12-07,4.0173,4.0258,3.78,3.8139,2856350.0
2006-12-08,3.8139,3.958,3.7461,3.7715,1686000.0
2006-12-11,3.7631,3.7631,3.6953,3.7207,3470000.0
2006-12-12,3.7631,3.9071,3.7631,3.8817,2854946.0
2006-12-13,3.8648,3.8648,3.6868,3.7715,4427500.0
2006-12-14,3.8987,3.8987,3.7292,3.797,2452000.0
2006-12-15,3.8139,3.8987,3.7631,3.8224,4248936.0
2006-12-18,3.8224,3.9495,3.8224,3.8987,2474490.0
2006-12-19,3.8987,4.0343,3.8648,3.8817,2998017.0
2006-12-20,3.8817,4.1021,3.8817,4.0936,3519400.0
2006-12-21,4.1444,4.2122,4.0682,4.1529,3786747.0
2006-12-22,4.2292,4.5513,4.1868,4.3563,4296899.0
2006-12-27,4.3563,4.4241,4.2801,4.3563,5902088.0
2006-12-28,4.3479,4.5597,4.297,4.5428,3186299.0
2006-12-29,4.5682,4.7038,4.5513,4.6953,3425893.0
2007-01-02,4.6953,4.7547,4.5767,4.6106,1171735.0
2007-01-03,4.6869,4.797,4.5852,4.636,2388742.0
2007-01-04,4.6614,5.0005,4.636,4.8818,10613500.0
2007-01-05,4.8309,4.8479,4.5936,4.8309,8339761.0
2007-01-08,4.8309,4.8818,4.6021,4.6869,5159880.0
2007-01-09,4.6869,4.6869,4.475,4.5682,3975838.0
2007-01-10,4.5597,4.8055,4.475,4.5852,2844050.0
2007-01-11,4.6614,4.6614,4.5428,4.5767,2836359.0
2007-01-12,4.6106,4.814,4.6106,4.7038,5070932.0
2007-01-15,4.7292,4.8479,4.7292,4.8394,1529500.0
2007-01-16,4.8479,5.0598,4.7292,4.9835,4227050.0
2007-01-17,4.9835,5.0259,4.8648,5.0005,1891371.0
2007-01-18,5.0513,5.153,5.0005,5.1361,4255606.0
2007-01-19,5.1869,5.1869,5.0598,5.0683,7169805.0
2007-01-22,5.0852,5.2717,5.0852,5.1869,3900322.0
2007-01-23,5.1106,5.3395,5.1106,5.17,3011536.0
2007-01-24,5.3056,5.3903,5.2547,5.2971,4277376.0
2007-01-25,5.3395,5.4073,5.2547,5.3903,2286442.0
2007-01-26,5.3734,5.3903,5.1869,5.3564,5458180.0
2007-01-29,5.3395,5.3395,4.9835,5.0852,2444000.0
2007-01-30,5.17,5.2378,5.0005,5.2378,2265000.0
2007-01-31,5.2039,5.2378,4.8988,5.1445,2200000.0
2007-02-01,5.1445,5.1445,4.9072,4.9072,1511029.0
2007-02-02,5.0513,5.0598,4.8479,4.9496,5339123.0
2007-02-05,4.9327,5.2801,4.9157,5.1106,2851284.0
2007-02-06,5.2547,5.2547,4.9666,5.2378,2407688.0
2007-02-07,5.2547,5.3395,5.0005,5.0598,2002627.0
2007-02-08,5.1191,5.1276,4.9666,4.9835,1939650.0
2007-02-09,5.0852,5.2462,5.0683,5.17,2457251.0
2007-02-12,5.17,5.17,5.0852,5.0852,535810.0
2007-02-13,5.2547,5.2547,5.0005,5.0005,1115228.0
2007-02-14,5.0513,5.2208,4.9496,4.9835,1276500.0
2007-02-15,5.0005,5.0852,4.8903,4.9072,2889025.0
2007-02-16,4.8903,5.0344,4.5767,4.9496,3197963.0
2007-02-21,4.9496,4.9666,4.8309,4.8733,2153700.0
2007-02-22,4.8733,4.975,4.8564,4.8648,2586874.0
2007-02-23,4.8648,4.8648,4.6191,4.7038,3890474.0
2007-02-26,4.6953,4.7038,4.3987,4.5513,6238625.0
2007-02-27,4.5258,4.5258,4.4072,4.4919,2801374.0
2007-02-28,4.2631,4.6784,4.2631,4.5513,5150507.0
2007-03-01,4.5597,4.7801,4.5597,4.6614,4221500.0
2007-03-02,4.6614,4.7462,4.5343,4.5682,1874000.0
2007-03-05,4.4919,4.5089,4.2461,4.2801,2589000.0
2007-03-06,4.3309,4.3987,4.2377,4.3818,4509100.0
2007-03-07,4.5258,4.5258,4.3818,4.5174,2863250.0
2007-03-08,4.5258,4.7631,4.5258,4.6953,1943000.0
2007-03-09,4.7631,4.8648,4.7462,4.797,1197900.0
2007-03-12,4.8479,5.0005,4.814,4.9581,981900.0
2007-03-13,5.0005,5.0005,4.797,4.9157,654796.0
2007-03-14,4.7123,4.7123,4.5852,4.6191,1284000.0
2007-03-15,4.6614,4.8225,4.6614,4.7716,1227875.0
2007-03-16,4.7716,4.9835,4.7462,4.8394,1805660.0
2007-03-19,4.7886,5.0428,4.7886,5.0428,2108450.0
2007-03-20,5.0428,5.0598,4.7631,4.8309,1308900.0
2007-03-21,4.9157,4.9157,4.4072,4.6614,3379594.0
2007-03-22,4.653,4.653,4.3648,4.4496,10229750.0
2007-03-23,4.4665,4.5767,4.3902,4.5682,5616400.0
2007-03-26,4.6021,4.6106,4.4665,4.5174,6875877.0
2007-03-27,4.4919,4.4919,4.4072,4.4411,3029332.0
2007-03-28,4.4072,4.4157,4.1783,4.2546,6005250.0
2007-03-29,4.2122,4.3224,4.2038,4.297,5051000.0
2007-03-30,4.4072,4.4072,4.3055,4.3224,5316631.0
2007-04-02,4.3479,4.3563,4.2292,4.2716,1899141.0
2007-04-03,4.2546,4.2801,4.1953,4.2631,3814100.0
2007-04-04,4.2801,4.2885,4.2377,4.2801,4217000.0
2007-04-10,4.2801,4.5258,4.2801,4.4496,4694722.0
2007-04-11,4.5258,4.5428,4.3987,4.4157,3452000.0
2007-04-12,4.4919,4.4919,4.3224,4.3818,2462465.0
2007-04-13,4.4496,4.4496,4.2038,4.2546,4094031.0
2007-04-16,4.3563,4.3563,4.2716,4.2885,3336732.0
2007-04-17,4.2885,4.3224,4.2716,4.2801,2666725.0
2007-04-18,4.2801,4.2801,4.1529,4.1868,4198000.0
2007-04-19,4.1868,4.1868,3.9834,4.1275,6894216.0
2007-04-20,4.1275,4.2631,4.1275,4.2207,4687000.0
2007-04-23,4.2716,4.4241,4.2122,4.2377,6539000.0
2007-04-24,4.2885,4.3563,4.2292,4.3479,4543000.0
2007-04-25,4.3394,4.3902,4.2377,4.297,2282500.0
2007-04-26,4.297,4.3902,4.2716,4.3479,2141000.0
2007-04-27,4.3479,4.7631,4.3479,4.6614,13723000.0
2007-04-30,4.6784,4.7123,4.5258,4.5513,3870200.0
2007-05-02,4.5258,4.7462,4.5174,4.6275,2479720.0
2007-05-03,4.6275,4.9835,4.6275,4.9327,6877845.0
2007-05-04,5.17,5.509,4.9835,5.0852,10923740.0
2007-05-07,5.0852,5.1191,4.9581,5.1106,4855920.0
2007-05-08,5.0937,5.0937,4.9327,5.0683,1712002.0
2007-05-09,5.0546,5.0802,5.0036,5.0461,2086000.0
2007-05-10,5.0461,5.1142,4.9525,5.0291,2292975.0
2007-05-11,4.9695,5.0717,4.9355,5.0206,1612900.0
2007-05-14,5.1057,5.1823,5.0206,5.1057,5796580.0
2007-05-15,5.1057,5.2333,5.1057,5.1397,4766737.0
2007-05-16,5.1057,5.2929,5.0887,5.2248,4639000.0
2007-05-17,5.2844,5.4971,5.2844,5.4035,7241800.0
2007-05-18,5.361,5.6163,5.3525,5.5907,6961962.0
2007-05-21,5.7865,5.7865,5.5482,5.6588,9063511.0
2007-05-22,5.6758,5.812,5.412,5.4546,5939274.0
2007-05-23,5.5142,5.6503,5.5142,5.6163,3630690.0
2007-05-25,5.4461,5.4971,5.3014,5.4461,5216389.0
2007-05-28,5.4971,5.6503,5.4546,5.5482,4571450.0
2007-05-29,5.5482,5.5482,5.412,5.5056,4213157.0
2007-05-30,5.5397,5.5397,5.1908,5.361,6636318.0
2007-05-31,5.361,5.7694,5.3269,5.7354,26033960.0
2007-06-01,5.7354,5.7609,5.5056,5.5993,10974140.0
2007-06-04,5.5907,5.5907,5.4801,5.5312,1833509.0
2007-06-05,5.6163,5.6418,5.4971,5.5822,8164068.0
2007-06-06,5.7354,5.7524,5.5822,5.6503,3351145.0
2007-06-07,5.6503,5.6503,5.5312,5.6078,1102667.0
2007-06-08,5.6333,5.6333,5.344,5.4376,3187158.0
2007-06-11,5.4801,5.5822,5.4291,5.5312,1055075.0
2007-06-12,5.4801,5.5312,5.4716,5.4801,1169889.0
2007-06-13,5.4971,5.5056,5.361,5.4291,1116000.0
2007-06-14,5.5822,5.5822,5.4546,5.4716,1609000.0
2007-06-15,5.4461,5.5142,5.3865,5.4291,2645000.0
2007-06-18,5.395,5.5993,5.395,5.5652,2911992.0
2007-06-20,5.6163,5.7354,5.5567,5.6163,4998249.0
2007-06-21,5.6503,5.6843,5.5567,5.5567,7673812.0
2007-06-22,5.6163,5.6163,5.4376,5.5056,2140006.0
2007-06-25,5.6163,5.6673,5.344,5.361,2291931.0
2007-06-26,5.4461,5.4461,5.2504,5.3355,2354000.0
2007-06-27,5.2759,5.344,5.0887,5.1312,2739955.0
2007-06-28,5.1993,5.3099,5.1908,5.2929,2869000.0
2007-06-29,5.3099,5.4546,5.3014,5.361,1821278.0
2007-07-03,5.5482,5.6503,5.4461,5.4461,6246069.0
2007-07-04,5.4631,5.6163,5.4461,5.5822,2172624.0
2007-07-05,5.6078,5.6418,5.5822,5.6248,1750432.0
2007-07-06,5.6248,6.2034,5.6248,5.9566,6077639.0
2007-07-09,6.1013,6.229,6.0758,6.229,3458000.0
2007-07-10,6.297,6.297,6.1268,6.1609,2758127.0
2007-07-11,6.1098,6.1268,6.0417,6.0928,1015300.0
2007-07-12,6.0247,6.263,5.8716,6.0247,2209074.0
2007-07-13,6.1524,6.263,6.0503,6.1098,1453925.0
2007-07-16,6.4672,6.5864,6.0928,6.1013,1288200.0
2007-07-17,6.1609,6.1694,6.0928,6.1268,452367.0
2007-07-18,6.1013,6.2119,5.9566,5.9652,1026175.0
2007-07-19,5.8886,6.1183,5.8886,6.0673,915425.0
2007-07-20,6.2545,6.2545,6.0673,6.0843,2260926.0
2007-07-23,6.0843,6.1949,5.9566,6.0843,2194570.0
2007-07-24,6.1949,6.1949,6.0417,6.1013,2875208.0
2007-07-25,5.9566,6.1949,5.9566,6.0588,1047500.0
2007-07-26,6.0588,6.0588,5.8716,5.9396,2396610.0
2007-07-27,5.8716,5.9737,5.8205,5.8971,1911925.0
2007-07-30,5.846,5.8886,5.7269,5.8205,2727517.0
2007-07-31,5.8205,6.1949,5.8035,6.1609,2248570.0
2007-08-01,6.1609,6.2119,5.8716,5.9907,1937500.0
2007-08-02,5.9992,6.0928,5.8375,5.9652,1736901.0
2007-08-03,5.9056,5.9141,5.7865,5.8886,2550550.0
2007-08-06,5.8205,5.8716,5.4461,5.5822,2856000.0
2007-08-07,5.7014,5.846,5.5822,5.6843,3299000.0
2007-08-08,5.6843,5.9566,5.6843,5.7694,3518292.0
2007-08-09,5.795,6.1353,5.795,5.9822,2658397.0
2007-08-10,5.8716,5.9566,5.7014,5.9566,943000.0
2007-08-13,5.8886,5.9226,5.7524,5.7865,2710424.0
2007-08-14,5.7865,5.9311,5.7779,5.8205,1515600.0
2007-08-15,5.7524,5.795,5.5227,5.6333,2168559.0
2007-08-16,5.6333,5.6843,5.3695,5.5142,5662955.0
2007-08-17,5.4461,5.4631,4.8504,5.1568,8667785.0
2007-08-20,5.5142,5.8375,5.5142,5.795,3827346.0
2007-08-21,5.7865,6.0588,5.7609,5.9907,3091525.0
2007-08-22,5.9907,6.4332,5.9566,6.297,4669540.0
2007-08-23,6.4672,6.5183,6.0503,6.1013,2447795.0
2007-08-24,6.1183,6.1779,5.9737,6.0077,1889415.0
2007-08-27,6.0077,6.4162,5.9907,6.3226,2974315.0
2007-08-28,6.5523,6.5523,6.3821,6.3991,4933340.0
2007-08-29,6.0928,6.3311,6.0843,6.28,2982820.0
2007-08-30,6.4842,6.7225,6.4502,6.6374,4872281.0
2007-08-31,6.6544,6.8927,6.6204,6.8927,3897167.0
2007-09-03,7.0459,7.0714,6.7225,6.7736,2758542.0
2007-09-04,6.9438,6.9778,6.7565,6.7736,2196606.0
2007-09-05,6.8927,7.3352,6.8757,7.2586,3159623.0
2007-09-06,6.9948,7.1735,6.9267,6.9778,2019882.0
2007-09-07,6.9863,7.0203,6.8331,7.0118,2584812.0
2007-09-10,6.5523,6.8672,6.5523,6.8246,2592738.0
2007-09-11,6.7395,6.7906,6.6374,6.6885,1467500.0
2007-09-12,6.8076,6.8757,6.6289,6.6374,2526543.0
2007-09-13,6.6374,6.7225,6.6374,6.7225,2542500.0
2007-09-14,6.7225,7.1735,6.7225,6.9863,4333500.0
2007-09-17,7.3182,7.3182,6.9948,7.0799,3710092.0
2007-09-18,7.0629,7.2416,6.9182,7.2246,2278789.0
2007-09-19,7.582,7.6585,7.2501,7.5394,5437732.0
2007-09-20,7.6245,8.1096,7.5905,7.9394,5931570.0
2007-09-21,8.067,8.1691,7.5735,7.6585,1938035.0
2007-09-24,7.9989,8.1436,7.8372,7.8713,2229212.0
2007-09-25,7.9649,8.084,7.6926,7.7436,3097700.0
2007-09-27,7.7436,8.4755,7.7181,8.4244,6738487.0
2007-09-28,8.4414,8.5946,8.3308,8.5435,5503985.0
2007-10-02,8.7137,8.8414,7.9734,8.3223,5208139.0
2007-10-03,8.4414,8.5265,7.7436,7.8117,6209220.0
2007-10-04,7.8117,7.8287,7.4628,7.599,6255000.0
2007-10-05,7.8287,7.8287,7.5564,7.7777,3831003.0
2007-10-08,7.8287,8.2797,7.7522,7.8628,3861000.0
2007-10-09,7.9989,8.6201,7.7607,8.467,8462194.0
2007-10-10,8.6797,9.7689,8.6797,9.6923,15851390.0
2007-10-11,9.5306,9.5732,9.2413,9.437,5731441.0
2007-10-12,9.2924,9.3094,8.9009,9.0201,6606498.0
2007-10-15,9.3604,9.4455,9.1732,9.3519,5933500.0
2007-10-16,9.5051,10.2454,9.5051,10.0072,10733360.0
2007-10-17,10.1263,10.1263,9.6242,9.888,7825100.0
2007-10-18,9.9391,9.9646,9.5306,9.8285,3753563.0
2007-10-22,9.3179,9.6157,9.3179,9.369,6066219.0
2007-10-23,9.5306,9.871,9.5136,9.7008,2602393.0
2007-10-24,9.871,10.1433,9.6157,9.7178,2864475.0
2007-10-25,10.0752,10.1263,9.6413,10.0838,3175156.0
2007-10-26,10.2114,10.8666,10.1944,10.79,5088040.0
2007-10-29,11.0623,11.8622,11.0368,11.5729,5420267.0
2007-10-30,11.7431,12.3898,11.5729,11.9303,8113280.0
2007-10-31,11.8282,11.8793,10.9773,11.1815,8222100.0
2007-11-01,11.1815,11.4368,10.6369,11.1985,8315000.0
2007-11-02,10.8241,11.0623,10.6879,10.9092,7466001.0
2007-11-05,11.0623,11.4027,10.79,11.0538,7967720.0
2007-11-06,11.0623,11.0623,9.1903,10.2114,10859000.0
2007-11-07,10.5518,10.6369,9.3604,9.5987,9628200.0
2007-11-08,9.0201,9.3775,8.8499,9.2924,8803763.0
2007-11-09,9.4711,9.4711,8.952,9.1477,5586250.0
2007-11-12,8.969,8.969,7.9309,8.7988,7941400.0
2007-11-13,8.5095,9.3519,7.8543,8.8499,6275343.0
2007-11-14,9.871,9.871,9.3009,9.4711,8880467.0
2007-11-15,9.871,9.871,9.6072,9.6838,6409236.0
2007-11-16,9.6157,9.6157,9.2924,9.3945,3049000.0
2007-11-19,9.3945,9.4966,9.003,9.0371,3702000.0
2007-11-20,8.8499,9.0711,8.518,8.8754,5878634.0
2007-11-21,8.986,9.1903,8.501,8.552,2966000.0
2007-11-22,8.5435,8.5861,8.2372,8.3308,2807225.0
2007-11-23,8.4755,8.4755,8.1691,8.2117,3442120.0
2007-11-26,8.5946,8.6201,8.3733,8.4499,1030000.0
2007-11-27,8.5095,8.5095,8.2202,8.3733,2813272.0
2007-11-28,8.7818,9.003,8.7052,8.7818,3101500.0
2007-11-29,8.986,9.5987,8.986,9.4455,6365461.0
2007-11-30,9.5817,9.9561,9.5817,9.9051,4724532.0
2007-12-03,9.9902,10.2795,9.4626,9.5306,6040535.0
2007-12-04,9.5306,9.7008,9.2754,9.4285,3438392.0
2007-12-05,9.7008,9.7008,9.4881,9.6157,2767400.0
2007-12-06,9.871,10.0838,9.7944,9.871,2934537.0
2007-12-07,10.0752,10.1944,9.7008,9.7604,2605630.0
2007-12-10,10.0412,10.0412,9.5051,9.5136,974885.0
2007-12-11,9.5306,9.9561,9.4455,9.6923,2415753.0
2007-12-12,9.6838,9.6838,9.3264,9.5817,1907621.0
2007-12-13,9.3604,9.9306,9.3604,9.871,2690101.0
2007-12-14,9.871,9.888,9.437,9.5987,1118600.0
2007-12-17,9.5306,9.871,9.3009,9.4455,2571900.0
2007-12-18,9.3945,9.4115,8.8158,8.9605,4128760.0
2007-12-19,9.0541,9.2413,8.7648,8.8924,2342337.0
2007-12-20,8.9775,9.3604,8.8924,9.3094,1639064.0
2007-12-21,9.3604,9.6328,9.3434,9.369,1193494.0
2007-12-27,9.5477,9.5477,9.2839,9.3094,1111500.0
2007-12-28,9.4455,9.5477,9.2498,9.5306,1231200.0
2008-01-02,10.0752,10.0752,9.7008,9.82,1470600.0
2008-01-03,9.6923,10.1263,9.6668,9.9561,1855981.0
2008-01-04,9.8285,10.5858,9.8285,10.5688,4795780.0
2008-01-07,10.3646,10.3646,10.0412,10.2114,2953701.0
2008-01-08,10.2114,10.271,9.9051,10.0242,4877200.0
2008-01-09,10.0752,10.0752,9.5391,9.888,4239000.0
2008-01-10,9.5987,10.1859,9.5391,10.1433,3023636.0
2008-01-11,10.1603,10.2114,9.9561,10.0157,1796200.0
2008-01-14,9.9561,10.0497,9.5306,9.5562,2479594.0
2008-01-15,9.7178,9.8115,9.0201,9.0796,4512836.0
2008-01-16,8.8329,8.8329,8.3989,8.5435,5837940.0
2008-01-17,8.3733,9.003,8.1351,8.5265,6291645.0
2008-01-18,8.3053,8.467,7.9223,8.2287,4697572.0
2008-01-21,8.2202,8.2202,7.7266,7.7607,2582850.0
2008-01-22,6.9778,7.3011,6.7565,7.0714,9971728.0
2008-01-23,8.084,8.1266,7.0714,7.5224,4453945.0
2008-01-24,7.6585,8.4584,7.65,7.9734,6089871.0
2008-01-25,8.3393,8.5606,8.1521,8.3478,3977493.0
2008-01-28,8.1691,8.2712,7.7692,7.9904,2922631.0
2008-01-29,7.9989,8.0415,7.6415,7.9138,2824756.0
2008-01-30,8.2287,8.2287,7.599,7.7266,2000242.0
2008-01-31,7.8287,8.0245,7.6585,7.8372,4311425.0
2008-02-01,7.9904,8.2542,7.8372,8.0755,4170351.0
2008-02-04,8.5946,9.0286,8.2797,8.3733,5812074.0
2008-02-05,8.3733,8.3904,8.084,8.3478,2268526.0
2008-02-06,8.1521,8.1521,7.8287,7.9564,2884000.0
2008-02-11,8.3393,8.3393,7.8117,7.9138,1043117.0
2008-02-12,8.2202,8.2202,7.8883,7.9223,289000.0
2008-02-13,8.101,8.1606,7.8968,7.9479,2031200.0
2008-02-14,8.3393,8.4244,8.1351,8.2202,4957200.0
2008-02-15,8.067,8.5095,7.9734,8.4925,2379883.0
2008-02-18,8.5095,8.6286,8.2117,8.501,1535290.0
2008-02-19,8.4925,8.5606,8.4074,8.4329,1236575.0
2008-02-20,8.4414,8.5265,8.0159,8.084,1063544.0
2008-02-21,8.2032,8.3989,8.1606,8.2542,1816200.0
2008-02-22,8.2032,8.2202,7.9989,8.033,2359967.0
2008-02-25,7.9819,8.1776,7.9649,8.1691,1375400.0
2008-02-26,8.1521,8.5095,8.101,8.5095,2770750.0
2008-02-27,8.5095,8.6031,8.3563,8.484,3032164.0
2008-02-28,8.484,8.6116,8.3393,8.3904,3103150.0
2008-02-29,8.3393,8.467,8.2797,8.4414,2166850.0
2008-03-03,8.4329,8.4329,8.2542,8.3478,1528187.0
2008-03-04,8.1691,8.3733,8.084,8.2542,3131365.0
2008-03-05,8.2542,8.2542,8.0159,8.1776,2239536.0
2008-03-06,8.1691,8.2542,8.084,8.1181,2123650.0
2008-03-07,7.9989,8.1351,7.9394,7.9904,2511100.0
2008-03-10,7.9138,8.1946,7.7947,8.1776,4204634.0
2008-03-11,8.1776,8.4074,8.1606,8.2117,3799600.0
2008-03-12,8.5095,8.5095,8.3223,8.3223,3507388.0
2008-03-13,8.3138,8.3138,7.3182,8.1181,1993593.0
2008-03-14,8.1181,8.3393,7.8287,7.9649,2585230.0
2008-03-17,7.6671,7.8287,7.2331,7.3862,3370088.0
2008-03-18,7.1139,7.3777,6.3991,6.6034,8786137.0
2008-03-19,7.0799,7.2075,6.9778,7.0033,9897897.0
2008-03-20,6.6544,6.8161,5.7865,6.6544,14407500.0
2008-03-25,6.9778,7.5735,6.9778,7.2586,4850311.0
2008-03-26,7.2586,7.5735,7.2586,7.5735,4165333.0
2008-03-27,7.5905,7.599,7.3522,7.5394,4303064.0
2008-03-28,7.4884,7.9138,7.4288,7.7607,3188800.0
2008-03-31,7.6585,7.6841,7.4543,7.5479,6313630.0
2008-04-01,7.8032,7.8032,7.5735,7.6585,5989281.0
2008-04-02,7.8968,7.9649,7.7777,7.8287,5308905.0
2008-04-03,7.8287,8.1691,7.7947,8.1691,3345600.0
2008-04-07,8.3393,8.4925,8.2032,8.2712,3501515.0
2008-04-08,8.5095,8.5435,8.0415,8.1861,4456635.0
2008-04-09,8.084,8.1776,7.9223,7.9989,1599000.0
2008-04-10,8.05,8.1776,7.9649,7.9819,1623655.0
2008-04-11,8.084,8.1946,7.8713,7.9138,2618475.0
2008-04-14,7.8287,8.0755,7.8287,7.9309,2587300.0
2008-04-15,7.9479,8.0245,7.8287,7.9053,3527880.0
2008-04-16,7.9053,8.084,7.8458,7.9734,3240433.0
2008-04-17,8.033,8.3223,8.033,8.1861,4742212.0
2008-04-18,8.2712,8.6457,8.2712,8.4414,4569085.0
2008-04-21,8.7818,9.1647,8.6797,8.986,6668358.0
2008-04-22,9.0201,9.2413,8.9435,9.2073,4030093.0
2008-04-23,9.1562,9.2073,8.969,8.9775,2361400.0
2008-04-28,9.2754,9.3264,9.1392,9.1988,1051192.0
2008-04-29,9.1647,9.1903,8.8584,8.935,5824774.0
2008-04-30,8.986,9.0201,8.7563,8.7988,3560300.0
2008-05-02,9.0201,9.6072,9.0201,9.5391,4245368.0
2008-05-05,9.6157,9.8625,9.5647,9.7349,3434925.0
2008-05-06,9.728,9.7878,9.4464,9.6512,4702475.0
2008-05-07,9.7707,9.8219,9.472,9.5232,4378937.0
2008-05-08,9.5232,9.5232,9.2075,9.3099,3158460.0
2008-05-09,9.4038,9.8646,9.3952,9.8304,4663350.0
2008-05-13,10.3424,11.0592,10.24,10.6923,11207700.0
2008-05-14,10.863,11.0934,10.7094,11.0507,10106630.0
2008-05-15,11.5883,12.1003,11.5712,11.9211,14838800.0
2008-05-16,11.6907,11.8272,11.3494,11.4262,7380794.0
2008-05-19,11.0934,11.5968,11.008,11.1702,4617425.0
2008-05-20,11.136,11.1702,10.8118,10.8544,6412293.0
2008-05-21,10.8374,11.1446,10.752,11.0251,4606297.0
2008-05-22,10.9056,11.136,10.735,11.0251,3935400.0
2008-05-23,11.264,11.887,11.1104,11.4688,5154835.0
2008-05-26,11.776,11.776,11.264,11.4603,3238158.0
2008-05-27,11.6736,11.6736,11.3152,11.3152,4075403.0
2008-05-28,11.4518,11.4518,10.8459,10.8459,5358925.0
2008-05-29,10.8971,11.6566,10.8971,11.6224,8479046.0
2008-05-30,11.7504,11.9296,11.0934,11.2128,44293100.0
2008-06-02,11.52,11.7931,11.4091,11.7846,16753020.0
2008-06-03,11.8528,12.271,11.3835,12.1174,10894780.0
2008-06-04,12.1174,12.2966,11.8443,12.2454,9173455.0
2008-06-05,12.2027,12.2027,11.9552,12.1174,7198823.0
2008-06-06,12.2454,12.2795,11.52,11.6736,25757490.0
2008-06-10,11.4006,11.4176,10.9483,10.9483,10196090.0
2008-06-11,11.1531,11.1787,10.9056,10.9227,7303628.0
2008-06-12,10.479,10.607,10.1547,10.5558,8064542.0
2008-06-13,10.3339,10.9142,10.3339,10.5984,5334540.0
2008-06-16,10.5984,11.4006,10.5984,10.752,2990584.0
2008-06-17,10.8374,10.9056,10.5643,10.752,4003050.0
2008-06-18,10.752,11.2982,10.752,11.264,3774328.0
2008-06-19,11.1616,11.1616,10.5472,10.5472,5617626.0
2008-06-20,10.496,11.0934,10.496,10.735,3594723.0
2008-06-23,10.4107,10.7179,10.3424,10.7094,3853000.0
2008-06-24,10.4278,11.008,10.3766,10.752,4065524.0
2008-06-25,10.9227,10.9312,10.5558,10.7008,2192000.0
2008-06-26,10.6667,10.7862,10.4448,10.5728,4243700.0
2008-06-27,10.2571,10.2571,10.0352,10.24,6748455.0
2008-06-30,10.5387,10.5814,10.2571,10.2912,2580525.0
2008-07-02,10.1206,10.2912,9.8987,9.8987,4862259.0
2008-07-03,9.8304,10.4704,9.728,10.1547,5192842.0
2008-07-04,10.0694,10.2912,9.9414,10.24,2963900.0
2008-07-07,10.4448,10.7776,10.4022,10.7776,3353645.0
2008-07-08,10.5814,10.8459,10.368,10.624,3395203.0
2008-07-09,10.7008,11.1787,10.7008,11.0934,3917700.0
2008-07-10,11.0934,11.1872,10.991,11.119,2361350.0
2008-07-11,11.1787,11.1958,10.8886,11.1958,1978111.0
2008-07-14,10.9824,11.1531,10.4619,10.5131,5433460.0
2008-07-15,10.4619,10.4619,9.9499,10.24,7287630.0
2008-07-16,10.24,10.3424,10.0352,10.1376,3010844.0
2008-07-17,10.4448,10.6667,10.4363,10.479,2961050.0
2008-07-18,10.5472,10.7862,10.479,10.752,2313300.0
2008-07-21,10.8544,11.1787,10.8544,11.1787,2594657.0
2008-07-22,11.0934,11.1958,10.9739,11.0251,693200.0
2008-07-23,11.5712,11.6395,11.3494,11.5286,4758152.0
2008-07-24,11.759,11.9126,11.5627,11.6992,3626100.0
2008-07-25,11.6054,11.9467,11.264,11.3835,2528100.0
2008-07-28,11.4518,11.5712,11.1104,11.1104,1604611.0
2008-07-29,11.0934,11.759,10.9483,11.5542,3686694.0
2008-08-04,12.2795,12.2795,11.776,11.8358,1631961.0
2008-08-05,11.8358,11.8699,11.4006,11.4518,2668553.0
2008-08-07,11.8784,11.887,11.4774,11.8699,3619690.0
2008-08-08,11.9467,11.9467,11.2384,11.3664,4040748.0
2008-08-11,11.4432,11.6736,11.4091,11.5115,2178790.0
2008-08-12,11.503,11.52,11.0934,11.0934,3874617.0
2008-08-13,10.9227,11.3152,10.9056,11.264,4496958.0
2008-08-14,11.52,11.5968,10.9483,11.0934,8339450.0
2008-08-15,11.1019,11.1616,10.6155,10.8715,3551638.0
2008-08-18,11.1446,11.264,10.9312,11.264,2391220.0
2008-08-19,11.264,11.5712,11.0422,11.119,2370997.0
2008-08-20,10.7862,10.9312,10.7264,10.8203,5091768.0
2008-08-21,10.8374,11.0592,10.752,10.991,2517293.0
2008-08-22,10.991,10.991,10.991,10.991,0.0
2008-08-25,11.3494,11.5456,11.2555,11.5286,2355007.0
2008-08-26,11.4347,11.4347,11.0848,11.3152,1094243.0
2008-08-27,11.1019,11.4347,10.7691,10.9824,2871090.0
2008-08-28,11.0763,11.2726,10.9739,11.1702,3155818.0
2008-08-29,11.3494,11.6566,11.3494,11.4347,6272130.0
2008-09-01,11.4347,11.5883,11.2896,11.52,2949762.0
2008-09-02,11.52,11.631,11.3238,11.631,1981986.0
2008-09-03,11.4347,11.9126,11.4347,11.4603,3435972.0
2008-09-04,11.264,11.264,10.6326,10.7606,7420250.0
2008-09-05,10.24,10.2912,9.7366,10.1803,12448520.0
2008-09-08,10.7179,10.9739,10.6667,10.9739,7020146.0
2008-09-09,10.8288,10.8459,10.5046,10.752,4375849.0
2008-09-10,10.6838,10.6838,10.0694,10.0694,4749843.0
2008-09-11,10.0779,10.2486,9.728,9.8134,6537165.0
2008-09-12,9.8987,10.479,9.8987,10.2998,5820450.0
2008-09-16,9.984,10.0352,9.5659,9.5659,7077127.0
2008-09-17,9.8987,10.1547,9.216,9.216,5873123.0
2008-09-18,8.8747,9.9328,8.0043,9.728,12621820.0
2008-09-19,10.752,10.8374,9.8987,10.4107,13313840.0
2008-09-22,10.5814,10.6838,10.24,10.5899,6388887.0
2008-09-23,9.9584,10.4022,9.8134,9.8134,4775378.0
2008-09-24,9.8987,10.0864,9.6171,10.0182,5058746.0
2008-09-25,10.0267,10.2059,9.7878,9.8987,3148075.0
2008-09-26,9.8987,9.8987,9.3867,9.6598,2475952.0
2008-09-29,9.728,9.7792,9.2331,9.2758,6499169.0
2008-09-30,8.5334,9.5488,8.431,9.472,7164416.0
2008-10-02,9.0454,9.4379,9.0454,9.216,5147517.0
2008-10-03,9.2502,9.3867,8.704,8.704,9344351.0
2008-10-06,8.3542,8.431,8.2006,8.2091,8342620.0
2008-10-08,7.7654,8.0982,7.6032,7.68,16916570.0
2008-10-09,7.6118,7.9872,7.5947,7.936,7749900.0
2008-10-10,7.2022,7.936,7.0998,7.6971,13091600.0
2008-10-13,8.3883,8.815,7.6971,8.7296,5386834.0
2008-10-14,9.3867,9.6086,9.0283,9.216,10318860.0
2008-10-15,9.216,9.3782,8.7296,8.8747,3965473.0
2008-10-16,8.3627,9.071,8.3627,9.071,8346549.0
2008-10-17,9.472,9.6086,8.4651,8.4907,7842834.0
2008-10-20,8.4992,9.3867,8.4992,9.1904,4254364.0
2008-10-21,9.0795,9.472,8.6272,9.1051,5456149.0
2008-10-22,9.0112,9.0795,8.3371,8.3371,4819400.0
2008-10-23,8.0299,8.704,7.936,8.2262,4448500.0
2008-10-24,7.8848,8.0811,7.4155,7.5008,8843393.0
2008-10-27,7.4752,7.5947,6.016,6.4854,8613570.0
2008-10-28,6.8267,7.7995,6.5536,7.5179,13230380.0
2008-10-29,7.68,8.448,7.68,8.3712,10967040.0
2008-10-30,9.1307,9.1307,8.7467,8.9942,9095225.0
2008-10-31,9.199,9.3867,8.9003,9.3867,7647112.0
2008-11-03,9.9328,9.9328,9.216,9.455,4590650.0
2008-11-04,9.3867,9.3867,8.7808,8.9259,3162800.0
2008-11-05,9.216,9.3867,8.7894,8.96,4733617.0
2008-11-06,8.5078,8.5504,8.2347,8.2347,2842030.0
2008-11-07,7.8507,8.9771,7.8507,8.8747,3994600.0
2008-11-10,9.3696,9.7536,9.0368,9.3014,3864400.0
2008-11-11,9.216,9.216,8.704,8.7211,6045700.0
2008-11-12,9.1307,9.3014,8.3798,8.704,4795971.0
2008-11-13,8.3627,8.3627,7.9616,8.0555,9422400.0
2008-11-14,8.3627,8.6784,8.192,8.559,4288563.0
2008-11-17,8.3627,8.5334,8.2091,8.5163,4371814.0
2008-11-18,8.303,8.32,7.6971,8.0555,6902542.0
2008-11-19,8.1835,8.192,7.68,7.68,6835915.0
2008-11-20,7.296,7.3558,6.8779,6.9206,13252480.0
2008-11-21,6.7755,7.3387,6.6304,6.8267,13378710.0
2008-11-24,6.8182,6.9376,6.7414,6.8352,10046800.0
2008-11-25,7.168,7.5606,7.0827,7.0827,9504145.0
2008-11-26,6.9974,7.0827,6.5366,6.656,10777690.0
2008-11-27,6.9974,7.1936,6.8438,7.151,11726500.0
2008-11-28,7.3728,7.424,7.2534,7.2534,10090790.0
2008-12-01,7.2534,7.5606,7.0827,7.424,4584156.0
2008-12-02,7.1339,7.552,7.0827,7.3387,4733000.0
2008-12-03,7.407,7.8422,7.407,7.68,6702089.0
2008-12-04,7.9019,7.9275,7.2875,7.407,3502329.0
2008-12-05,7.6374,7.68,7.5094,7.5094,3203916.0
2008-12-08,7.7398,8.3627,7.7398,8.192,8115346.0
2008-12-09,8.3542,8.6187,8.2774,8.3115,8614094.0
2008-12-10,8.3115,8.6187,8.3115,8.5334,7315830.0
2008-12-11,8.5248,8.5248,7.7568,8.2176,7879401.0
2008-12-12,8.2262,8.2262,7.8336,7.9787,4956162.0
2008-12-15,8.3798,8.559,7.9702,8.0214,5588120.0
2008-12-16,8.175,8.4224,8.0214,8.2774,5034380.0
2008-12-17,8.5675,8.9344,8.5334,8.8406,12403690.0
2008-12-18,8.9003,9.0454,8.6443,8.7467,3564573.0
2008-12-19,8.8235,8.8662,8.431,8.704,3543400.0
2008-12-22,8.8747,8.9686,8.3371,8.3627,2717249.0
2008-12-23,8.3542,8.3542,8.2091,8.2774,2766982.0
2008-12-24,7.9019,8.6699,7.9019,8.5078,1150600.0
2008-12-29,8.4651,8.6443,8.0384,8.6102,4022772.0
2008-12-30,8.7552,8.7552,8.3627,8.448,4085508.0
2008-12-31,8.6187,8.6699,8.3712,8.5334,1929741.0
2009-01-01,8.5334,8.448,8.448,8.5334,0.0
2009-01-02,8.5334,8.96,8.5334,8.8747,3377421.0
2009-01-05,8.8918,9.1307,8.7808,8.943,3256303.0
2009-01-06,8.8406,8.8491,8.5931,8.6955,5936907.0
2009-01-07,8.96,8.96,8.3627,8.3627,9145871.0
2009-01-08,8.2774,8.2774,7.5264,7.8166,16662810.0
2009-01-09,7.6971,7.7824,7.2107,7.3387,11304440.0
2009-01-12,7.5094,7.7568,7.4582,7.68,6902279.0
2009-01-13,7.3558,7.6715,7.3558,7.5008,4526600.0
2009-01-14,7.5008,7.6288,7.3558,7.5435,3838103.0
2009-01-15,7.2107,7.2704,7.0742,7.1339,7676721.0
2009-01-16,7.3387,7.4752,7.1339,7.3131,4089434.0
2009-01-19,7.168,7.6544,7.168,7.5947,3334231.0
2009-01-20,7.3728,7.6971,7.279,7.663,2233300.0
2009-01-21,7.6118,8.0043,7.4752,7.8848,4539105.0
2009-01-22,7.8848,7.9702,7.7312,7.8422,2057515.0
2009-01-23,7.68,7.7312,7.4923,7.552,2228624.0
2009-01-29,8.1152,8.1664,7.919,8.1067,7683043.0
2009-01-30,8.0128,8.2688,7.9872,8.2603,5068840.0
2009-02-02,8.2603,8.2603,7.9446,8.0299,5920430.0
2009-02-03,8.1579,8.1579,7.919,7.9616,2138013.0
2009-02-04,8.1067,8.175,7.7398,7.8166,2198800.0
2009-02-05,7.8507,7.8848,7.424,7.4752,8438869.0
2009-02-06,7.6118,8.1579,7.6118,7.8251,3962149.0
2009-02-09,8.0896,8.0896,7.6971,7.6971,4084013.0
2009-02-10,7.791,8.0384,7.7227,8.0214,5643150.0
2009-02-11,7.9787,8.3968,7.936,8.2091,6081839.0
2009-02-12,8.2518,8.6699,8.1579,8.1835,5421075.0
2009-02-13,8.1835,8.3968,8.1835,8.3115,2887851.0
2009-02-16,8.5504,8.5504,8.1835,8.2432,1579779.0
2009-02-17,7.9872,8.0384,7.7995,7.808,2921659.0
2009-02-18,8.192,8.192,7.7398,7.8678,2127767.0
2009-02-19,7.8678,8.0896,7.8422,8.047,2086131.0
2009-02-20,7.7483,7.9531,7.7398,7.791,1885412.0
2009-02-23,7.9275,8.0214,7.7056,7.9616,3213422.0
2009-02-24,7.919,7.919,7.6032,7.68,3399184.0
2009-02-25,7.8592,7.8592,7.6459,7.7654,4075959.0
2009-02-26,7.7995,7.8507,7.6374,7.7483,3944731.0
2009-02-27,7.7398,7.9019,7.6715,7.6715,2190665.0
2009-03-02,7.4667,7.6459,7.424,7.535,2587077.0
2009-03-03,8.3542,8.3542,7.5094,7.5435,3397324.0
2009-03-04,7.4155,7.9275,7.4155,7.7654,3746523.0
2009-03-05,7.9958,8.2262,7.7824,8.0896,6778047.0
2009-03-06,8.0214,8.3627,7.936,7.936,5670959.0
2009-03-09,8.1579,8.2944,8.0384,8.064,5300598.0
2009-03-10,8.064,8.1067,7.8934,8.0214,5253760.0
2009-03-11,8.1152,8.3883,8.1152,8.2006,6352871.0
2009-03-12,8.2091,8.448,8.2091,8.3968,3767456.0
2009-03-13,8.448,8.8662,8.431,8.8064,4378200.0
2009-03-16,8.9088,9.3526,8.9088,9.2843,6459467.0
2009-03-17,9.1819,9.1819,8.7894,9.0027,5350744.0
2009-03-18,9.216,9.216,8.7382,8.8747,3800676.0
2009-03-19,9.216,9.4635,8.943,9.0795,9673504.0
2009-03-20,9.0795,9.216,8.815,9.0112,3908513.0
2009-03-23,9.0539,9.6086,9.0539,9.5062,5949701.0
2009-03-24,9.8987,10.1035,9.6683,9.9926,8004071.0
2009-03-25,9.5574,9.9499,9.3952,9.4208,6138304.0
2009-03-26,9.4379,9.6342,9.344,9.472,5529815.0
2009-03-27,9.6768,9.8048,9.1819,9.7792,6536293.0
2009-03-30,9.728,10.2144,9.5915,9.8134,4990665.0
2009-03-31,9.8646,10.0352,9.7536,9.7963,5808856.0
2009-04-01,9.9158,10.24,9.7963,10.0182,4485893.0
2009-04-02,10.2144,10.3766,10.0694,10.2912,4406000.0
2009-04-03,10.3424,10.3851,9.9328,10.1462,3718137.0
2009-04-06,10.3254,10.5472,10.1632,10.5387,3752448.0
2009-04-07,10.5814,10.735,10.3254,10.7264,4976068.0
2009-04-08,10.7264,10.7264,10.0352,10.5046,4876983.0
2009-04-09,10.5046,10.624,10.4107,10.5472,3480493.0
2009-04-14,10.4107,10.5899,10.2571,10.5387,4354214.0
2009-04-15,10.479,10.5387,10.3254,10.5046,4528530.0
2009-04-16,10.624,11.008,10.5302,10.9739,4816993.0
2009-04-17,11.4262,11.4262,11.0934,11.2299,5720079.0
2009-04-20,11.1275,11.1275,10.7862,10.9056,4124317.0
2009-04-21,10.3254,10.9995,10.3254,10.9227,3700405.0
2009-04-22,11.008,11.3323,10.4619,10.7862,5750422.0
2009-04-23,10.8886,11.0934,10.7264,11.0422,2559498.0
2009-04-24,11.264,11.264,10.9654,11.2555,2214632.0
2009-04-27,11.0934,11.2811,10.8374,11.1531,2991700.0
2009-04-28,11.1275,11.52,10.9227,11.119,4659934.0
2009-04-29,11.008,11.4603,11.008,11.4176,3206467.0
2009-04-30,11.6054,11.9467,11.5542,11.776,4365251.0
2009-05-04,12.0491,12.8001,11.9638,12.6635,8373933.0
2009-05-05,12.6635,12.8001,12.4075,12.5953,6722073.0
2009-05-06,12.2266,12.6896,12.1494,12.6124,5514790.0
2009-05-07,12.621,12.6896,12.1751,12.6724,5234081.0
2009-05-08,12.3466,12.861,12.218,12.6038,3883425.0
2009-05-11,12.2609,12.6038,12.0036,12.2266,3557096.0
2009-05-12,11.8836,12.4323,11.8836,12.218,4885606.0
2009-05-13,12.2952,12.6981,12.1923,12.4838,2675893.0
2009-05-14,13.1697,14.0614,12.9639,13.7099,8711555.0
2009-05-15,14.1472,14.2586,13.3583,13.6413,10141560.0
2009-05-18,13.2555,13.8556,13.2555,13.8042,4420813.0
2009-05-19,13.9757,14.0271,13.5727,13.6156,4219242.0
2009-05-20,13.4184,14.01,13.4184,13.6241,3823279.0
2009-05-21,13.5384,13.7699,13.5384,13.7184,1776795.0
2009-05-22,13.7184,13.8128,13.2897,13.3583,3012967.0
2009-05-25,13.4012,13.5555,13.3069,13.4184,1994390.0
2009-05-26,13.324,13.3498,12.7753,13.0925,3344924.0
2009-05-27,13.1954,14.01,13.1697,13.8385,6377190.0
2009-05-29,13.9757,14.9874,13.8042,14.8159,8165692.0
2009-06-01,14.5244,14.6959,14.3444,14.6787,4875741.0
2009-06-02,15.0046,15.1074,14.3701,14.4558,5850774.0
2009-06-03,14.6616,15.3818,14.6273,15.2532,5062405.0
2009-06-04,15.6047,15.6047,15.0989,15.4161,5851295.0
2009-06-05,15.862,15.862,15.4247,15.5962,7635454.0
2009-06-08,15.6047,15.7591,15.1246,15.3647,2888660.0
2009-06-09,15.3647,15.4333,14.2329,14.6959,4999673.0
2009-06-10,14.713,15.4247,14.713,15.3132,4549707.0
2009-06-11,15.5962,15.5962,15.2789,15.4847,4828811.0
2009-06-12,15.6819,15.6819,15.2361,15.399,1836360.0
2009-06-15,15.1932,15.459,15.1932,15.2961,3423426.0
2009-06-16,15.0303,15.4847,14.9017,15.3218,5119535.0
2009-06-17,15.176,15.2961,14.9274,14.9531,3950660.0
2009-06-18,14.9531,14.9531,14.4901,14.6873,6153314.0
2009-06-19,14.5673,15.5704,14.4901,15.519,4161855.0
2009-06-22,15.6047,15.9305,15.1417,15.2446,4707825.0
2009-06-23,14.7473,14.8159,14.5587,14.6101,8195523.0
2009-06-24,14.653,15.639,14.6101,15.4418,6539034.0
2009-06-25,15.7076,16.0334,15.6047,15.9134,4131356.0
2009-06-26,15.9906,16.1192,15.7848,15.9477,2532119.0
2009-06-29,16.1706,16.4193,16.0506,16.2135,1976059.0
2009-06-30,16.1963,16.1963,15.3218,15.5104,5755434.0
2009-07-02,15.8191,15.8791,15.116,15.3561,4312636.0
2009-07-03,15.2618,15.4247,15.0903,15.2189,2996955.0
2009-07-06,15.3475,15.3475,14.7559,15.0131,2001632.0
2009-07-07,14.8416,15.5447,14.8416,15.3132,2444111.0
2009-07-08,15.2703,15.8362,15.0731,15.7591,3396918.0
2009-07-09,15.7762,15.7762,15.4761,15.7162,2711920.0
2009-07-10,15.7162,15.7162,15.2275,15.4847,3438783.0
2009-07-13,15.2618,15.2618,14.8331,14.9274,3441581.0
2009-07-14,15.056,15.4333,15.0303,15.4247,3164438.0
2009-07-15,15.5361,15.862,15.5361,15.7762,3158908.0
2009-07-16,16.3421,16.3421,15.6905,15.7762,2634082.0
2009-07-17,15.9477,17.1309,15.7076,16.8908,4680393.0
2009-07-20,17.3195,18.3313,17.3195,18.2627,5504774.0
2009-07-21,18.0055,18.0055,17.1138,17.2338,9714407.0
2009-07-22,17.2338,17.4396,17.1223,17.1309,5565684.0
2009-07-23,17.4224,17.7654,17.1481,17.6625,4113569.0
2009-07-24,18.0055,18.0398,17.4053,17.7482,3114564.0
2009-07-27,17.6625,17.7311,17.4567,17.5939,3441569.0
2009-07-28,17.5768,17.7654,17.3195,17.7311,4960264.0
2009-07-29,17.6282,17.954,17.5425,17.7482,4653381.0
2009-07-30,18.0055,18.1769,17.5768,17.5939,3973976.0
2009-07-31,17.7482,18.2112,17.6625,17.9369,3418418.0
2009-08-03,18.1769,19.5488,18.1084,18.8457,5575629.0
2009-08-04,18.8629,19.3773,18.8114,18.9143,3961627.0
2009-08-05,19.1544,19.1715,18.2798,18.5885,3027401.0
2009-08-06,18.5199,18.7943,18.0569,18.7428,3165736.0
2009-08-07,18.8457,18.8457,18.1769,18.297,3758301.0
2009-08-10,18.8629,19.1887,18.4513,19.0686,4180871.0
2009-08-11,19.1715,20.5091,19.1715,20.149,5861426.0
2009-08-12,19.6688,19.8232,19.2916,19.3945,5467889.0
2009-08-13,20.1833,21.0407,20.0804,20.2347,9453533.0
2009-08-14,20.4062,20.4062,19.686,20.3547,6610565.0
2009-08-17,19.8918,20.149,19.5488,19.7374,5165255.0
2009-08-18,20.149,20.1661,19.0515,19.6688,6661010.0
2009-08-19,19.6688,19.7203,19.0343,19.223,5771080.0
2009-08-20,19.4459,19.6174,19.1372,19.3259,2896411.0
2009-08-21,19.4459,19.9432,19.3773,19.7546,4348061.0
2009-08-24,20.2347,20.6806,20.2176,20.5777,5350129.0
2009-08-25,20.2347,20.4919,20.1147,20.3033,3057178.0
2009-08-26,20.2519,20.6806,20.2004,20.3033,2042941.0
2009-08-27,20.3033,20.4062,19.4631,19.6345,3331834.0
2009-08-28,19.6345,19.8403,19.3602,19.7717,3124797.0
2009-08-31,19.3087,19.9432,19.223,19.7717,4481774.0
2009-09-01,19.7203,19.8918,19.3945,19.7889,2801561.0
2009-09-02,19.7203,19.7717,19.3087,19.6688,2305898.0
2009-09-03,19.4631,19.9775,19.4631,19.7203,3221660.0
2009-09-04,19.7546,21.0578,19.7546,20.9721,5479186.0
2009-09-07,21.1436,22.2582,21.1264,21.9495,4358799.0
2009-09-08,21.9495,22.2925,21.5894,22.0353,3777947.0
2009-09-09,22.4297,22.4297,21.8809,22.121,3259773.0
2009-09-10,22.1553,22.4125,22.0353,22.0696,2170777.0
2009-09-11,21.9495,21.9838,21.4179,21.6066,3898591.0
2009-09-14,21.3493,21.9495,21.2636,21.7609,3215907.0
2009-09-15,21.9495,21.9495,21.1093,21.315,2077558.0
2009-09-16,21.315,21.6237,21.1779,21.5208,4366845.0
2009-09-17,21.7266,22.241,21.6923,22.1553,4880213.0
2009-09-18,22.2925,22.2925,21.6237,21.658,3632445.0
2009-09-21,21.9667,22.2753,21.7609,21.9495,2605850.0
2009-09-22,21.9495,22.121,21.7952,21.9495,2198689.0
2009-09-23,22.1724,22.2239,21.9838,22.1553,2032302.0
2009-09-24,22.2925,22.6011,21.9838,22.0181,4015011.0
2009-09-25,22.2925,22.2925,21.4865,21.8123,2798924.0
2009-09-28,21.5037,21.6752,20.7492,20.9721,3748814.0
2009-09-29,21.3493,21.7609,21.2807,21.4865,3201936.0
2009-09-30,21.8123,21.9495,21.4865,21.6237,2833436.0
2009-10-02,21.5037,21.5037,20.9206,21.075,3250592.0
2009-10-05,21.1779,21.315,20.9206,21.0064,2794051.0
2009-10-06,21.5894,21.5894,21.0064,21.3322,3208482.0
2009-10-07,21.4522,21.8638,21.4522,21.7094,5816142.0
2009-10-08,22.1039,22.6011,21.9495,22.3782,5170844.0
2009-10-09,22.464,22.5668,21.6923,22.0696,3085967.0
2009-10-12,22.0353,22.0353,21.6066,21.7266,1947593.0
2009-10-13,21.8466,22.4125,21.8466,22.2582,3964754.0
2009-10-14,22.6526,23.6472,22.6526,23.63,5985152.0
2009-10-15,23.9215,24.4017,23.5443,23.7158,5666467.0
2009-10-16,24.0073,24.0073,23.167,23.5271,3830236.0
2009-10-19,23.8358,24.9504,23.6643,24.8475,3915672.0
2009-10-20,25.362,25.5163,24.4531,24.556,5548614.0
2009-10-21,24.3502,24.6932,24.1959,24.2645,3572840.0
2009-10-22,24.4017,25.5163,24.3502,25.2762,4595437.0
2009-10-23,25.7221,26.0651,25.1734,25.4992,5092738.0
2009-10-27,24.8647,25.2762,24.8647,25.1219,4028043.0
2009-10-28,24.9161,25.0876,24.1959,24.2988,5444958.0
2009-10-29,23.3214,23.39,22.8241,22.8755,10827470.0
2009-10-30,23.3214,24.2645,23.3214,23.51,9203112.0
2009-11-02,23.3042,24.7789,22.9784,24.5389,5292998.0
2009-11-03,24.5217,24.5389,23.5271,23.6472,5845259.0
2009-11-04,23.9215,24.2645,23.5786,23.9901,4027757.0
2009-11-05,23.7158,23.9044,23.4928,23.63,3800464.0
2009-11-06,24.1788,24.2645,23.5786,23.7672,4382508.0
2009-11-09,24.0073,24.0244,23.6472,23.8187,3386449.0
2009-11-10,24.5217,25.1219,24.1788,24.556,8561031.0
2009-11-11,24.8647,25.7221,24.7447,25.5849,6707092.0
2009-11-12,26.2365,26.2365,24.8132,25.1905,9182345.0
2009-11-13,25.8936,26.0651,25.2762,25.4649,5068845.0
2009-11-16,25.8078,25.8078,25.2248,25.4134,2791291.0
2009-11-17,25.2934,25.6878,24.8647,25.5163,3446755.0
2009-11-18,25.2077,25.6535,24.9676,25.0705,2959351.0
2009-11-19,25.0705,25.1219,24.6589,24.899,2715321.0
2009-11-20,24.5732,25.0533,24.5732,24.7961,2362536.0
2009-11-23,24.8647,25.4649,24.8647,25.3963,3223010.0
2009-11-24,25.4649,25.4649,24.7961,24.8818,3300957.0
2009-11-25,25.482,25.5506,25.0362,25.2248,3184805.0
2009-11-26,25.1562,25.3791,24.8818,25.0019,3054015.0
2009-11-27,24.3674,24.8304,23.6643,23.8358,5145125.0
2009-11-30,24.3674,25.0019,24.3674,24.5732,5118592.0
2009-12-01,24.7447,25.2077,24.5903,25.1391,3659189.0
2009-12-02,25.1562,25.6535,24.8304,25.5678,5249853.0
2009-12-03,25.7221,25.8078,25.3963,25.7221,3470210.0
2009-12-04,25.7221,25.8078,25.482,25.6364,2240676.0
2009-12-07,25.6706,25.7221,25.0362,25.2762,3151323.0
2009-12-08,25.3791,25.6192,25.2248,25.4992,2291688.0
2009-12-09,25.3791,25.5506,24.8818,25.4649,2943750.0
2009-12-10,25.7221,25.7221,24.6589,24.9847,4888466.0
2009-12-11,24.8818,27.0939,24.8818,26.9739,10401350.0
2009-12-14,26.8367,27.6084,26.2022,27.3683,5627857.0
2009-12-15,27.4369,28.14,27.1282,27.677,5648941.0
2009-12-16,27.5741,28.3629,27.1625,27.2826,4835563.0
2009-12-17,27.9513,28.0199,26.2022,26.5966,3822550.0
2009-12-18,25.8936,26.288,25.7907,26.1336,5503316.0
2009-12-21,25.9279,26.408,25.5849,26.3051,2434767.0
2009-12-22,26.7167,26.7167,26.3394,26.4423,2385617.0
2009-12-23,26.3223,26.6995,26.1508,26.5795,2777687.0
2009-12-24,26.9568,27.8656,26.7681,27.7113,2858125.0
2009-12-28,27.7627,28.0885,27.3855,27.4198,2225269.0
2009-12-29,27.9513,27.9685,27.2311,27.5741,1870808.0
2009-12-30,27.5741,28.3629,27.5226,28.3114,3370297.0
2009-12-31,28.5515,28.9802,28.4658,28.8945,2479338.0
2010-01-04,28.6373,28.9116,28.5344,28.8087,2252389.0
2010-01-05,28.6887,29.6661,28.6544,29.4604,4884702.0
2010-01-06,29.5976,30.0091,29.4775,29.529,4655969.0
2010-01-07,29.529,29.7176,28.2943,28.3972,5586199.0
2010-01-08,28.0199,28.9802,28.0199,28.7916,3995222.0
2010-01-11,29.0145,30.0091,29.0145,29.2889,3553913.0
2010-01-12,29.5633,29.6147,28.7916,28.9116,3144975.0
2010-01-13,28.7059,29.8376,28.6373,29.306,6110877.0
2010-01-14,29.7347,29.9062,29.3746,29.5633,3788707.0
2010-01-15,29.8548,30.2663,29.6661,30.0777,4084529.0
2010-01-18,29.9577,30.0434,28.8087,29.1003,5563643.0
2010-01-19,28.7059,28.7916,27.1968,27.6427,12207600.0
2010-01-20,27.0939,27.4712,26.4252,26.6481,8810897.0
2010-01-21,26.4252,27.4026,25.945,26.2365,11482300.0
2010-01-22,25.4649,25.9793,24.899,25.8078,13856210.0
2010-01-25,25.2077,25.6021,24.8647,25.5849,8718700.0
2010-01-26,25.7735,25.7735,24.4703,24.5389,8211145.0
2010-01-27,24.6075,24.8132,23.5786,24.2474,10244400.0
2010-01-28,24.4188,25.3791,24.4017,25.1219,10272950.0
2010-01-29,24.9676,25.3791,24.5217,24.899,6764886.0
2010-02-01,24.7618,24.7618,23.8701,24.1788,7903880.0
2010-02-02,24.6589,24.7618,24.1445,24.3331,6491201.0
2010-02-03,24.6246,25.9965,24.5389,25.7907,9781655.0
2010-02-04,25.7735,25.7735,25.0362,25.0876,3859062.0
2010-02-05,24.0073,24.4874,23.5957,23.7329,11156680.0
2010-02-08,23.3385,23.9387,23.3385,23.6129,6921375.0
2010-02-09,23.3214,23.8187,22.8584,23.1499,7116496.0
2010-02-10,23.6472,23.8873,23.2013,23.8015,6368680.0
2010-02-11,24.0073,24.9333,24.0073,24.8647,8222731.0
2010-02-12,25.0362,25.6535,25.0362,25.4134,6599554.0
2010-02-17,26.4252,26.4938,25.7564,25.9622,5195149.0
2010-02-18,25.9622,26.0308,25.3791,25.5678,2892653.0
2010-02-19,25.6535,25.6535,24.4188,24.4703,3760149.0
2010-02-22,25.362,25.7049,24.9847,25.6192,4735207.0
2010-02-23,25.2077,26.0651,25.1219,25.9965,4380549.0
2010-02-24,25.7221,25.8593,25.4992,25.7221,3365174.0
2010-02-25,25.8936,26.0651,25.4477,25.6192,2971736.0
2010-02-26,26.4938,26.4938,25.7907,26.0994,2993486.0
2010-03-01,26.408,26.5795,26.2708,26.5795,3680536.0
2010-03-02,26.8539,27.1797,26.7681,27.0768,5116620.0
2010-03-03,27.1797,27.2997,26.8367,27.2654,2935739.0
2010-03-04,27.2654,27.2654,25.9793,26.2708,4299080.0
2010-03-05,26.408,27.2311,26.3223,27.1454,5854763.0
2010-03-08,27.4369,27.6941,27.3512,27.5741,4983385.0
2010-03-09,27.3512,27.5741,26.9568,27.3855,2975503.0
2010-03-10,27.7799,28.1571,27.3855,28.0371,5003679.0
2010-03-11,28.1228,28.1228,27.3683,27.9856,3432752.0
2010-03-12,28.1228,28.1571,27.5398,27.6427,3440240.0
2010-03-15,27.214,28.7916,27.1968,28.723,5109644.0
2010-03-16,28.2943,28.6201,28.1571,28.4143,8932571.0
2010-03-17,28.8087,28.8087,27.7799,28.4315,6718405.0
2010-03-18,28.2257,28.2257,26.751,26.871,13989530.0
2010-03-19,26.5795,27.0425,25.8078,26.751,16433830.0
2010-03-22,26.408,27.0253,25.9793,26.7167,4736541.0
2010-03-23,26.9739,27.1797,26.8024,27.1282,4548215.0
2010-03-24,26.9225,27.5569,26.7853,27.1454,5731659.0
2010-03-25,27.6941,27.6941,26.9568,27.0768,4939771.0
2010-03-26,26.8196,27.1797,26.6309,27.1111,4484743.0
2010-03-29,27.1797,27.4883,27.1111,27.3512,3064067.0
2010-03-30,27.0939,27.2654,26.8367,27.0082,5115174.0
2010-03-31,27.1797,27.1797,26.6481,26.7167,3546679.0
2010-04-01,26.4252,26.6652,26.288,26.4252,5868867.0
2010-04-07,27.0939,27.0939,26.5281,26.751,10618740.0
2010-04-08,26.6652,27.1797,26.6309,27.0596,4389061.0
2010-04-09,27.2483,27.7627,27.1282,27.677,7294303.0
2010-04-12,27.797,28.2943,27.6255,27.7113,6335927.0
2010-04-13,27.9513,28.1057,27.2654,27.5569,5655484.0
2010-04-14,27.7799,27.8142,27.5569,27.5912,2501941.0
2010-04-15,27.6084,27.8999,27.1797,27.334,2759606.0
2010-04-16,27.4369,27.4369,26.8882,27.1797,3469183.0
2010-04-19,26.6824,26.8882,26.5109,26.6824,4234350.0
2010-04-20,26.751,26.991,26.751,26.871,3443308.0
2010-04-21,27.1625,27.334,26.8882,26.9568,4446401.0
2010-04-22,26.4938,27.2654,26.4766,27.0768,3307626.0
2010-04-23,27.0768,27.8656,27.0768,27.7627,7191805.0
2010-04-26,28.1228,28.38,28.0371,28.1914,4857507.0
2010-04-27,27.9685,27.9685,27.5226,27.5569,3150751.0
2010-04-28,27.0425,27.4198,26.8882,27.2826,3386533.0
2010-04-29,27.3169,27.6598,27.3169,27.4369,3161813.0
2010-04-30,27.9513,28.0371,27.6084,28.0199,4326083.0
2010-05-03,27.7799,28.3972,27.6598,28.1914,4702501.0
2010-05-04,28.4658,28.603,28.2429,28.38,5092275.0
2010-05-05,27.8644,28.0019,27.5034,27.6065,4884924.0
2010-05-06,27.1768,27.2283,26.5064,26.6611,7447544.0
2010-05-07,25.4234,26.3689,25.4234,26.1282,8732255.0
2010-05-10,26.472,26.5923,26.3001,26.5064,3964295.0
2010-05-11,26.8158,26.8158,26.4376,26.5064,7017696.0
2010-05-12,26.2657,26.472,25.6985,26.0079,8928349.0
2010-05-13,26.8158,27.3315,26.6439,27.3143,11451680.0
2010-05-14,27.0393,28.0534,27.0393,27.744,8628159.0
2010-05-17,27.3315,27.3659,26.3173,26.5064,9522958.0
2010-05-18,26.5064,26.7814,26.3345,26.6267,4818986.0
2010-05-19,26.4548,26.5408,25.9735,26.0594,4505844.0
2010-05-20,26.1282,26.3001,25.114,25.6469,7339635.0
2010-05-24,24.9249,25.6469,24.9249,25.4062,7084373.0
2010-05-25,24.9249,25.0968,24.4092,24.478,7647284.0
2010-05-26,24.478,25.6813,24.478,25.5438,9048751.0
2010-05-27,25.2687,26.111,25.1656,25.8875,5682745.0
2010-05-28,26.1282,26.386,25.75,25.8188,5513432.0
2010-05-31,25.9219,25.9219,25.5266,25.8188,2902828.0
2010-06-01,25.6985,26.111,25.6125,25.7157,3373653.0
2010-06-02,25.836,26.2142,25.6125,26.0938,3799128.0
2010-06-03,26.3345,26.3689,26.0251,26.0938,4380695.0
2010-06-04,26.2313,26.4548,25.7844,25.9391,3632082.0
2010-06-07,25.0453,25.3719,25.0453,25.2515,4697494.0
2010-06-08,25.114,25.2172,24.4608,24.7015,11997830.0
2010-06-09,24.4952,24.6843,23.5154,23.6185,21777920.0
2010-06-10,23.0513,23.0685,21.8136,21.8996,29834570.0
2010-06-11,22.8622,23.0513,22.3807,22.845,15543910.0
2010-06-14,23.4638,23.5326,22.4496,22.6043,8311793.0
2010-06-15,22.3981,22.5012,21.5901,21.8996,12562810.0
2010-06-17,21.7964,21.8308,21.1604,21.487,14762450.0
2010-06-18,21.3151,22.4324,20.6963,22.2947,25941310.0
2010-06-21,22.8622,23.0169,22.3637,22.7247,10180520.0
2010-06-22,22.7247,22.8278,21.5214,21.6589,13293170.0
2010-06-23,21.3151,22.0886,20.8854,21.4698,21255710.0
2010-06-24,21.6589,22.2947,21.6589,21.7105,7268426.0
2010-06-25,21.6417,22.3121,21.6417,22.2947,6207357.0
2010-06-28,22.3637,22.6731,22.1574,22.3807,5026432.0
2010-06-29,22.6903,22.6903,21.7277,21.9855,6121161.0
2010-06-30,21.8308,22.5184,21.8308,22.4324,5622972.0
2010-07-02,22.4324,22.5012,22.0715,22.2777,6054259.0
2010-07-05,22.3465,22.6043,22.0543,22.4152,3250504.0
2010-07-06,22.1229,23.1888,22.1229,23.1372,6430097.0
2010-07-07,23.12,23.5326,22.8794,23.3779,7626666.0
2010-07-08,23.8936,23.9451,23.4294,23.6013,4878546.0
2010-07-09,23.3951,23.9795,23.3435,23.8936,4820478.0
2010-07-12,23.9795,23.9795,23.6357,23.8592,2308763.0
2010-07-13,23.9107,24.0655,23.7217,23.9967,2990992.0
2010-07-14,24.0655,24.2373,23.4122,23.7904,4131618.0
2010-07-15,23.6357,23.8936,23.2232,23.3435,4516572.0
2010-07-16,23.206,23.8592,23.0685,23.7904,3388946.0
2010-07-19,23.206,24.0826,23.206,23.9967,3457509.0
2010-07-20,24.0655,24.0826,23.481,23.6529,2610998.0
2010-07-21,23.756,23.9451,23.481,23.842,3367298.0
2010-07-22,23.5841,23.8248,23.4638,23.567,3846876.0
2010-07-23,23.6873,23.756,23.5154,23.7217,5221843.0
2010-07-26,23.5841,23.9279,23.5841,23.7732,5220840.0
2010-07-27,23.7388,24.7874,23.5498,24.5811,9205017.0
2010-07-28,24.6155,25.3547,24.4092,25.1828,8684140.0
2010-07-29,25.4406,25.6985,25.2,25.5609,6776397.0
2010-07-30,25.5609,25.8532,25.4578,25.7328,6222528.0
2010-08-02,26.1282,26.2142,25.9219,26.0079,3535103.0
2010-08-03,26.3001,26.3001,25.3719,25.9563,4997332.0
2010-08-04,25.836,26.4376,25.8016,26.3517,3641841.0
2010-08-05,26.3001,26.4376,26.197,26.2829,2223625.0
2010-08-06,26.3001,26.3001,26.0594,26.2657,2505280.0
2010-08-09,25.9735,26.472,25.9735,26.4204,2240199.0
2010-08-10,26.3345,26.7814,26.3001,26.6439,5522008.0
2010-08-11,26.472,26.6439,25.4578,25.5609,4784091.0
2010-08-12,25.0281,25.0281,24.4952,24.6327,8925888.0
2010-08-13,24.8218,25.3891,24.7358,24.8906,6069554.0
2010-08-16,24.9249,25.2515,24.7358,25.0624,2925869.0
2010-08-17,25.3547,25.3547,24.9765,25.2515,1711220.0
2010-08-18,25.2515,25.6813,24.9765,25.2687,2936605.0
2010-08-19,25.7328,26.0938,25.4922,25.5953,5741797.0
2010-08-20,25.2343,25.5953,25.0624,25.5438,2669669.0
2010-08-23,25.6985,25.7844,25.2,25.4578,1497666.0
2010-08-24,25.2687,25.3719,24.2545,24.3233,4434447.0
2010-08-25,24.0998,24.0998,23.3263,23.8076,7866728.0
2010-08-26,23.5498,24.1858,23.5498,24.1514,4259382.0
2010-08-27,24.1514,24.3749,24.1514,24.2373,1716462.0
2010-08-30,24.4952,24.8218,24.478,24.6671,3023936.0
2010-08-31,24.3061,24.5468,23.8076,24.4608,3039379.0
2010-09-01,24.203,24.6327,24.203,24.4952,3075881.0
2010-09-02,24.4092,24.6327,24.1514,24.3921,2601819.0
2010-09-03,24.1342,25.2172,24.1342,24.9593,4119451.0
2010-09-06,25.2,26.0938,25.2,25.9735,6812999.0
2010-09-07,26.1282,26.2313,25.8188,25.9219,4417832.0
2010-09-08,25.9219,26.0423,25.5438,25.6469,4342728.0
2010-09-09,25.4406,25.9563,25.4406,25.8704,2088963.0
2010-09-10,25.9563,25.9563,25.7157,25.75,2320939.0
2010-09-13,26.0079,26.4548,25.9735,26.3001,4139329.0
2010-09-14,26.4032,26.5923,26.3517,26.472,3530152.0
2010-09-15,26.472,26.5064,26.0766,26.4032,3204591.0
2010-09-16,26.5751,26.8158,26.2313,26.5751,3110061.0
2010-09-17,26.6439,26.8158,26.386,26.6955,3389186.0
2010-09-20,26.6955,27.1596,26.3689,27.108,4050934.0
2010-09-21,27.2971,27.5549,27.108,27.469,4360740.0
2010-09-22,27.5034,27.6409,26.9533,27.0736,3649501.0
2010-09-24,27.5721,27.6409,27.1596,27.6065,3445161.0
2010-09-27,28.1738,29.0504,28.105,28.9989,10246150.0
2010-09-28,28.9989,29.4114,28.7066,29.1708,7081394.0
2010-09-29,29.0504,29.1708,28.7926,28.9645,4831606.0
2010-09-30,28.9645,29.3083,28.8785,29.1536,4559852.0
2010-10-04,30.0818,30.0818,29.3255,29.6349,4199145.0
2010-10-05,29.4802,29.5317,28.827,28.9301,3755032.0
2010-10-06,29.6521,29.824,28.9645,29.2739,2669297.0
2010-10-07,29.738,29.738,28.6207,28.8442,4941463.0
2010-10-08,28.6207,29.7036,28.4316,29.6349,4972275.0
2010-10-11,29.9959,30.5975,29.5833,30.2709,7116157.0
2010-10-12,30.2881,32.0414,30.2537,31.3367,8682540.0
2010-10-13,31.8008,32.6946,31.6289,32.2477,7434730.0
2010-10-14,32.5743,33.1759,31.1132,31.4226,6426272.0
2010-10-15,30.6319,32.3165,30.6319,31.6289,5199343.0
2010-10-18,31.5945,32.0414,31.3538,31.9555,3622204.0
2010-10-19,31.7148,31.8008,31.1819,31.6804,4078623.0
2010-10-20,31.2507,31.5601,30.9929,31.2335,3832744.0
2010-10-21,31.5773,32.3165,31.1132,31.9899,4542922.0
2010-10-22,31.9727,32.0414,31.4914,31.7836,2230675.0
2010-10-25,32.0586,32.1789,31.732,31.8867,2032205.0
2010-10-26,32.1446,32.3165,31.1132,31.2851,2791664.0
2010-10-27,31.2851,31.6289,30.6491,30.7178,2910649.0
2010-10-28,31.0101,31.0101,29.9959,30.3397,3066501.0
2010-10-29,30.46,31.3023,30.0818,30.5116,4869726.0
2010-11-01,31.9727,32.007,31.457,31.8008,3233693.0
2010-11-02,32.3165,32.3165,31.457,31.8523,3853103.0
2010-11-03,31.5601,32.5227,31.1991,32.1618,4239585.0
2010-11-04,31.7148,31.7664,30.7006,31.1648,12102410.0
2010-11-05,31.457,31.8008,30.9413,31.4226,5999695.0
2010-11-08,31.6289,31.6289,30.5631,30.7522,8103168.0
2010-11-09,30.4256,31.4398,30.3568,31.1991,6390741.0
2010-11-10,30.9413,31.3367,30.5116,30.5975,6242038.0
2010-11-11,31.1132,31.1476,29.9099,30.4428,8689089.0
2010-11-12,30.2193,30.5631,29.9959,30.1334,6960976.0
2010-11-15,30.6147,30.9413,30.3912,30.821,4303063.0
2010-11-16,30.5631,30.9069,29.5317,29.824,6668908.0
2010-11-17,29.4802,29.738,28.5347,28.6551,6621373.0
2010-11-18,29.5661,30.2021,29.2739,30.0646,4402515.0
2010-11-19,30.3397,30.4084,29.4114,30.2881,2963816.0
2010-11-22,30.7694,30.8038,30.099,30.1334,3492683.0
2010-11-23,29.9099,29.9443,28.9817,29.102,5186287.0
2010-11-24,30.0474,30.0474,28.5004,28.8957,5495145.0
2010-11-25,29.2223,29.2223,28.5347,28.5519,4376604.0
2010-11-26,28.6895,29.0504,28.2425,28.5519,3688572.0
2010-11-29,28.8785,29.5833,28.3629,29.5489,4813004.0
2010-11-30,29.377,30.0302,29.2223,29.6865,6265981.0
2010-12-01,29.7896,30.2193,29.4458,29.9099,3891912.0
2010-12-02,30.4256,30.4944,30.1334,30.4256,3194022.0
2010-12-03,30.4256,30.4944,29.4974,29.4974,2923149.0
2010-12-06,29.2567,30.4428,29.2567,30.1334,4208575.0
2010-12-07,30.099,30.8553,30.0818,30.7866,3687904.0
2010-12-08,30.821,30.821,29.7552,30.1162,3149961.0
2010-12-09,30.1162,30.6834,29.9959,30.4772,2238131.0
2010-12-10,30.4772,31.371,30.4772,31.3023,4000892.0
2010-12-13,31.5945,31.6976,30.6147,30.9069,3438649.0
2010-12-14,31.3195,31.3195,30.6834,31.2851,3140195.0
2010-12-15,31.4742,31.4742,30.0818,30.6319,3872349.0
2010-12-16,30.6834,30.8553,29.738,29.8755,4773078.0
2010-12-17,29.6005,30.0474,29.2223,29.824,3749455.0
2010-12-20,29.9959,29.9959,28.9817,29.4286,3386040.0
2010-12-21,30.185,30.185,29.4114,29.824,2496440.0
2010-12-22,29.9959,30.0818,29.4114,29.9099,2457316.0
2010-12-23,30.4256,30.4256,29.5661,29.7036,1858333.0
2010-12-24,30.0646,30.0646,29.4458,29.8583,866429.0
2010-12-28,29.1364,29.6521,29.1364,29.6349,1715529.0
2010-12-29,29.3598,29.8755,29.3598,29.6865,1767863.0
2010-12-30,29.7036,30.0818,29.2739,29.5146,3072827.0
2010-12-31,29.9443,29.9443,28.6551,29.0332,1651999.0
2011-01-03,29.2051,30.0474,29.0504,29.9787,2476618.0
2011-01-04,29.7724,30.6663,29.5317,30.5803,3327772.0
2011-01-05,30.6834,30.8897,30.5803,30.7866,1893699.0
2011-01-06,30.9413,31.1132,30.6319,30.9413,2856736.0
2011-01-07,30.7866,31.0444,30.4772,30.5975,1601135.0
2011-01-10,30.8897,30.9413,30.4428,30.7006,2123070.0
2011-01-11,30.9929,30.9929,30.5975,30.8897,2177599.0
2011-01-12,31.0272,32.2993,30.9929,32.0586,7734822.0
2011-01-13,32.8322,34.1214,32.4196,33.365,8261139.0
2011-01-14,33.6916,34.6886,33.4338,34.5511,10851773.0
2011-01-17,35.2043,35.3418,34.448,34.6199,6435556.0
2011-01-18,34.3792,35.3762,34.2589,34.5511,4843816.0
2011-01-19,34.8605,34.9293,34.362,34.5167,3549517.0
2011-01-20,34.2073,34.3276,33.2619,33.6057,5460508.0
2011-01-21,33.3478,33.451,32.6774,32.6774,4821729.0
2011-01-24,32.9181,33.3478,32.5055,32.6774,3601260.0
2011-01-25,33.2447,34.4824,33.1416,34.2245,6764347.0
2011-01-26,34.3792,35.2387,34.3792,34.8605,6852913.0
2011-01-27,35.2387,35.2387,34.2073,34.362,4308683.0
2011-01-28,35.1699,35.1699,34.2073,34.9637,4097766.0
2011-01-31,34.9637,35.0324,34.1729,34.723,3592007.0
2011-02-01,34.7574,35.7888,34.2761,34.448,4705406.0
2011-02-02,34.7918,35.8919,34.7918,35.8231,3184416.0
2011-02-07,36.2701,36.442,34.723,34.9293,5958202.0
2011-02-08,34.9637,35.1356,33.1931,33.3135,9059590.0
2011-02-09,33.365,33.9323,32.6603,32.7978,8440521.0
2011-02-10,32.7118,33.5025,32.1446,32.2133,7878481.0
2011-02-11,32.9697,34.1729,32.8493,33.9151,9102530.0
2011-02-14,34.723,35.445,34.3792,34.8261,7103495.0
2011-02-15,34.7918,34.8949,34.1042,34.7918,3237764.0
2011-02-16,34.723,34.8949,34.0526,34.7574,2898711.0
2011-02-17,34.4136,35.2387,34.3448,34.998,3733436.0
2011-02-18,35.4794,35.995,35.2731,35.7888,5377544.0
2011-02-21,35.4106,35.6856,34.9293,35.1356,2805835.0
2011-02-22,35.1356,35.1356,33.6916,33.726,5797720.0
2011-02-23,33.2275,33.5885,32.8322,33.2447,6964866.0
2011-02-24,33.1588,34.0526,33.1588,33.6057,5118408.0
2011-02-25,33.9323,34.5855,33.8807,34.3105,3377277.0
2011-02-28,34.3792,35.6856,34.0354,35.4106,5254966.0
2011-03-01,36.0982,36.5795,35.8575,36.3045,5959059.0
2011-03-02,35.7544,36.0982,35.2387,36.0294,3247627.0
2011-03-03,36.0638,36.6139,35.5137,36.3732,3511244.0
2011-03-04,37.1296,38.1265,37.1296,37.989,7144648.0
2011-03-07,37.6452,38.1265,36.992,37.2327,3545149.0
2011-03-08,37.1296,38.2641,36.6826,38.1953,3904353.0
2011-03-09,38.3328,39.3298,38.3328,38.5391,5961208.0
2011-03-10,38.4703,38.986,37.1639,37.5077,3030426.0
2011-03-11,37.0952,38.0922,36.717,37.2327,5518293.0
2011-03-14,38.5047,38.5391,37.0952,38.5047,3240352.0
2011-03-15,37.989,37.989,35.9263,36.7858,8214394.0
2011-03-16,36.6139,37.8515,36.3732,37.2671,5756797.0
2011-03-17,34.2073,35.1012,33.1759,33.2103,18908991.0
2011-03-18,33.4682,33.8979,32.7462,32.9697,9834993.0
2011-03-21,32.8322,33.5025,32.6603,33.0384,8686348.0
2011-03-22,33.004,33.2791,32.5571,32.815,8297434.0
2011-03-23,32.7462,32.9869,32.1789,32.4884,6134085.0
2011-03-24,32.6603,33.6916,32.1618,33.4166,8276304.0
2011-03-25,33.8635,33.9151,33.365,33.812,7876750.0
2011-03-28,33.8635,34.1042,32.6603,33.09,6384254.0
2011-03-29,32.9009,33.0728,32.4024,32.6946,5431568.0
2011-03-30,32.8322,33.8979,32.5399,33.5541,9277520.0
2011-03-31,33.2275,33.2275,32.0414,32.5743,12560663.0
2011-04-01,33.3478,33.3478,32.5743,33.1588,7031407.0
2011-04-04,33.09,33.812,33.09,33.7604,5651452.0
2011-04-06,33.8979,35.4106,33.5369,35.2043,10480793.0
2011-04-07,34.5167,35.7544,34.448,35.2731,5295902.0
2011-04-08,35.2731,35.72,35.0668,35.3762,4103389.0
2011-04-11,35.5825,35.5825,34.2933,34.4136,4734069.0
2011-04-12,33.6916,33.7088,33.1588,33.2791,10505621.0
2011-04-13,33.2791,34.3448,33.2791,34.2761,6030227.0
2011-04-14,34.448,34.6199,33.7432,34.4824,6171468.0
2011-04-15,34.723,34.8949,34.001,34.5167,6417797.0
2011-04-18,34.5855,34.8949,33.9839,34.3792,3650981.0
2011-04-19,33.5369,34.723,33.5369,34.448,4963728.0
2011-04-20,36.0982,36.9577,35.7544,36.8889,14245362.0
2011-04-21,37.989,38.2297,37.3358,37.7484,8111532.0
2011-04-26,37.5421,38.6766,37.0264,38.6766,4476151.0
2011-04-27,38.986,39.6736,36.7858,37.5765,7144967.0
2011-04-28,38.8485,38.8485,37.714,38.2297,4909630.0
2011-04-29,38.2641,38.2641,37.1639,37.989,4032448.0
2011-05-03,39.1867,39.1867,37.3945,37.5668,3496631.0
2011-05-04,36.3261,36.6018,35.7747,36.2916,7122307.0
2011-05-05,35.6713,37.3945,35.6713,36.4984,4681866.0
2011-05-06,36.3606,37.1188,36.0159,36.464,2803364.0
2011-05-09,36.6018,37.2222,35.7057,36.1538,4494498.0
2011-05-11,37.5668,37.5668,36.0504,36.1538,6873820.0
2011-05-12,37.2222,37.8081,36.4295,37.6702,11277496.0
2011-05-13,37.9115,38.1872,37.429,37.7392,5193575.0
2011-05-16,38.0838,38.0838,37.6013,37.7736,4641589.0
2011-05-17,37.9115,37.9804,36.395,36.7397,5801257.0
2011-05-18,36.912,37.7392,36.8775,37.6358,4351562.0
2011-05-19,38.5663,38.6008,37.4979,38.0149,4564950.0
2011-05-20,38.3595,38.6008,37.8426,37.946,2419994.0
2011-05-23,37.0499,37.7736,37.0499,37.3256,2500074.0
2011-05-24,37.3945,37.3945,36.5329,36.7052,4074350.0
2011-05-25,36.1882,37.0843,36.1882,36.9465,3681522.0
2011-05-26,36.2916,37.5668,36.2916,37.5324,2934379.0
2011-05-27,37.7392,37.7392,36.9809,37.0843,4345834.0
2011-05-30,36.7052,37.8426,36.6363,37.6013,3764066.0
2011-05-31,37.877,38.7731,37.6358,38.5663,4822546.0
2011-06-01,38.7731,39.0144,38.2561,38.7042,3960813.0
2011-06-02,38.5319,38.5319,37.9115,38.0149,3801320.0
2011-06-03,38.2906,38.8076,37.9804,38.0838,4922714.0
2011-06-07,37.7392,37.9115,37.1533,37.3945,5411702.0
2011-06-08,37.4634,37.7392,36.912,37.429,2778122.0
2011-06-09,37.2222,37.2222,35.6713,36.3261,9250792.0
2011-06-10,36.5329,36.6707,34.8096,35.2921,7336889.0
2011-06-13,34.7752,35.7057,34.465,35.6023,3159254.0
2011-06-14,35.1543,35.3955,34.4995,34.7062,5779903.0
2011-06-15,35.3266,35.6368,34.6373,35.0164,4845458.0
2011-06-16,34.2927,34.5339,33.8791,33.9652,6755485.0
2011-06-17,33.2587,33.9308,32.2592,32.5349,11032805.0
2011-06-20,34.1203,34.1548,33.5,33.9308,11542764.0
2011-06-21,34.1203,35.1198,33.2415,35.0164,6090538.0
2011-06-22,36.3606,36.3606,35.7747,35.947,8939453.0
2011-06-23,35.9814,35.9814,35.2232,35.43,3748135.0
2011-06-24,35.3266,36.395,35.2577,36.1538,4726966.0
2011-06-27,35.4989,36.0848,35.43,35.7057,3314935.0
2011-06-28,35.6713,36.0848,35.43,35.7057,2889020.0
2011-06-29,35.9125,36.0848,35.1198,35.2232,3255769.0
2011-06-30,35.3266,36.6018,35.3266,36.395,9598347.0
2011-07-04,37.429,37.6702,37.1877,37.2567,4213870.0
2011-07-05,36.9809,37.1877,36.7741,37.0499,2232869.0
2011-07-06,36.912,37.4979,36.5674,36.9809,3116426.0
2011-07-07,37.2222,37.5668,36.8431,37.0154,2712506.0
2011-07-08,37.5668,37.5668,36.2916,36.6363,4729292.0
2011-07-11,36.464,36.5329,35.3611,35.6713,4441433.0
2011-07-12,35.1543,35.1543,34.1893,34.5339,4097763.0
2011-07-13,34.5339,35.7747,34.5339,35.7057,3447137.0
2011-07-14,35.9125,36.3606,35.8091,36.0504,4100795.0
2011-07-15,36.4295,36.8086,36.1538,36.5674,4956355.0
2011-07-18,36.1882,36.6363,35.9814,36.2572,2263317.0
2011-07-19,36.2572,36.2572,35.3611,35.7402,4012267.0
2011-07-20,36.1882,36.395,35.4989,35.7747,2662198.0
2011-07-21,35.7747,35.8436,34.982,35.0854,4247530.0
2011-07-22,35.4645,35.8781,35.2577,35.5334,3116453.0
2011-07-25,35.3266,35.4989,34.7407,35.1888,3390906.0
2011-07-26,35.4645,35.8436,35.1198,35.8436,3407882.0
2011-07-27,36.1193,36.1538,35.3955,35.4989,4097784.0
2011-07-28,35.1543,35.3955,34.8441,35.3266,4434921.0
2011-07-29,35.0509,35.1543,34.7407,34.9475,3338825.0
2011-08-01,35.3266,35.947,35.3266,35.8781,4378725.0
2011-08-02,35.8091,35.8436,35.43,35.6368,2435406.0
2011-08-03,34.7062,35.43,34.4995,35.3611,4722581.0
2011-08-04,35.6713,35.7057,34.913,35.0509,2649765.0
2011-08-05,33.2759,34.1548,33.1036,34.0342,10026312.0
2011-08-08,33.2587,33.5,32.5349,33.1381,6923733.0
2011-08-09,31.0702,33.2242,30.6738,31.725,13138716.0
2011-08-10,33.0864,33.5172,32.7417,32.8451,11432792.0
2011-08-11,31.1908,31.6216,30.3464,31.2942,17987130.0
2011-08-12,32.2248,32.3626,31.5872,31.6389,8031278.0
2011-08-15,32.7417,32.7417,32.0524,32.5694,5938037.0
2011-08-16,32.5694,32.7073,30.9323,31.2253,7724246.0
2011-08-17,31.1908,31.277,30.8117,30.984,8060370.0
2011-08-18,31.208,31.9835,30.9323,31.0185,5785011.0
2011-08-19,30.3292,30.3637,29.2952,29.6399,8188865.0
2011-08-22,29.6399,29.9156,28.5198,29.1574,7318156.0
2011-08-23,29.4676,30.2775,29.4676,30.1741,5180373.0
2011-08-24,30.984,31.0013,29.9501,30.1224,5925525.0
2011-08-25,30.8462,30.8462,30.1396,30.1913,2970854.0
2011-08-26,30.3292,30.5015,29.8639,30.2258,1868712.0
2011-08-29,30.6738,31.2253,30.2603,30.9496,3447544.0
2011-08-30,31.7767,31.794,31.1391,31.3114,3256107.0
2011-08-31,31.5355,31.9663,31.1736,31.8801,3244205.0
2011-09-01,32.7417,33.0864,32.2248,32.3282,7064637.0
2011-09-02,32.0524,32.3626,31.277,32.2765,4124281.0
2011-09-05,31.5355,31.794,31.2942,31.3976,3448554.0
2011-09-06,31.0185,31.5527,30.6049,31.5182,4938594.0
2011-09-07,31.6733,32.69,31.6216,32.3454,5177527.0
2011-09-08,32.3626,32.7073,31.7595,32.1041,3151259.0
2011-09-09,32.3971,32.4833,31.5527,31.794,2228806.0
2011-09-12,30.8462,31.053,30.3464,30.3981,2879601.0
2011-09-14,31.0185,31.0357,29.6399,30.76,5369171.0
2011-09-15,30.8289,30.8462,29.6399,30.0879,4303309.0
2011-09-16,30.6738,30.8462,30.1913,30.7255,3821347.0
2011-09-19,30.2086,30.2603,29.7088,29.8811,3391386.0
2011-09-20,29.9845,30.1913,29.4676,29.6227,4543158.0
2011-09-21,29.2952,29.3814,28.2268,29.0195,5736399.0
2011-09-22,28.0028,28.0545,26.9172,26.9861,9209643.0
2011-09-23,26.7104,27.6582,26.1245,27.3997,8166116.0
2011-09-26,26.8827,27.4858,26.607,26.8655,5159562.0
2011-09-27,27.4169,27.6582,26.7104,27.572,9603123.0
2011-09-28,28.2441,28.8127,27.4514,28.5025,11675161.0
2011-09-29,28.5025,28.5025,28.5025,28.5025,0.0
2011-09-30,28.8127,29.1401,27.8305,28.2958,15441102.0
2011-10-03,28.089,28.089,25.3662,25.6764,10045227.0
2011-10-04,25.6764,25.7453,24.1083,25.0905,9674481.0
2011-10-06,27.0895,28.1924,26.2279,28.089,9380825.0
2011-10-07,29.4848,30.1569,28.7093,29.4503,9886733.0
2011-10-10,29.5365,29.8122,28.4681,29.054,3347104.0
2011-10-11,30.3292,30.3292,28.8817,29.3125,3947302.0
2011-10-12,29.2952,30.4154,28.8472,29.8639,3862764.0
2011-10-13,29.571,30.0018,29.0884,29.7777,4936779.0
2011-10-14,30.6738,30.7945,29.2952,29.7433,4016342.0
2011-10-17,29.8122,30.7428,29.8122,30.6566,3702936.0
2011-10-18,30.1224,30.1224,28.7783,28.8472,4488469.0
2011-10-19,28.8644,29.4331,28.6404,28.9506,2815969.0
2011-10-20,28.2096,28.7266,27.572,28.089,4467559.0
2011-10-21,28.089,28.4336,28.0373,28.1407,2517214.0
2011-10-24,29.1057,30.0879,28.7955,29.7261,4305628.0
2011-10-25,30.3637,30.5877,30.0707,30.4843,2998749.0
2011-10-26,30.243,30.6738,29.8811,30.5187,3135233.0
2011-10-27,31.0185,31.8801,30.6394,31.8801,6260268.0
2011-10-28,32.7417,32.7417,32.1041,32.2248,7173006.0
2011-10-31,32.5694,32.5694,31.208,31.5527,3476533.0
2011-11-01,30.4326,30.7945,29.9328,30.5877,4071743.0
2011-11-02,30.1052,31.8801,29.2952,31.6906,3939310.0
2011-11-03,31.0185,31.9146,30.3637,30.9151,4097071.0
2011-11-04,32.3971,32.3971,31.1219,31.3631,3300316.0
2011-11-07,31.6389,31.7078,30.019,30.0535,6112485.0
2011-11-08,29.4676,29.8122,27.9166,28.4164,14256322.0
2011-11-09,28.7783,29.2263,28.3647,28.6921,5920267.0
2011-11-10,27.9166,27.9511,27.2101,27.4686,10793013.0
2011-11-11,27.4858,27.6582,26.7965,27.1756,5246583.0
2011-11-14,27.5548,28.0545,27.4858,27.572,7397607.0
2011-11-15,26.7448,27.1756,26.7448,27.1067,5278524.0
2011-11-16,27.7788,27.7788,26.7448,26.8827,2888398.0
2011-11-17,26.5725,26.607,26.314,26.5208,4553717.0
2011-11-18,26.3657,26.3657,25.8143,25.8832,5780509.0
2011-11-21,25.3835,26.9516,25.3835,26.4691,5523836.0
2011-11-22,26.5208,27.6409,26.2451,27.3652,6944476.0
2011-11-23,27.0206,27.0206,26.2623,26.607,3156980.0
2011-11-24,26.0211,27.1756,26.0211,27.0206,2989116.0
2011-11-25,26.4519,26.9689,26.0211,26.0211,3156537.0
2011-11-28,26.0211,26.2623,25.0733,25.2456,6901912.0
2011-11-29,25.0733,25.6764,24.091,25.2973,11781812.0
2011-11-30,25.3318,25.3662,24.8148,25.0216,6769602.0
2011-12-01,27.2273,27.2273,26.4519,26.9172,7692201.0
2011-12-02,26.7104,26.9344,26.0555,26.1934,4548992.0
2011-12-05,26.3657,26.6414,26.0038,26.3657,3198702.0
2011-12-06,26.0211,26.7104,26.0211,26.5208,3423840.0
2011-12-07,26.8827,26.9344,26.2451,26.7621,4009051.0
2011-12-08,26.7104,27.055,26.4174,26.5897,3348743.0
2011-12-09,26.2279,26.2279,25.2973,25.642,4548239.0
2011-12-12,26.0211,26.5208,24.9354,25.125,2781690.0
2011-12-13,24.832,25.8143,24.5563,25.6592,3980032.0
2011-12-14,24.9871,26.3657,24.9699,25.8143,5463914.0
2011-12-15,25.2628,26.1934,25.1594,25.8832,4165191.0
2011-12-16,25.8487,26.4863,25.797,26.314,5614260.0
2011-12-19,26.2623,26.6242,25.7453,26.5036,3429987.0
2011-12-20,26.3657,26.6242,26.1934,26.3657,2355175.0
2011-12-21,27.1412,27.1412,26.5208,26.9172,2769033.0
2011-12-22,27.0206,27.0206,26.6242,26.8999,2134502.0
2011-12-23,27.055,27.4514,26.9516,27.3997,2132117.0
2011-12-28,27.2273,27.2963,26.7104,27.1412,1804858.0
2011-12-29,26.538,26.9516,26.538,26.8827,1431458.0
2011-12-30,26.9516,27.1756,26.831,26.8999,1297834.0
2012-01-03,27.3997,27.572,27.1929,27.3997,2345274.0
2012-01-04,27.572,27.572,27.2273,27.3652,1854080.0
2012-01-05,27.3997,27.5375,27.0206,27.1239,3162115.0
2012-01-06,26.6414,27.1412,26.5208,26.6242,3034822.0
2012-01-09,26.6414,26.8655,25.9004,26.7448,2818144.0
2012-01-10,26.8827,27.9683,26.7104,27.7788,5691119.0
2012-01-11,27.8822,29.0712,27.7443,28.8127,6440427.0
2012-01-12,29.0368,29.1574,28.7438,28.8989,5419454.0
2012-01-13,29.2952,29.5537,29.0368,29.3125,4417128.0
2012-01-16,29.1401,29.3642,28.6749,29.3125,2401487.0
2012-01-17,29.6399,30.6221,29.2952,30.5704,4438135.0
2012-01-18,31.0185,31.4148,30.5015,31.1908,6946243.0
2012-01-19,31.4148,31.7595,30.7255,30.9323,5425392.0
2012-01-20,30.9323,31.4148,30.5015,31.3114,4286556.0
2012-01-26,31.4493,31.6561,31.3287,31.5182,2621348.0
2012-01-27,31.6389,31.6733,31.1563,31.2425,2255469.0
2012-01-30,31.8801,32.0524,31.6906,31.7767,5851260.0
2012-01-31,32.0524,32.7417,32.0524,32.69,8359712.0
2012-02-01,32.9141,32.9141,31.208,31.6561,5633839.0
2012-02-02,32.3971,32.466,31.8801,32.2937,4070157.0
2012-02-03,32.3971,32.3971,31.9318,32.0352,2636477.0
2012-02-06,32.3282,32.3626,31.9146,32.018,3108920.0
2012-02-07,32.0524,32.0524,31.3114,31.6389,6622003.0
2012-02-08,31.8456,32.1214,31.5355,32.0524,4107270.0
2012-02-09,31.8801,32.7245,31.8629,32.6728,4392407.0
2012-02-10,32.9141,32.9658,31.7423,32.0524,3221757.0
2012-02-13,32.5522,32.5522,31.9835,32.3282,1975704.0
2012-02-14,32.4316,32.466,32.0007,32.0869,1906309.0
2012-02-15,32.3109,33.6206,32.0697,33.3793,4697363.0
2012-02-16,33.3793,34.7407,33.1036,34.3616,8255986.0
2012-02-17,35.2577,35.2577,34.0342,34.1203,5850012.0
2012-02-20,34.465,34.4995,33.3276,33.5172,3627631.0
2012-02-21,33.0002,33.6034,33.0002,33.3621,2996592.0
2012-02-22,33.2932,34.2237,33.0692,33.9825,3395069.0
2012-02-23,34.465,34.6373,34.0514,34.4478,3565118.0
2012-02-24,34.7062,34.7062,34.1203,34.4478,2321657.0
2012-02-27,34.3271,34.465,33.6378,33.9825,2862041.0
2012-02-28,34.465,34.6373,33.9652,34.6028,3600136.0
2012-02-29,35.0854,35.0854,34.3961,34.8096,4276405.0
2012-03-01,34.465,34.5684,33.948,34.3444,4699366.0
2012-03-02,34.465,34.7062,34.3271,34.465,2406009.0
2012-03-05,34.1203,34.913,33.9825,34.1203,1886067.0
2012-03-06,34.4133,34.4133,33.6895,33.7585,3030375.0
2012-03-07,33.6034,33.9308,33.3621,33.5861,1999063.0
2012-03-08,33.5861,34.2065,33.4483,34.0169,2842378.0
2012-03-09,33.8102,34.6373,33.8102,34.2582,2482112.0
2012-03-12,34.1203,34.465,33.8963,34.4305,1613770.0
2012-03-13,34.8096,35.8436,34.4305,34.5339,7548041.0
2012-03-14,35.3611,35.3611,34.3961,34.5684,4574988.0
2012-03-15,36.7052,36.7052,35.3266,35.9814,9540558.0
2012-03-16,36.5329,37.9115,36.2916,37.3945,8112346.0
2012-03-19,37.3945,38.6353,37.3256,37.9804,7650064.0
2012-03-20,38.0838,38.0838,37.1188,37.36,7421601.0
2012-03-21,37.36,37.9804,37.1188,37.36,3154570.0
2012-03-22,37.7392,38.842,37.5668,38.4974,5909060.0
2012-03-23,38.7042,38.7731,38.1183,38.2561,3852608.0
2012-03-26,37.9115,38.1872,37.3256,37.877,2630890.0
2012-03-27,38.6008,38.6008,37.6702,38.2217,2498670.0
2012-03-28,37.946,38.2561,37.7736,38.0149,1925219.0
2012-03-29,37.1877,37.7392,37.1877,37.2222,3031418.0
2012-03-30,37.0499,37.4979,36.2916,37.3256,4397562.0
2012-04-02,37.8081,37.8081,36.5674,37.3256,2419792.0
2012-04-03,38.0493,38.4974,37.877,38.394,4037976.0
2012-04-05,38.5319,38.7731,37.7047,38.394,3047460.0
2012-04-10,37.6702,38.3251,37.6358,38.0838,2653107.0
2012-04-11,37.0499,38.0149,37.0499,37.8081,2928786.0
2012-04-12,37.9115,38.4285,37.8426,38.3595,3960611.0
2012-04-13,38.9799,39.5313,38.6008,38.9799,5128805.0
2012-04-16,39.6347,39.6347,38.9799,39.5313,3090325.0
2012-04-17,40.0139,40.0139,39.0833,39.4624,3101523.0
2012-04-18,39.8071,40.841,39.7381,40.8065,3887096.0
2012-04-19,41.358,41.3925,40.6687,40.8755,3404837.0
2012-04-20,40.4619,40.841,40.2206,40.324,2771007.0
2012-04-23,40.4964,41.358,40.324,40.7721,2952772.0
2012-04-24,40.2551,41.5303,40.2551,41.1512,3418034.0
2012-04-25,41.1857,41.1857,39.0833,39.2212,6399506.0
2012-04-26,39.6692,40.2896,39.3246,40.2206,3790131.0
2012-04-27,39.6347,40.9099,39.6003,40.324,3863673.0
2012-04-30,40.841,42.2885,40.7721,42.0128,3569644.0
2012-05-02,42.0128,42.7021,41.7716,41.9784,3767166.0
2012-05-03,41.9094,42.8744,41.9094,42.5298,2858954.0
2012-05-04,42.4609,42.7366,41.2546,41.806,2843887.0
2012-05-07,39.8071,40.0828,39.1178,39.7726,5617372.0
2012-05-08,40.1517,40.4964,39.3935,39.8415,2745267.0
2012-05-09,39.1178,39.4279,38.4285,38.7386,5194374.0
2012-05-10,38.2217,38.911,37.946,38.4629,4863041.0
2012-05-11,38.6697,39.5658,38.4285,38.5319,4989115.0
2012-05-14,38.6008,40.1172,38.2906,38.8076,5698559.0
2012-05-15,39.1178,39.9449,38.8765,39.6347,4124267.0
2012-05-16,39.2901,39.359,37.1533,37.8426,5993292.0
2012-05-17,36.8775,39.4969,36.8775,38.7731,8270082.0
2012-05-18,37.9,39.3869,37.6925,38.7299,5930085.0
2012-05-21,37.8654,38.142,36.8971,37.4158,5859230.0
2012-05-22,37.485,37.5542,36.3093,36.413,7624095.0
2012-05-23,35.3756,36.6897,35.2027,36.3093,8124129.0
2012-05-24,36.3093,37.5196,36.0326,37.07,4539592.0
2012-05-25,36.9317,37.8308,36.9317,37.5196,3986843.0
2012-05-28,37.3467,37.4504,36.7588,36.9317,2083035.0
2012-05-29,36.6205,37.4504,36.3093,37.3121,2918008.0
2012-05-30,37.1738,37.3813,36.5859,37.2429,5425677.0
2012-05-31,37.1738,37.5196,36.5513,36.8971,3681138.0
2012-06-01,36.8971,37.5887,36.828,37.0009,3034701.0
2012-06-04,35.9635,36.2401,35.341,36.0672,3263313.0
2012-06-05,36.5859,36.828,35.9289,36.0326,2854997.0
2012-06-06,36.6551,37.6233,36.3093,37.3813,3633867.0
2012-06-07,38.3841,38.4532,37.7271,37.9345,3197444.0
2012-06-08,38.7299,38.7299,37.9345,38.142,2716353.0
2012-06-11,38.8682,40.1131,38.6953,40.0094,3597008.0
2012-06-12,39.0757,39.3523,38.8682,39.0411,2830291.0
2012-06-13,39.5944,39.871,39.1103,39.2486,2214213.0
2012-06-14,39.4215,39.4907,38.8336,38.9028,2309451.0
2012-06-15,39.7673,40.0094,39.214,39.8019,2659488.0
2012-06-18,40.6318,41.1159,40.3897,40.6664,2608036.0
2012-06-19,40.8047,41.6692,40.5972,41.2197,4564813.0
2012-06-20,41.4963,41.6346,40.8393,41.3926,2189801.0
2012-06-21,40.286,40.6664,39.4907,39.5598,4623491.0
2012-06-22,38.6261,38.799,38.4187,38.5224,3467336.0
2012-06-25,38.6953,39.1103,38.1766,38.2803,2612734.0
2012-06-26,38.2803,38.5224,37.5196,37.7962,3830490.0
2012-06-27,38.9028,39.1794,38.2803,39.0065,3380248.0
2012-06-28,38.9028,39.1103,37.5887,37.9,4121135.0
2012-06-29,37.3467,39.2486,37.3467,39.0757,4645322.0
2012-07-03,39.7673,41.3234,39.4215,40.1131,3599513.0
2012-07-04,41.4963,41.6,40.2514,40.4243,2902324.0
2012-07-05,40.8047,40.9776,40.2514,40.8739,1519638.0
2012-07-06,41.1505,41.2888,40.3206,40.7355,1650440.0
2012-07-09,39.8019,40.4589,39.4215,39.5944,2053362.0
2012-07-10,39.5944,40.2514,39.3869,39.8365,1464567.0
2012-07-11,39.5252,39.5944,38.7645,39.2832,3465913.0
2012-07-12,38.799,38.799,37.9345,38.1074,4354252.0
2012-07-13,38.4532,38.799,38.2458,38.6607,1827057.0
2012-07-16,39.4215,39.4215,38.3841,38.9374,2424184.0
2012-07-17,38.7299,39.7673,38.7299,39.4907,3315602.0
2012-07-18,39.2486,39.3523,38.0729,38.3841,4300254.0
2012-07-19,38.557,39.7327,38.557,39.3523,4857563.0
2012-07-20,39.4215,40.3552,39.2832,40.1131,3245999.0
2012-07-23,38.9719,39.5598,38.8682,39.3178,3508518.0
2012-07-24,39.1794,39.871,38.9028,39.214,1910334.0
2012-07-25,39.214,39.4561,38.7299,38.8682,2386310.0
2012-07-26,38.8682,38.9374,38.3495,38.5224,3020007.0
2012-07-27,39.0757,39.9056,38.8336,39.5944,3965226.0
2012-07-30,40.3552,40.3897,38.9719,39.8365,3790494.0
2012-07-31,40.0785,40.2168,39.5944,40.0785,3332187.0
2012-08-01,40.0785,40.0785,39.4215,39.8019,2388220.0
2012-08-02,39.9402,40.0785,39.4215,39.7673,1916360.0
2012-08-03,38.8336,39.9056,38.8336,39.8365,1856701.0
2012-08-06,40.5281,41.1159,40.3206,40.3897,2070763.0
2012-08-07,40.701,40.8739,40.2514,40.5972,2293017.0
2012-08-08,40.6318,41.1159,40.4935,40.7355,3029371.0
2012-08-09,41.4963,41.8421,41.2888,41.4271,3090051.0
2012-08-10,41.1505,41.1505,39.4215,40.2514,6158169.0
2012-08-13,39.7327,40.2514,39.0757,39.4907,5493240.0
2012-08-14,39.9056,39.9402,39.4215,39.8365,3675641.0
2012-08-15,39.0757,39.9402,38.8336,39.7673,5829321.0
2012-08-16,41.1505,42.672,41.1159,42.2917,13233504.0
2012-08-17,42.7066,43.7094,42.7066,42.9141,5756641.0
2012-08-20,42.9141,43.4674,41.9113,43.2253,3034017.0
2012-08-21,43.4674,43.4674,42.4991,42.9487,2039765.0
2012-08-22,43.1562,43.1562,42.0842,42.43,2119987.0
2012-08-23,42.3608,43.0524,42.1879,42.8795,2449689.0
2012-08-24,42.6375,42.6375,42.1879,42.3608,1940455.0
2012-08-27,42.4646,42.7066,42.1879,42.3608,1473144.0
2012-08-28,42.015,42.1533,41.5309,41.9458,2087940.0
2012-08-29,41.7729,42.0842,41.4617,41.9458,2045870.0
2012-08-30,41.3234,41.4963,41.1505,41.1505,3209495.0
2012-08-31,41.0813,41.4963,40.8047,40.9776,2566496.0
2012-09-03,41.2888,41.7384,40.9776,41.6692,1986270.0
2012-09-04,41.4963,41.4963,40.9084,41.0813,1961924.0
2012-09-05,41.0813,41.3234,40.4243,40.4935,2663585.0
2012-09-06,40.4589,41.4271,40.286,41.358,1979547.0
2012-09-07,42.1879,42.2571,41.5309,42.0496,3063294.0
2012-09-10,42.7066,42.7066,42.2225,42.43,2886817.0
2012-09-11,42.43,42.9833,42.1533,42.7412,3585095.0
2012-09-12,43.0524,43.3982,42.8449,43.2945,3105448.0
2012-09-13,43.2253,43.2945,42.8449,43.0178,2552008.0
2012-09-14,45.0581,45.0581,44.1244,44.1936,4984047.0
2012-09-17,44.9543,44.9543,43.9169,44.1244,2546690.0
2012-09-18,43.744,44.159,43.744,44.0898,3063567.0
2012-09-19,43.5711,44.5394,43.5711,44.1936,2848120.0
2012-09-20,44.0552,44.6085,43.502,43.5365,2906106.0
2012-09-21,43.5365,44.1936,43.0524,43.9169,2742098.0
2012-09-24,44.0898,44.3317,43.502,44.1244,2267255.0
2012-09-25,44.3665,44.3665,43.9169,44.2973,1832541.0
2012-09-26,43.3982,44.4356,43.3982,44.2627,2470207.0
2012-09-27,44.2627,45.473,44.0207,45.3347,5040264.0
2012-09-28,45.8188,45.8188,45.3001,45.6805,3396966.0
2012-10-03,46.1646,46.4759,45.473,45.6114,2804311.0
2012-10-04,45.8188,46.0609,45.3347,45.7497,2332149.0
2012-10-05,45.6459,46.0955,45.3693,45.6459,2685485.0
2012-10-08,44.9543,45.3001,44.6431,45.0581,2631053.0
2012-10-09,45.4039,45.6459,44.7123,44.8852,2403675.0
2012-10-10,44.6431,44.9889,44.2973,44.9198,1527896.0
2012-10-11,44.6431,44.8504,44.4702,44.5046,2375518.0
2012-10-12,44.4356,44.8852,44.4356,44.7469,1303460.0
2012-10-15,44.8852,44.8852,44.0898,44.7123,1448586.0
2012-10-16,45.0581,45.1962,44.7814,44.9543,1399569.0
2012-10-17,45.1962,45.7151,45.1962,45.4039,2241038.0
2012-10-18,45.3347,45.7151,44.8504,44.9543,2537618.0
2012-10-19,44.5046,45.3347,44.401,45.2656,2167924.0
2012-10-22,45.231,45.9917,44.9543,45.9226,2048509.0
2012-10-24,45.9226,46.8562,45.6459,46.7525,3617451.0
2012-10-25,46.9254,47.202,46.7525,46.9946,3718074.0
2012-10-26,46.6488,47.4787,45.8188,46.1301,3187189.0
2012-10-29,45.8188,46.7525,45.6114,46.6833,2147130.0
2012-10-30,46.6833,47.0291,46.1992,46.96,3077408.0
2012-10-31,46.96,47.4787,46.7871,47.3749,2699663.0
2012-11-01,47.3749,47.7208,46.8217,47.6862,2670537.0
2012-11-02,48.5853,48.5853,47.6862,48.1011,2928970.0
2012-11-05,47.5479,48.032,47.3749,47.6516,2546054.0
2012-11-06,46.7871,47.9282,46.7179,47.6862,2285238.0
2012-11-07,47.6516,47.7208,47.0291,47.6516,2480210.0
2012-11-08,47.0291,47.0637,46.5796,46.7871,3009108.0
2012-11-09,46.4067,47.202,46.0609,46.1646,3229901.0
2012-11-12,46.3375,47.1675,46.3375,46.9254,2754451.0
2012-11-13,47.0291,47.4441,46.4759,46.7179,3493249.0
2012-11-14,46.3375,46.6488,46.0263,46.303,2934771.0
2012-11-15,44.0898,44.5046,43.0178,43.087,11365664.0
2012-11-16,42.3608,43.0524,42.0496,42.9141,8850305.0
2012-11-19,42.5337,42.672,41.9113,42.5337,5447990.0
2012-11-20,42.9833,43.9169,42.9833,43.502,4780834.0
2012-11-21,43.3982,44.7469,43.3982,44.6085,4306511.0
2012-11-22,44.6775,45.0581,44.3317,44.8852,2908530.0
2012-11-23,45.2656,45.2656,43.9861,44.3317,3734382.0
2012-11-26,44.0207,44.1936,43.4328,43.6403,3366661.0
2012-11-27,43.9169,44.1244,43.4674,43.502,3348386.0
2012-11-28,43.087,43.9169,43.087,43.8478,3227549.0
2012-11-29,44.4702,44.4702,43.9169,44.159,2992252.0
2012-11-30,43.7094,44.0898,43.4674,43.7786,4124562.0
2012-12-03,43.3291,43.4674,42.2571,42.43,5373337.0
2012-12-04,42.4991,43.0524,42.1879,42.3262,4557377.0
2012-12-05,42.3608,43.4674,41.358,43.2599,5449021.0
2012-12-06,43.2599,43.9515,42.7066,43.7094,4001975.0
2012-12-07,44.0898,44.0898,43.2253,43.3982,2935892.0
2012-12-10,43.744,44.0207,43.3982,43.8132,2528035.0
2012-12-11,43.3291,43.8132,42.9141,43.6749,3025517.0
2012-12-12,43.7094,43.8478,43.3982,43.744,3280465.0
2012-12-13,43.3982,43.7786,43.3636,43.7094,2932722.0
2012-12-14,43.2253,43.6749,43.2253,43.502,2259994.0
2012-12-17,43.2253,43.4328,42.4991,43.1216,3333098.0
2012-12-18,42.9487,43.3982,42.9487,43.2599,2436208.0
2012-12-19,43.4328,43.4328,42.7758,43.1216,3519628.0
2012-12-20,42.8795,43.1562,42.4991,43.0524,3344364.0
2012-12-21,42.7066,42.9141,42.4646,42.8449,2856522.0
2012-12-24,43.2599,43.2599,42.3954,42.6029,958581.0
2012-12-27,43.2253,43.2253,42.5337,42.8104,2779211.0
2012-12-28,43.3982,43.4328,42.7412,43.2253,2224786.0
2012-12-31,43.2253,43.2945,42.8104,43.0524,1317565.0
2013-01-02,43.3982,44.6775,43.3291,44.5046,5338180.0
2013-01-03,45.1272,45.231,44.2973,44.8852,4506468.0
2013-01-04,45.0233,45.0581,44.3665,44.816,2631098.0
2013-01-07,44.9198,44.9198,43.6057,44.1936,3956756.0
2013-01-08,43.744,44.2281,43.5711,44.1936,2970898.0
2013-01-09,44.401,44.5739,43.6749,43.7786,3392003.0
2013-01-10,43.6403,44.3665,43.5711,43.8132,3105843.0
2013-01-11,43.8823,44.3317,43.7786,44.1244,3077127.0
2013-01-14,44.3317,44.3665,43.9169,44.0552,4234517.0
2013-01-15,44.4356,44.6775,43.7786,44.6431,3425203.0
2013-01-16,45.0233,46.4759,44.6775,46.1992,7307147.0
2013-01-17,46.1992,46.545,45.473,46.2338,7959056.0
2013-01-18,46.6142,46.9946,46.4413,46.7525,4994136.0
2013-01-21,47.1675,47.202,46.3375,46.4067,4064225.0
2013-01-22,46.6833,46.7525,46.1646,46.5104,2479741.0
2013-01-23,46.96,46.96,46.3721,46.5104,3270036.0
2013-01-24,46.3375,47.0291,46.1992,46.8217,2893611.0
2013-01-25,47.1675,47.1675,46.1301,46.1992,5161556.0
2013-01-28,46.3375,46.5104,45.8534,46.303,3004994.0
2013-01-29,46.303,46.5796,45.9917,46.1992,2636896.0
2013-01-30,46.6488,47.0291,46.4413,46.8217,3222080.0
2013-01-31,47.1675,47.1675,46.7179,46.9254,2956210.0
2013-02-01,46.3375,46.7179,46.2338,46.4413,1706070.0
2013-02-04,47.3058,47.3058,46.4067,46.4759,2059403.0
2013-02-05,45.6459,46.0609,45.5422,45.888,2658365.0
2013-02-06,46.1992,46.1992,45.7843,46.1646,1898500.0
2013-02-07,45.6459,47.202,45.6459,47.0291,2932811.0
2013-02-08,47.0291,47.202,46.2338,46.7871,3324504.0
2013-02-14,47.202,47.202,46.5104,46.9946,2347963.0
2013-02-15,47.0983,47.8245,46.6833,47.4441,2673888.0
2013-02-18,47.3749,47.8245,46.8562,47.5479,2412959.0
2013-02-19,47.617,48.1703,47.5133,47.5479,4055320.0
2013-02-20,47.3749,48.2049,47.3749,47.8245,3568653.0
2013-02-21,46.8562,47.3749,46.8562,46.9946,3829655.0
2013-02-22,46.3375,46.7179,45.5768,45.7151,6139014.0
2013-02-25,46.0955,46.1301,45.6805,45.7843,2353791.0
2013-02-26,45.473,46.545,45.473,46.1646,3549350.0
2013-02-27,46.3375,46.3375,45.5076,45.6805,3479798.0
2013-02-28,45.473,46.4413,45.4039,46.3721,4228787.0
2013-03-01,46.7525,46.8562,45.9917,46.4413,3191203.0
2013-03-04,46.8908,47.5479,46.7179,47.4095,5322438.0
2013-03-05,47.9282,48.2395,47.5479,47.617,4676714.0
2013-03-06,48.4124,48.8619,47.6862,48.2049,6541979.0
2013-03-07,48.032,48.3778,47.7899,48.3432,3053547.0
2013-03-08,48.7582,49.2423,48.5161,49.1731,4803157.0
2013-03-11,49.2769,49.4498,48.274,48.689,3387213.0
2013-03-12,48.274,48.7927,47.9628,48.1357,2952538.0
2013-03-13,48.7582,48.7582,47.5479,48.1011,3905104.0
2013-03-14,48.1011,48.1011,47.3749,47.6862,5819978.0
2013-03-15,47.4787,48.0666,47.0983,47.4095,17530962.0
2013-03-18,47.2366,47.3058,45.473,45.5076,9106134.0
2013-03-19,46.4067,46.4413,44.4356,44.816,8183454.0
2013-03-20,44.6085,45.8188,44.2973,45.4385,6320511.0
2013-03-21,43.2253,44.9543,41.4963,43.6403,17176301.0
2013-03-22,43.2253,43.4674,42.3608,42.43,12368308.0
2013-03-25,42.015,42.2917,41.3926,41.6346,10007275.0
2013-03-26,42.0842,43.2599,42.015,42.9487,7536150.0
2013-03-27,44.0898,44.0898,43.2253,43.3291,5703024.0
2013-03-28,43.9169,43.9169,42.5683,42.672,5434173.0
2013-04-02,41.8421,42.5337,41.6692,41.9804,5859899.0
2013-04-03,42.2917,42.4991,41.7729,41.9804,4366723.0
2013-04-05,41.4963,41.8421,40.9776,41.0122,4984423.0
2013-04-08,41.4963,41.9804,41.3234,41.7038,4383506.0
2013-04-09,42.3608,42.9487,42.3608,42.8104,5259721.0
2013-04-10,43.1216,43.5365,42.8795,43.1216,4099018.0
2013-04-11,43.3291,43.744,43.087,43.2945,4718239.0
2013-04-12,43.3982,43.502,43.0178,43.2253,4425694.0
2013-04-15,42.7066,42.8104,42.2571,42.5337,2678105.0
2013-04-16,42.4646,42.9487,42.015,42.2917,4615298.0
2013-04-17,42.8104,43.6403,42.672,43.2253,7106265.0
2013-04-18,42.6029,43.1907,42.6029,42.7412,3124119.0
2013-04-19,43.1907,44.0207,42.8104,43.744,4778154.0
2013-04-22,43.9169,44.3665,43.6057,44.0898,3079419.0
2013-04-23,44.0898,44.2281,43.2945,43.502,2395378.0
2013-04-24,44.0898,44.1244,43.6057,43.9861,3139302.0
2013-04-25,44.2627,44.2627,43.6403,44.1936,3474780.0
2013-04-26,44.816,44.9543,44.6085,44.7814,3385956.0
2013-04-29,45.3001,45.3001,44.8852,45.3001,3418731.0
2013-04-30,46.1646,46.4413,45.7151,46.0263,4940443.0
2013-05-02,46.1646,47.6516,45.5422,47.2712,6859919.0
2013-05-03,48.7582,48.7582,46.6833,46.8562,3983208.0
2013-05-06,47.7208,47.7208,47.202,47.5133,2421961.0
2013-05-07,47.4095,47.7208,47.1675,47.5824,1421683.0
2013-05-08,47.5824,47.8937,46.8217,47.4787,1712909.0
2013-05-09,47.6862,47.7208,47.1329,47.3404,1654648.0
2013-05-10,47.5479,47.8937,47.0637,47.8591,1713456.0
2013-05-13,47.3404,47.5479,46.1646,46.4759,2568253.0
2013-05-14,46.5104,47.1329,46.0609,46.6488,3073792.0
2013-05-15,46.7871,47.7899,46.7525,47.4441,2897608.0
2013-05-16,49.7956,51.075,48.9311,50.5218,12734719.0
2013-05-20,50.834,53.7835,50.834,53.6794,12488601.0
2013-05-21,53.4365,53.61,52.4649,52.7425,6659453.0
2013-05-22,52.7425,53.4365,52.0485,52.569,3157760.0
2013-05-23,52.222,52.569,50.2789,50.7993,5457917.0
2013-05-24,50.5912,52.4996,50.5912,51.9444,4505223.0
2013-05-27,51.9444,52.3955,51.5627,52.1179,2258748.0
2013-05-28,52.0485,52.8813,51.8403,52.7772,2779156.0
2013-05-29,52.0485,53.5753,52.0485,52.6731,4047035.0
2013-05-30,52.6731,53.5406,52.6731,53.4018,3627702.0
2013-05-31,53.7141,53.7141,52.8813,53.4018,3939544.0
2013-06-03,53.1242,54.6509,52.569,52.6037,3508286.0
2013-06-04,52.8466,53.5059,52.569,52.6384,2929632.0
2013-06-05,52.0485,52.6037,52.0485,52.1179,2462172.0
2013-06-06,52.0485,52.222,51.528,52.0832,3470003.0
2013-06-07,52.222,52.4302,51.6668,52.0138,3289419.0
2013-06-10,52.0485,54.4774,52.0485,52.9507,3822798.0
2013-06-11,53.0895,54.0958,52.569,52.8813,3503277.0
2013-06-13,52.0832,52.916,50.6952,51.6668,6829854.0
2013-06-14,52.0485,52.6384,52.0485,52.1873,2963513.0
2013-06-17,52.2914,53.4365,51.7709,52.222,3270838.0
2013-06-18,52.1526,52.7425,51.7709,52.1526,3255819.0
2013-06-19,52.222,52.569,51.7015,51.9791,4637856.0
2013-06-20,50.834,51.2157,50.1748,50.3483,6211282.0
2013-06-21,49.8278,49.9666,48.6133,49.5849,8791055.0
2013-06-24,48.8909,48.9256,47.8846,48.3357,5629092.0
2013-06-25,48.2316,49.5502,46.7396,49.1685,6855212.0
2013-06-26,49.2032,50.4871,48.5092,50.383,5154973.0
2013-06-27,51.7015,52.3261,51.0769,51.6668,5130046.0
2013-06-28,53.0895,53.0895,52.0485,52.7772,5078765.0
2013-07-02,54.3386,54.408,52.3261,52.3608,4078327.0
2013-07-03,52.3955,53.2283,51.3545,51.8403,4772972.0
2013-07-04,52.222,53.3324,52.222,53.1589,2919265.0
2013-07-05,53.61,53.7835,53.0895,53.5059,2426016.0
2013-07-08,53.2283,53.2977,51.3545,52.4649,3889800.0
2013-07-09,52.4649,53.4018,51.9444,52.2914,2764217.0
2013-07-10,52.916,53.0548,52.222,52.8119,3036046.0
2013-07-11,53.4365,53.9917,52.916,53.9223,3144735.0
2013-07-12,53.9917,54.2345,53.2283,53.7488,1876819.0
2013-07-15,53.7835,55.8654,53.7488,55.7613,5251781.0
2013-07-16,55.7613,57.531,55.5184,57.2187,5900352.0
2013-07-17,57.9473,57.9473,56.4206,57.2534,4741467.0
2013-07-18,57.9473,58.0861,56.6635,56.8717,3217430.0
2013-07-19,57.4269,58.1555,56.4206,57.9126,5014014.0
2013-07-22,58.0861,58.4678,56.4553,56.837,2966565.0
2013-07-23,56.6288,57.7738,56.6288,57.7044,3505868.0
2013-07-24,57.2534,57.9473,57.2187,57.3922,2494604.0
2013-07-25,57.2534,58.329,57.1146,58.0167,3230951.0
2013-07-26,58.9883,60.7927,58.6066,60.2722,6269787.0
2013-07-29,60.8621,61.7295,60.4457,60.6539,4946486.0
2013-07-30,61.105,63.1522,60.5151,63.0828,6616581.0
2013-07-31,61.9724,62.8746,60.4457,61.0356,7117694.0
2013-08-01,61.4172,62.7705,61.4172,62.5623,4451833.0
2013-08-02,62.2847,62.9787,61.9377,62.4929,3379832.0
2013-08-05,62.6664,64.8177,62.6664,64.3667,4008099.0
2013-08-06,64.1932,65.7546,63.8809,65.1647,3944784.0
2013-08-07,64.6789,65.9281,62.3541,62.4929,4884068.0
2013-08-08,62.9787,63.4645,61.4519,61.8336,4025879.0
2013-08-09,62.0071,62.6664,61.4866,62.0071,2325997.0
2013-08-12,61.9377,64.1238,61.2784,63.7421,3231566.0
2013-08-13,63.4992,64.6789,63.4298,64.1932,3058826.0
2013-08-14,64.1932,64.1932,64.1932,64.1932,0.0
2013-08-15,63.4992,65.7199,60.9662,63.8462,11849168.0
2013-08-16,63.291,65.477,62.4929,63.6033,4873008.0
2013-08-19,63.4992,64.9912,63.3257,64.2279,2192509.0
2013-08-20,64.1932,64.8524,62.8399,63.1522,4481915.0
2013-08-21,62.4929,63.0828,61.9377,62.4582,3582697.0
2013-08-22,61.2437,62.5276,60.8968,62.4582,4500996.0
2013-08-23,62.1112,62.4582,61.2784,61.7295,3344605.0
2013-08-26,61.105,62.3888,61.0703,61.903,2129462.0
2013-08-27,61.5907,63.8462,61.556,62.8052,2871975.0
2013-08-28,62.0765,62.7358,61.7642,61.7989,2741274.0
2013-08-29,61.9377,63.0828,61.8683,62.7705,2480779.0
2013-08-30,62.1112,63.1869,61.9724,63.0828,2383872.0
2013-09-02,64.0544,65.4423,63.6727,65.3035,4015869.0
2013-09-03,65.5464,66.7609,65.3382,65.8934,3870876.0
2013-09-04,65.5464,66.7956,65.2688,65.7546,3559848.0
2013-09-05,66.7956,67.4202,66.3792,67.2467,4614506.0
2013-09-06,67.4896,67.6284,66.4486,67.1426,3621297.0
2013-09-09,67.4549,68.0795,67.1426,67.7325,2929414.0
2013-09-10,68.704,69.2245,68.5305,69.2245,3661956.0
2013-09-11,69.398,70.4043,69.2939,69.7797,3892853.0
2013-09-12,69.398,71.6881,69.1551,71.6187,4025430.0
2013-09-13,70.6125,71.8616,70.4737,71.2718,3440870.0
2013-09-16,72.5209,73.2843,72.1392,73.0761,3739304.0
2013-09-17,73.1455,73.2149,72.1045,72.6597,4862073.0
2013-09-18,71.3065,71.5147,69.5021,69.8144,6462526.0
2013-09-19,71.3412,72.1045,70.786,71.1677,6517215.0
2013-09-23,71.1677,71.6534,70.3696,70.9942,3633295.0
2013-09-24,71.3412,71.3412,69.5715,69.8491,4213515.0
2013-09-25,69.398,71.133,69.398,71.0636,2692157.0
2013-09-26,70.6472,71.6534,70.1267,70.9595,2677353.0
2013-09-27,70.9595,72.5556,70.9595,72.4862,3318124.0
2013-09-30,70.439,71.6881,70.2655,70.5778,3690132.0
2013-10-02,69.8144,72.6597,69.8144,72.0004,3676146.0
2013-10-03,72.7985,72.8679,72.1739,72.8332,2289466.0
2013-10-04,72.2433,72.972,71.6187,72.7291,2472334.0
2013-10-07,72.7985,73.4925,72.0351,72.3821,2028193.0
2013-10-08,72.5209,74.1518,72.3127,73.9089,3463327.0
2013-10-09,72.1739,72.4862,71.48,71.7922,5150684.0
2013-10-10,71.4453,71.7228,70.8554,71.0983,3779694.0
2013-10-11,72.6944,73.0414,72.1739,72.6944,3313232.0
2013-10-15,73.3884,73.7354,72.8679,73.1802,3396038.0
2013-10-16,73.7354,73.7354,72.4515,73.1108,1811888.0
2013-10-17,73.5619,73.666,72.8332,72.8332,1619667.0
2013-10-18,73.2149,74.9499,73.0414,74.5682,3278972.0
2013-10-21,77.7258,78.9402,77.2053,77.6911,4941841.0
2013-10-22,77.0318,77.5523,76.1296,76.199,3951542.0
2013-10-23,77.8993,77.8993,74.6029,74.6376,3088742.0
2013-10-24,73.7701,74.4641,73.0414,74.3947,3517981.0
2013-10-25,73.3884,74.36,73.3884,73.9436,2723391.0
2013-10-28,74.5682,76.2684,74.5335,75.1233,2784272.0
2013-10-29,75.1233,75.2968,71.2718,72.5903,6660914.0
2013-10-30,73.2149,74.4641,73.2149,74.36,3543839.0
2013-10-31,73.2149,74.0824,72.8679,73.4231,3105915.0
2013-11-01,72.8679,73.8742,72.8679,73.319,2505781.0
2013-11-04,73.9436,73.9436,71.8963,72.3127,3478188.0
2013-11-05,72.0004,72.1045,70.6125,71.4453,4648027.0
2013-11-06,72.0004,72.0004,71.0289,71.48,2299209.0
2013-11-07,71.133,71.4453,70.3002,70.6819,2933923.0
2013-11-08,69.398,70.1961,68.8775,69.6409,4618402.0
2013-11-11,69.8144,71.4106,69.7103,71.3412,3966509.0
2013-11-12,72.1739,72.278,70.6819,70.9595,4189288.0
2013-11-13,68.7387,69.2245,67.2814,68.1141,7272084.0
2013-11-14,70.2655,71.8616,69.3286,71.2718,9829519.0
2013-11-15,71.133,72.9373,71.133,72.7985,4791436.0
2013-11-18,74.4294,74.5335,73.4578,73.9089,6818974.0
2013-11-19,74.0477,74.1171,71.584,72.6944,3963573.0
2013-11-20,73.7701,73.7701,71.6881,72.6944,4196465.0
2013-11-21,73.2149,73.666,72.4515,73.1802,3074383.0
2013-11-22,73.0414,74.013,73.0414,73.666,2699442.0
2013-11-25,74.6029,76.4419,74.0477,75.9908,6405820.0
2013-11-26,75.9908,76.5113,75.4703,75.8173,3710660.0
2013-11-27,76.0255,76.8583,75.9214,76.5807,5236868.0
2013-11-28,76.893,77.9687,76.4419,76.6848,4569516.0
2013-11-29,76.7195,77.8993,76.7195,77.7952,2947035.0
2013-12-02,78.0728,78.9055,77.4135,78.8014,2832577.0
2013-12-03,78.8014,78.8014,77.5523,77.6911,3217451.0
2013-12-04,77.2053,78.4892,76.7195,76.9624,3509878.0
2013-12-05,76.8583,78.2116,76.3378,78.0381,3529692.0
2013-12-06,78.4198,80.1547,77.7258,79.8077,5369459.0
2013-12-09,83.2776,83.2776,80.0853,80.2241,3727565.0
2013-12-10,80.467,81.2651,80.467,80.8834,2390726.0
2013-12-11,82.5836,82.653,81.2998,82.3407,5438115.0
2013-12-12,82.3407,82.6183,80.4323,81.0916,3247359.0
2013-12-13,80.3629,81.8897,80.0853,80.8834,3430599.0
2013-12-16,81.4039,82.6877,80.3282,82.0631,2756641.0
2013-12-17,82.6877,82.6877,80.6752,80.814,3146352.0
2013-12-18,80.3629,81.5427,79.8077,81.0569,2962229.0
2013-12-19,82.6877,82.6877,80.3282,80.467,3157266.0
2013-12-20,79.9118,80.7793,79.6342,80.4323,4464857.0
2013-12-23,80.7446,81.7162,80.2935,81.0569,2937185.0
2013-12-24,80.814,81.8897,80.814,81.4039,2288495.0
2013-12-27,81.5774,84.041,81.5427,83.8328,3508076.0
2013-12-30,84.6656,86.1229,84.2839,86.0188,3879899.0
2013-12-31,86.574,87.0945,85.2208,85.8106,2963415.0
2014-01-02,87.5282,87.615,86.0882,87.5282,3219013.0
2014-01-03,86.7475,87.5282,85.4984,85.7065,3720760.0
2014-01-06,85.7065,87.3547,85.0126,85.9841,4075154.0
2014-01-07,87.0078,87.0078,85.4984,85.7065,3003748.0
2014-01-08,87.5282,87.7017,86.7128,87.0078,3774891.0
2014-01-09,86.7475,86.921,85.1861,85.5331,4496840.0
2014-01-10,85.1861,86.7475,85.0126,86.2964,3685411.0
2014-01-13,86.6434,86.7475,85.3596,86.1576,2665064.0
2014-01-14,84.4921,85.9841,84.4921,85.5331,2708444.0
2014-01-15,86.574,88.309,86.4005,88.2222,3980946.0
2014-01-16,92.5596,92.9933,88.7427,88.9162,5257546.0
2014-01-17,88.9162,91.9524,88.9162,91.7789,6748296.0
2014-01-20,91.6054,91.6054,90.2174,90.3042,4727015.0
2014-01-21,91.5186,91.5186,89.6102,90.2174,4024637.0
2014-01-22,90.2174,91.6054,89.8704,91.4319,5601332.0
2014-01-23,92.2994,92.2994,90.2174,90.5644,4133125.0
2014-01-24,86.7475,89.3499,86.4005,86.921,8255104.0
2014-01-27,85.3596,86.1576,83.4858,84.9085,8738875.0
2014-01-28,85.1514,88.309,85.0126,87.268,9013474.0
2014-01-29,90.5644,92.5596,89.6102,92.2994,11770093.0
2014-01-30,90.2174,94.5548,90.2174,94.2945,8129084.0
2014-02-04,91.9524,92.9066,88.309,88.5692,9741069.0
2014-02-05,90.5644,90.9114,87.1813,88.5692,6814144.0
2014-02-06,89.003,89.4367,86.7475,88.2222,5927033.0
2014-02-07,88.2222,92.0391,88.2222,91.0849,6818426.0
2014-02-10,92.0391,93.0801,91.2584,92.5596,6553930.0
2014-02-11,92.9933,93.1668,91.0849,91.9524,5032462.0
2014-02-12,91.6921,93.6006,91.3451,93.3403,5506581.0
2014-02-13,93.6873,95.0753,92.8198,93.6873,5266191.0
2014-02-14,94.9018,96.1162,94.6415,95.162,5674793.0
2014-02-17,97.1572,100.7139,96.9837,100.6271,6456357.0
2014-02-18,101.5813,101.5813,97.6777,101.4078,5920448.0
2014-02-19,101.2344,102.5356,100.2801,101.0609,4937414.0
2014-02-20,98.8922,99.2392,97.591,97.9379,8549597.0
2014-02-21,99.1524,100.9741,98.1982,100.7139,6007059.0
2014-02-24,101.3211,101.3211,99.0657,100.2801,3172462.0
2014-02-25,101.3211,102.0151,99.6729,99.8464,5196155.0
2014-02-26,100.6271,101.9283,100.3669,101.6681,5004001.0
2014-02-27,101.6681,107.2199,101.6681,106.9597,9576570.0
2014-02-28,109.3019,109.4754,106.6994,108.0007,6331608.0
2014-03-03,105.3115,107.0464,104.2705,104.444,6754559.0
2014-03-04,105.7452,107.7404,105.5717,106.2657,5481020.0
2014-03-05,107.5669,109.4754,107.5669,108.0007,4478983.0
2014-03-06,109.9091,110.3428,109.3019,110.1693,4289720.0
2014-03-07,109.3019,112.0778,108.4344,109.3886,5068312.0
2014-03-10,107.4802,109.4754,105.832,106.9597,6189530.0
2014-03-11,107.9139,108.6079,106.9597,107.1332,3771676.0
2014-03-12,105.832,105.9187,102.7958,104.444,9298371.0
2014-03-13,104.097,104.3573,101.7548,102.0151,6989885.0
2014-03-14,100.8006,101.0609,95.0753,97.8512,13677172.0
2014-03-17,96.9837,96.9837,93.3403,94.815,10311513.0
2014-03-18,95.4223,100.4536,95.4223,100.2801,9607709.0
2014-03-19,100.4536,100.7139,96.6367,98.4584,7113824.0
2014-03-20,95.509,100.0199,93.9476,96.8102,9080444.0
2014-03-21,97.1572,99.8464,96.3765,99.3259,7536104.0
2014-03-24,102.1018,102.7091,100.8874,101.8416,6099504.0
2014-03-25,100.4536,100.8874,96.8102,96.897,8026879.0
2014-03-26,97.244,97.591,95.5958,96.1162,6452095.0
2014-03-27,92.1259,92.5596,89.003,90.4777,16934496.0
2014-03-28,91.2584,93.3403,91.0849,92.8198,6992411.0
2014-03-31,94.0343,94.0343,90.7379,93.6006,5885587.0
2014-04-01,94.3813,98.0247,93.6873,97.7645,6249351.0
2014-04-02,99.4127,100.0199,97.0705,97.4175,5196729.0
2014-04-03,98.0247,98.8054,93.8608,94.815,5574945.0
2014-04-04,90.5644,92.2126,88.8295,91.0849,9582530.0
2014-04-07,87.4415,88.4825,86.227,87.0078,11435750.0
2014-04-08,86.7475,89.9572,86.3658,88.3957,8420979.0
2014-04-09,90.7379,91.9524,89.6969,90.8246,7383868.0
2014-04-10,92.8198,98.1114,92.0391,97.6777,12854995.0
2014-04-11,92.8198,94.468,90.7379,91.0849,11275786.0
2014-04-14,90.5644,92.9933,89.003,91.2584,6339286.0
2014-04-15,91.9524,92.6463,89.4367,89.5234,4175182.0
2014-04-16,90.3909,91.9524,90.2174,90.4777,4128284.0
2014-04-17,91.8656,92.2994,90.4777,91.1716,4021474.0
2014-04-22,91.6054,91.8656,90.3909,90.9981,3362776.0
2014-04-23,93.3403,94.3813,91.6921,91.7789,5374015.0
2014-04-24,92.7331,92.9933,91.6054,92.3861,3152131.0
2014-04-25,92.7331,92.7331,90.6512,90.8246,3292580.0
2014-04-28,88.7427,89.5234,87.615,88.2222,4898602.0
2014-04-29,86.7475,88.7427,86.6087,88.3957,7300731.0
2014-04-30,89.5234,89.5234,83.7287,83.8328,10772683.0
2014-05-02,86.574,86.921,85.1861,85.9494,5888351.0
2014-05-05,86.7128,86.7475,85.0126,85.4637,3844145.0
2014-05-07,84.6309,84.6309,81.5427,82.2019,8147913.0
2014-05-08,81.0222,82.3407,80.7793,82.1672,6385681.0
2014-05-09,82.0631,83.7287,80.6752,83.0694,4243489.0
2014-05-12,83.4511,88.0487,83.2776,87.4415,8631429.0
2014-05-13,88.8295,90.0439,87.5282,88.0487,5444083.0
2014-05-14,89.6102,89.6102,86.5393,89.1764,4010970.0
2014-05-29,99.1108,99.5455,95.4593,95.4593,16112788.0
2014-05-30,95.8071,97.0243,94.3291,95.0246,22190620.0
2014-06-03,96.4157,97.6328,94.8508,97.372,20932840.0
2014-06-04,97.372,97.372,94.7638,94.9377,12881985.0
2014-06-05,95.6332,96.0679,93.6336,94.2422,15327525.0
2014-06-06,95.6332,96.5026,93.9814,94.0683,16504320.0
2014-06-09,94.7638,96.3287,94.59,96.1549,17606089.0
2014-06-10,96.9373,99.1108,95.7202,98.6761,24787731.0
2014-06-11,99.9802,101.2843,98.9369,101.1973,26990064.0
2014-06-12,101.8929,103.8925,99.9802,100.5018,28603278.0
2014-06-13,98.9369,101.5451,98.9369,100.9365,11284202.0
2014-06-16,101.719,102.5014,100.9365,101.3712,11759590.0
2014-06-17,100.3279,101.3712,99.6324,100.5018,10908650.0
2014-06-18,100.8496,101.9798,100.4149,101.0235,19113413.0
2014-06-19,101.8929,102.5884,100.0671,100.6757,14234491.0
2014-06-20,101.0235,101.1104,100.0671,100.6757,14509832.0
2014-06-23,100.4149,102.4145,99.1108,99.2847,21119176.0
2014-06-24,100.4149,100.6757,99.2847,99.8932,13376142.0
2014-06-25,101.632,101.632,99.5455,100.0671,15620597.0
2014-06-26,100.8496,103.0231,100.0671,102.9361,27221775.0
2014-06-27,102.5884,103.3708,101.2843,102.9361,15671320.0
2014-06-30,103.7186,103.8925,101.2843,102.7622,19318663.0
2014-07-02,104.3272,106.9353,103.8925,106.7615,35545854.0
2014-07-03,106.5006,108.848,106.0659,108.4133,22444272.0
2014-07-04,108.6741,109.3696,107.1092,108.7611,19648773.0
2014-07-07,109.1958,109.4566,107.6308,109.0219,12221930.0
2014-07-08,109.0219,109.3696,107.8047,108.9349,15597581.0
2014-07-09,106.7615,106.8484,104.4141,105.3704,35637532.0
2014-07-10,106.3268,107.1092,105.7182,106.2398,14100382.0
2014-07-11,104.9357,106.7615,104.9357,105.7182,13282751.0
2014-07-14,106.7615,107.457,105.8921,106.7615,10284037.0
2014-07-15,107.6308,107.7178,107.0223,107.6308,12423200.0
2014-07-16,107.2831,108.5872,107.1092,108.0655,12880476.0
2014-07-17,107.8917,108.2394,106.7615,107.37,14633424.0
2014-07-18,106.4137,107.1092,105.6312,106.8484,10523239.0
2014-07-21,106.2398,106.7615,105.4574,105.6312,11639837.0
2014-07-22,106.0659,108.0655,105.8921,107.8917,23328403.0
2014-07-23,108.5002,108.9349,107.2831,108.0655,13463843.0
2014-07-24,109.1088,109.1088,108.0655,108.2394,15863467.0
2014-07-25,108.7611,109.1088,107.8917,108.5872,19947801.0
2014-07-28,109.2827,112.4994,108.6741,112.0647,28624106.0
2014-07-29,113.7166,113.8035,111.89,113.3688,21549422.0
2014-07-30,113.4558,113.8035,111.1084,111.717,22124210.0
2014-07-31,112.8472,113.5427,111.4553,111.6301,20130248.0
2014-08-01,110.4129,112.5864,109.7174,111.4553,18198249.0
2014-08-04,111.2823,112.7594,110.9345,112.3247,13285790.0
2014-08-05,113.0211,116.4987,111.9778,116.064,19708205.0
2014-08-06,115.6293,115.8901,113.8905,115.5423,19572423.0
2014-08-07,115.1946,115.1946,111.3692,111.5431,29541718.0
2014-08-08,111.6301,114.3252,111.5431,112.8472,19905109.0
2014-08-11,114.3252,115.977,113.7166,115.0207,17531627.0
2014-08-12,116.4987,116.4987,115.4554,115.8901,14914879.0
2014-08-13,115.6293,116.1509,113.1941,115.8031,22748468.0
2014-08-14,113.8905,115.4554,112.3247,113.108,43482192.0
2014-08-15,113.7166,113.7166,112.2386,113.2819,20450168.0
2014-08-18,113.7166,113.8905,110.7607,111.9778,22042246.0
2014-08-19,113.0211,113.7166,112.2386,112.8472,17034664.0
2014-08-20,113.7166,115.1076,113.1941,114.6729,17210028.0
2014-08-21,114.6729,115.0207,112.5864,113.6288,17315697.0
2014-08-22,114.7599,114.7599,112.8472,113.6288,12537888.0
2014-08-25,113.0211,113.6288,112.1517,112.8472,9878211.0
2014-08-26,112.8472,112.8472,111.5431,112.4994,12351950.0
2014-08-27,112.5864,113.108,111.4553,111.6301,13841845.0
2014-08-28,113.0211,113.0211,110.326,111.1084,18543056.0
2014-08-29,110.0651,110.6737,109.1958,109.9782,16337250.0
2014-09-01,110.4129,111.5431,109.9782,110.0651,9734431.0
2014-09-02,109.7174,110.7607,108.6741,109.2827,12868333.0
2014-09-03,109.5435,112.5864,109.3696,112.4125,23804406.0
2014-09-04,112.9341,112.9341,111.3692,112.4994,12454814.0
2014-09-05,112.9341,112.9341,110.8476,111.5431,10162649.0
2014-09-08,110.8476,111.5431,108.6741,109.6304,20154318.0
2014-09-10,107.1092,107.6308,105.5443,106.0659,30303703.0
2014-09-11,104.7618,107.8047,104.501,106.2398,24769817.0
2014-09-12,105.8921,108.4133,105.8921,106.8484,18589630.0
2014-09-15,106.9353,108.2394,106.2398,107.2831,14479944.0
2014-09-16,106.3268,107.1961,105.0227,105.1965,16137440.0
2014-09-17,106.2398,108.4133,106.2398,107.8047,20319343.0
2014-09-18,107.1961,108.3264,106.1529,106.8484,17457728.0
2014-09-19,108.5872,110.239,106.9353,108.9349,39803136.0
2014-09-22,107.9786,108.4133,105.1965,105.2835,27144553.0
2014-09-23,104.3272,104.9357,102.4145,103.3708,26560150.0
2014-09-24,102.0667,103.2839,102.0667,103.0231,18011826.0
2014-09-25,104.501,104.588,102.2406,102.5014,21364511.0
2014-09-26,101.4582,101.632,100.5018,101.2843,28102701.0
2014-09-29,100.4149,101.1104,98.0675,100.5018,32637553.0
2014-09-30,100.3279,101.5451,98.5892,100.4149,25082601.0
2014-10-03,99.6324,101.5451,98.2414,100.8496,28841953.0
2014-10-06,101.2843,104.501,100.7626,104.0663,21772709.0
2014-10-07,104.0663,105.979,103.2839,103.9794,16838132.0
2014-10-08,102.5884,103.8925,102.1537,103.0231,10588911.0
2014-10-09,104.3272,104.501,101.8059,102.5014,14580259.0
2014-10-10,100.8496,101.9798,100.5018,100.5888,13597200.0
2014-10-13,99.5455,100.5888,98.9369,99.4586,16021662.0
2014-10-14,98.4153,100.8496,98.4153,98.5892,18539179.0
2014-10-15,99.5455,100.6757,98.9369,99.4586,14919362.0
2014-10-16,99.1108,99.8932,97.8936,98.2414,18460148.0
2014-10-17,99.1108,99.8063,97.6328,97.9806,15068848.0
2014-10-20,99.2847,99.7194,98.4153,99.3716,11555848.0
2014-10-21,100.5888,101.1973,99.7194,100.3279,12020561.0
2014-10-22,102.5884,103.8925,101.719,103.7186,17515816.0
2014-10-23,103.7186,104.2402,103.11,103.9794,13041432.0
2014-10-24,105.6312,105.6312,103.2839,103.8925,10935570.0
2014-10-27,103.4578,103.4578,101.4582,102.6753,12729789.0
2014-10-28,103.5447,104.6749,102.8492,104.4141,12241585.0
2014-10-29,105.3704,106.0659,104.6749,105.8051,19025112.0
2014-10-30,106.5876,106.5876,104.588,105.979,15111051.0
2014-10-31,107.37,107.8047,106.3268,107.457,18432812.0
2014-11-03,108.6741,108.6741,107.0223,107.6308,13474480.0
2014-11-04,107.457,108.3264,106.5006,106.6745,13219389.0
2014-11-05,107.457,108.1525,106.4137,107.7178,12033715.0
2014-11-06,108.6741,108.6741,107.1961,107.2831,10068485.0
2014-11-07,106.9353,108.2394,105.6312,107.0223,15458878.0
2014-11-10,108.6741,110.239,108.6741,109.2827,21291734.0
2014-11-11,110.0651,111.717,109.6304,110.9345,20598808.0
2014-11-12,111.8909,113.0211,110.9345,112.3256,21958919.0
2014-11-13,108.6741,113.4558,108.4133,112.5864,52956621.0
2014-11-14,112.5864,114.9337,112.2386,114.6729,30984300.0
2014-11-17,116.4987,117.2811,111.8909,112.2386,33960511.0
2014-11-18,113.108,113.108,109.1088,109.3696,23726248.0
2014-11-19,108.6741,110.0651,107.37,108.1525,22032498.0
2014-11-20,107.8047,110.326,107.1961,109.2827,15668136.0
2014-11-21,109.8913,109.8913,107.8047,107.9786,17908966.0
2014-11-24,109.7174,110.4129,108.4133,109.1088,25370170.0
2014-11-25,109.6304,109.6304,108.2394,108.4133,23323055.0
2014-11-26,109.0219,109.5435,108.0655,109.2827,18661295.0
2014-11-27,109.2827,109.3696,108.3264,108.7611,11371529.0
2014-11-28,109.1958,109.3696,107.457,107.8047,13033658.0
2014-12-01,105.8051,106.5006,103.3708,104.588,28083147.0
2014-12-02,104.1533,105.979,103.0231,103.9794,29697273.0
2014-12-03,104.0663,104.9357,102.1537,102.3275,30842641.0
2014-12-04,102.5884,104.2402,102.5014,102.7622,27618202.0
2014-12-05,103.4578,104.588,101.8929,103.3708,28858516.0
2014-12-08,104.7618,104.9357,102.2406,103.11,22699682.0
2014-12-09,101.8929,102.4145,100.5018,100.6757,26145588.0
2014-12-10,99.5455,100.5888,98.2414,100.4149,27226070.0
2014-12-11,99.9802,99.9802,98.2414,98.5892,19147101.0
2014-12-12,99.8063,100.3279,98.5022,98.85,19504709.0
2014-12-15,98.2414,98.5022,96.6765,97.2851,16768081.0
2014-12-16,96.5026,97.2851,93.5467,93.8944,41282978.0
2014-12-17,94.2422,94.59,90.8516,91.5471,44216498.0
2014-12-18,93.9814,97.5459,93.8944,97.2851,48643834.0
2014-12-19,101.719,102.1537,99.9802,100.5888,44037118.0
2014-12-22,102.0667,102.0667,96.7634,98.2414,27797504.0
2014-12-23,98.2414,99.7194,96.3287,98.0675,20692794.0
2014-12-24,96.7634,98.5892,96.7634,97.9806,6493076.0
2014-12-29,100.4149,100.4149,97.5459,98.5892,11004415.0
2014-12-30,99.7194,99.7194,97.8936,98.5022,12754497.0
2014-12-31,97.8067,98.9369,97.4589,97.8067,9413488.0
2015-01-02,98.763,98.763,96.7634,98.0675,10862542.0
2015-01-05,98.6761,100.241,98.0675,98.6761,21808993.0
2015-01-06,99.1108,104.7618,98.763,104.3272,43678255.0
2015-01-07,107.37,108.2394,106.5876,108.1525,40863410.0
2015-01-08,110.8476,111.1084,109.1958,110.6737,35638986.0
2015-01-09,112.1517,112.1517,109.9782,110.5868,31842127.0
2015-01-12,112.1517,112.1517,109.7174,110.4998,17880972.0
2015-01-13,108.9349,111.5431,108.848,111.1084,16843125.0
2015-01-14,110.1521,111.0215,108.7611,109.5435,16843739.0
2015-01-15,108.848,110.4129,107.8917,110.326,16002378.0
2015-01-16,108.6741,108.6741,105.7182,105.979,25227234.0
2015-01-19,108.0655,108.848,106.2398,106.9353,21595530.0
2015-01-20,107.37,108.5002,107.1961,107.8917,10194009.0
2015-01-21,109.7174,112.0647,108.848,111.8909,33788560.0
2015-01-22,113.4558,114.7599,112.7603,114.4121,39063807.0
2015-01-23,117.0203,117.2811,113.9774,115.3684,29965533.0
2015-01-26,118.846,119.1938,116.7595,119.1068,34952624.0
2015-01-27,119.9762,119.9762,115.6293,118.2374,24455759.0
2015-01-28,119.0199,119.1068,117.1072,119.0199,16216906.0
2015-01-29,118.2374,118.5852,116.3248,117.0203,14636100.0
2015-01-30,117.8027,117.8027,112.5864,114.7599,29375696.0
2015-02-02,112.9341,118.933,112.9341,118.0636,17654028.0
2015-02-03,117.8027,119.3677,115.6293,117.455,14377641.0
2015-02-04,117.8027,118.3244,115.8901,116.4117,9499394.0
2015-02-05,119.1068,119.1068,115.6293,117.5419,18010768.0
2015-02-06,118.933,118.933,116.4987,116.6725,10914852.0
2015-02-09,116.1509,116.1509,114.586,115.2815,12443319.0
2015-02-10,115.2815,116.4987,114.7599,115.6293,14000857.0
2015-02-11,116.4987,116.4987,114.2382,114.4121,12131156.0
2015-02-12,113.0211,113.8035,111.2823,112.6733,24028028.0
2015-02-13,112.6733,115.0207,112.2386,113.195,15469704.0
2015-02-16,113.108,115.0207,113.0211,113.4558,10168868.0
2015-02-17,113.0211,114.7599,113.0211,113.7166,8379920.0
2015-02-18,113.9774,114.2382,112.5864,112.9341,7286722.0
2015-02-23,115.3684,117.6289,113.9774,117.1942,24232835.0
2015-02-24,118.2374,118.5852,116.3248,117.455,17218597.0
2015-02-25,116.4987,118.5852,116.1509,118.0636,18941918.0
2015-02-26,116.7595,118.5852,116.7595,117.8897,21657792.0
2015-02-27,118.2374,118.846,117.1072,118.1505,17961525.0
2015-03-02,118.846,119.1068,116.4987,118.846,12685566.0
2015-03-03,119.2807,119.9762,117.368,117.6289,17615622.0
2015-03-04,116.8464,117.1072,115.6293,115.8901,12376013.0
2015-03-05,114.8468,117.0203,114.586,114.8468,12315630.0
2015-03-06,114.9337,115.7162,113.8905,114.499,13871148.0
2015-03-09,114.7599,116.2378,113.7166,114.9337,13163789.0
2015-03-10,115.4554,115.4554,113.6297,113.9774,13021256.0
2015-03-11,114.3252,115.1946,113.9774,114.499,14168960.0
2015-03-12,113.8035,114.9337,113.195,114.586,17080308.0
2015-03-13,115.6293,117.1942,114.499,116.1509,15454313.0
2015-03-16,115.6293,118.4983,114.499,117.8897,22713746.0
2015-03-17,119.3677,119.5415,115.7162,116.3248,19181089.0
2015-03-18,116.9333,119.3677,116.6725,118.1505,22928460.0
2015-03-19,119.9762,126.3228,118.846,126.062,64092649.0
2015-03-20,127.2791,129.3657,122.6713,123.9754,71270140.0
2015-03-23,125.2795,127.3661,124.0624,126.2359,30768023.0
2015-03-24,127.3661,127.453,124.0624,124.3232,16676318.0
2015-03-25,124.3232,126.1489,123.106,124.0624,20819852.0
2015-03-26,123.3669,124.1493,122.2366,122.4105,18603859.0
2015-03-27,124.3232,124.3232,121.9758,123.3669,15824137.0
2015-03-30,126.7575,127.6269,125.1926,125.8012,23524599.0
2015-03-31,131.6261,131.6261,127.1052,127.9746,24094107.0
2015-04-01,129.1918,129.1918,127.453,128.6702,17165427.0
2015-04-02,129.4526,130.4089,128.0616,130.2351,14679077.0
2015-04-08,132.1477,134.7559,131.2783,134.3212,36667141.0
2015-04-09,138.2335,148.1446,137.7988,139.0159,66854985.0
2015-04-10,139.9723,142.5804,137.451,140.6678,37095477.0
2015-04-13,143.4498,148.6662,141.2764,148.2315,43723010.0
2015-04-14,140.32,142.4935,135.9731,140.1461,58987811.0
2015-04-15,139.1029,139.1029,135.1906,137.0163,46318846.0
2015-04-16,135.7992,140.407,134.7559,139.1029,32520260.0
2015-04-17,137.3641,139.7114,137.3641,138.0596,21772150.0
2015-04-20,139.0159,139.0159,132.5824,133.1041,28448233.0
2015-04-21,133.0171,138.929,133.0171,138.3204,23255563.0
2015-04-22,137.8857,142.8413,137.8857,141.4502,25276421.0
2015-04-23,143.276,143.9715,139.7114,139.8853,22779722.0
2015-04-24,140.32,141.6241,138.6682,140.4939,19135718.0
2015-04-27,140.4939,143.3629,140.4939,141.3633,19957318.0
2015-04-28,140.9286,142.8413,139.9723,142.2327,20240258.0
2015-04-29,142.8413,143.7976,141.2764,142.7543,20721910.0
2015-04-30,142.5804,142.5804,139.7114,139.8853,21427069.0
2015-05-04,138.6682,140.0592,137.0163,137.3641,22296365.0
2015-05-05,137.7988,139.7984,135.3645,137.0163,19543958.0
2015-05-06,134.7559,138.4074,134.7559,135.6253,19532689.0
2015-05-07,134.7559,135.5384,131.9738,133.0171,19846609.0
2015-05-08,135.6253,137.3641,133.6257,133.8865,18108540.0
2015-05-11,135.0167,139.5376,135.0167,137.8857,20799436.0
2015-05-12,139.1029,140.6678,136.2339,136.4947,21883049.0
2015-05-13,136.4947,138.7551,135.5384,136.3208,19515010.0
2015-05-14,141.2764,142.4935,139.1029,140.2331,25890282.0
2015-05-15,141.5052,142.5508,140.2854,141.4181,21641819.0
2015-05-18,141.7666,142.2023,139.7626,140.3725,14011955.0
2015-05-19,141.4181,141.4181,139.6754,140.6339,12579491.0
2015-05-20,140.4596,140.9824,137.7585,138.1942,16456399.0
2015-05-21,135.9287,137.5842,135.9287,136.6257,18025800.0
2015-05-22,138.4556,139.3269,136.9743,138.3684,13982555.0
2015-05-26,141.0696,141.331,138.107,138.3684,20910776.0
2015-05-27,139.0655,139.0655,136.8871,137.5842,16379279.0
2015-05-28,138.717,138.717,133.8375,135.2316,24286498.0
2015-05-29,136.0158,137.9327,134.7959,135.6673,25152042.0
2015-06-01,135.6673,138.0199,134.2731,136.0158,14858074.0
2015-06-02,136.1029,137.6713,135.0573,136.9743,14758218.0
2015-06-03,137.6713,138.4556,137.0614,137.7585,13953029.0
2015-06-04,138.9784,138.9784,134.7959,137.4971,21292534.0
2015-06-05,137.4971,137.6713,134.6217,134.7959,15070109.0
2015-06-08,133.4889,135.8415,132.5305,135.1445,16895962.0
2015-06-09,135.0573,135.7544,133.5761,135.0573,14262008.0
2015-06-10,136.4515,136.4515,133.3147,133.4889,13478696.0
2015-06-11,135.4059,135.5801,133.9246,134.4474,13415613.0
2015-06-12,135.9287,137.2357,134.9702,136.9743,12360748.0
2015-06-15,137.9327,138.0199,134.7088,135.2316,12399316.0
2015-06-16,134.186,135.493,133.7503,134.2731,9635851.0
2015-06-17,136.5386,136.5386,133.8375,134.4474,13205252.0
2015-06-18,134.6217,135.5801,133.3147,134.4474,8858809.0
2015-06-19,135.5801,135.7544,134.186,134.3603,13683510.0
2015-06-22,135.6673,137.5842,134.7088,136.8,14329860.0
2015-06-23,138.5427,138.5427,136.3643,137.7585,13925426.0
2015-06-24,138.717,142.7251,138.1942,142.638,21820993.0
2015-06-25,142.2894,142.5508,140.6339,141.1567,13786092.0
2015-06-26,140.9824,140.9824,138.717,139.3269,19385770.0
2015-06-29,138.717,139.3269,130.7006,133.4018,28302623.0
2015-06-30,132.4433,135.9287,131.7463,134.7959,19856606.0
2015-07-02,135.0573,137.5842,135.0573,136.3643,22641633.0
2015-07-03,135.493,136.1901,133.3147,135.1445,13168577.0
2015-07-06,133.9246,135.9287,121.9873,127.651,47555488.0
2015-07-07,130.7006,130.7006,123.2943,126.0826,27019385.0
2015-07-08,123.2943,123.2943,114.4938,117.4563,72909743.0
2015-07-09,119.7218,129.2194,119.7218,127.2153,45436348.0
2015-07-10,130.7006,133.7503,129.2194,129.7422,36068428.0
2015-07-13,130.7006,132.0948,127.3024,131.1363,18856475.0
2015-07-14,132.4433,133.5761,130.7006,132.1819,18064003.0
2015-07-15,133.0533,133.0533,129.0451,130.7006,15568967.0
2015-07-16,130.0036,131.1363,128.0866,130.7006,13052255.0
2015-07-17,132.2691,134.4474,131.2234,133.8375,13958044.0
2015-07-20,135.9287,137.5842,135.1445,135.493,16117359.0
2015-07-21,137.1485,137.1485,134.7088,136.4515,10842641.0
2015-07-22,135.9287,135.9287,133.3147,134.6217,10289018.0
2015-07-23,136.3643,136.3643,133.6632,134.6217,11387482.0
2015-07-24,133.3147,133.3147,131.1363,132.0077,11377581.0
2015-07-27,130.962,131.3977,126.344,126.8668,21263230.0
2015-07-28,124.2527,130.4392,122.9457,127.651,25150092.0
2015-07-29,127.1282,127.651,124.1656,125.8212,22689923.0
2015-07-30,126.8668,127.651,124.1656,124.427,15637416.0
2015-07-31,125.5598,126.4311,124.1656,126.0826,14412023.0
2015-08-03,125.4726,126.1697,123.8171,125.4726,11535567.0
2015-08-04,123.9042,125.4726,123.0329,124.6013,16430821.0
2015-08-05,123.7299,124.3399,122.4229,124.0785,11755606.0
2015-08-06,125.2112,125.2112,121.2902,122.7715,14192153.0
2015-08-07,121.1159,124.0785,121.1159,123.8171,10787723.0
2015-08-10,121.9873,124.7756,120.7674,124.427,11273204.0
2015-08-11,124.427,127.1282,122.5101,122.6843,15363733.0
2015-08-12,121.9873,122.3358,116.6721,117.5434,39624466.0
2015-08-13,120.1575,126.7796,119.7218,125.5598,41726996.0
2015-08-14,126.344,126.6925,124.3399,124.9498,16236945.0
2015-08-17,125.2984,125.2984,122.2487,123.7299,17206579.0
2015-08-18,124.1656,125.734,121.2902,121.4645,12764689.0
2015-08-19,121.6387,123.2071,120.7674,121.6387,16701751.0
2015-08-20,119.8961,120.5931,117.6306,118.6762,25920784.0
2015-08-21,115.0166,116.2364,113.2739,114.668,37570798.0
2015-08-24,111.5312,112.2283,108.9172,108.9172,47662819.0
2015-08-25,109.0915,118.0663,108.0459,114.0581,50911438.0
2015-08-26,114.9294,115.3651,111.5312,112.054,31856059.0
2015-08-27,117.4563,117.5434,110.8341,115.1908,42911539.0
2015-08-28,117.6306,118.6762,113.2739,113.8838,34237348.0
2015-08-31,115.4522,116.4107,112.8382,114.8423,19690717.0
2015-09-01,114.7552,115.3651,110.6599,110.8341,20415401.0
2015-09-02,109.0915,113.7096,109.0915,111.0084,26117442.0
2015-09-04,113.1868,113.4482,110.3113,111.0084,18271615.0
2015-09-07,110.3113,112.664,109.6143,110.1371,20902453.0
2015-09-08,109.7885,113.8838,109.0043,112.7511,23654805.0
2015-09-09,113.971,117.6306,113.2739,116.4107,27559930.0
2015-09-10,114.1452,114.5809,111.9669,112.054,19136985.0
2015-09-11,112.8382,114.4066,110.747,111.0084,23620914.0
2015-09-14,111.1827,112.7511,110.9213,111.5312,13123067.0
2015-09-15,111.5312,114.9294,111.1827,114.3195,19857043.0
2015-09-16,115.4522,118.4148,115.4522,117.9791,24674497.0
2015-09-17,119.8961,119.9832,114.668,117.0206,24112543.0
2015-09-18,117.5434,118.8505,117.1078,117.892,24299971.0
2015-09-21,116.8464,117.1078,115.1037,116.585,16577532.0
2015-09-22,117.5434,117.5434,115.0166,115.3651,19485692.0
2015-09-23,113.971,114.8423,112.5768,114.0581,18242830.0
2015-09-24,114.0581,114.8423,113.361,113.8838,16019651.0
2015-09-25,114.1452,114.4066,112.2283,114.1452,17783248.0
2015-09-29,109.1786,111.4441,109.1786,110.9213,25050930.0
2015-09-30,114.1452,114.1452,111.1827,112.664,23769516.0
2015-10-02,114.8423,118.3277,114.2324,118.0663,28503970.0
2015-10-05,121.5516,122.1615,120.8545,121.7259,24743294.0
2015-10-06,123.5557,123.6428,120.2446,121.6387,19053422.0
2015-10-07,122.1615,123.9913,120.3317,123.7299,21423777.0
2015-10-08,125.037,125.037,122.5101,123.8171,16995119.0
2015-10-09,125.4726,125.5598,122.0744,123.6428,15730378.0
2015-10-12,125.2112,125.4726,123.2071,125.4726,13815267.0
2015-10-13,125.2984,125.2984,123.3814,124.5141,10375929.0
2015-10-14,124.6013,125.037,123.3814,124.2527,11251300.0
2015-10-15,124.0785,126.7796,123.4685,126.344,15304711.0
2015-10-16,128.6094,128.8708,126.4311,127.7381,16099838.0
2015-10-19,128.958,128.958,126.5182,128.1738,10468032.0
2015-10-20,128.1738,128.348,126.4311,127.9995,8932767.0
2015-10-22,128.958,128.958,126.7796,127.4767,12481955.0
2015-10-23,130.5264,130.5264,129.1322,130.0036,19077691.0
2015-10-26,132.4433,132.4433,129.1322,129.8293,14734408.0
2015-10-27,129.4808,130.265,128.1738,129.9164,13824193.0
2015-10-28,130.7006,130.7006,129.0451,130.5264,10527282.0
2015-10-29,131.3106,131.3106,128.348,128.958,11031130.0
2015-10-30,126.4311,128.6966,126.4311,127.7381,13196707.0
2015-11-02,129.655,129.655,127.3896,128.5223,10822588.0
2015-11-03,130.265,131.9205,129.7422,131.1363,22482139.0
2015-11-04,133.8375,136.5386,132.3562,133.3147,27648790.0
2015-11-05,132.7047,133.6632,132.1819,132.7047,15731517.0
2015-11-06,132.879,135.0573,131.6591,134.6217,11207896.0
2015-11-09,133.7503,135.4059,132.0077,132.4433,13988564.0
2015-11-10,130.7878,131.3977,129.3065,131.0492,13943129.0
2015-11-11,133.0533,134.6217,131.3977,132.0077,25560762.0
2015-11-12,133.7503,135.6673,132.879,135.0573,23088232.0
2015-11-13,132.4433,133.5761,131.8334,132.6176,12992169.0
2015-11-16,129.655,130.962,129.4808,129.9164,14105791.0
2015-11-17,131.572,133.9246,131.1363,131.7463,15549848.0
2015-11-18,133.3147,133.4018,131.1363,131.9205,9576626.0
2015-11-19,133.8375,134.7959,132.4433,133.4018,13314104.0
2015-11-20,133.4018,135.4059,132.4433,135.1445,11150294.0
2015-11-23,136.3643,137.1485,135.0573,135.493,13409373.0
2015-11-24,135.9287,136.4515,135.0573,136.0158,9906385.0
2015-11-25,136.5386,136.5386,135.4059,136.2772,13077902.0
2015-11-26,137.6713,137.9327,135.6673,135.6673,14044010.0
2015-11-27,135.2316,135.493,132.7047,133.4889,16407039.0
2015-11-30,133.8375,135.7544,132.0948,134.4474,32671234.0
2015-12-01,136.2772,137.2357,134.0117,134.4474,25975545.0
2015-12-02,134.9702,135.493,133.3147,133.9246,20711745.0
2015-12-03,134.0117,135.4059,133.3147,134.5345,28096751.0
2015-12-04,131.572,132.0948,129.8293,131.572,49898559.0
2015-12-07,132.9661,133.0533,131.2234,131.4849,21270875.0
2015-12-08,131.572,131.572,129.3065,130.4392,17790393.0
2015-12-09,129.3065,132.4433,129.3065,131.3106,18826804.0
2015-12-10,132.3562,132.3562,130.7006,131.0492,13447879.0
2015-12-11,131.4849,131.6591,127.9995,128.6094,19677356.0
2015-12-14,126.7796,127.9124,124.6013,127.651,16805584.0
2015-12-15,127.8252,130.0907,127.651,128.5223,16121681.0
2015-12-16,131.572,132.4433,130.265,132.2691,14423284.0
2015-12-17,133.4018,133.9246,131.8334,132.0948,15988503.0
2015-12-18,132.0077,132.7047,131.3977,131.8334,18276015.0
2015-12-21,131.6591,131.8334,130.6135,130.962,8975296.0
2015-12-22,131.8334,131.8334,130.0907,131.3977,6942130.0
2015-12-23,131.9205,132.879,131.7463,132.6176,7423667.0
2015-12-24,133.3147,133.3147,132.0948,132.2691,4784383.0
2015-12-28,132.7919,132.879,131.2234,131.4849,6710219.0
2015-12-29,132.1819,132.4433,130.962,131.3977,7371486.0
2015-12-30,132.3562,132.7919,131.1363,131.3106,7126584.0
2015-12-31,132.0077,133.0533,131.6591,132.879,6854089.0
2016-01-04,131.9205,132.4433,129.5679,129.9164,16047213.0
2016-01-05,129.655,131.1363,127.7381,128.4352,16171969.0
2016-01-06,126.9539,127.9995,126.4311,127.2153,15614519.0
2016-01-07,125.9954,127.2153,121.9873,122.1615,23664491.0
2016-01-08,122.6843,125.2112,122.6843,124.2527,18564802.0
2016-01-11,120.4189,123.12,119.9832,120.2446,22362124.0
2016-01-12,119.3733,121.813,118.4148,118.5891,22078580.0
2016-01-13,119.4604,121.9873,119.3733,119.7218,23863234.0
2016-01-14,118.0663,120.6803,117.6306,119.4604,26513641.0
2016-01-15,119.5475,121.4645,118.7633,119.3733,23969812.0
2016-01-18,117.6306,119.8961,117.0206,118.5019,21919138.0
2016-01-19,118.5019,121.9873,118.5019,121.813,22604872.0
2016-01-20,119.2861,119.8961,116.585,117.9791,26441962.0
2016-01-21,118.6762,120.8545,115.975,115.975,30536391.0
2016-01-22,118.5891,121.7259,118.5891,121.1159,24549064.0
2016-01-25,121.9873,126.0826,121.4645,125.734,31154604.0
2016-01-26,123.8171,125.037,122.5101,123.5557,25339129.0
2016-01-27,125.3855,125.9083,121.1159,122.4229,27399036.0
2016-01-28,122.4229,124.9498,121.4645,123.3814,24075438.0
2016-01-29,122.9457,126.344,122.9457,126.2568,28333807.0
2016-02-01,127.4767,128.1738,126.1697,128.0866,20461010.0
2016-02-02,128.6966,128.6966,125.4726,126.8668,17206088.0
2016-02-03,123.9042,123.9042,121.9873,123.3814,22333481.0
2016-02-04,124.6013,124.6884,123.2943,123.6428,16305725.0
2016-02-05,124.3399,125.9083,123.8171,125.3855,12724486.0
2016-02-11,119.5475,120.8545,116.8464,118.4148,36199192.0
2016-02-12,115.6265,117.5434,115.1037,116.1493,24882572.0
2016-02-15,119.1119,120.7674,117.892,120.4189,21699418.0
2016-02-16,120.4189,122.3358,120.4189,121.3773,15525620.0
2016-02-17,122.8586,123.2943,119.6347,120.4189,17255623.0
2016-02-18,123.7299,124.1656,121.2902,123.9913,20441753.0
2016-02-19,122.8586,124.3399,122.2487,123.0329,12409816.0
2016-02-22,122.8586,123.9042,122.4229,123.4685,9929873.0
2016-02-23,124.1656,124.427,122.5101,123.6428,11518408.0
2016-02-24,123.4685,123.4685,120.7674,122.3358,15133469.0
2016-02-25,122.3358,122.8586,120.8545,121.1159,10914811.0
2016-02-26,122.6843,124.7756,122.6843,124.3399,17363138.0
2016-02-29,124.3399,124.427,121.6387,123.6428,14280154.0
2016-03-01,123.7299,125.9954,123.2943,125.9083,15495668.0
2016-03-02,128.1738,129.3936,127.041,129.2194,24494602.0
2016-03-03,129.8293,129.8293,127.2153,128.6094,15959001.0
2016-03-04,129.3936,130.1778,126.7796,128.2609,19713216.0
2016-03-07,128.958,129.4808,126.7796,127.651,13746135.0
2016-03-08,126.6054,127.9995,125.5598,127.4767,11443398.0
2016-03-09,126.344,127.041,124.9498,126.9539,14067392.0
2016-03-10,126.4311,127.3896,126.1697,126.344,10098636.0
2016-03-11,126.1697,129.3936,125.734,129.0451,17498941.0
2016-03-14,129.8293,133.7503,129.3065,133.5761,29679645.0
2016-03-15,131.3977,133.7503,131.2234,131.8334,16207912.0
2016-03-16,131.3977,132.0077,130.0036,131.4849,13922389.0
2016-03-17,133.3147,133.7503,131.572,132.7047,13648090.0
2016-03-18,138.5427,138.717,135.7544,137.5842,52010024.0
2016-03-21,138.1942,138.2813,136.8871,137.7585,18616859.0
2016-03-22,139.3269,139.3269,137.6713,138.9784,19946868.0
2016-03-23,139.2398,139.3269,138.0199,139.1526,15437949.0
2016-03-24,138.5427,139.2398,137.4099,138.3684,18441336.0
2016-03-29,138.5427,138.5427,136.8,137.0614,16821224.0
2016-03-30,138.5427,138.9784,137.5842,137.8456,20832229.0
2016-03-31,138.8041,138.8041,136.8871,138.0199,17515647.0
2016-04-01,139.0655,139.0655,137.4971,138.107,16035756.0
2016-04-05,136.8,136.8,134.5345,136.4515,14500421.0
2016-04-06,137.3228,138.6298,136.8,138.5427,17760189.0
2016-04-07,139.3269,141.1567,139.0655,140.9824,21771425.0
2016-04-08,139.8497,140.2854,138.717,139.414,15163620.0
2016-04-11,137.8456,140.1111,137.8456,138.9784,9401820.0
2016-04-12,139.3269,139.5883,138.717,139.414,12312707.0
2016-04-13,141.1567,143.5093,140.4596,143.335,32538517.0
2016-04-14,144.2064,145.6877,140.721,143.7707,25301265.0
2016-04-15,143.335,144.2064,142.3766,144.0321,11408552.0
2016-04-18,143.7707,144.642,142.9865,144.3806,9116719.0
2016-04-19,144.2935,145.0777,142.3766,144.3806,13637095.0
2016-04-20,144.2064,144.2064,140.721,141.0696,15478170.0
2016-04-21,142.028,143.1608,141.2438,142.4637,13119646.0
2016-04-22,140.2854,142.028,139.5883,141.8538,8816777.0
2016-04-25,139.7626,140.2854,139.0655,139.3269,10729099.0
2016-04-26,140.2854,141.1567,138.3684,140.9824,8646796.0
2016-04-27,139.5883,139.6754,138.0199,138.9784,11549814.0
2016-04-28,140.024,141.6795,139.414,140.2854,18658830.0
2016-04-29,139.414,139.6754,138.3684,138.4556,10903878.0
2016-05-03,138.4556,138.4556,135.1445,135.3187,15337768.0
2016-05-04,135.6673,135.6673,133.6632,134.6217,16375047.0
2016-05-05,133.3147,134.7959,132.879,133.4889,13653426.0
2016-05-06,133.5761,135.493,132.6176,134.0989,15884287.0
2016-05-09,135.493,135.7544,134.3603,135.1445,9424497.0
2016-05-10,134.4474,136.5386,134.4474,136.2772,11847505.0
2016-05-11,138.0199,138.0199,135.9287,136.3643,11585331.0
2016-05-12,136.4515,136.4515,134.186,134.3603,13276595.0
2016-05-13,135.5801,136.1901,133.9246,135.1445,18092191.0
2016-05-16,136.0158,139.6754,135.7544,139.3269,21575864.0
2016-05-17,141.4181,143.1608,140.1982,141.9409,22631130.0
2016-05-18,140.2854,141.5052,139.414,140.3725,20658347.0
2016-05-19,135.3187,138.6298,135.3187,136.9743,35275128.0
2016-05-20,135.7245,139.1329,135.7245,138.5212,19185549.0
2016-05-23,139.4825,141.2304,138.7834,139.0455,12215689.0
2016-05-24,139.8321,140.706,139.4825,140.2691,12328071.0
2016-05-25,142.4539,144.0271,142.2792,143.7649,21579995.0
2016-05-26,144.1145,144.1145,142.017,143.1531,14457778.0
2016-05-27,144.2018,150.1447,143.7649,149.6203,41274891.0
2016-05-30,149.6203,150.7565,148.0472,148.4842,21752920.0
2016-05-31,150.3195,151.8052,149.4456,151.4556,56234547.0
2016-06-01,150.3195,151.1061,148.3968,148.9212,17349933.0
2016-06-02,148.5716,149.0086,147.1733,148.7464,21462089.0
2016-06-03,148.8338,150.5817,148.1346,149.2708,27443699.0
2016-06-06,148.659,152.0674,148.659,151.8926,17120058.0
2016-06-07,152.9414,154.5145,152.5044,154.3397,17254734.0
2016-06-08,154.3397,154.3397,152.5918,153.7279,18871883.0
2016-06-10,156.0002,156.0002,152.7666,153.0288,20396824.0
2016-06-13,148.659,150.1447,147.8724,148.1346,21169298.0
2016-06-14,147.5229,148.0472,146.4741,147.0859,17731787.0
2016-06-15,146.5615,152.1548,146.2119,151.1935,18840580.0
2016-06-16,151.0187,151.1935,147.1733,147.5229,15093895.0
2016-06-17,149.0086,149.7077,146.3867,147.6103,17880408.0
2016-06-20,148.5716,149.6203,147.6977,149.1834,9428268.0
2016-06-21,150.3195,151.4556,149.4456,151.1061,10084306.0
2016-06-22,151.2808,155.4758,151.1061,154.7767,19634245.0
2016-06-23,153.8153,154.1649,151.4556,153.9027,12236741.0
2016-06-24,152.7666,155.2136,146.9111,151.8926,30594530.0
2016-06-27,148.659,150.4069,148.659,149.3582,15661330.0
2016-06-28,145.9498,149.2708,145.9498,149.0086,17951859.0
2016-06-29,148.9212,150.9313,148.9212,150.6691,13552935.0
2016-06-30,152.854,154.3397,151.8052,153.9027,16917010.0
2016-07-04,155.6506,156.8741,154.6893,156.3498,16228007.0
2016-07-05,156.4372,156.4372,153.9027,154.1649,9562057.0
2016-07-06,152.1548,153.3783,151.1935,152.3296,11660048.0
2016-07-07,152.9414,155.0388,152.5918,154.0775,8015900.0
2016-07-08,154.864,155.9128,154.1649,154.6893,13824855.0
2016-07-11,157.2237,158.0103,156.6119,157.3111,12848546.0
2016-07-12,158.7968,158.7968,156.0002,158.0977,13839536.0
2016-07-13,158.0103,158.7968,157.6607,158.3598,11209328.0
2016-07-14,157.8355,160.8069,157.2237,160.3699,12671391.0
2016-07-15,161.0691,162.7296,160.0204,161.5061,15489093.0
2016-07-18,160.8069,162.38,160.5447,161.6809,10032868.0
2016-07-19,161.2439,161.6809,160.0204,160.1951,11782810.0
2016-07-20,161.1565,162.5548,160.3699,162.2052,13328952.0
2016-07-21,162.7296,162.9918,161.0691,161.3313,14795435.0
2016-07-22,161.6809,162.2052,160.4573,161.8557,7797326.0
2016-07-25,163.3414,164.3027,161.8557,164.3027,7779949.0
2016-07-26,162.7296,165.7884,162.7296,162.817,14716619.0
2016-07-27,162.5548,165.1767,162.5548,165.1767,12088449.0
2016-07-28,163.8657,165.5262,163.0792,165.1767,11646147.0
2016-07-29,165.2641,165.8758,162.9918,162.9918,13351285.0
2016-08-01,163.4288,164.0405,160.9817,161.2439,20728597.0
2016-08-03,159.059,159.933,158.622,158.622,18411964.0
2016-08-04,159.6708,160.4573,158.7968,159.5834,9639668.0
2016-08-05,159.933,162.6422,159.496,161.3313,10032639.0
2016-08-08,162.7296,165.0893,162.7296,165.0019,11907448.0
2016-08-09,164.7397,165.6136,163.8657,164.4775,8133303.0
2016-08-10,163.5162,165.1767,163.4288,164.3027,7504565.0
2016-08-11,163.254,164.9145,163.254,164.9145,11388699.0
2016-08-12,166.4876,167.3615,163.8657,164.1279,18152988.0
2016-08-15,164.3027,167.5363,164.3027,167.012,13190627.0
2016-08-16,170.8573,172.6052,169.1968,170.7699,24569283.0
2016-08-17,170.7699,172.9548,167.5363,168.6725,18473251.0
2016-08-18,179.1599,179.1599,174.5279,177.412,41314120.0
2016-08-19,179.1599,179.1599,176.1884,176.3632,12565303.0
2016-08-22,176.538,178.9851,176.0137,178.9851,11452880.0
2016-08-23,178.4607,179.5095,176.8876,177.9363,8919309.0
2016-08-24,177.9363,178.8103,175.1397,175.6641,13621565.0
2016-08-25,176.538,176.538,174.3531,174.3531,10991731.0
2016-08-26,174.091,177.0624,174.091,175.1397,8087753.0
2016-08-29,175.4893,176.7128,174.7901,176.0137,9841567.0
2016-08-30,177.2372,179.1599,176.538,178.9851,11748201.0
2016-08-31,179.1599,179.1599,175.6641,176.3632,15317560.0
2016-09-01,175.6641,177.7616,175.4893,177.0624,13605995.0
2016-09-02,177.0624,178.8103,175.8389,176.3632,16427579.0
2016-09-05,178.8103,184.054,177.9363,183.7044,18902330.0
2016-09-06,183.5296,189.4725,182.6557,187.8994,19057213.0
2016-09-07,188.7733,189.1229,184.5784,186.3263,17607103.0
2016-09-08,184.9279,188.7733,184.7532,187.8994,15493743.0
2016-09-09,187.5498,188.9481,185.4523,186.8506,20277736.0
2016-09-12,183.5296,184.054,180.3834,180.9078,19921257.0
2016-09-13,182.6557,184.9279,181.0826,181.7817,14868264.0
2016-09-14,180.5582,183.18,180.5582,182.3061,7695966.0
2016-09-15,181.7817,185.4523,181.7817,183.3548,18058088.0
2016-09-19,185.1027,185.4523,181.4321,183.0053,18390853.0
2016-09-20,183.5296,183.7044,181.7817,182.6557,12136871.0
2016-09-21,182.3061,184.7532,181.4321,184.5784,11514914.0
2016-09-22,187.0254,188.5985,186.3263,187.5498,17844513.0
2016-09-23,186.5011,192.9683,185.8019,190.696,24975771.0
2016-09-26,189.9969,189.9969,185.4523,186.1515,18583621.0
2016-09-27,187.8994,189.9969,187.0254,188.5985,14741682.0
2016-09-28,187.0254,189.8221,187.0254,189.2977,8165201.0
2016-09-29,190.5212,190.8708,188.7733,190.1717,11122088.0
2016-09-30,188.0742,189.4725,186.1515,186.1515,14861460.0
2016-10-03,189.1229,190.1717,188.4237,189.4725,10019132.0
2016-10-04,189.8221,190.1717,188.249,189.9969,7731679.0
2016-10-05,189.2977,189.9969,188.5985,189.9969,6656378.0
2016-10-06,190.5212,190.5212,189.2977,189.9969,10663786.0
2016-10-07,189.2977,189.9969,188.249,188.9481,8895336.0
2016-10-11,189.9969,190.696,187.375,188.5985,12705818.0
2016-10-12,186.6758,187.2002,184.4036,186.5011,16665287.0
2016-10-13,184.4036,186.3263,183.0053,183.5296,16885861.0
2016-10-14,182.1313,184.4036,182.1313,182.6557,14025330.0
2016-10-17,182.6557,183.5296,181.0826,182.4809,9769912.0
2016-10-18,183.0053,186.3263,182.6557,185.6271,12262915.0
2016-10-19,184.7532,187.375,184.7532,185.9767,7582360.0
2016-10-20,187.0254,188.249,186.5011,187.2002,8231296.0
2016-10-24,186.8506,188.249,185.4523,188.249,15571635.0
2016-10-25,188.9481,188.9481,187.7246,187.7246,8374373.0
2016-10-26,186.1515,188.5985,185.4523,185.4523,8775101.0
2016-10-27,185.8019,186.5011,183.5296,184.054,10686453.0
2016-10-28,184.054,184.2288,179.3347,181.7817,17882318.0
2016-10-31,182.6557,182.6557,179.859,179.859,12093873.0
2016-11-01,181.6069,183.18,181.0826,181.0826,15026009.0
2016-11-02,179.1599,180.3834,177.7616,178.6355,13870431.0
2016-11-03,176.8876,177.7616,175.4893,176.538,17463544.0
2016-11-04,174.6153,176.7128,174.3531,174.7901,17022950.0
2016-11-07,173.9162,180.733,173.9162,178.4607,16085437.0
2016-11-08,179.859,181.0826,178.6355,179.6842,12356468.0
2016-11-09,180.733,180.733,174.3531,176.8876,33653255.0
2016-11-10,180.3834,183.0053,180.0338,181.9565,18977456.0
2016-11-11,177.412,178.1111,174.7901,174.7901,45350234.0
2016-11-14,171.1195,171.2943,167.9733,168.3229,50331583.0
2016-11-15,166.0506,169.5464,165.7884,168.8473,30689644.0
2016-11-16,171.2943,174.3531,170.8573,172.0809,27000250.0
2016-11-17,170.4204,172.78,169.022,170.2456,27269639.0
2016-11-18,170.5078,172.6052,169.3716,170.7699,17094291.0
2016-11-21,170.5078,170.9447,167.7985,169.1968,15150470.0
2016-11-22,171.2069,171.5565,169.6338,171.1195,13007935.0
2016-11-23,171.4691,171.5565,169.1094,169.8086,15627291.0
2016-11-24,169.1094,169.6338,167.5363,167.9733,15458127.0
2016-11-25,168.8473,169.3716,167.8859,168.6725,7817377.0
2016-11-28,168.6725,171.9935,168.6725,170.6826,16553522.0
2016-11-29,172.1683,172.8674,168.6725,168.6725,19743663.0
2016-11-30,168.5851,169.9834,167.8859,169.2842,17894203.0
2016-12-01,170.4204,170.7699,168.9347,169.9834,15465024.0
2016-12-02,166.9246,167.3615,165.701,166.9246,31654894.0
2016-12-05,166.0506,168.3229,165.3515,166.0506,14881257.0
2016-12-06,167.7111,168.1481,165.701,165.9632,10831263.0
2016-12-07,166.6624,167.2741,165.701,166.2254,9956402.0
2016-12-08,168.4977,169.022,166.138,166.8372,15780970.0
2016-12-09,165.1767,166.4002,162.9044,164.4775,22991719.0
2016-12-12,165.9632,165.9632,161.1565,161.7683,21961359.0
2016-12-13,163.4288,163.4288,161.5061,162.817,16390467.0
2016-12-14,164.3027,165.6136,163.254,163.254,18528913.0
2016-12-15,162.0304,162.7296,159.7582,160.8069,23805460.0
2016-12-16,159.3212,161.3313,159.3212,160.7195,21775966.0
2016-12-19,159.2338,160.0204,159.2338,159.2338,10932822.0
2016-12-20,159.059,160.5447,157.8355,158.7968,12843113.0
2016-12-21,158.7968,160.3699,158.7968,159.2338,11319237.0
2016-12-22,160.1951,160.6321,158.3598,158.622,15031371.0
2016-12-23,158.1851,158.1851,156.9615,157.0489,16360785.0
2016-12-28,158.1851,161.943,157.5733,160.4573,18221383.0
2016-12-29,159.933,165.5262,159.933,163.9531,22120093.0
2016-12-30,166.0506,166.7498,165.1767,165.7884,13582454.0
2017-01-03,164.3027,167.012,164.3027,165.5262,9637272.0
2017-01-04,166.4002,166.4876,164.3901,165.1767,11411490.0
2017-01-05,166.9246,169.7212,166.6624,168.9347,20543005.0
2017-01-06,171.4691,171.9935,170.1582,170.5078,20077760.0
2017-01-09,171.9061,172.0809,170.5952,170.9447,13605277.0
2017-01-10,172.6052,173.0422,171.3817,173.0422,15628780.0
2017-01-11,174.7901,176.0137,173.654,175.4893,20703850.0
2017-01-12,175.6641,175.6641,171.8187,173.7414,16362476.0
2017-01-13,173.9162,174.9649,173.654,174.5279,10155934.0
2017-01-16,174.5279,174.5279,171.2943,171.9061,11600274.0
2017-01-17,174.7027,174.7027,172.6052,172.78,8845604.0
2017-01-18,173.5666,174.6153,173.0422,174.5279,10962405.0
2017-01-19,175.3145,175.3145,173.3044,174.3531,9664250.0
2017-01-20,173.9162,174.2657,172.78,172.78,7686725.0
2017-01-23,171.6439,174.1784,171.6439,172.8674,7059398.0
2017-01-24,173.8288,173.8288,172.0809,172.8674,8825373.0
2017-01-25,175.6641,175.6641,174.091,175.4893,17017199.0
2017-01-26,176.8876,179.5095,176.3632,179.1599,21037878.0
2017-01-27,179.6842,179.6842,178.4607,178.6355,8717396.0
2017-02-01,176.538,180.733,175.4893,180.5582,19494245.0
2017-02-02,180.9078,182.1313,178.6355,179.3347,14245064.0
2017-02-03,179.5095,180.3834,176.8876,179.1599,12525535.0
2017-02-06,180.3834,181.2574,178.6355,181.2574,9244792.0
2017-02-07,180.0338,181.2574,178.6355,179.5095,11540961.0
2017-02-08,178.6355,179.3347,176.8876,178.2859,15978068.0
2017-02-09,179.6842,180.9078,178.4607,178.4607,12967234.0
2017-02-10,179.5095,180.0338,176.8876,177.0624,13335776.0
2017-02-13,177.412,179.1599,177.412,177.9363,11469706.0
2017-02-14,177.5868,178.1111,177.2372,177.2372,11741212.0
2017-02-15,176.7128,181.6069,176.7128,180.5582,20967951.0
2017-02-16,183.5296,186.1515,181.7817,185.2775,30654514.0
2017-02-17,186.6758,187.8994,185.1027,185.4523,18573582.0
2017-02-20,186.3263,188.0742,185.8019,187.0254,14388585.0
2017-02-21,186.6758,187.7246,183.5296,184.4036,14978211.0
2017-02-22,185.2775,187.8994,185.2775,187.8994,14282531.0
2017-02-23,188.4237,189.1229,187.0254,187.7246,15728062.0
2017-02-24,186.5011,187.2002,184.5784,184.5784,17224457.0
2017-02-27,184.4036,186.6758,183.18,183.7044,14141432.0
2017-02-28,184.2288,184.9279,180.9078,180.9078,16362243.0
2017-03-01,180.9078,181.2574,179.1599,180.733,19151883.0
2017-03-02,184.054,184.4036,180.3834,180.3834,15808759.0
2017-03-03,180.0338,182.4809,178.4607,181.0826,16233580.0
2017-03-06,180.5582,183.8792,180.5582,182.8305,11372312.0
2017-03-07,182.4809,185.8019,182.4809,185.1027,12046358.0
2017-03-08,183.7044,185.8019,183.7044,185.4523,10855929.0
2017-03-09,186.1515,186.1515,182.8305,183.3548,14123866.0
2017-03-10,183.0053,185.9767,182.8305,185.6271,15876601.0
2017-03-13,186.1515,188.5985,185.9767,188.249,20012750.0
2017-03-14,188.7733,188.7733,186.8506,187.5498,15104670.0
2017-03-15,186.1515,188.4237,186.1515,187.5498,10738632.0
2017-03-16,190.1717,192.9683,188.9481,192.9683,27169372.0
2017-03-17,194.1918,194.7162,192.9683,194.017,22110796.0
2017-03-20,194.017,199.4355,193.8422,199.4355,24497641.0
2017-03-21,199.2607,200.8338,195.5901,199.9599,28352992.0
2017-03-22,195.7649,198.3868,195.2406,196.8137,24831244.0
2017-03-23,193.8422,195.4154,190.696,194.891,39654843.0
2017-03-24,195.0658,196.9885,194.3666,196.8137,16607909.0
2017-03-27,196.8137,199.6103,195.0658,196.4641,20607592.0
2017-03-28,198.3868,198.3868,196.4641,197.5128,14412946.0
2017-03-29,201.0086,201.1834,198.0372,199.2607,16126457.0
2017-03-30,200.3095,200.3095,196.8137,196.8137,17388185.0
2017-03-31,196.9885,197.8624,194.5414,194.7162,16116998.0
2017-04-03,197.5128,197.5128,194.3666,196.8137,13042390.0
2017-04-05,199.2607,199.9599,197.6876,199.9599,21574677.0
2017-04-06,199.0859,199.9599,197.8624,199.2607,11191221.0
2017-04-07,199.2607,199.4355,195.9397,198.5616,14928165.0
2017-04-10,199.2607,199.6103,196.9885,197.8624,7479213.0
2017-04-11,199.2607,199.2607,195.9397,196.6389,9446922.0
2017-04-12,196.9885,201.8826,196.8137,201.8826,15740467.0
2017-04-13,200.6591,204.3297,199.9599,201.533,20659980.0
2017-04-18,201.8826,202.5817,199.2607,199.2607,14813343.0
2017-04-19,199.2607,202.2322,199.2607,201.1834,16607985.0
2017-04-20,203.2809,206.7767,202.407,206.7767,21399865.0
2017-04-21,207.6507,209.3986,204.3297,206.6019,16990163.0
2017-04-24,209.7481,209.7481,206.7767,208.0002,14548614.0
2017-04-25,208.6994,212.1952,207.3011,212.1952,18789716.0
2017-04-26,213.0692,213.7683,210.0977,211.1465,20607333.0
2017-04-27,211.6708,214.1179,209.2238,213.7683,17296815.0
2017-04-28,213.9431,213.9431,211.8456,212.7196,13449535.0
2017-05-02,214.1179,217.0893,213.9431,217.0893,19381149.0
2017-05-04,216.3902,216.3902,212.1952,213.0692,23663993.0
2017-05-05,212.5448,213.2439,211.3213,213.0692,14901527.0
2017-05-08,216.0406,216.0406,212.7196,213.9431,19308767.0
2017-05-09,216.7397,219.1868,214.6423,219.1868,19679502.0
2017-05-10,220.2356,223.207,217.7885,218.8372,29585623.0
2017-05-11,218.1381,222.8574,217.9633,222.5078,20293953.0
2017-05-12,223.9061,226.528,223.0322,225.654,25854155.0
2017-05-15,226.8776,227.7515,225.3045,226.3532,21565437.0
2017-05-16,228.6255,228.6255,223.9061,226.1784,22950129.0
2017-05-17,227.9263,228.2759,225.654,227.0524,18005770.0
2017-05-18,224.6053,237.1902,224.6053,230.723,54039295.0
2017-05-19,233.0093,237.5643,232.3085,235.1116,29296891.0
2017-05-22,237.9147,242.4698,236.8635,241.2434,27155898.0
2017-05-23,244.3969,245.7985,238.0899,241.0682,34952505.0
2017-05-24,241.4186,241.5938,235.6372,239.6667,23143763.0
2017-05-25,239.4915,242.8202,239.4915,242.8202,18057011.0
2017-05-26,241.4186,244.3969,241.2434,243.5209,16821442.0
2017-05-29,243.5209,243.6961,240.017,240.7178,16775468.0
2017-05-31,240.7178,242.645,234.2356,234.4108,37199378.0
2017-06-01,233.8852,238.9659,230.2061,237.5643,31879531.0
2017-06-02,241.4186,241.4186,235.9876,236.5132,18058922.0
2017-06-05,238.0899,239.6667,235.6372,237.9147,12464553.0
2017-06-06,238.4403,239.8419,237.9147,239.6667,12386827.0
2017-06-07,240.5426,241.4186,237.2139,238.9659,13084272.0
2017-06-08,238.9659,240.3674,237.7395,239.4915,14994316.0
2017-06-09,243.3458,248.2512,241.9442,242.9954,69183612.0
2017-06-12,237.5643,240.7178,235.9876,237.0387,38020407.0
2017-06-13,239.6667,239.6667,237.3891,238.6155,23003533.0
2017-06-14,240.017,242.9954,239.1411,242.9954,22610380.0
2017-06-15,242.645,242.645,239.1411,239.1411,18220693.0
2017-06-16,238.9659,242.1194,238.7907,238.7907,20927343.0
2017-06-19,240.7178,244.3969,240.1922,244.2217,16963532.0
2017-06-20,247.7256,248.6016,244.5721,245.2729,16108404.0
2017-06-21,245.4481,246.6745,242.645,244.5721,16517148.0
2017-06-22,247.5504,248.6016,245.6233,246.6745,15573926.0
2017-06-23,247.5504,247.7256,245.4481,245.4481,12763476.0
2017-06-26,246.1489,249.6528,245.9737,248.7768,16455438.0
2017-06-27,249.3024,252.6311,247.7256,252.2807,20034778.0
2017-06-28,248.7768,251.4047,247.0248,247.7256,25379040.0
2017-06-29,251.4047,251.5799,247.5504,248.7768,15915273.0
2017-06-30,244.3969,245.7985,242.9954,244.5721,20917886.0
2017-07-03,243.8713,245.9737,243.3458,245.9737,12980644.0
2017-07-04,244.2217,244.5721,233.3596,235.8124,39021127.0
2017-07-05,233.5348,239.4915,228.1038,237.3891,44469113.0
2017-07-06,240.5426,240.893,237.5643,238.0899,16896004.0
2017-07-07,234.586,237.0387,233.8852,235.6372,18051304.0
2017-07-10,236.5132,238.2651,235.9876,237.9147,13037177.0
2017-07-11,239.8419,244.3969,239.8419,243.8713,18877039.0
2017-07-12,244.9225,248.076,244.3969,246.3241,15398833.0
2017-07-13,250.1784,250.8791,247.5504,249.1272,18892847.0
2017-07-14,249.6528,250.0032,247.3752,249.4776,11874513.0
2017-07-17,252.2807,252.9815,248.952,249.6528,14312139.0
2017-07-18,251.0543,251.7551,249.828,251.2295,11373710.0
2017-07-19,253.8574,261.7412,252.9815,261.0404,28377010.0
2017-07-20,262.6172,262.7924,259.2885,260.1645,15998923.0
2017-07-21,261.0404,263.318,258.4125,260.1645,11572492.0
2017-07-24,261.0404,265.2451,260.3397,264.7195,15577849.0
2017-07-25,264.8947,266.9971,264.1939,264.1939,18337415.0
2017-07-26,265.4203,265.9459,261.0404,263.6684,15441362.0
2017-07-27,265.4203,270.3258,264.1939,270.1506,17309216.0
2017-07-28,266.8219,269.2746,265.4203,266.9971,22259614.0
2017-07-31,267.5227,275.4064,267.5227,274.5305,21609121.0
2017-08-01,270.6762,278.0343,270.6762,275.4064,20797165.0
2017-08-02,275.932,278.3847,273.1289,273.8297,18487436.0
2017-08-03,272.2529,273.8297,269.8002,270.3258,23471273.0
2017-08-04,272.6033,276.2824,271.3769,272.7785,17217901.0
2017-08-07,276.2824,281.5382,275.932,280.8375,21296305.0
2017-08-08,280.6623,287.8453,280.3119,287.8453,22771430.0
2017-08-09,285.5677,291.6996,285.5677,289.2468,26055300.0
2017-08-10,287.3197,289.422,282.7646,286.0933,27585584.0
2017-08-11,275.056,279.6111,271.7273,272.0777,57667931.0
2017-08-14,275.056,284.5166,275.056,283.8158,30656758.0
2017-08-15,287.3197,289.422,279.2607,279.2607,23926140.0
2017-08-16,279.7863,284.3414,279.7863,283.115,23592733.0
2017-08-17,298.1818,298.7074,288.546,288.546,44326795.0
2017-08-18,284.3414,288.546,283.4654,285.3925,24215583.0
2017-08-21,289.0716,289.422,285.5677,285.5677,15608008.0
2017-08-22,287.3197,288.3708,283.8158,283.8158,14711626.0
2017-08-24,291.6996,291.6996,284.867,286.7941,23429770.0
2017-08-25,288.1957,288.1957,282.5894,287.6701,19929522.0
2017-08-28,286.4437,288.1957,281.5382,282.9398,22343373.0
2017-08-29,280.4871,282.0638,275.5816,280.1367,22207064.0
2017-08-30,285.2173,286.9693,282.9398,286.0933,17631515.0
2017-08-31,286.0933,289.422,286.0933,288.1957,17317121.0
2017-09-01,290.6484,290.9988,285.7429,285.7429,23454734.0
2017-09-04,284.6918,285.5677,281.5382,282.0638,15521481.0
2017-09-05,283.115,285.5677,281.3631,281.8886,13836022.0
2017-09-06,281.0127,285.2173,279.6111,283.991,17260324.0
2017-09-07,286.0933,286.2685,280.6623,280.8375,16216841.0
2017-09-08,283.115,283.8158,281.5382,281.8886,10837901.0
2017-09-11,282.7646,289.7724,282.239,289.7724,23848866.0
2017-09-12,293.4515,293.6267,289.422,291.6996,15271955.0
2017-09-13,293.4515,293.4515,289.5972,292.5755,14802934.0
2017-09-14,293.4515,297.3058,292.4003,295.2035,19055410.0
2017-09-15,295.2035,298.357,292.7507,296.7802,24571497.0
2017-09-18,298.7074,303.0872,298.7074,303.0872,18391711.0
2017-09-19,305.1896,306.2407,300.8097,301.5105,21945708.0
2017-09-20,300.4593,304.3136,300.4593,303.4376,13674167.0
2017-09-21,302.2112,305.1896,301.6857,304.1384,14893320.0
2017-09-22,301.3353,304.1384,300.6345,303.2624,14354595.0
2017-09-25,302.3864,302.912,298.1818,299.2329,22328070.0
2017-09-26,289.0716,297.1306,287.8453,295.729,34724499.0
2017-09-27,295.729,299.2329,295.2035,296.4298,13521570.0
2017-09-28,296.4298,298.357,291.6996,291.6996,17292632.0
2017-09-29,293.1011,295.5538,291.8747,294.5027,12861135.0
2017-10-03,302.7368,303.788,299.2329,303.788,18517760.0
2017-10-04,305.1896,307.4671,304.8392,306.0655,11708684.0
2017-10-06,309.5694,309.7446,306.7663,308.3431,13355238.0
2017-10-09,308.3431,309.219,305.3648,305.7151,13455864.0
2017-10-10,307.2919,308.8687,306.4159,307.6423,10823170.0
2017-10-11,307.6423,308.8687,306.0655,307.9927,17642355.0
2017-10-12,308.3431,309.9198,306.7663,306.7663,14874040.0
2017-10-13,304.1384,306.7663,303.4376,305.8903,20928347.0
2017-10-16,308.3431,311.4966,306.9415,311.4966,17588494.0
2017-10-17,312.1974,312.1974,309.219,310.7958,12885350.0
2017-10-18,306.2407,310.7958,306.2407,310.6206,11974333.0
2017-10-19,312.0222,312.1974,302.7368,303.2624,21617366.0
2017-10-20,304.8392,307.1167,304.8392,306.2407,14319859.0
2017-10-23,307.9927,307.9927,304.3136,305.3648,9767821.0
2017-10-24,304.1384,306.2407,302.5616,304.3136,15417200.0
2017-10-25,305.0144,308.8687,304.8392,308.3431,12989841.0
2017-10-26,305.54,307.1167,303.4376,303.9632,15826872.0
2017-10-27,304.8392,305.3648,303.4376,304.664,16161754.0
2017-10-30,309.219,309.219,305.7151,306.2407,16538825.0
2017-10-31,308.3431,308.6935,306.0655,306.4159,12706629.0
2017-11-01,308.3431,315.7013,307.9927,315.3509,22026178.0
2017-11-02,316.0516,319.3804,313.2485,316.9276,17931996.0
2017-11-03,319.3804,322.7091,318.5044,322.3587,16625181.0
2017-11-06,323.7602,332.52,319.3804,330.2424,25043422.0
2017-11-07,333.2208,342.5061,333.0456,342.5061,25585700.0
2017-11-08,339.1774,349.1635,334.9727,337.7758,43983824.0
2017-11-09,337.4254,343.7324,337.4254,339.703,23906595.0
2017-11-10,335.8487,342.3309,335.8487,337.6006,17152006.0
2017-11-13,337.2502,343.3821,337.2502,339.5278,17666194.0
2017-11-14,345.134,345.134,339.3526,339.8782,20492898.0
2017-11-15,336.1991,339.8782,335.4983,335.4983,23436345.0
2017-11-16,340.0534,344.9588,336.3743,343.2069,32583706.0
2017-11-17,347.7619,354.7697,347.7619,353.3682,34542285.0
2017-11-20,355.1201,367.9093,355.1201,367.9093,35231740.0
2017-11-21,372.2892,385.0784,368.6101,376.6691,50468370.0
2017-11-22,382.8009,383.6769,371.7636,373.866,39601842.0
2017-11-23,372.2892,378.421,366.3326,367.559,32014753.0
2017-11-24,366.8582,371.4132,363.1791,364.2303,33069910.0
2017-11-27,364.4054,365.2814,359.1496,360.376,25746296.0
2017-11-28,357.3977,367.3838,352.317,367.2086,39406800.0
2017-11-29,369.8365,370.3621,359.8504,360.5512,27073413.0
2017-11-30,349.3387,355.1201,348.6379,348.6379,55969740.0
2017-12-01,348.6379,352.1418,337.2502,337.2502,79028748.0
2017-12-04,336.3743,348.4627,330.4176,340.2285,46134931.0
2017-12-05,332.8704,338.1262,329.3665,329.3665,44389024.0
2017-12-06,328.4905,334.0967,319.9059,320.6067,58301277.0
2017-12-07,327.4393,332.3448,321.6579,331.1184,39232605.0
2017-12-08,333.7463,345.8348,333.0456,345.134,41462488.0
2017-12-11,341.1045,355.9961,340.9293,355.1201,32016735.0
2017-12-12,356.5217,359.8504,342.8565,344.4332,32544146.0
2017-12-13,346.01,349.8643,339.3526,346.5356,22632354.0
2017-12-14,351.2658,352.6674,343.9076,347.9371,16678498.0
2017-12-15,343.7324,345.6596,340.7541,340.7541,23201046.0
2017-12-18,345.4844,349.1635,340.7541,345.3092,20264916.0
2017-12-19,353.8938,353.8938,349.3387,351.441,21109022.0
2017-12-20,349.1635,350.7402,347.5867,348.1123,13394104.0
2017-12-21,347.7619,352.4922,346.1852,350.2147,18431377.0
2017-12-22,353.7186,355.4705,351.0906,355.4705,16146080.0
2017-12-27,357.2225,357.2225,351.2658,351.441,16680601.0
2017-12-28,353.8938,357.5728,352.317,357.5728,11662053.0
2017-12-29,357.3977,357.3977,353.3682,355.6457,16601658.0
2018-01-02,357.3977,366.1574,357.0473,365.9822,24080505.0
2018-01-03,371.4132,373.866,367.0334,369.8365,22780154.0
2018-01-04,374.0412,378.7714,371.5884,378.2458,27904538.0
2018-01-05,382.2753,382.2753,375.0923,379.4722,19958447.0
2018-01-08,382.1001,384.7281,379.9978,384.2025,17994826.0
2018-01-09,386.3048,391.0351,384.5529,388.7575,24476517.0
2018-01-10,390.5095,390.8599,385.4288,385.7792,18007353.0
2018-01-11,381.9249,383.6769,376.1435,376.1435,27635787.0
2018-01-12,378.2458,387.356,377.3699,387.356,19198950.0
2018-01-15,390.1591,393.1374,379.4722,379.4722,23394615.0
2018-01-16,381.9249,389.6335,381.049,389.1079,20592159.0
2018-01-17,388.0568,393.3126,384.7281,393.3126,24879570.0
2018-01-18,396.4661,397.6925,389.6335,392.2614,21795983.0
2018-01-19,396.1157,396.8165,392.4366,396.2909,14749167.0
2018-01-22,398.5685,402.9483,394.539,402.9483,19364906.0
2018-01-23,408.3794,415.7376,406.1018,415.7376,23871965.0
2018-01-24,415.212,415.5624,408.905,410.8321,24929026.0
2018-01-25,408.3794,410.1313,401.1964,401.1964,27732428.0
2018-01-26,406.6274,412.7592,406.4522,412.7592,22012532.0
2018-01-29,415.0368,417.4895,408.5546,413.1096,22504576.0
2018-01-30,405.7515,411.3577,403.9995,404.5251,22255680.0
2018-01-31,399.094,410.3065,398.7437,406.1018,27609235.0
2018-02-01,408.2042,408.905,402.9483,402.9483,17119372.0
2018-02-02,402.0724,402.9483,395.0646,396.2909,24328782.0
2018-02-05,379.9978,390.5095,379.1218,386.3048,40391973.0
2018-02-06,370.5373,372.6396,356.6969,359.1496,86849711.0
2018-02-07,376.6691,379.1218,361.9527,363.3543,61051730.0
2018-02-08,366.8582,371.4132,362.6535,368.0845,35437925.0
2018-02-09,353.0178,360.0256,348.6379,356.8721,69156760.0
2018-02-12,361.6023,367.7342,358.7992,358.7992,33853960.0
2018-02-13,367.2086,372.8148,366.1574,370.0117,23705127.0
2018-02-14,375.4427,381.049,373.5156,379.8226,22285259.0
2018-02-15,389.2831,391.5607,387.0056,391.5607,16354787.0
2018-02-20,394.1886,396.8165,389.6335,390.5095,20482027.0
2018-02-21,392.9622,401.1964,391.7359,401.1964,20404622.0
2018-02-22,398.5685,398.7437,391.0351,391.0351,22385045.0
2018-02-23,397.6925,398.2181,393.663,397.1669,14992072.0
2018-02-26,399.4444,400.3204,392.787,396.8165,21252148.0
2018-02-27,401.1964,401.1964,387.356,390.6847,22008908.0
2018-02-28,384.5529,385.4288,377.5451,378.5962,32560086.0
2018-03-01,376.6691,391.9111,374.9171,391.5607,27113483.0
2018-03-02,382.8009,385.9544,381.9249,381.9249,25891511.0
2018-03-05,381.9249,385.0784,372.2892,372.2892,24038693.0
2018-03-06,381.049,388.9327,376.6691,384.2025,24812525.0
2018-03-07,381.2242,386.48,376.6691,380.3482,19256638.0
2018-03-08,385.4288,388.9327,383.6769,388.0568,17506389.0
2018-03-09,389.8087,392.6118,389.8087,391.5607,13025075.0
2018-03-12,398.9188,402.9483,398.3933,402.9483,25513013.0
2018-03-13,402.9483,405.4011,399.2692,405.4011,18501646.0
2018-03-14,400.6708,406.277,397.3421,406.1018,22611788.0
2018-03-15,402.2476,411.7081,401.1964,410.4817,24702582.0
2018-03-16,409.0802,414.1608,407.5034,407.5034,23898970.0
2018-03-19,407.3282,412.0585,404.5251,404.5251,16287008.0
2018-03-20,399.7948,410.3065,399.4444,408.7298,21953314.0
2018-03-21,413.6352,416.6135,403.4739,405.2259,28243967.0
2018-03-22,395.5901,402.0724,384.2025,384.9033,71848311.0
2018-03-23,354.7697,372.114,354.7697,367.9093,308436765.0
2018-03-26,367.3838,377.5451,361.2519,373.6908,47299723.0
2018-03-27,381.2242,384.2025,376.8443,378.5962,42644182.0
2018-03-28,367.9093,374.3916,360.376,361.0767,48964699.0
2018-03-29,362.6535,365.2814,354.9449,358.7992,41115421.0
2018-04-03,354.4193,361.2519,350.9154,358.624,32886586.0
2018-04-04,357.5728,360.9015,348.2875,348.2875,35861711.0
2018-04-06,354.5945,358.7992,350.7402,355.4705,26586340.0
2018-04-09,357.3977,363.1791,354.0689,359.1496,21220762.0
2018-04-10,361.7775,366.683,358.624,365.4566,25584002.0
2018-04-11,368.7853,372.8148,365.4566,367.559,23911389.0
2018-04-12,370.0117,371.0629,358.0984,361.9527,20604298.0
2018-04-13,364.931,365.1062,356.6969,357.3977,19567202.0
2018-04-16,356.3465,357.2225,349.6891,353.0178,24901230.0
2018-04-17,353.193,356.1713,346.01,347.9371,28414345.0
2018-04-18,354.0689,354.7697,344.6084,350.3899,28121104.0
2018-04-19,353.8938,356.6969,350.9154,355.4705,21812372.0
2018-04-20,355.6457,356.3465,348.9883,350.565,18108773.0
2018-04-23,348.2875,350.565,344.7836,345.134,19316986.0
2018-04-24,347.4115,349.8643,345.3092,347.4115,14521724.0
2018-04-25,342.3309,344.258,337.075,338.827,34823644.0
2018-04-26,339.8782,342.1557,330.4176,334.7975,34961200.0
2018-04-27,341.6301,342.3309,335.4983,340.2285,26446726.0
2018-04-30,343.7324,344.7836,340.9293,342.5061,12881205.0
2018-05-02,342.5061,347.5867,342.5061,344.6084,19203910.0
2018-05-03,341.1045,342.1557,336.7246,337.2502,23905086.0
2018-05-04,341.2797,341.2797,334.6223,335.3231,19325968.0
2018-05-07,339.8782,340.5789,328.8409,332.8704,34266791.0
2018-05-08,336.3743,344.7836,334.6223,342.1557,33393975.0
2018-05-09,346.01,347.5867,342.1557,345.6596,20938751.0
2018-05-10,349.5139,356.1713,348.6379,355.8209,31117306.0
2018-05-11,360.9015,363.5295,357.3977,358.0984,24703301.0
2018-05-14,363.5295,365.1062,358.2736,360.7264,20833909.0
2018-05-15,360.7264,361.4271,348.6379,348.6379,33138167.0
2018-05-16,349.1635,349.3387,342.1557,347.0611,29613558.0
2018-05-17,371.4132,371.5884,358.4488,360.0256,69097901.0
2018-05-18,363.6072,364.3095,358.1645,360.7981,21407723.0
2018-05-21,365.7141,366.9431,358.1645,358.1645,21440433.0
2018-05-23,362.3782,363.7828,357.2867,357.2867,24572225.0
2018-05-24,360.7981,361.1492,353.4241,357.2867,17158987.0
2018-05-25,353.7753,357.8134,352.5463,354.6531,16752353.0
2018-05-28,357.8134,357.8134,352.1951,355.7065,13391312.0
2018-05-29,354.4775,356.5844,352.8974,352.8974,12131694.0
2018-05-30,351.3173,351.3173,346.7524,346.7524,23245403.0
2018-05-31,348.3326,352.7218,346.928,350.4394,36770396.0
2018-06-01,352.5463,354.6531,349.5616,354.6531,23154943.0
2018-06-04,362.5538,364.3095,358.8668,364.3095,31279329.0
2018-06-05,367.6453,368.6988,364.6606,368.6988,25879169.0
2018-06-06,369.7522,373.088,369.4011,373.088,23218762.0
2018-06-07,378.3552,378.8819,373.7903,376.775,24688648.0
2018-06-08,374.4926,374.4926,362.2027,364.3095,28928220.0
2018-06-11,368.6988,369.5766,364.8362,367.8209,15480976.0
2018-06-12,369.0499,370.8056,365.3629,366.4164,12361698.0
2018-06-13,368.6988,368.6988,364.3095,364.4851,12210371.0
2018-06-14,366.5919,366.5919,358.6912,361.6759,17691467.0
2018-06-15,365.1874,366.0652,358.5157,359.9202,23180404.0
2018-06-19,359.9202,359.9202,346.928,348.3326,34554216.0
2018-06-20,351.1417,355.1798,348.8593,351.3173,22963740.0
2018-06-21,355.0042,355.531,347.8058,348.3326,20161454.0
2018-06-22,347.2791,351.4928,343.4166,348.8593,20167800.0
2018-06-25,346.7524,349.2104,340.9586,341.3097,21688209.0
2018-06-26,337.096,342.7143,333.5846,338.8517,29827048.0
2018-06-27,338.8517,340.2563,331.3022,331.3022,28081870.0
2018-06-28,329.1953,335.6915,327.7908,332.7068,27513679.0
2018-06-29,333.5846,345.699,333.5846,345.699,28307465.0
2018-07-03,346.7524,346.7524,334.9892,343.0654,25640221.0
2018-07-04,341.6609,343.0654,335.1647,336.2182,15074945.0
2018-07-05,336.2182,340.6074,332.8823,338.5006,13984065.0
2018-07-06,339.7296,341.6609,333.9357,339.3784,18000963.0
2018-07-09,346.0501,349.386,344.2944,347.6303,18373223.0
2018-07-10,347.6303,349.386,339.0273,339.554,26791391.0
2018-07-11,331.8289,335.5159,329.1953,333.0579,24515081.0
2018-07-12,331.8289,337.7983,330.7755,333.5846,15496184.0
2018-07-13,339.554,339.554,333.5846,334.4625,12236915.0
2018-07-16,336.7449,339.0273,333.9357,334.8136,11036993.0
2018-07-17,333.5846,334.1113,329.1953,329.8976,15541560.0
2018-07-18,333.9357,336.2182,330.0732,331.8289,13200548.0
2018-07-19,331.8289,334.1113,329.3709,329.722,10488882.0
2018-07-20,329.8976,331.4778,326.2106,330.5999,17079527.0
2018-07-23,331.4778,331.4778,324.1038,325.6839,19939375.0
2018-07-24,328.3175,329.722,326.3862,329.3709,20856611.0
2018-07-25,332.0045,333.5846,330.4243,333.409,18701043.0
2018-07-26,335.1647,336.0426,325.1572,329.0198,22285509.0
2018-07-27,325.6839,328.3175,324.6305,327.4396,14462929.0
2018-07-30,324.8061,325.5083,317.4321,322.3481,25413455.0
2018-07-31,316.9054,317.6077,310.2337,311.8138,36978659.0
2018-08-01,316.7298,317.0809,309.8825,311.6382,25708741.0
2018-08-02,309.707,311.1115,298.8216,302.8597,40777013.0
2018-08-03,305.6688,311.2871,304.2643,307.0734,30270747.0
2018-08-06,314.0962,314.0962,307.249,309.8825,21446403.0
2018-08-07,311.6382,314.623,306.02,313.394,18131302.0
2018-08-08,321.8214,321.8214,316.5542,319.5389,25449715.0
2018-08-09,322.1725,329.5465,320.4168,327.0885,26626507.0
2018-08-10,329.5465,329.722,320.0657,324.8061,19525508.0
2018-08-13,318.6611,320.0657,316.2031,316.9054,16951441.0
2018-08-14,311.6382,314.2718,300.0506,306.02,40167471.0
2018-08-15,301.104,301.9819,294.0812,294.959,37288416.0
2018-08-16,280.9134,291.9743,280.0355,286.0049,69246930.0
2018-08-17,294.0812,297.417,292.8522,295.8369,42698939.0
2018-08-20,301.2796,309.3558,300.5773,307.9513,34973182.0
2018-08-21,311.6382,311.6382,303.3864,307.7757,22787446.0
2018-08-22,310.7604,316.5542,306.7223,315.5008,28940119.0
2018-08-23,318.6611,318.8367,310.7604,315.1497,20061919.0
2018-08-24,309.8825,314.2718,309.5314,310.7604,17545124.0
2018-08-27,315.5008,316.9054,312.6917,316.9054,13959775.0
2018-08-28,320.4168,323.7526,317.2565,320.7679,20573345.0
2018-08-29,320.4168,321.2946,314.0962,316.7298,15732722.0
2018-08-30,317.0809,318.3099,311.9894,313.7451,12131375.0
2018-08-31,298.1193,301.6307,296.7147,298.4704,51544845.0
2018-09-03,292.6766,294.2567,288.4629,292.1499,27672896.0
2018-09-04,288.9896,299.3483,288.814,297.2414,18025607.0
2018-09-05,291.6232,292.6766,283.7225,285.1271,31479425.0
2018-09-06,277.4019,283.3713,273.8905,276.1729,44287451.0
2018-09-07,274.9439,280.5622,271.7837,278.1042,39938047.0
2018-09-10,279.8599,282.6691,273.7149,275.2951,24847539.0
2018-09-11,275.2951,275.6462,269.6768,270.3791,29972185.0
2018-09-12,273.8905,274.2417,267.9211,270.7302,23489734.0
2018-09-13,276.3485,284.2492,275.6462,284.2492,30836213.0
2018-09-14,289.6919,291.272,287.9362,289.6919,26428478.0
2018-09-17,285.3026,286.1805,279.6844,280.2111,18863537.0
2018-09-18,276.5241,283.8981,273.0127,279.1576,24482875.0
2018-09-19,280.9134,286.8828,280.2111,282.3179,20774346.0
2018-09-20,288.814,288.814,281.9668,284.6003,19471441.0
2018-09-21,287.585,293.5545,286.1805,293.5545,30123052.0
2018-09-24,291.6232,291.7987,286.1805,287.7606,18537726.0
2018-09-26,290.9209,291.9743,287.9362,289.6919,23118115.0
2018-09-27,292.501,292.501,282.4935,285.6538,19972795.0
2018-09-28,287.585,287.585,281.9668,283.7225,16420799.0
2018-10-02,285.3026,285.3026,276.5241,278.2798,21722687.0
2018-10-03,274.7684,280.5622,274.7684,277.4019,13143988.0
2018-10-04,276.8752,276.8752,269.5012,270.7302,22449211.0
2018-10-05,267.7455,270.2035,265.4631,267.7455,21377602.0
2018-10-08,268.4478,269.3257,262.4784,262.4784,22217251.0
2018-10-09,263.3563,264.5853,257.9136,257.9136,26099026.0
2018-10-10,258.0891,260.5471,250.7152,251.4174,33300721.0
2018-10-11,240.5321,241.0588,232.6314,234.3871,67626040.0
2018-10-12,243.1656,254.2266,239.6542,253.1732,54416265.0
2018-10-15,255.9823,255.9823,244.0435,248.2572,27588752.0
2018-10-16,248.6083,249.135,239.8298,247.0282,25111529.0
2018-10-18,251.0663,251.0663,240.0053,246.677,21982489.0
2018-10-19,241.5855,251.2419,240.0053,247.5549,25231456.0
2018-10-22,247.5549,257.9136,246.3259,255.6312,28245575.0
2018-10-23,257.2113,257.2113,243.1656,243.8679,30960896.0
2018-10-24,248.0816,250.0129,238.7763,242.1122,26379754.0
2018-10-25,234.2115,237.0206,232.6314,236.1428,31111906.0
2018-10-26,236.1428,236.8451,227.7154,228.2421,26383457.0
2018-10-29,232.2802,232.2802,223.8528,228.2421,24019681.0
2018-10-30,224.7307,226.4864,220.6926,221.3948,29484819.0
2018-10-31,225.7841,234.3871,225.2574,234.3871,34358127.0
2018-11-01,241.4099,248.6083,238.2496,243.8679,41075613.0
2018-11-02,258.967,266.6921,254.051,266.5165,66912440.0
2018-11-05,258.6159,260.196,251.7686,256.6846,27220707.0
2018-11-06,258.7914,258.7914,251.0663,256.3334,23335427.0
2018-11-07,257.5624,264.9364,251.0663,257.5624,25726022.0
2018-11-08,264.2341,264.7608,256.3334,257.738,30646347.0
2018-11-09,252.4709,252.4709,244.219,245.0969,28764444.0
2018-11-12,241.7611,242.99,237.0206,237.5474,27299303.0
2018-11-13,229.9978,241.7611,228.2421,240.8832,33466976.0
2018-11-14,242.2878,242.8145,237.1962,238.9519,21334990.0
2018-11-15,249.3106,253.5243,243.6923,252.822,46024464.0
2018-11-16,254.5777,255.8067,250.8907,254.9289,25920320.0
2018-11-19,257.2113,258.7914,254.051,255.6312,18040808.0
2018-11-20,249.4862,250.1885,246.5015,247.2037,17061588.0
2018-11-21,243.5168,255.8067,243.1656,254.2266,22357879.0
2018-11-22,259.1426,261.2494,255.1044,258.967,19959478.0
2018-11-23,257.2113,258.6159,252.2953,255.6312,12015790.0
2018-11-26,257.2113,262.1273,256.1579,261.6006,15160911.0
2018-11-27,262.8296,266.6921,260.196,266.6921,27363126.0
2018-11-28,269.5012,276.5241,267.57,276.3485,34384748.0
2018-11-29,280.9134,281.6156,271.4325,273.8905,38087387.0
2018-11-30,274.5928,276.5241,270.7302,273.8905,23164493.0
2018-12-03,287.9362,288.1118,280.9134,285.1271,35143989.0
2018-12-04,286.356,288.2873,281.0889,288.2873,25224551.0
2018-12-05,279.1576,284.2492,277.4019,281.7912,26006699.0
2018-12-06,274.0661,278.1042,266.6921,267.0433,31464150.0
2018-12-07,267.57,275.4707,267.57,272.6615,30969630.0
2018-12-10,267.0433,271.257,266.5165,270.3791,17471804.0
2018-12-11,271.9592,275.2951,270.5547,273.1882,17052744.0
2018-12-12,277.4019,279.8599,276.1729,278.1042,16057644.0
2018-12-13,279.1576,281.6156,278.1042,279.6844,14133698.0
2018-12-14,273.1882,274.2417,270.2035,271.0814,17041560.0
2018-12-17,272.8371,272.8371,268.0967,271.0814,13791123.0
2018-12-18,265.4631,268.2723,263.5318,265.8143,18770121.0
2018-12-19,264.2341,267.57,264.0586,265.9898,14666479.0
2018-12-20,263.5318,267.7455,263.0051,264.7608,16290305.0
2018-12-21,261.7761,279.6844,260.7227,276.6997,41628409.0
2018-12-24,276.6997,276.6997,270.9058,272.6615,14579845.0
2018-12-27,273.8905,278.1042,269.5012,271.7837,17646140.0
2018-12-28,273.0127,274.5928,270.7302,272.1348,11541991.0
2018-12-31,272.1348,278.4554,272.1348,275.6462,9891851.0
2019-01-02,276.5241,276.5241,268.799,269.1501,15721297.0
2019-01-03,266.8677,271.6081,265.8143,267.7455,16420034.0
2019-01-04,263.7074,273.0127,263.7074,272.6615,19329055.0
2019-01-07,279.1576,279.8599,275.2951,278.8065,24890962.0
2019-01-08,279.1576,279.6844,273.8905,277.0508,16264928.0
2019-01-09,280.7378,287.585,280.3866,287.585,31878589.0
2019-01-10,288.814,289.5163,283.7225,288.814,24908010.0
2019-01-11,290.3942,293.73,288.9896,290.7453,20145214.0
2019-01-14,289.3408,289.3408,281.0889,282.4935,18977242.0
2019-01-15,285.3026,290.3942,283.7225,289.6919,16953757.0
2019-01-16,289.6919,290.5697,285.4782,290.5697,16392202.0
2019-01-17,294.0812,296.7147,290.2186,290.7453,23148086.0
2019-01-18,294.0812,296.5392,293.0277,295.8369,15656802.0
2019-01-21,296.7147,302.333,295.1346,298.4704,19062984.0
2019-01-22,300.2261,300.2261,290.3942,294.7834,21039177.0
2019-01-23,290.2186,294.6079,290.2186,292.501,16410980.0
2019-01-24,291.6232,292.3255,286.8828,289.8675,17113453.0
2019-01-25,294.0812,301.8063,292.6766,301.8063,31534946.0
2019-01-28,302.333,306.3711,298.8216,299.875,22241461.0
2019-01-29,297.7682,300.9284,295.6613,300.5773,15798763.0
2019-01-30,300.2261,302.1574,297.5926,302.1574,13088458.0
2019-01-31,307.0734,308.1268,303.0353,303.7376,24188407.0
2019-02-01,309.0047,309.0047,303.2108,305.4933,13972725.0
2019-02-04,306.3711,306.3711,302.6841,305.1421,5855460.0
2019-02-08,301.2796,304.9666,296.7147,303.3864,14903478.0
2019-02-11,303.7376,309.707,301.8063,309.0047,17350791.0
2019-02-12,307.9513,309.8825,305.6688,308.478,15005092.0
2019-02-13,306.5467,307.6001,303.2108,305.3177,22880021.0
2019-02-14,303.3864,303.562,298.9971,300.0506,19274742.0
2019-02-15,296.7147,298.4704,290.7453,293.0277,18555426.0
2019-02-18,294.0812,299.6994,294.0812,298.2949,12040177.0
2019-02-19,300.0506,301.8063,295.6613,295.6613,9309584.0
2019-02-20,298.4704,302.1574,293.9056,299.3483,17102440.0
2019-02-21,297.5926,301.8063,297.417,301.2796,11802629.0
2019-02-22,297.0659,301.9819,296.8903,301.9819,13745950.0
2019-02-25,305.4933,306.1956,299.875,301.8063,17178146.0
2019-02-26,302.8597,303.0353,298.2949,301.104,13827959.0
2019-02-27,301.104,302.6841,297.5926,298.646,15784631.0
2019-02-28,300.2261,300.7529,293.73,294.7834,18723997.0
2019-03-01,296.188,299.3483,292.6766,295.1346,17006913.0
2019-03-04,295.8369,306.02,294.0812,304.4398,28589024.0
2019-03-05,303.562,317.7832,301.8063,317.2565,36623409.0
2019-03-06,320.5924,324.8061,315.3252,317.7832,29873868.0
2019-03-07,317.6077,317.6077,310.0581,311.8138,17270705.0
2019-03-08,305.4933,308.6535,301.2796,304.6154,25866691.0
2019-03-11,307.249,313.0428,304.9666,311.4627,18392591.0
2019-03-12,318.6611,318.6611,314.623,316.9054,16382668.0
2019-03-13,314.623,316.5542,312.5161,314.623,12119730.0
2019-03-14,314.623,316.5542,312.6917,313.9207,12053400.0
2019-03-15,314.7985,319.1878,313.5695,315.1497,16073845.0
2019-03-18,317.0809,323.7526,316.7298,323.7526,19482780.0
2019-03-19,322.5236,324.8061,321.4702,324.8061,15395110.0
2019-03-20,324.2794,325.8595,322.1725,324.8061,16162580.0
2019-03-21,323.0504,325.3328,317.6077,318.6611,21176941.0
2019-03-22,318.6611,324.4549,313.9207,320.4168,25419228.0
2019-03-25,309.707,312.6917,308.8291,310.5848,20850523.0
2019-03-26,310.4093,312.5161,304.6154,308.478,16227292.0
2019-03-27,307.249,314.2718,307.249,311.2871,13588869.0
2019-03-28,309.8825,311.1115,307.9513,310.7604,10974495.0
2019-03-29,312.5161,317.6077,310.7604,316.9054,17603625.0
2019-04-01,322.8748,323.0504,320.2412,320.4168,14798725.0
2019-04-02,324.8061,324.8061,320.7679,321.2946,13395056.0
2019-04-03,326.5618,333.0579,323.9282,331.8289,27663576.0
2019-04-04,330.0732,333.2335,327.4396,330.0732,13704181.0
2019-04-08,333.5846,334.9892,330.4243,333.7602,16256581.0
2019-04-09,329.8976,336.9205,329.8976,336.7449,14580090.0
2019-04-10,336.2182,341.8364,333.409,341.3097,15552576.0
2019-04-11,347.6303,351.4928,343.241,343.5921,33601497.0
2019-04-12,342.3631,345.699,340.0807,345.699,12791161.0
2019-04-15,347.2791,349.7371,340.783,340.783,14001061.0
2019-04-16,342.3631,345.8746,337.9739,345.5234,13024291.0
2019-04-17,345.5234,349.2104,344.6456,347.2791,12785801.0
2019-04-18,344.9967,347.2791,341.1342,343.7677,13142202.0
2019-04-23,343.9433,347.2791,341.4853,344.9967,13309338.0
2019-04-24,349.2104,349.2104,342.3631,344.9967,15219647.0
2019-04-25,342.3631,343.9433,335.867,336.0426,15543878.0
2019-04-26,333.5846,338.6762,333.5846,337.096,12886453.0
2019-04-29,337.096,343.9433,337.096,342.8899,13451044.0
2019-04-30,338.8517,342.7143,337.4472,340.6074,9657162.0
2019-05-02,342.3631,343.5921,337.096,343.5921,9045685.0
2019-05-03,339.9052,342.012,337.6227,340.4319,9661796.0
2019-05-06,327.4396,331.3022,324.9816,329.722,22726831.0
2019-05-07,330.2488,334.638,328.3175,334.2869,17287049.0
2019-05-08,332.7068,346.7524,330.4243,337.7983,34223197.0
2019-05-09,337.7983,340.2563,329.722,329.722,19800539.0
2019-05-10,331.3022,340.4319,329.1953,335.3403,25923621.0
2019-05-14,323.9282,330.951,323.9282,325.3328,26493139.0
2019-05-15,328.1419,332.18,327.6152,328.3175,16344765.0
2019-05-16,322.1725,330.0732,320.9435,320.9435,22999863.0
2019-05-17,323.2322,323.5843,312.493,313.1972,22936991.0
2019-05-20,307.7396,310.3804,301.0496,301.0496,26871329.0
2019-05-21,298.2327,306.5072,296.4722,300.3454,22726295.0
2019-05-22,298.937,301.5777,296.8243,298.4088,19217841.0
2019-05-23,294.8878,296.2962,284.5007,286.9654,36976879.0
2019-05-24,288.5499,292.9512,285.733,285.9091,21404288.0
2019-05-27,282.9162,289.2541,278.867,285.0288,19797153.0
2019-05-28,285.2049,292.5991,284.8528,286.6133,28960336.0
2019-05-29,282.7401,288.3738,282.7401,283.4443,19971599.0
2019-05-30,286.4372,286.9654,283.0922,285.557,12992745.0
2019-05-31,285.2049,291.8949,285.0288,286.9654,18980287.0
2019-06-03,290.3104,293.6554,288.0217,293.6554,20420961.0
2019-06-04,293.1272,293.6554,287.1414,288.0217,19665110.0
2019-06-05,295.0638,295.592,288.5499,291.3667,18268207.0
2019-06-06,292.247,292.9512,286.9654,290.8385,12392764.0
2019-06-10,294.8878,302.6341,294.1835,301.9298,23888423.0
2019-06-11,302.458,303.6904,300.3454,303.3383,17865553.0
2019-06-12,300.8735,301.2256,295.0638,297.0004,17538487.0
2019-06-13,295.2399,295.768,288.0217,294.1835,20320099.0
2019-06-14,294.5356,296.4722,289.7822,290.4864,14066039.0
2019-06-17,292.0709,295.2399,289.2541,289.6062,10592982.0
2019-06-18,293.1272,296.1201,290.4864,294.0075,11970079.0
2019-06-19,302.8101,306.1551,301.0496,305.6269,23558956.0
2019-06-20,307.2114,311.6127,306.3312,311.6127,19226151.0
2019-06-21,314.6056,314.6056,307.2114,311.9648,20111025.0
2019-06-24,312.1409,314.6056,310.2043,313.1972,10648069.0
2019-06-25,311.6127,312.3169,306.3312,307.5635,11468559.0
2019-06-26,301.9298,308.6198,301.9298,307.2114,10660430.0
2019-06-27,308.4438,312.1409,308.4438,310.5564,11289540.0
2019-06-28,310.7325,310.7325,306.8593,310.3804,12773981.0
2019-07-02,323.7603,323.7603,317.0704,319.0069,22510870.0
2019-07-03,316.7182,317.5985,314.4296,317.2464,10362622.0
2019-07-04,317.7746,320.5914,316.1901,316.8943,6813628.0
2019-07-05,316.8943,317.7746,314.7817,316.7182,5126913.0
2019-07-08,312.493,313.1972,308.9719,308.9719,10023962.0
2019-07-09,308.4438,309.324,305.4509,308.7959,9658204.0
2019-07-10,309.8522,314.6056,309.8522,314.0775,12865621.0
2019-07-11,313.9014,317.5985,313.3733,314.4296,8907307.0
2019-07-12,316.8943,316.8943,312.3169,312.493,8286973.0
2019-07-15,313.3733,317.5985,307.9156,317.5985,11809455.0
2019-07-16,320.9435,320.9435,317.7746,319.183,10418687.0
2019-07-17,316.5422,320.7675,315.6619,319.7111,9651769.0
2019-07-18,316.8943,317.9506,313.9014,313.9014,10489401.0
2019-07-19,315.1338,319.5351,314.9577,318.4788,8054720.0
2019-07-22,316.014,318.1267,313.1972,314.7817,8674217.0
2019-07-23,314.6056,317.2464,313.3733,315.6619,8762748.0
2019-07-24,319.5351,325.6969,317.9506,321.8238,17751719.0
2019-07-25,326.5772,328.5138,324.6406,327.8095,13937749.0
2019-07-26,326.2251,330.9785,325.1688,325.873,11652441.0
2019-07-29,323.7603,328.5138,323.7603,327.6335,11280011.0
2019-07-30,327.4574,332.563,326.7532,328.5138,10540964.0
2019-07-31,324.8167,327.8095,323.0561,324.1124,10495521.0
2019-08-01,327.8095,329.0419,323.9364,325.6969,12378256.0
2019-08-02,317.7746,318.6548,312.669,313.1972,25277955.0
2019-08-05,308.0917,308.9719,299.8172,299.8172,30561976.0
2019-08-06,290.4864,301.0496,288.902,296.8243,31256564.0
2019-08-07,296.8243,301.0496,295.768,298.0567,15153029.0
2019-08-08,300.1693,304.7467,299.8172,301.4017,15459615.0
2019-08-09,305.0988,305.4509,297.8806,297.8806,13743977.0
2019-08-12,298.4088,302.8101,298.2327,299.2891,12343341.0
2019-08-13,296.1201,298.7609,294.0075,294.0075,13152402.0
2019-08-14,301.9298,303.6904,297.0004,299.2891,17481734.0
2019-08-15,287.6696,294.7117,286.7893,290.8385,30008735.0
2019-08-16,288.0217,289.9583,286.9654,287.3175,23731488.0
2019-08-19,291.1907,297.8806,291.1907,296.4722,21800145.0
2019-08-20,296.8243,299.113,293.4793,293.4793,15516860.0
2019-08-21,293.1272,295.9441,292.5991,292.7751,10428368.0
2019-08-22,294.8878,295.4159,291.3667,291.3667,10524994.0
2019-08-23,291.7188,295.768,290.4864,294.1835,11801354.0
2019-08-26,284.3246,286.9654,282.212,286.9654,22762840.0
2019-08-27,285.2049,288.5499,285.2049,287.1414,17918758.0
2019-08-28,286.4372,287.8457,279.9233,280.8036,22634739.0
2019-08-29,279.9233,282.212,274.8178,281.8599,25031076.0
2019-08-30,287.8457,288.0217,282.5641,285.9091,19417590.0
2019-09-02,288.3738,291.8949,286.0851,291.5428,16957154.0
2019-09-03,293.1272,293.8314,289.078,289.7822,13962630.0
2019-09-04,293.3033,300.8735,293.1272,300.3454,22337389.0
2019-09-05,303.6904,304.5706,295.592,300.5214,18125571.0
2019-09-06,302.8101,303.6904,298.937,302.282,13446348.0
2019-09-09,304.3946,304.5706,299.2891,301.4017,8805778.0
2019-09-10,302.8101,303.6904,298.2327,299.4651,10676488.0
2019-09-11,300.1693,306.1551,298.7609,304.5706,15794903.0
2019-09-12,308.2677,308.9719,305.6269,307.5635,15302176.0
2019-09-13,308.0917,308.6198,305.0988,307.7396,9936410.0
2019-09-16,304.5706,305.0988,299.113,305.0988,23372263.0
2019-09-17,302.1059,304.0425,299.8172,302.458,9225687.0
2019-09-18,302.8101,304.2185,300.6975,301.9298,7335407.0
2019-09-19,301.5777,302.1059,297.5285,297.8806,9437921.0
2019-09-20,299.9933,299.9933,294.1835,297.1764,19281922.0
2019-09-23,296.1201,297.8806,295.0638,295.592,8307566.0
2019-09-24,294.8878,297.7046,294.1835,295.4159,10719005.0
2019-09-25,291.3667,292.5991,288.7259,289.078,17433778.0
2019-09-26,295.2399,295.2399,290.4864,292.5991,12445742.0
2019-09-27,290.4864,291.7188,289.2541,289.9583,10822038.0
2019-09-30,285.2049,292.5991,284.6767,290.6625,14689552.0
2019-10-02,284.5007,287.4936,284.5007,286.0851,17282236.0
2019-10-03,284.5007,286.9654,283.4443,286.2612,15825550.0
2019-10-04,287.6696,287.8457,281.6838,284.1486,12610140.0
2019-10-08,283.4443,288.3738,283.4443,285.0288,15282570.0
2019-10-09,283.0922,284.5007,280.0994,280.0994,17689295.0
2019-10-10,281.1557,283.9725,279.3951,280.6275,16487008.0
2019-10-11,285.2049,288.7259,284.3246,285.9091,19605498.0
2019-10-14,287.8457,291.0146,285.2049,288.902,24011589.0
2019-10-15,289.9583,291.8949,288.3738,289.4301,14202519.0
2019-10-16,290.4864,292.247,288.7259,291.3667,13953191.0
2019-10-17,292.9512,292.9512,289.078,291.3667,10339120.0
2019-10-18,292.247,294.1835,290.6625,291.3667,9904468.0
2019-10-21,290.1343,290.6625,285.9091,285.9091,13947162.0
2019-10-22,286.0851,288.5499,285.9091,288.3738,10448427.0
2019-10-23,285.9091,286.7893,281.3317,281.6838,19855257.0
2019-10-24,280.8036,282.212,278.6909,280.8036,18472498.0
2019-10-25,282.0359,282.0359,278.6909,278.6909,15789881.0
2019-10-28,278.5149,284.8528,278.3388,283.4443,17610356.0
2019-10-29,284.3246,285.0288,279.043,279.043,19927333.0
2019-10-30,278.1628,281.1557,276.9304,278.3388,13194838.0
2019-10-31,282.5641,283.4443,280.2754,282.388,16107518.0
2019-11-01,281.3317,283.6204,280.6275,283.0922,10404101.0
2019-11-04,283.4443,288.5499,283.4443,288.3738,14776025.0
2019-11-05,290.4864,294.0075,288.1978,293.1272,22748099.0
2019-11-06,293.3033,294.7117,291.5428,294.0075,12428539.0
2019-11-07,293.1272,293.6554,287.6696,293.6554,15533405.0
2019-11-08,294.8878,295.0638,287.1414,288.0217,16655874.0
2019-11-11,287.8457,288.0217,283.4443,284.3246,15086985.0
2019-11-12,287.3175,290.6625,286.2612,290.6625,15908142.0
2019-11-13,291.8949,291.8949,286.4372,288.1978,15928263.0
2019-11-14,281.6838,285.0288,279.9233,281.5078,25690697.0
2019-11-15,284.3246,284.3246,280.6275,281.6838,13587498.0
2019-11-18,283.4443,290.4864,282.388,290.4864,25786661.0
2019-11-19,293.1272,296.2962,290.8385,296.2962,24637015.0
2019-11-20,295.4159,297.1764,292.7751,295.4159,13744314.0
2019-11-21,292.247,292.247,288.7259,289.9583,13344246.0
2019-11-22,292.5991,293.8314,290.4864,293.6554,10664922.0
2019-11-25,300.8735,300.8735,297.3525,298.2327,17927101.0
2019-11-26,300.1693,301.0496,293.8314,295.4159,29438082.0
2019-11-27,296.6483,298.2327,294.0075,294.8878,11211983.0
2019-11-28,294.8878,299.4651,293.6554,297.5285,18192478.0
2019-11-29,294.1835,295.0638,289.6062,292.0709,13808549.0
2019-12-02,294.8878,294.8878,291.8949,293.1272,10195685.0
2019-12-03,289.6062,292.7751,287.4936,291.3667,12735550.0
2019-12-04,288.5499,289.9583,286.4372,289.2541,12262656.0
2019-12-05,293.6554,293.6554,289.6062,290.4864,11697752.0
2019-12-06,293.6554,296.1201,292.423,295.4159,15638497.0
2019-12-09,294.8878,297.3525,293.8314,295.9441,9839548.0
2019-12-10,293.3033,298.2327,292.9512,296.4722,10472081.0
2019-12-11,298.4088,299.6412,296.6483,299.2891,12535555.0
2019-12-12,303.5143,309.324,302.458,307.2114,33282651.0
2019-12-13,316.8943,318.4788,313.9014,317.7746,32786878.0
2019-12-16,319.359,320.7675,315.1338,316.7182,19238938.0
2019-12-17,324.1124,328.3377,319.8872,326.7532,32557133.0
2019-12-18,334.4995,334.4995,328.5138,332.3869,31560449.0
2019-12-19,329.7461,330.6264,326.049,330.6264,18441112.0
2019-12-20,332.739,332.739,327.6335,330.2743,21656659.0
2019-12-23,332.739,332.739,329.0419,332.563,11672033.0
2019-12-24,333.6193,334.3235,331.6827,331.6827,6360485.0
2019-12-27,333.4432,339.253,332.9151,338.0206,19180036.0
2019-12-30,335.7319,338.5487,335.5559,337.3164,14328612.0
2019-12-31,333.6193,334.6756,329.7461,330.6264,10378526.0
2020-01-02,330.8024,338.7248,330.6264,336.6122,13991006.0
2020-01-03,341.5416,343.3022,335.5559,337.1403,15313106.0
2020-01-06,334.4995,334.4995,330.4503,332.2109,12123194.0
2020-01-07,335.2037,341.3656,334.4995,339.429,17686346.0
2020-01-08,336.6122,339.6051,333.7953,336.2601,15529153.0
2020-01-09,343.3022,343.3022,340.6614,343.3022,15946820.0
2020-01-10,347.5274,351.4006,345.0627,350.8724,25292041.0
2020-01-13,352.1048,357.7385,349.8161,357.7385,27570261.0
2020-01-14,360.9074,363.5482,349.1119,352.4569,26827634.0
2020-01-15,349.64,354.7456,348.7598,351.0485,15938138.0
2020-01-16,351.2245,354.7456,348.9358,352.1048,13770626.0
2020-01-17,352.1048,352.6329,348.5837,351.2245,13670846.0
2020-01-20,356.5061,356.5061,348.5837,348.5837,13282412.0
2020-01-21,347.7035,347.7035,337.4924,339.253,24173392.0
2020-01-22,341.0135,345.7669,336.7882,344.1824,18682305.0
2020-01-23,342.9501,343.1261,333.6193,339.429,18621253.0
2020-01-24,340.6614,342.0698,337.4924,339.6051,8050690.0
2020-01-29,338.1966,342.9501,335.3798,337.3164,31761022.0
2020-01-30,339.7811,342.4219,325.873,330.0982,24946774.0
2020-01-31,334.6756,338.7248,326.9293,328.3377,20299052.0
2020-02-03,332.739,337.3164,325.3448,334.4995,28678448.0
2020-02-04,343.3022,346.4711,338.7248,345.9429,28433595.0
2020-02-05,352.1048,352.1048,341.0135,345.2387,22398578.0
2020-02-06,350.3443,352.1048,345.2387,352.1048,17792132.0
2020-02-07,351.4006,354.2174,347.3514,354.2174,14896702.0
2020-02-10,348.2316,352.985,347.7035,352.6329,16463493.0
2020-02-11,356.5061,361.7877,355.2737,360.0271,23184178.0
2020-02-12,360.9074,364.0763,359.3229,361.7877,17702662.0
2020-02-13,366.189,366.7171,363.7242,366.5411,17862969.0
2020-02-14,365.3087,369.71,363.9003,365.3087,13887305.0
2020-02-17,361.4356,369.534,361.0834,366.7171,10679538.0
2020-02-18,363.5482,364.7805,358.6187,359.3229,13033177.0
2020-02-19,360.9074,364.9566,359.675,362.1398,12501005.0
2020-02-20,366.189,366.189,357.0342,360.9074,16582652.0
2020-02-21,357.3863,359.499,352.1048,352.985,17446042.0
2020-02-24,346.119,348.4077,343.3022,343.6543,23182425.0
2020-02-25,344.0064,354.5695,343.6543,353.5132,24081019.0
2020-02-26,349.9921,355.4498,348.2316,351.7527,18326061.0
2020-02-27,351.2245,353.5132,347.1753,351.4006,19178474.0
2020-02-28,344.5345,344.8866,338.3727,339.7811,31915446.0
2020-03-02,338.5487,347.3514,338.5487,342.9501,23089586.0
2020-03-03,345.9429,351.0485,345.9429,346.8232,21808968.0
2020-03-04,348.5837,348.5837,344.0064,346.8232,19557990.0
2020-03-05,350.3443,358.0906,346.8232,357.5624,27046138.0
2020-03-06,350.3443,352.2808,347.7035,348.4077,30386573.0
2020-03-09,334.4995,338.9008,328.8659,332.2109,36123868.0
2020-03-10,336.2601,342.774,330.9785,337.1403,31903957.0
2020-03-11,337.1403,338.5487,331.8588,333.0911,20448218.0
2020-03-12,323.9364,325.1688,318.4788,320.0632,38041810.0
2020-03-13,295.768,323.9364,295.768,321.2956,57393066.0
2020-03-16,313.3733,314.9577,296.6483,300.8735,49707672.0
2020-03-17,300.8735,312.3169,297.5285,307.9156,42149378.0
2020-03-18,301.9298,312.669,290.4864,294.0075,44397013.0
2020-03-19,301.9298,308.6198,286.2612,301.9298,59750190.0
2020-03-20,312.493,320.7675,307.3875,316.5422,52299073.0
2020-03-23,299.4651,316.3661,299.4651,306.3312,38694210.0
2020-03-24,317.7746,323.7603,315.1338,321.4717,36613469.0
2020-03-25,330.0982,335.908,328.6898,334.4995,36226858.0
2020-03-26,339.7811,339.7811,330.9785,336.084,29318892.0
2020-03-27,343.3022,343.3022,336.084,336.6122,28738698.0
2020-03-30,327.2814,334.4995,327.1053,331.5066,21838731.0
2020-03-31,339.0769,339.7811,326.4011,334.6756,22201304.0
2020-04-01,337.6685,337.6685,327.8095,329.5701,23621274.0
2020-04-02,325.6969,334.3235,325.3448,334.3235,12125930.0
2020-04-03,327.4574,331.3306,327.4574,331.3306,14274200.0
2020-04-06,334.4995,338.0206,331.5066,335.7319,13869052.0
2020-04-07,341.1895,341.1895,336.2601,341.1895,18917053.0
2020-04-08,341.3656,341.3656,336.7882,338.9008,15181347.0
2020-04-09,343.3022,344.5345,340.3093,344.5345,15695986.0
2020-04-14,348.5837,349.9921,345.4148,347.7035,26198961.0
2020-04-15,352.6329,352.6329,347.7035,347.7035,20507375.0
2020-04-16,351.2245,358.0906,347.7035,358.0906,28850995.0
2020-04-17,367.0692,369.3579,357.5624,360.5553,29626871.0
2020-04-20,360.5553,361.7877,357.9145,359.675,15337344.0
2020-04-21,361.2595,361.2595,349.1119,352.6329,20825176.0
2020-04-22,349.464,360.7313,348.5837,360.3792,17154222.0
2020-04-23,360.9074,365.3087,358.6187,362.3158,17807176.0
2020-04-24,356.5061,361.2595,355.9779,357.7385,12501504.0
2020-04-27,363.3721,365.3087,361.0834,363.5482,15666254.0
2020-04-28,365.3087,367.2453,363.02,367.2453,13114086.0
2020-04-29,367.9495,368.8298,364.0763,367.0692,13274008.0
2020-05-04,359.8511,359.8511,352.1048,352.1048,24638326.0
2020-05-05,353.1611,358.7948,352.6329,357.3863,12583081.0
2020-05-06,357.9145,362.844,357.2103,360.9074,19797850.0
2020-05-07,362.3158,362.3158,358.4427,358.4427,12298259.0
2020-05-08,363.1961,368.1255,362.3158,368.1255,22019272.0
2020-05-11,374.1113,382.9139,372.879,382.9139,33457407.0
2020-05-12,376.9282,382.7379,374.8155,379.3929,22037699.0
2020-05-13,376.9282,385.7308,375.1676,378.1605,24275797.0
2020-05-14,390.8363,393.4771,375.5197,379.0408,32929988.0
2020-05-15,379.5704,384.5137,370.7432,371.8025,24590944.0
2020-05-18,369.8605,375.5099,367.9185,373.3914,20585062.0
2020-05-19,379.747,382.2186,375.6864,379.5704,19839689.0
2020-05-20,383.6309,388.3976,381.3359,388.3976,21245444.0
2020-05-21,385.2198,386.4557,380.8062,382.5717,18779513.0
2020-05-22,376.9223,376.9223,361.916,364.0345,37869791.0
2020-05-25,361.916,368.6247,358.3851,367.742,19950427.0
2020-05-26,372.8617,378.1581,370.037,375.5099,15998175.0
2020-05-27,373.5679,373.5679,365.6234,370.7432,20832345.0
2020-05-28,371.6259,371.6259,356.7962,360.3271,28940426.0
2020-05-29,358.2086,364.9172,356.6197,362.2691,29277964.0
2020-06-01,370.2136,379.3939,370.037,378.6877,22992560.0
2020-06-02,384.8668,384.8668,378.8642,379.9235,17846183.0
2020-06-03,384.8668,386.1026,376.2161,381.8655,20029115.0
2020-06-04,383.984,383.984,378.3346,383.984,18474128.0
2020-06-05,383.1013,383.2779,376.5692,383.2779,26529493.0
2020-06-08,383.984,384.6902,376.9223,379.5704,19719614.0
2020-06-09,381.3359,383.984,377.9815,382.9248,18496805.0
2020-06-10,385.7495,394.9298,384.6902,393.8705,33941613.0
2020-06-11,397.931,401.9916,390.1631,390.5162,26926939.0
2020-06-12,383.6309,392.2816,382.2186,389.2804,17460548.0
2020-06-15,383.984,392.2816,381.5124,382.7482,16009645.0
2020-06-16,396.6952,399.6965,393.1643,396.1656,22450726.0
2020-06-17,398.8138,400.4027,392.8113,397.7545,14077793.0
2020-06-18,399.3434,404.2866,392.9878,404.2866,18627367.0
2020-06-19,404.2866,410.9953,402.8743,406.4052,25331845.0
2020-06-22,406.0521,418.9398,405.3459,418.5867,25963341.0
2020-06-23,423.7065,440.1251,419.4695,439.0659,31328313.0
2020-06-24,443.1264,445.7746,433.2399,433.2399,23063468.0
2020-06-26,429.3559,435.1819,426.8843,428.1201,17878260.0
2020-06-29,424.5892,435.8881,424.5892,429.0029,22078976.0
2020-06-30,430.9448,441.361,430.9448,440.1251,22144458.0
2020-07-02,444.0091,458.1327,444.0091,457.6913,31784539.0
2020-07-03,459.0154,466.9599,451.5123,462.9876,21000756.0
2020-07-06,462.5463,466.9599,455.4845,459.0154,23259692.0
2020-07-07,458.1327,468.7253,451.9536,455.4845,25223637.0
2020-07-08,455.0431,482.4075,455.0431,479.318,27611987.0
2020-07-09,481.0834,497.8552,480.2007,496.9724,26065868.0
2020-07-10,484.6143,496.0897,481.9662,482.4075,23459574.0
2020-07-13,477.1112,490.7934,476.6698,477.5526,20035936.0
2020-07-14,466.9599,472.6976,456.8086,463.429,25841762.0
2020-07-15,475.3458,479.318,468.284,479.318,22169178.0
2020-07-16,475.7871,478.4353,451.0709,452.8363,27047086.0
2020-07-17,458.1327,467.8426,456.3672,459.8981,17564370.0
2020-07-20,459.8981,465.6358,452.8363,461.2222,12986886.0
2020-07-21,484.173,497.8552,480.2007,497.8552,29100071.0
2020-07-22,488.1452,496.9724,474.463,475.7871,20931057.0
2020-07-23,481.9662,492.1175,479.318,491.6761,19087975.0
2020-07-24,478.4353,482.8489,463.429,466.0772,28135030.0
2020-07-27,467.8426,474.9044,454.6018,459.0154,18687366.0
2020-07-28,472.2562,480.6421,466.9599,479.7594,21534552.0
2020-07-29,473.5803,478.8766,470.4908,477.9939,12483240.0
2020-07-30,482.8489,485.0557,469.6081,472.2562,13702876.0
2020-07-31,476.6698,485.4971,471.3735,471.3735,15632568.0
2020-08-03,473.1389,477.9939,466.0772,475.7871,18075999.0
2020-08-04,481.9662,491.2347,476.6698,485.4971,20181191.0
2020-08-05,492.1175,495.207,486.3798,495.207,15884977.0
2020-08-06,494.7656,497.8552,479.7594,490.352,20568693.0
2020-08-07,493.4416,493.4416,440.8313,465.6358,62117088.0
2020-08-10,450.1882,457.25,442.2437,443.1264,48583880.0
2020-08-11,451.0709,464.3117,450.1882,453.2777,25498516.0
2020-08-12,451.9536,461.6636,444.8918,459.4568,18944953.0
2020-08-13,466.0772,468.7253,450.1882,450.1882,27254634.0
2020-08-14,443.5678,453.7191,442.685,447.0987,17991410.0
2020-08-17,448.8641,454.6018,443.1264,445.3332,14790866.0
2020-08-18,454.6018,455.9259,449.3055,451.9536,13387278.0
2020-08-19,455.4845,459.0154,446.6573,446.6573,11096267.0
2020-08-20,448.4227,449.3055,443.1264,448.4227,14375595.0
2020-08-21,455.9259,462.9876,451.9536,457.25,18245052.0
2020-08-24,474.463,483.7316,472.2562,483.7316,27410112.0
2020-08-25,483.7316,484.6143,474.0217,480.6421,18013351.0
2020-08-26,488.5866,489.9107,481.9662,486.8211,15633424.0
2020-08-27,489.0279,494.3243,482.8489,492.5588,17032210.0
2020-08-28,489.0279,492.5588,477.1112,477.1112,22537720.0
2020-08-31,489.4693,489.4693,468.284,468.284,21605432.0
2020-09-01,474.463,482.8489,468.7253,475.7871,19767347.0
2020-09-02,489.9107,489.9107,479.7594,481.0834,14565280.0
2020-09-03,481.9662,484.173,470.4908,471.3735,17078694.0
2020-09-04,456.3672,462.9876,452.8363,457.25,33072898.0
2020-09-07,455.4845,462.9876,450.1882,451.0709,18039821.0
2020-09-08,456.3672,459.0154,443.1264,448.8641,18517667.0
2020-09-09,443.1264,448.8641,442.685,444.8918,17759577.0
2020-09-10,453.7191,457.6913,446.6573,446.6573,13682286.0
2020-09-11,449.3055,457.6913,447.0987,455.4845,12738928.0
2020-09-14,460.3395,474.463,457.6913,467.4013,19281617.0
2020-09-15,472.6976,475.3458,465.6358,467.4013,11319351.0
2020-09-16,474.9044,474.9044,468.284,471.8149,10186221.0
2020-09-17,472.2562,473.1389,460.7808,465.1945,11774020.0
2020-09-18,459.0154,463.429,450.6295,463.429,21697409.0
2020-09-21,460.7808,465.6358,451.9536,455.9259,10511440.0
2020-09-22,452.8363,457.6913,450.1882,451.5123,12546363.0
2020-09-23,451.9536,460.3395,450.1882,453.7191,12517681.0
2020-09-24,450.1882,451.9536,445.7746,445.7746,14346974.0
2020-09-25,450.1882,451.5123,443.1264,444.4505,13227131.0
2020-09-28,445.7746,449.7468,444.4505,446.6573,10939965.0
2020-09-29,454.6018,455.0431,446.2159,446.2159,11431318.0
2020-09-30,452.395,459.0154,449.3055,451.5123,10245124.0
2020-10-05,467.8426,467.8426,460.3395,463.429,18238541.0
2020-10-06,465.6358,467.4013,463.8704,465.6358,7850605.0
2020-10-07,467.8426,473.1389,464.7531,472.2562,11521712.0
2020-10-08,474.9044,474.9044,469.1667,472.2562,8128914.0
2020-10-09,474.463,481.0834,472.2562,476.2285,15192469.0
2020-10-12,481.0834,491.6761,479.7594,491.6761,18900366.0
2020-10-14,501.3861,506.6824,494.7656,506.241,25903930.0
2020-10-15,503.1515,503.1515,484.173,487.2625,15521653.0
2020-10-16,493.4416,497.4138,487.2625,491.6761,10324933.0
2020-10-19,496.0897,501.8274,493.0002,495.6484,9771820.0
2020-10-20,500.062,500.062,493.0002,498.2965,9946356.0
2020-10-21,501.8274,505.7997,496.0897,500.062,12213549.0
2020-10-22,499.6206,500.9447,488.1452,497.4138,12652343.0
2020-10-23,494.7656,498.2965,491.6761,495.6484,7553740.0
2020-10-27,498.7379,519.4819,494.7656,516.3923,28119254.0
2020-10-28,518.5991,533.164,515.5096,530.5159,24917543.0
2020-10-29,519.9232,541.9913,518.5991,534.0468,23050469.0
2020-10-30,526.985,538.4604,515.951,521.6887,24885040.0
2020-11-02,523.4541,532.7227,517.7164,530.9572,15507502.0
2020-11-03,526.985,532.7227,525.2195,527.8677,16977351.0
2020-11-04,506.6824,529.1918,506.241,519.4819,28464389.0
2020-11-05,538.4604,551.7012,537.5776,551.7012,25958683.0
2020-11-06,553.0253,553.4666,534.9295,542.4326,21350255.0
2020-11-09,556.5562,558.763,547.2876,549.4944,17343105.0
2020-11-10,536.6949,539.3431,516.3923,525.2195,36120280.0
2020-11-11,495.207,516.3923,486.3798,486.3798,66066996.0
2020-11-12,503.1515,517.275,503.1515,509.3305,32309427.0
2020-11-13,520.8059,531.3986,512.8614,531.3986,28455415.0
2020-11-16,529.6332,532.2813,516.8337,526.985,19389831.0
2020-11-17,526.1023,526.1023,513.3028,513.3028,19372101.0
2020-11-18,517.275,521.6887,511.9787,519.9232,13483128.0
2020-11-19,517.275,518.1578,505.7997,505.7997,15706593.0
2020-11-20,510.2133,522.5714,508.0065,519.0405,16568025.0
2020-11-23,528.7504,529.6332,517.275,517.275,20899493.0
2020-11-24,518.1578,520.8059,511.096,515.5096,15902803.0
2020-11-25,520.3646,524.3368,504.0342,505.7997,20604545.0
2020-11-26,510.6546,517.275,507.5651,517.275,11144124.0
2020-11-27,517.275,524.7782,514.6269,514.6269,11181079.0
2020-11-30,513.7442,515.951,496.9724,496.9724,32813194.0
2020-12-01,505.7997,512.8614,504.4756,510.2133,22221870.0
2020-12-02,515.951,515.951,501.3861,506.6824,13475083.0
2020-12-03,515.951,519.9232,511.5374,519.9232,15557202.0
2020-12-04,519.9232,523.4541,518.1578,519.4819,14363453.0
2020-12-07,523.0127,523.0127,511.5374,515.0682,12133321.0
2020-12-08,519.0405,521.2473,514.1855,514.6269,9762277.0
2020-12-09,521.6887,521.6887,514.6269,516.3923,9886397.0
2020-12-10,511.9787,514.1855,509.7719,510.2133,10228363.0
2020-12-11,520.8059,520.8059,514.1855,519.0405,12040557.0
2020-12-14,516.8337,516.8337,503.1515,504.0342,21177179.0
2020-12-15,504.0342,504.9169,494.3243,494.3243,23324922.0
2020-12-16,497.4138,504.4756,488.1452,504.4756,17315367.0
2020-12-17,511.9787,514.6269,506.6824,514.6269,13837248.0
2020-12-18,517.275,517.275,507.1237,511.9787,19205794.0
2020-12-21,512.4201,512.4201,504.0342,504.9169,13157070.0
2020-12-22,507.1237,510.2133,500.9447,505.3583,10269761.0
2020-12-23,501.3861,507.1237,500.062,504.0342,11391543.0
2020-12-24,503.1515,504.4756,490.7934,490.7934,13738600.0
2020-12-28,476.2285,478.4353,458.1327,458.1327,60559725.0
2020-12-29,467.8426,475.7871,464.3117,468.284,36250049.0
2020-12-30,478.4353,496.9724,475.7871,493.8829,29182959.0
2020-12-31,498.7379,502.2688,493.8829,497.8552,13196109.0
2021-01-04,492.5588,514.6269,492.1175,505.3583,20784101.0
2021-01-05,504.9169,517.7164,499.1792,515.0682,18668061.0
2021-01-06,516.3923,528.7504,516.3923,526.5436,25712527.0
2021-01-07,512.4201,515.951,501.8274,501.8274,39877643.0
2021-01-08,501.8274,510.2133,500.9447,505.7997,22863792.0
2021-01-11,512.8614,531.3986,512.8614,521.6887,38403073.0
2021-01-12,517.7164,526.5436,517.275,520.8059,20170790.0
2021-01-13,520.3646,531.84,519.4819,526.1023,22609570.0
2021-01-14,536.6949,555.6734,535.8122,555.6734,36613986.0
2021-01-15,555.6734,570.2384,545.5221,569.3556,30660064.0
2021-01-18,563.6179,589.2169,560.9698,579.9483,33502829.0
2021-01-19,587.0101,594.5132,572.0038,578.1829,30322011.0
2021-01-20,592.3064,600.2509,580.831,599.8095,36213541.0
2021-01-21,600.6923,617.9053,594.9546,602.4577,27754649.0
2021-01-22,609.0781,617.464,604.2232,609.9608,30329537.0
2021-01-25,624.0844,677.4891,620.1121,676.6064,46962411.0
2021-01-26,657.6278,661.1587,631.5875,634.2357,49968534.0
2021-01-27,632.0289,643.5043,616.5813,619.2294,37385988.0
2021-01-28,617.9053,635.1184,601.1336,601.1336,37289825.0
2021-01-29,613.4917,632.9116,601.575,601.575,33974509.0
2021-02-01,616.1399,642.1802,616.1399,628.498,28643429.0
2021-02-02,653.2142,660.276,638.6493,639.532,26327061.0
2021-02-03,647.9179,652.7729,638.2079,649.6833,16979833.0
2021-02-04,639.9734,655.421,627.1739,649.242,23639193.0
2021-02-05,660.276,668.2205,646.5938,647.0352,18664841.0
2021-02-08,660.276,662.0414,648.8006,650.1247,14818290.0
2021-02-09,658.0692,660.7174,650.5661,653.6556,10651844.0
2021-02-10,669.9859,679.6959,663.3655,671.7514,16924664.0
2021-02-11,673.5168,673.5168,661.1587,668.2205,10260559.0
2021-02-16,673.0755,676.6064,654.0969,657.6278,23579965.0
2021-02-17,654.0969,673.5168,644.8284,668.6619,16036516.0
2021-02-18,677.0477,684.5508,657.6278,659.8346,24241947.0
2021-02-19,659.3933,659.8346,640.8561,654.0969,22589560.0
2021-02-22,661.6001,661.6001,627.6153,629.8221,27296535.0
2021-02-23,615.2572,637.3252,615.2572,624.0844,26933971.0
2021-02-24,626.2912,631.5875,600.2509,606.43,41585608.0
2021-02-25,617.9053,632.9116,610.4022,610.4022,24008360.0
2021-02-26,590.541,605.9886,584.8033,584.8033,37077103.0
2021-03-01,610.8436,615.2572,599.3682,615.2572,27079038.0
2021-03-02,628.498,637.3252,611.2849,616.1399,23080003.0
2021-03-03,616.1399,638.2079,609.0781,638.2079,18285294.0
2021-03-04,619.6708,626.2912,609.0781,609.0781,24497606.0
2021-03-05,590.0996,613.4917,588.7755,599.3682,27137066.0
2021-03-08,603.3404,608.1954,565.8248,567.1488,36233199.0
2021-03-09,557.8803,586.5687,541.1085,568.4729,38805403.0
2021-03-10,591.4237,591.4237,575.5347,581.2724,23255672.0
2021-03-11,581.2724,603.3404,580.3897,600.6923,20972740.0
2021-03-12,612.609,613.0504,571.5624,574.2106,25985928.0
2021-03-15,573.7692,576.4174,548.1703,554.3494,35012854.0
2021-03-16,564.0593,568.0316,551.7012,556.5562,19543472.0
2021-03-17,551.2598,564.0593,549.053,551.2598,19099051.0
2021-03-18,560.5284,575.0933,557.8803,565.3834,22362704.0
2021-03-19,554.3494,563.6179,550.8185,554.3494,22540279.0
2021-03-22,556.5562,568.0316,555.6734,559.2043,14012535.0
2021-03-23,568.9143,568.9143,553.0253,554.7907,14607658.0
2021-03-24,556.9975,562.7352,543.7567,550.3771,18048966.0
2021-03-25,529.6332,549.053,519.4819,534.9295,44289707.0
2021-03-26,534.9295,557.8803,534.4881,549.053,24489458.0
2021-03-29,547.2876,549.053,530.0745,540.2258,29008349.0
2021-03-30,541.5499,548.1703,535.3708,538.019,20556407.0
2021-03-31,545.5221,548.6117,537.5776,538.4604,15940007.0
2021-04-01,553.908,579.0656,548.6117,577.3001,32903056.0
2021-04-07,576.4174,580.831,550.3771,555.6734,27178435.0
2021-04-08,541.9913,555.2321,541.9913,547.2876,247386283.0
2021-04-09,555.2321,555.2321,543.3153,547.729,22463721.0
2021-04-12,543.7567,546.8462,532.2813,541.5499,27979807.0
2021-04-13,541.5499,549.053,535.8122,536.6949,18440227.0
2021-04-14,548.1703,551.7012,543.3153,550.3771,17999746.0
2021-04-15,550.3771,550.3771,538.9017,547.2876,14548616.0
2021-04-16,547.2876,558.3216,543.7567,557.8803,20757051.0
2021-04-19,556.1148,568.4729,547.2876,553.4666,20241398.0
2021-04-20,547.2876,552.5839,545.5221,549.4944,15227980.0
2021-04-21,542.4326,543.7567,536.6949,537.5776,20660889.0
2021-04-22,548.6117,551.2598,543.7567,548.1703,15377713.0
2021-04-23,553.908,557.8803,548.1703,557.8803,16297503.0
2021-04-26,557.8803,564.942,552.1426,554.7907,14200054.0
2021-04-27,550.3771,551.7012,544.1981,550.3771,13828525.0
2021-04-28,548.1703,554.3494,545.0808,554.3494,11196968.0
2021-04-29,564.5007,564.5007,554.7907,557.4389,12466380.0
2021-04-30,553.908,553.908,547.2876,549.9358,11994726.0
2021-05-03,546.8462,551.2598,544.1981,551.2598,7944284.0
2021-05-04,551.2598,551.7012,546.4049,549.053,6326570.0
2021-05-05,543.3153,544.6394,538.9017,538.9017,11626909.0
2021-05-06,542.4326,546.4049,531.84,538.9017,21407572.0
2021-05-07,541.1085,541.1085,529.6332,529.6332,17462909.0
2021-05-10,528.7504,536.6949,520.8059,525.2195,20540009.0
2021-05-11,513.7442,517.275,500.062,515.951,34617590.0
2021-05-12,515.951,532.2813,515.951,528.3091,22903915.0
2021-05-13,523.4541,525.2195,511.9787,511.9787,17979776.0
2021-05-14,509.3305,519.0405,506.6824,514.6269,16014087.0
2021-05-17,523.4541,533.6054,519.9232,530.0745,19167047.0
2021-05-18,535.8122,538.019,529.1918,536.2536,12188444.0
2021-05-20,539.3431,543.3153,532.7227,537.5776,15631656.0
2021-05-21,529.6332,529.6332,515.0682,519.4819,40340844.0
2021-05-24,519.1278,520.4555,510.2765,518.2427,16608372.0
2021-05-25,521.7832,542.5837,520.8981,539.9283,27044587.0
2021-05-26,552.7627,552.7627,541.6986,547.0093,18726374.0
2021-05-27,539.9283,542.5837,532.8473,535.9452,25744926.0
2021-05-28,538.1581,541.6986,531.9622,532.4047,15183086.0
2021-05-31,541.6986,548.337,534.175,547.8945,15518200.0
2021-06-01,547.8945,559.4011,546.1242,555.8606,18041560.0
2021-06-02,561.1714,566.4822,553.6478,556.3032,16332063.0
2021-06-03,556.3032,557.1883,541.6986,544.7965,12310451.0
2021-06-04,539.9283,543.9114,536.3878,541.256,18940490.0
2021-06-07,540.8134,541.256,529.7493,531.5196,19767396.0
2021-06-08,536.3878,536.3878,528.4216,531.9622,10324239.0
2021-06-09,531.077,536.3878,528.8642,533.7324,7766899.0
2021-06-10,535.5027,538.6006,529.3068,531.5196,11727606.0
2021-06-11,538.6006,538.6006,527.5365,527.5365,14496695.0
2021-06-15,535.5027,535.5027,523.996,531.077,11531430.0
2021-06-16,528.4216,529.7493,526.2088,527.9791,9771103.0
2021-06-17,525.7663,530.1919,523.5534,530.1919,13771836.0
2021-06-18,532.8473,538.1581,530.6345,533.7324,12301606.0
2021-06-21,531.077,531.077,515.5873,522.6683,23508586.0
2021-06-22,521.3406,521.3406,505.8509,507.6211,30872900.0
2021-06-23,513.3745,516.0298,507.1786,515.5873,18388447.0
2021-06-24,516.915,520.0129,513.3745,516.0298,10947302.0
2021-06-25,520.8981,531.077,516.915,529.7493,19252093.0
2021-06-28,533.7324,536.3878,523.996,527.094,11485959.0
2021-06-29,531.077,531.9622,520.4555,522.6683,14714259.0
2021-06-30,528.8642,528.8642,516.915,516.915,13618352.0
2021-07-02,529.7493,529.7493,506.736,508.5063,24938624.0
2021-07-05,504.5232,506.2934,485.4929,490.3611,43338133.0
2021-07-06,488.5909,498.3273,485.9355,494.7868,19473053.0
2021-07-07,488.5909,489.9186,476.6416,485.4929,30520727.0
2021-07-08,477.9693,481.0673,463.3647,467.3478,45688533.0
2021-07-09,464.6924,479.7396,450.9729,476.6416,42922226.0
2021-07-12,486.378,487.7057,462.4796,473.1011,30642691.0
2021-07-13,478.8545,497.8847,471.7734,491.6888,33125942.0
2021-07-14,495.6719,498.3273,490.3611,492.5739,19908293.0
2021-07-15,496.9996,506.2934,496.1145,500.0975,20179717.0
2021-07-16,501.8678,504.0806,493.0165,499.2124,14760058.0
2021-07-19,495.6719,495.6719,482.8375,486.378,16914661.0
2021-07-20,485.9355,492.1314,477.0842,480.1821,19813313.0
2021-07-21,480.1821,481.9524,469.118,476.1991,20300976.0
2021-07-22,482.395,485.9355,475.3139,481.5098,15692401.0
2021-07-23,483.2801,483.7227,468.2329,470.0032,16758793.0
2021-07-26,451.4155,453.6283,433.0048,433.7129,82290642.0
2021-07-27,411.9388,425.5697,388.3943,394.7673,108027219.0
2021-07-28,399.1929,407.6901,373.5242,395.8294,112864046.0
2021-07-29,424.8616,437.4304,414.7712,435.4832,72896321.0
2021-07-30,431.5886,431.5886,411.5847,423.9765,40460003.0
2021-08-02,421.3211,423.7995,406.451,420.436,29445076.0
2021-08-03,414.9482,414.9482,374.9404,394.7673,117812591.0
2021-08-04,385.0308,415.8333,384.1457,404.3266,46103478.0
2021-08-05,400.6091,411.0536,382.9065,388.5714,58625939.0
2021-08-06,393.7051,407.5131,389.4565,401.4942,42946505.0
2021-08-09,396.3605,418.1346,391.7578,408.5753,40956433.0
2021-08-10,423.0914,436.3683,418.8428,430.3494,40881986.0
2021-08-11,433.8899,436.0142,424.8616,428.4021,20145659.0
2021-08-12,427.163,434.7751,421.4981,426.6319,16350894.0
2021-08-13,417.0725,421.4981,408.3982,416.1874,26417507.0
2021-08-16,410.3455,412.8239,397.4226,401.6713,29020693.0
2021-08-17,391.9348,395.1213,383.2606,385.0308,43144121.0
2021-08-18,380.6052,392.1119,380.6052,386.093,26596939.0
2021-08-19,396.5375,399.0159,371.0458,372.8161,51101738.0
2021-08-20,372.8161,383.4376,364.8499,376.5336,52135904.0
2021-08-23,389.4565,392.997,382.0214,383.9687,44618406.0
2021-08-24,395.4754,417.7806,394.0592,417.7806,49519276.0
2021-08-25,435.1291,435.1291,414.0631,420.0819,41229670.0
2021-08-26,420.0819,425.5697,414.5941,417.6036,17297873.0
2021-08-27,415.1252,428.0481,409.4604,412.8239,23463441.0
2021-08-30,410.8766,414.5941,405.0347,412.2928,18475336.0
2021-08-31,409.6374,425.9238,395.8294,425.9238,52180434.0
2021-09-01,429.2873,437.7845,422.9143,432.2967,35295245.0
2021-09-02,441.6791,451.4155,436.3683,439.0237,40472033.0
2021-09-03,439.5548,440.4399,426.2778,431.9427,27140480.0
2021-09-06,433.1818,448.7601,432.1197,446.9898,26773925.0
2021-09-07,451.4155,460.2668,449.6452,456.2837,24963247.0
2021-09-08,465.5775,468.2329,453.6283,464.2498,32995933.0
2021-09-09,450.5303,452.7432,423.9765,424.8616,54090872.0
2021-09-10,434.7751,437.9615,425.9238,433.7129,35671160.0
2021-09-13,424.8616,425.9238,416.8955,423.0914,27815639.0
2021-09-14,421.6752,427.34,414.9482,418.4887,19905281.0
2021-09-15,405.3888,410.6996,399.3699,401.3172,36166267.0
2021-09-16,395.4754,402.5564,393.8821,399.1929,24519868.0
2021-09-17,394.5902,413.886,394.0592,408.7523,23982628.0
2021-09-20,404.1496,404.8577,396.5375,402.0253,15513224.0
2021-09-21,394.7673,401.6713,392.2889,398.3078,16556875.0
2021-09-23,407.3361,415.6563,403.9726,409.9915,22210868.0
2021-09-24,408.3982,419.0198,403.7956,407.3361,16656914.0
2021-09-27,406.2739,418.6657,402.9104,411.2307,17966998.0
2021-09-28,413.355,421.4981,411.2306,415.8333,20947276.0
2021-09-29,408.5753,411.5847,398.4848,411.5847,18250450.0
2021-09-30,403.6185,411.2306,401.6713,408.3982,17335451.0
2021-10-04,416.0103,416.0103,402.2023,404.5037,11720256.0
2021-10-05,394.9443,401.4942,394.2362,398.3078,11881767.0
2021-10-06,401.8483,401.8483,394.4132,395.1213,10847755.0
2021-10-07,402.7334,418.4887,402.0253,417.2495,14550659.0
2021-10-08,433.7129,433.7129,417.7806,426.4548,29806385.0
2021-10-11,436.0142,441.325,432.8278,439.0237,26204010.0
2021-10-12,431.0575,433.7129,425.0387,427.694,16448461.0
2021-10-15,435.3061,442.5642,428.7562,438.6696,29126835.0
2021-10-18,442.0331,442.0331,429.6413,439.9088,20730047.0
2021-10-19,438.4926,442.5642,434.244,441.6791,15427765.0
2021-10-20,449.6452,455.8411,446.5473,450.9729,32724023.0
2021-10-21,450.9729,453.6283,442.5642,447.4324,16682945.0
2021-10-22,449.2027,453.1857,444.777,450.9729,12743265.0
2021-10-25,447.4324,451.4155,443.4493,446.9898,12257502.0
2021-10-26,449.2027,449.6452,438.6696,444.3345,15309144.0
2021-10-27,434.421,435.1291,426.8089,431.0575,18715924.0
2021-10-28,429.9954,437.2534,429.9954,432.1197,13673231.0
2021-10-29,430.8805,432.2967,425.7468,425.7468,16440521.0
2021-11-01,421.6752,422.0292,411.5847,415.6563,22649546.0
2021-11-02,423.6224,426.6319,407.3361,410.6996,33005998.0
2021-11-03,408.9293,416.0103,405.2118,415.1252,19362664.0
2021-11-04,420.613,426.4549,419.3738,425.5697,16440685.0
2021-11-05,417.7806,419.7279,411.7617,413.709,20019234.0
2021-11-08,407.1591,410.6996,401.3172,410.5225,22340751.0
2021-11-09,415.1252,416.8955,406.805,410.6996,13607437.0
2021-11-10,415.1252,430.8805,412.4698,428.0481,30617440.0
2021-11-11,423.0914,425.0387,413.355,422.7373,36035177.0
2021-11-12,431.7656,434.9521,426.4549,429.4643,23829660.0
2021-11-15,435.4832,437.9615,432.8278,435.3061,19394604.0
2021-11-16,440.2629,450.5303,437.4304,444.777,28263210.0
2021-11-17,446.1047,450.5303,441.325,450.5303,21444520.0
2021-11-18,444.3345,445.6621,436.1913,439.7318,19321893.0
2021-11-19,430.7035,439.5548,429.2873,439.0237,15212834.0
2021-11-22,440.7939,443.8919,434.598,437.6075,14686779.0
2021-11-23,428.4021,429.9954,423.9765,425.9238,18725940.0
2021-11-24,418.8428,425.5697,413.709,417.9576,26021973.0
2021-11-25,417.9576,426.9859,416.8955,422.9143,16939716.0
2021-11-26,418.3117,418.3117,407.1591,410.1685,32885505.0
2021-11-29,408.9293,417.0725,408.3982,409.2834,19509506.0
2021-11-30,405.0347,407.3361,397.4226,406.628,35586276.0
2021-12-01,409.4604,419.1968,408.3982,414.9482,20341120.0
2021-12-02,413.355,419.1968,410.3455,419.1968,17719866.0
2021-12-03,414.9482,414.9482,405.0347,409.4604,22496991.0
2021-12-06,397.2456,406.805,396.1835,396.3605,30958158.0
2021-12-07,405.2118,410.6996,399.724,410.5225,23235595.0
2021-12-08,413.886,416.3644,411.5847,413.355,15173269.0
2021-12-09,419.9049,419.9049,416.8955,418.3117,13353686.0
2021-12-10,416.8955,419.5509,408.5753,410.1685,15230505.0
2021-12-13,416.5414,425.7468,413.0009,413.0009,22239831.0
2021-12-14,407.1591,412.1158,404.8577,406.982,13651585.0
2021-12-15,406.805,411.0536,401.1402,403.4415,13371932.0
2021-12-16,400.078,402.9104,396.7145,400.6091,21029463.0
2021-12-17,395.6524,395.8294,387.6862,387.6862,28284431.0
2021-12-20,387.1552,389.1024,379.7201,380.6052,20413076.0
2021-12-21,380.6052,395.4754,380.0741,390.1646,17226545.0
2021-12-22,398.3078,399.0159,389.8105,392.1119,13839639.0
2021-12-23,401.8483,414.9482,397.5997,408.7523,32952274.0
2021-12-24,414.7712,414.7712,406.2739,407.3361,9507329.0
2021-12-28,405.2118,406.451,393.8821,398.6618,18949609.0
2021-12-29,392.643,394.4132,389.8105,393.7051,9589399.0
2021-12-30,395.1213,399.0159,391.2267,392.4659,7664650.0
2021-12-31,408.9293,408.9293,402.9104,404.3266,9875225.0
2022-01-03,406.982,409.8144,400.9632,401.6713,6021146.0
2022-01-04,403.0875,405.3888,394.2362,398.3078,13562081.0
2022-01-05,391.5808,392.997,379.7201,381.1363,31926972.0
2022-01-06,372.6391,386.9781,372.6391,386.8011,22394447.0
2022-01-07,393.8821,396.8916,388.0403,392.1119,20813417.0
2022-01-10,396.5375,404.6807,391.5808,401.1402,19560762.0
2022-01-11,405.3888,408.9293,402.0253,407.1591,16405167.0
2022-01-12,417.6036,425.5697,415.3022,425.5697,28274536.0
2022-01-13,430.1724,430.1724,418.1346,420.613,18308659.0
2022-01-14,408.9293,419.7279,408.9293,419.0198,13722780.0
2022-01-17,417.7806,419.3738,410.6996,412.1158,12682742.0
2022-01-18,414.0631,416.8955,399.0159,400.7861,23537795.0
2022-01-19,400.9632,405.3888,398.3078,403.4415,17490032.0
2022-01-20,403.0767,430.4349,403.0767,430.0701,29536303.0
2022-01-21,427.5167,436.2713,425.8752,432.9883,26820113.0
2022-01-24,428.611,431.894,424.7809,428.2463,14677184.0
2022-01-25,418.9445,426.7871,418.9445,425.6928,24998708.0
2022-01-26,428.611,434.6298,424.9633,431.894,21619270.0
2022-01-27,424.0513,425.8752,417.4854,422.2274,20507145.0
2022-01-28,422.2274,423.1394,415.4791,419.4916,15027473.0
2022-01-31,420.7683,430.7997,418.5797,430.4349,11429491.0
2022-02-04,440.4662,440.4662,429.523,436.8185,15930509.0
2022-02-07,439.5543,439.5543,428.7934,435.9065,15382223.0
2022-02-08,432.8059,434.0826,427.6991,428.611,18754239.0
2022-02-09,437.7304,441.0134,434.6298,440.2838,23365228.0
2022-02-10,445.0259,445.0259,433.9003,441.7429,18808693.0
2022-02-11,436.6361,441.0134,430.7997,434.9946,15523403.0
2022-02-14,428.7934,430.9821,424.4161,430.4349,12861260.0
2022-02-15,430.4349,432.8059,425.328,428.611,13889441.0
2022-02-16,434.9946,434.9946,429.7053,434.265,12209598.0
2022-02-17,434.265,437.3656,430.4349,436.8185,12923901.0
2022-02-18,436.8185,440.2838,426.7871,428.611,24032950.0
2022-02-21,423.3218,425.6928,401.8,406.1773,46042457.0
2022-02-22,394.1397,405.9949,394.1397,405.6302,30562929.0
2022-02-23,403.4415,411.649,403.4415,405.8126,20241593.0
2022-02-24,397.7875,400.8881,386.2971,390.1272,33972108.0
2022-02-25,394.3221,400.3409,383.1965,386.6619,25527592.0
2022-02-28,383.0141,387.9386,377.9072,384.1084,26849319.0
2022-03-01,384.1084,400.3409,383.3789,393.0454,19308969.0
2022-03-02,389.3977,396.5108,385.5675,386.1147,14011686.0
2022-03-03,385.5675,388.8505,378.8192,381.9198,19870075.0
2022-03-04,367.5111,370.4294,364.7753,367.6935,41553093.0
2022-03-07,354.744,362.2219,347.4485,353.8321,39878587.0
2022-03-08,354.744,361.4924,346.9013,349.4548,32260710.0
2022-03-09,349.4548,356.3855,337.4172,350.9139,33209737.0
2022-03-10,360.5804,363.681,347.6309,351.0963,24062703.0
2022-03-11,336.5052,342.3417,328.2978,335.4109,48435608.0
2022-03-14,321.9142,327.933,300.9396,302.5811,66910165.0
2022-03-15,278.3236,303.8579,270.8457,271.7576,118398276.0
2022-03-16,287.443,338.1467,283.0657,334.6814,107736861.0
2022-03-17,365.6873,365.6873,340.7002,355.6559,69692613.0
2022-03-18,346.5366,358.2094,338.3291,347.4485,37714558.0
2022-03-21,357.6622,357.8446,337.782,339.6058,30703044.0
2022-03-22,337.4172,354.744,330.1217,353.8321,31006056.0
2022-03-23,363.8634,368.0583,351.2786,354.744,42256861.0
2022-03-24,340.153,347.9957,332.8575,333.7694,46931459.0
2022-03-25,327.0211,335.9581,320.0904,325.0148,38297070.0
2022-03-28,326.4739,339.7882,322.8262,334.1342,26933320.0
2022-03-29,338.3291,346.9013,337.4172,343.9831,20901992.0
2022-03-30,349.2724,354.3792,346.719,347.0837,26951872.0
2022-03-31,348.7252,348.7252,339.7882,341.2473,14589554.0
2022-04-01,334.6814,345.4422,330.3041,345.4422,14496674.0
2022-04-04,354.5616,356.5679,350.0019,355.6559,15665556.0
2022-04-06,349.2724,351.0963,346.5366,347.4485,17127923.0
2022-04-07,342.524,349.8195,340.8825,341.4297,15874056.0
2022-04-08,337.4172,339.4234,333.7694,337.0524,19600870.0
2022-04-11,333.7694,333.9518,321.9142,322.4614,22788891.0
2022-04-12,331.7632,339.7882,327.0211,334.1342,26409818.0
2022-04-13,333.7694,345.6246,329.9393,340.7002,21642119.0
2022-04-14,345.4422,345.6246,339.7882,341.4297,15160373.0
2022-04-19,333.587,335.2285,329.2097,331.9456,17741106.0
2022-04-20,332.4927,336.3229,329.7569,330.1217,10853604.0
2022-04-21,321.0023,324.8324,312.7948,317.3545,25738562.0
2022-04-22,305.317,312.7948,304.7698,310.6062,28031299.0
2022-04-25,302.9459,308.7823,296.5623,298.5686,25788422.0
2022-04-26,302.9459,311.5181,301.4868,306.2289,27288328.0
2022-04-27,302.7635,308.7823,299.2982,305.3169,23408627.0
2022-04-28,310.6062,310.6062,302.034,309.8766,21233188.0
2022-04-29,309.1471,353.8321,307.688,344.1655,47467097.0
2022-05-03,345.6246,350.9139,333.2223,346.5366,25571291.0
2022-05-04,341.4297,342.7064,333.9518,335.9581,14101831.0
2022-05-05,342.7064,344.7127,334.1342,334.1342,21393922.0
2022-05-06,321.5495,324.1029,316.4426,318.4489,22923262.0
2022-05-10,302.7635,314.9835,300.9396,311.1534,28398736.0
2022-05-11,309.6943,330.1217,309.6943,319.5432,24348791.0
2022-05-12,312.6125,321.1847,311.7005,313.8892,20022898.0
2022-05-13,319.1784,325.7444,319.1784,323.1909,19487577.0
2022-05-16,328.2978,330.4865,316.625,319.1784,15558023.0
2022-05-17,323.1909,336.87,323.1909,335.9581,30117051.0
2022-05-18,342.1593,342.1593,326.4739,333.4047,28343560.0
2022-05-19,311.8829,313.342,304.5874,311.7005,60149532.0
2022-05-20,318.8471,325.0774,317.0146,322.6953,28325659.0
2022-05-23,320.3131,321.2293,313.3497,317.7476,17034672.0
2022-05-24,314.0827,318.4806,308.2189,309.6848,19699960.0
2022-05-25,306.7529,311.334,306.0199,306.0199,21553207.0
2022-05-26,306.9361,307.6691,302.355,306.2032,18496371.0
2022-05-27,316.6481,318.6638,309.8681,313.1665,20760810.0
2022-05-30,316.8314,321.779,315.5487,320.6795,22298377.0
2022-05-31,319.7633,332.5905,317.3811,332.0408,64756621.0
2022-06-01,331.6743,335.5224,327.8261,330.2083,26920272.0
2022-06-02,325.2607,330.3916,324.1612,328.9256,14182488.0
2022-06-06,331.6743,338.4544,326.1769,336.8052,23900121.0
2022-06-07,340.8365,343.402,332.5905,336.8052,27086986.0
2022-06-08,343.5852,358.6114,341.936,358.6114,47476909.0
2022-06-09,370.1558,372.7213,356.4124,361.7265,39147100.0
2022-06-10,352.1978,364.8417,350.9151,363.1925,29755765.0
2022-06-13,351.4648,354.3967,342.3025,345.4177,24938012.0
2022-06-14,341.203,346.7004,336.6219,344.5015,16307664.0
2022-06-15,344.5015,350.1821,343.7685,347.9831,21242678.0
2022-06-16,344.5015,350.3653,333.5067,336.8052,22143706.0
2022-06-17,331.491,343.2187,331.491,338.4543,19483010.0
2022-06-20,339.0041,342.669,334.0565,339.7371,11639693.0
2022-06-21,340.6533,349.0826,339.1873,349.0826,15013276.0
2022-06-22,348.8994,348.8994,339.0041,339.0041,13714137.0
2022-06-23,340.6533,347.6166,338.0879,343.5852,12620777.0
2022-06-24,347.6166,353.6637,342.8522,352.0145,18197838.0
2022-06-27,354.58,366.6742,343.2187,346.5172,57400982.0
2022-06-28,341.5695,342.1193,326.5434,335.1559,58585070.0
2022-06-29,329.8418,339.3706,326.3602,334.423,34975785.0
2022-06-30,329.8418,333.1402,324.3445,324.7109,33385197.0
2022-07-04,324.7109,326.5434,315.5487,317.9309,38455595.0
2022-07-05,318.8471,323.7947,318.2974,319.5801,19486553.0
2022-07-06,319.7633,323.4282,312.2503,318.4806,24822317.0
2022-07-07,314.4492,322.1455,314.0827,322.1455,18985683.0
2022-07-08,327.2764,327.2764,319.3968,323.0617,18754352.0
2022-07-11,315.5487,317.1979,311.7005,313.7162,20598133.0
2022-07-12,310.2346,312.2503,308.0356,309.5016,17307064.0
2022-07-13,310.2346,312.6167,306.9361,307.3026,17134245.0
2022-07-14,306.5696,309.1351,304.1875,306.9361,16774995.0
2022-07-15,302.355,304.5539,296.1247,297.7739,26328504.0
2022-07-18,299.0566,305.8367,294.109,304.7372,20372247.0
2022-07-19,303.6377,310.0513,302.355,305.2869,12655564.0
2022-07-20,313.3497,314.0827,309.6848,310.2346,15982772.0
2022-07-21,306.9361,308.4021,301.622,306.0199,19107287.0
2022-07-22,309.3183,311.1508,302.355,304.1875,15081236.0
2022-07-25,301.9885,302.355,294.6587,299.0566,16847756.0
2022-07-26,297.4074,302.7215,296.1247,301.8053,13863359.0
2022-07-27,297.7739,300.3393,293.1927,293.376,19816350.0
2022-07-28,297.4074,298.5068,293.1927,293.9257,15349399.0
2022-07-29,293.9257,296.3079,279.4493,281.0985,37194352.0
2022-08-01,276.7006,279.2661,274.5017,274.5017,39993630.0
2022-08-02,270.4703,271.02,263.8735,270.287,42691346.0
2022-08-03,273.952,280.732,273.0357,277.2504,27403685.0
2022-08-04,282.0148,285.8629,279.6326,285.8629,19792022.0
2022-08-05,287.1456,287.6954,278.7163,281.8315,16442481.0
2022-08-08,277.0671,280.1823,273.219,274.3184,15046951.0
2022-08-09,274.8682,278.8996,271.5698,273.0357,14193448.0
2022-08-10,274.5017,274.6849,267.7216,270.8368,15358607.0
2022-08-11,274.1352,279.0828,273.219,278.1666,14861997.0
2022-08-12,279.0828,279.0828,275.0514,278.7163,10981685.0
2022-08-15,276.5174,280.1823,273.952,275.2347,11622138.0
2022-08-16,276.7006,280.3655,268.0881,277.6169,23529966.0
2022-08-17,277.6169,280.1823,272.1195,277.8001,17616313.0
2022-08-18,289.5278,289.5278,283.4807,286.4127,32206273.0
2022-08-19,286.4126,293.1927,286.0462,288.6116,23266775.0
2022-08-22,286.0462,289.1613,282.3812,284.5802,14775320.0
2022-08-23,285.8629,287.6954,283.1142,286.5959,13530189.0
2022-08-24,287.5121,288.9781,281.6483,284.0305,13050814.0
2022-08-25,286.4126,298.1404,286.4126,297.7739,19441009.0
2022-08-26,302.5382,303.088,294.4754,297.0409,18576228.0
2022-08-29,292.2765,297.5906,290.2608,295.9414,12394983.0
2022-08-30,295.9414,296.6744,287.5121,296.4912,14042944.0
2022-08-31,288.6116,306.5696,288.4283,299.7896,26206525.0
2022-09-01,299.6063,305.6534,296.8576,297.4074,23932337.0
2022-09-02,296.6744,302.9047,295.2084,301.0723,25490848.0
2022-09-05,296.8576,297.5906,289.5278,292.2765,20370608.0
2022-09-06,292.2765,294.6587,285.4964,287.8786,16233176.0
2022-09-07,283.2975,286.2294,280.5488,285.4964,15178496.0
2022-09-08,281.0985,284.5802,275.0514,276.5174,23574804.0
2022-09-09,273.952,283.4807,273.952,281.2818,17162625.0
2022-09-13,282.7477,282.931,278.8996,279.2661,17173715.0
2022-09-14,275.2347,278.7163,273.952,274.5017,17988979.0
2022-09-15,274.1352,277.0671,274.1352,274.8682,13321901.0
2022-09-16,272.486,274.3184,268.6378,268.6378,24944190.0
2022-09-19,267.7216,268.2713,264.0567,264.7897,22924233.0
2022-09-20,267.9049,271.753,267.9049,268.8211,15136256.0
2022-09-21,266.0724,266.9886,262.041,262.041,16093175.0
2022-09-22,258.3761,261.4913,255.8107,259.2923,17537491.0
2022-09-23,255.2609,257.8264,251.9625,251.9625,19674705.0
2022-09-26,250.3133,263.507,250.3133,259.4756,24646712.0
2022-09-27,258.7426,259.4756,252.1457,257.2766,22729235.0
2022-09-28,256.3604,256.3604,250.4965,251.0463,22159591.0
2022-09-29,254.8944,260.0253,245.7322,247.9311,20159158.0
2022-09-30,244.4494,253.2452,241.5175,244.0829,22458387.0
2022-10-03,241.884,244.4494,237.6694,241.7007,13987290.0
2022-10-05,251.7793,256.5436,248.4808,255.6274,18141455.0
2022-10-06,255.6274,258.9258,251.9625,254.5279,10374051.0
2022-10-07,250.863,251.4128,247.3814,247.9311,9981032.0
2022-10-10,243.7165,245.9154,240.7845,241.7007,15679704.0
2022-10-11,239.6851,240.418,232.905,233.2715,21324035.0
2022-10-12,229.973,241.884,227.2244,232.3552,32025105.0
2022-10-13,233.0882,233.638,225.5752,225.5752,22159044.0
2022-10-14,229.0568,237.1196,227.5909,228.3238,31457117.0
2022-10-17,224.6589,229.7898,220.6275,226.4914,26319069.0
2022-10-18,230.8893,235.1039,228.5071,233.0882,22129580.0
2022-10-19,230.5228,231.439,223.193,223.5595,20957367.0
2022-10-20,217.1459,219.1616,211.6485,212.9312,49410926.0
2022-10-21,212.5647,216.5961,210.9155,213.2977,26545936.0
2022-10-24,205.2349,207.0674,188.0098,188.9261,85067932.0
2022-10-25,185.0779,197.5386,181.9627,189.1093,73016944.0
2022-10-26,187.6433,200.104,185.2612,193.8737,50349233.0
2022-10-27,202.6695,203.4025,194.0569,195.3397,42717088.0
2022-10-28,192.4077,193.6904,183.2455,183.9784,40832142.0
2022-10-31,184.8947,198.4548,182.3292,188.3763,49512538.0
2022-11-01,190.392,212.3815,190.392,208.3501,77842280.0
2022-11-02,206.7009,212.5647,201.57,211.282,35145104.0
2022-11-03,207.0674,210.9155,201.7532,202.8527,30634922.0
2022-11-04,205.6014,226.6746,205.6014,218.6118,67156433.0
2022-11-07,214.2139,228.6903,212.1982,224.8422,43980248.0
2022-11-08,223.0097,230.8893,222.46,225.2087,23541345.0
2022-11-09,223.5595,227.5909,214.2139,216.9626,31658705.0
2022-11-10,209.816,214.7637,209.816,212.015,23257794.0
2022-11-11,231.8055,238.9521,224.8422,236.7531,53013204.0
2022-11-14,246.6484,253.4285,235.6537,238.7688,48396603.0
2022-11-15,240.0515,264.0567,236.5699,263.8735,63102526.0
2022-11-16,261.6745,271.9363,256.5436,269.7373,61785142.0
2022-11-17,273.5855,274.3184,257.6431,267.5384,69820587.0
2022-11-18,274.8682,277.4336,262.4075,263.6902,44759245.0
2022-11-21,258.5593,262.5907,251.596,259.4756,31308860.0
2022-11-22,256.7269,262.4075,251.596,254.1614,28461436.0
2022-11-23,254.5279,260.9415,254.1614,258.3761,23380469.0
2022-11-24,262.4075,265.1562,255.6274,256.9101,17174522.0
2022-11-25,253.795,254.5279,245.9154,250.13,31317632.0
2022-11-28,237.3029,248.6641,237.3029,247.3814,33498674.0
2022-11-29,253.2452,262.041,250.863,261.8577,33140777.0
2022-11-30,259.8421,268.0881,256.5436,263.1405,46633723.0
2022-12-01,273.0357,278.3498,268.0881,269.7373,45550089.0
2022-12-02,271.2033,274.5017,267.1719,271.2033,25087186.0
2022-12-05,284.0305,290.444,277.0671,287.6954,59827141.0
2022-12-06,282.0148,287.5121,281.465,285.6797,29059056.0
2022-12-07,283.8472,291.91,273.952,275.0514,41107551.0
2022-12-08,278.7163,291.3603,278.7163,290.8105,34092432.0
2022-12-09,292.0933,299.2398,288.0619,298.3236,40400176.0
2022-12-12,291.7268,297.5906,288.9781,290.9938,20509991.0
2022-12-13,289.5278,297.7739,289.1613,291.7268,20313254.0
2022-12-14,295.2084,300.3393,291.7268,297.7739,24238494.0
2022-12-15,297.7739,299.2398,289.5278,290.9938,18962052.0
2022-12-16,287.6954,294.4754,285.4964,290.2608,25128603.0
2022-12-19,293.5592,301.2555,290.2608,293.5592,24897178.0
2022-12-20,292.0933,292.0933,280.732,283.4807,29056421.0
2022-12-21,284.9467,286.9624,282.198,284.9467,15323874.0
2022-12-22,292.2765,298.5068,289.8943,296.6744,24251750.0
2022-12-23,291.3603,298.6901,290.6273,293.376,15502697.0
2022-12-28,297.7739,301.9885,294.8419,298.8733,24188394.0
2022-12-29,295.9414,307.8524,295.9414,307.1194,30087456.0
2022-12-30,310.601,314.9989,303.6377,306.0199,27211337.0
2023-01-03,306.0199,316.8314,301.2555,316.2817,29957513.0
2023-01-04,320.6795,330.758,319.7633,330.758,37429922.0
2023-01-05,345.3536,349.4052,331.4623,335.5139,40803927.0
2023-01-06,341.109,346.7041,334.5492,337.0574,27092487.0
2023-01-09,342.4596,349.5981,339.1797,349.2123,28323733.0
2023-01-10,352.1063,352.878,344.3889,349.5981,19854116.0
2023-01-11,356.7367,365.4188,353.6498,360.5954,35722217.0
2023-01-12,365.6118,366.1906,343.8101,351.1416,40547528.0
2023-01-13,351.7204,359.2449,343.6172,358.2802,20970696.0
2023-01-16,359.052,363.1036,351.1416,357.1226,19986153.0
2023-01-17,357.5085,362.3319,353.071,360.5954,16103837.0
2023-01-18,366.5764,367.5411,357.8944,366.5764,27122730.0
2023-01-19,363.6824,371.3998,361.3672,369.2775,17351698.0
2023-01-20,376.2232,378.3455,371.3998,377.9596,16863710.0
2023-01-26,385.8699,392.4297,384.3264,392.4297,23729091.0
2023-01-27,395.7096,401.8835,394.552,400.34,18625209.0
2023-01-30,393.2014,396.4813,370.4351,373.5221,53626689.0
2023-01-31,376.2232,382.9759,360.5954,368.6987,55756238.0
2023-02-01,371.9786,373.3291,360.4025,371.3998,31418879.0
2023-02-02,375.2585,378.1525,367.734,369.4704,23755405.0
2023-02-03,368.1199,372.9433,362.1389,371.3998,25941959.0
2023-02-06,361.946,366.5764,355.5791,363.4895,25591052.0
2023-02-07,367.5411,372.3645,364.0683,366.5764,19801656.0
2023-02-08,370.2422,373.1362,364.4541,368.6987,17269537.0
2023-02-09,367.734,382.9759,366.5764,381.6254,26660695.0
2023-02-10,381.0465,383.1688,369.0846,369.8563,24606130.0
2023-02-13,365.8047,374.8726,363.2965,372.9433,20355691.0
2023-02-14,373.3291,373.908,364.6471,365.2259,17932457.0
2023-02-15,368.6987,368.6987,359.2449,363.6824,16498472.0
2023-02-16,367.3482,378.9243,365.6118,369.0846,21914350.0
2023-02-17,371.5927,373.715,359.8237,360.5954,17721575.0
2023-02-20,358.4732,365.4188,356.1579,363.6824,12312675.0
2023-02-21,361.946,362.1389,345.5465,349.0193,29313236.0
2023-02-22,343.0384,350.177,335.321,343.4242,33151555.0
2023-02-23,338.4079,350.5628,336.0927,343.4242,19433112.0
2023-02-24,338.6009,342.6525,335.128,337.0574,24415893.0
2023-02-27,332.8128,341.8808,330.6905,337.0574,20480043.0
2023-02-28,339.7585,344.9677,331.4623,331.4623,26006206.0
2023-03-01,335.128,357.7014,333.7775,355.7721,35607254.0
2023-03-02,355.1933,355.965,349.5981,349.984,14796574.0
2023-03-03,359.052,361.5601,351.5275,354.6145,17784504.0
2023-03-06,351.1416,355.5791,347.8617,350.177,12628083.0
2023-03-07,349.984,355.7721,342.4596,344.3889,17037998.0
2023-03-08,337.6362,339.1797,332.8128,337.2503,21208344.0
2023-03-09,335.7068,336.8644,328.1824,328.1824,17274863.0
2023-03-10,321.2367,326.253,318.9215,319.8862,37596411.0
2023-03-13,328.3753,339.1797,325.4813,332.6199,27127633.0
2023-03-14,329.34,340.1443,327.0248,329.5329,21324692.0
2023-03-15,338.0221,341.3019,332.0411,332.4269,16570551.0
2023-03-16,328.3753,332.8128,322.0084,324.1307,23728825.0
2023-03-17,328.7612,334.3563,327.4106,327.4106,29033159.0
2023-03-20,325.0954,327.4106,319.3074,322.9731,20437066.0
2023-03-21,322.9731,334.7422,318.7286,331.4623,21276362.0
2023-03-22,334.7422,341.109,333.9704,334.9351,19654793.0
2023-03-23,341.109,362.5248,339.9514,362.3319,46850205.0
2023-03-24,366.5764,373.715,361.5601,363.4895,33215505.0
2023-03-27,361.3672,364.6471,349.7911,349.984,25798653.0
2023-03-28,353.8427,367.5411,353.8427,364.84,31337657.0
2023-03-29,382.9759,383.5547,368.5058,371.2069,36095299.0
2023-03-30,376.0302,376.0302,366.7694,371.3998,25243232.0
2023-03-31,376.2232,380.0819,370.4351,372.1715,25957481.0
2023-04-03,375.2585,377.1878,371.3998,374.4868,18773494.0
2023-04-04,369.6634,374.8726,368.6987,371.3998,14254252.0
2023-04-06,370.4351,373.908,367.1552,371.7857,14945689.0
2023-04-11,375.2585,376.2232,358.2802,363.2965,21931068.0
2023-04-12,357.8944,358.4732,341.6878,344.5818,40470596.0
2023-04-13,337.6362,351.1416,335.128,350.3699,24956481.0
2023-04-14,353.4568,355.1933,346.3183,352.4922,12744724.0
2023-04-17,351.7204,358.859,347.6688,357.8944,15710199.0
2023-04-18,357.8944,357.8944,348.2476,352.4922,13686354.0
2023-04-19,350.177,350.177,342.4596,344.5818,16279391.0
2023-04-20,344.5818,348.8264,343.0384,344.3889,10530854.0
2023-04-21,340.7231,343.0384,333.7775,336.8645,16523648.0
2023-04-24,334.9351,338.4079,326.0601,332.8128,20470625.0
2023-04-25,329.5329,329.5329,321.2367,326.4459,20949955.0
2023-04-26,323.9378,339.7585,323.5519,335.8998,25018346.0
2023-04-27,334.7422,335.7068,328.1824,332.8128,14757831.0
2023-04-28,335.7068,342.2666,331.6552,332.234,15394102.0
2023-05-02,339.5655,341.8808,330.1117,333.5845,8648798.0
2023-05-03,327.6036,330.8835,324.3237,327.4106,10551544.0
2023-05-04,328.5682,331.4623,321.2367,325.8671,17579228.0
2023-05-05,331.2693,334.7422,326.253,330.6905,14814925.0
2023-05-08,331.8481,335.321,325.6742,328.7612,10715881.0
2023-05-09,326.253,327.2177,316.6063,316.7992,23541440.0
2023-05-10,315.4487,319.6932,313.9052,317.9568,15572919.0
2023-05-11,320.8508,321.8155,311.7829,314.8698,17571687.0
2023-05-12,320.0791,322.5873,315.4487,316.6063,17991214.0
2023-05-15,313.5193,332.234,313.5193,328.9541,23740493.0
2023-05-16,335.7068,335.7068,330.6905,332.6199,14121222.0
2023-05-17,333.7775,337.4432,329.147,330.6905,19562717.0
2023-05-18,329.147,330.8835,317.7639,327.7965,34412000.0
2023-05-19,323.5217,326.242,319.6356,323.7161,22685856.0
2023-05-22,322.3559,334.5973,318.8584,330.5168,20042131.0
2023-05-23,335.3745,335.7631,324.4933,326.0477,15019611.0
2023-05-24,321.773,327.2136,321.19,322.9388,13547979.0
2023-05-25,320.4128,321.19,309.3373,313.2234,26028377.0
2023-05-29,317.8868,317.8868,302.3422,304.2853,28838839.0
2023-05-30,302.9252,309.143,298.8447,307.1999,21736553.0
2023-05-31,305.6455,305.6455,297.2902,301.7593,32131907.0
2023-06-01,303.7024,314.195,302.3422,306.4227,22951704.0
2023-06-02,318.2754,324.6876,314.195,324.6876,32055423.0
2023-06-05,326.4363,329.1566,320.6071,328.5737,19890895.0
2023-06-06,328.3794,329.5453,319.6356,321.773,16700158.0
2023-06-07,330.3225,330.3225,325.0762,326.0477,18254900.0
2023-06-08,323.3274,325.6591,318.8584,325.2705,13133723.0
2023-06-09,326.825,330.3225,324.299,326.4363,16184167.0
2023-06-12,330.3225,330.3225,324.6876,328.768,13488760.0
2023-06-13,329.9339,338.4834,328.3794,334.9859,23119808.0
2023-06-14,336.7346,343.3411,334.2086,335.7631,22081967.0
2023-06-15,342.9525,344.8955,338.0948,344.8955,25008358.0
2023-06-16,348.7817,354.028,345.6728,352.6678,35853943.0
2023-06-19,349.3646,349.7532,340.4265,347.0329,20273905.0
2023-06-20,343.924,348.976,337.3176,340.0379,16283873.0
2023-06-21,331.877,336.1517,327.4079,330.7111,19304438.0
2023-06-23,330.3225,331.0997,323.5217,327.4079,13898721.0
2023-06-26,326.0477,329.7396,320.8014,323.3274,18157220.0
2023-06-27,323.3274,334.5973,323.3274,331.6826,17490624.0
2023-06-28,330.3225,331.294,324.299,326.6307,15887756.0
2023-06-29,329.351,329.351,321.773,324.1047,13517437.0
2023-06-30,321.5787,324.299,320.0242,322.1616,16197039.0
2023-07-03,322.3559,330.3225,322.3559,328.3794,14198462.0
2023-07-04,326.825,331.4883,326.6307,329.5453,9439642.0
2023-07-05,330.1282,331.294,323.716,325.8534,9861945.0
2023-07-06,322.7445,327.4079,316.1381,317.4982,19781825.0
2023-07-07,314.0007,322.1616,310.8918,317.3039,21595356.0
2023-07-10,324.299,326.242,318.0811,319.4413,17287899.0
2023-07-11,323.1331,326.0477,320.8014,324.299,12361269.0
2023-07-12,328.9623,331.294,326.242,330.3225,16847310.0
2023-07-13,340.0379,340.6208,337.1233,339.8435,27315463.0
2023-07-14,344.7012,344.7012,338.872,342.5639,21213481.0
2023-07-18,341.7866,341.7866,325.4648,326.825,29147987.0
2023-07-19,321.19,324.299,317.6925,323.5217,21913296.0
2023-07-20,326.4363,332.0713,321.19,323.3274,16564481.0
2023-07-21,323.3274,327.7965,321.5787,323.5217,11843920.0
2023-07-24,319.247,321.5787,314.5836,315.7494,17451591.0
2023-07-25,327.4079,335.7631,325.4648,335.1802,29203653.0
2023-07-26,334.9859,334.9859,328.5737,331.294,14941840.0
2023-07-27,336.1517,336.5403,330.7111,334.0143,13651548.0
2023-07-28,334.0143,341.9809,328.9623,340.4265,22244305.0
2023-07-31,349.7532,352.6678,340.8151,344.3126,36796567.0
2023-08-01,345.8671,350.7248,337.3176,343.924,23436211.0
2023-08-02,341.5923,342.3695,330.5168,333.6257,21038298.0
2023-08-03,332.2656,337.9005,329.351,332.4599,16661383.0
2023-08-04,338.6777,340.6208,329.5453,333.6257,19099499.0
2023-08-07,330.5168,332.0713,328.3794,331.4883,9480118.0
2023-08-08,324.8819,327.6022,323.9104,325.2705,15381749.0
2023-08-09,323.5217,328.5737,322.5502,327.6022,11917732.0
2023-08-10,327.6022,331.877,326.0477,330.1282,11185881.0
2023-08-11,329.1566,331.877,325.0762,326.242,12303930.0
2023-08-14,318.6641,324.8819,318.4697,323.7161,15754526.0
2023-08-15,321.773,325.4648,321.19,323.1331,10787439.0
2023-08-16,320.4128,321.5787,318.2754,319.4413,16484843.0
2023-08-17,311.4747,326.242,311.4747,323.3274,28817958.0
2023-08-18,320.0242,323.3274,315.7494,315.7494,18108794.0
2023-08-21,311.8633,316.5267,308.9487,308.9487,25696855.0
2023-08-22,309.143,315.3608,305.4512,309.9202,24679965.0
2023-08-23,310.8918,312.2519,307.9771,308.9487,17244848.0
2023-08-24,311.8633,318.6641,311.8633,315.9438,22340826.0
2023-08-25,313.4178,314.5836,310.8918,310.8918,12542511.0
2023-08-28,321.19,324.1047,315.5551,315.9438,19402834.0
2023-08-29,316.1381,322.5502,316.1381,320.0242,15382479.0
2023-08-30,324.299,324.4933,315.7494,316.5267,15190035.0
2023-08-31,321.5787,322.3559,312.8348,315.7494,49737237.0
2023-09-04,320.6071,325.0762,319.0527,323.9103,30748869.0
2023-09-05,322.5502,325.4648,318.0811,319.6356,13250752.0
2023-09-06,319.6356,319.6356,314.0007,318.2754,16488562.0
2023-09-07,317.3039,317.8868,311.0861,312.4462,16724228.0
2023-09-11,306.4227,316.1381,306.4227,314.7779,18808064.0
2023-09-12,318.6641,318.6641,310.6975,312.8348,10399333.0
2023-09-13,316.721,316.721,309.9202,311.0861,10662703.0
2023-09-14,313.2234,313.4178,309.3373,310.6974,10153112.0
2023-09-15,310.8918,312.6405,307.9771,308.1715,19218155.0
2023-09-18,308.1715,309.9202,303.3138,303.3138,14736625.0
2023-09-19,303.8967,305.8398,300.0105,303.5081,15579978.0
2023-09-20,303.7024,303.7024,299.2333,300.3992,13663748.0
2023-09-21,298.0675,299.6219,293.4041,294.3756,19116385.0
2023-09-22,293.4041,305.0625,291.6553,304.6739,21236877.0
2023-09-25,302.5365,302.7309,294.5699,295.7358,18307015.0
2023-09-26,292.4326,294.9586,289.7123,291.461,15924558.0
2023-09-27,289.518,295.5415,289.518,293.4041,14203461.0
2023-09-28,293.2098,293.987,287.9635,288.935,15604031.0
2023-09-29,289.1293,299.6219,288.7407,297.4846,11252646.0
2023-10-03,293.4041,293.4041,287.9635,292.044,15122710.0
2023-10-04,291.2667,291.461,286.992,289.1293,10942209.0
2023-10-05,291.2667,294.9586,290.1009,291.2667,10801914.0
2023-10-06,295.1529,298.6504,293.2098,296.513,11076858.0
2023-10-09,298.8447,300.0105,293.4041,298.2618,11396304.0
2023-10-10,299.2333,305.8398,297.2902,299.4276,16445252.0
2023-10-11,305.0625,305.6455,301.565,302.1479,16424531.0
2023-10-12,307.5885,308.1715,305.8398,307.5885,13451541.0
2023-10-13,303.8967,304.091,296.7073,298.0675,13367440.0
2023-10-16,300.0105,300.0105,291.6553,292.6269,12452816.0
2023-10-17,295.9301,295.9301,291.461,293.5984,9202480.0
2023-10-18,291.6553,293.0155,288.935,291.461,12001017.0
2023-10-19,286.7976,289.1293,282.9115,282.9115,17216427.0
2023-10-20,279.2197,281.94,278.0538,280.7741,19212180.0
2023-10-24,278.831,281.5513,274.5563,274.9449,21619960.0
2023-10-25,284.0773,287.9635,277.0823,279.6083,17506229.0
2023-10-26,278.6367,281.94,274.9449,279.414,11446711.0
2023-10-27,279.414,286.2147,278.831,284.4659,16455031.0
2023-10-30,283.3001,289.3236,282.5229,286.9919,14357754.0
2023-10-31,286.992,286.992,279.8026,280.9684,13727382.0
2023-11-01,280.5798,281.7457,276.3051,278.831,11006036.0
2023-11-02,281.7457,285.8261,278.6367,280.3855,10477412.0
2023-11-03,283.883,295.5415,283.1058,293.987,21575201.0
2023-11-06,300.9821,305.2568,298.4561,303.7024,26863379.0
2023-11-07,303.7024,305.0625,297.4846,299.8162,13397743.0
2023-11-08,300.5935,305.6455,298.6504,299.6219,12879809.0
2023-11-09,296.3187,300.0105,296.3187,298.0675,10272208.0
2023-11-10,295.9301,295.9301,292.6269,294.1813,9871831.0
2023-11-13,293.5984,302.9252,291.6553,300.9821,13586029.0
2023-11-14,302.9252,303.1195,296.9016,299.039,12477388.0
2023-11-15,307.5885,314.3893,305.0625,313.4178,32454690.0
2023-11-16,320.6071,320.6071,307.1999,315.5551,35296026.0
2023-11-17,314.3893,314.3893,304.2853,306.2284,21970164.0
2023-11-20,307.1999,319.4413,307.1999,317.3039,27782719.0
2023-11-21,320.9957,323.1331,314.3893,315.5551,24188659.0
2023-11-22,318.6641,320.6071,312.8348,315.1665,14169841.0
2023-11-23,317.3039,320.2185,314.3893,319.8299,14531153.0
2023-11-24,320.2185,320.2185,310.8918,312.0576,15236522.0
2023-11-27,315.7494,315.7494,308.9487,313.6121,12232068.0
2023-11-28,315.1665,315.1665,307.9771,310.5032,15153725.0
2023-11-29,313.8064,314.7779,304.6739,307.9771,16856744.0
2023-11-30,308.3658,317.6925,307.9771,317.6925,30308092.0
2023-12-01,315.5551,316.5267,309.9202,309.9202,15149684.0
2023-12-04,313.8064,314.9722,306.2284,307.7828,14907238.0
2023-12-05,311.8633,311.8633,296.3187,300.0105,23730039.0
2023-12-06,297.8732,305.8398,293.7927,302.7309,15896242.0
2023-12-07,300.2049,302.3422,295.3472,299.039,13703651.0
2023-12-08,298.6504,300.3992,292.4326,296.9016,16600566.0
2023-12-11,292.2383,299.8162,289.9066,298.4561,18402157.0
2023-12-12,298.2618,302.9252,297.4846,302.5365,12995914.0
2023-12-13,300.7878,301.9536,295.7358,298.2618,14145125.0
2023-12-14,301.1764,305.0625,295.9301,297.6788,17198776.0
2023-12-15,302.1479,310.3088,300.2049,305.4511,30917917.0
2023-12-18,300.7878,303.7024,300.7878,302.7309,12094993.0
2023-12-19,302.1479,305.4512,297.8732,302.9251,12530326.0
2023-12-20,307.1999,309.143,303.3138,305.2569,14187408.0
2023-12-21,300.3992,304.6739,300.2049,303.7024,10167030.0
2023-12-22,307.9771,307.9771,256.0971,266.2011,147014902.0
2023-12-27,274.1677,282.7172,274.1677,276.888,64471032.0
2023-12-28,276.888,287.1863,276.6937,284.6603,37840686.0
2023-12-29,286.6033,287.3806,281.357,285.2432,19624685.0
2024-01-02,291.461,296.3187,286.0204,288.1578,23354069.0
2024-01-03,285.6318,293.0155,284.0773,292.044,20391718.0
2024-01-04,295.7358,295.7358,289.518,290.2952,20217430.0
2024-01-05,286.992,288.1578,281.357,283.883,23745017.0
2024-01-08,286.0204,286.2147,277.0823,279.8026,16718452.0
2024-01-09,277.8595,280.9684,275.3335,275.5278,16927478.0
2024-01-10,273.9734,277.0823,268.9214,272.2246,19146068.0
2024-01-11,272.6132,284.0773,272.0303,279.2197,20604580.0
2024-01-12,277.4709,284.6603,276.6937,280.1912,15770055.0
2024-01-15,281.7457,285.4375,279.414,281.1627,16334371.0
2024-01-16,275.7221,280.5798,272.0303,274.362,22236094.0
2024-01-17,269.1157,270.8644,264.4523,266.784,36114167.0
2024-01-18,266.784,271.2531,263.4808,269.6986,24604079.0
2024-01-19,267.1726,274.5563,260.5662,263.4808,26897479.0
2024-01-22,262.8978,263.8694,252.7939,254.7369,33654810.0
2024-01-23,259.206,270.2815,255.7085,264.258,35610787.0
2024-01-24,271.6417,276.3051,264.4523,273.779,33863638.0
2024-01-25,276.888,283.6887,272.8075,282.5229,34160783.0
2024-01-26,279.9969,281.94,273.1961,274.7506,24815795.0
2024-01-29,277.8595,280.1912,271.4474,273.9734,20159014.0
2024-01-30,269.31,272.0303,265.2295,266.0068,21505998.0
2024-01-31,266.0068,270.0872,260.7605,262.8979,20052974.0
2024-02-01,262.3149,269.8929,260.3718,263.8694,17329472.0
2024-02-02,276.4994,279.414,267.1726,271.4474,31053753.0
2024-02-05,270.4758,275.3335,266.0068,271.6417,20456590.0
2024-02-06,271.836,284.2717,271.6417,282.5229,28856902.0
2024-02-07,286.6033,288.5464,280.5798,283.883,26343654.0
2024-02-08,281.7457,284.8546,278.2481,279.0254,17910672.0
2024-02-09,276.4994,279.2197,273.3904,279.0254,6732059.0
2024-02-14,278.831,282.9115,273.9734,281.7457,11567444.0
2024-02-15,280.3855,281.7457,276.888,277.2766,12568028.0
2024-02-16,277.4709,283.4944,272.4189,283.4944,17215356.0
2024-02-19,283.1058,283.1058,275.7221,276.6937,15415304.0
2024-02-20,278.831,279.6083,272.4189,276.1108,15773028.0
2024-02-21,272.8075,286.2147,272.8075,280.5798,23947218.0
2024-02-22,279.9969,283.1058,278.6367,283.1058,12441270.0
2024-02-23,281.7457,287.9635,278.831,282.5229,13229798.0
2024-02-26,279.2197,281.94,277.2766,279.0254,12412426.0
2024-02-27,278.0538,278.0538,270.2815,276.4994,23612599.0
2024-02-28,276.888,277.6652,268.5328,269.1157,25903478.0
2024-02-29,267.3669,271.0588,266.784,269.31,29721885.0
2024-03-01,265.2295,271.0588,264.0637,269.5043,27952651.0
2024-03-04,269.5043,272.0303,266.9783,268.3385,13832089.0
2024-03-05,262.5092,265.4238,258.6231,260.5662,26055083.0
2024-03-06,258.4288,269.1157,258.2345,266.784,23289346.0
2024-03-07,266.9783,267.7555,261.5377,263.2865,17159729.0
2024-03-08,264.258,267.7555,262.3149,262.3149,12416156.0
2024-03-11,263.4808,270.6701,263.4808,270.6701,17866889.0
2024-03-12,273.9734,284.2717,272.2246,282.5229,36531141.0
2024-03-13,283.1058,285.6318,280.3855,282.3286,20074418.0
2024-03-14,281.1627,285.6318,278.6367,280.9684,14227432.0
2024-03-15,274.9449,278.0538,271.6417,275.7221,29183023.0
2024-03-18,274.1677,283.1058,274.1677,281.5513,19633305.0
2024-03-19,280.7741,282.9115,276.888,276.888,15635351.0
2024-03-20,277.2766,281.94,274.9449,280.5798,15622235.0
2024-03-21,286.7976,289.7123,281.357,282.9115,36868686.0
2024-03-22,279.2197,282.1343,274.362,280.5798,26432205.0
2024-03-25,280.5798,282.3286,276.888,280.3855,21127168.0
2024-03-26,277.8595,292.0439,277.8595,290.8781,33998571.0
2024-03-27,287.5749,298.8447,287.3806,293.4041,38753084.0
2024-03-28,293.4041,300.7878,292.8212,295.1529,30000843.0
2024-04-02,300.2049,303.5081,299.039,300.3992,26561604.0
2024-04-03,303.1195,303.1195,297.6789,299.6219,19696947.0
2024-04-05,300.7878,302.7309,295.7358,301.1764,13582369.0
2024-04-08,296.513,302.1479,295.7358,296.7073,21656541.0
2024-04-09,298.6504,300.0105,294.3756,296.3187,17879375.0
2024-04-10,297.6789,306.2284,297.6789,305.2569,24730145.0
2024-04-11,300.9821,307.5885,300.2049,306.0341,18834968.0
2024-04-12,305.0625,308.9487,300.5935,300.7878,23031342.0
2024-04-15,295.9301,300.0105,295.1529,295.7358,18295291.0
2024-04-16,292.6269,299.6219,291.461,293.2098,19691636.0
2024-04-17,293.2098,295.3472,289.3236,292.2382,14410544.0
2024-04-18,293.5984,300.0105,290.1009,295.7358,19058907.0
2024-04-19,294.7642,296.7073,291.0724,295.1529,19472600.0
2024-04-22,299.2333,313.4178,298.0675,311.2804,41133325.0
2024-04-23,316.721,324.1047,315.9437,322.9388,43821652.0
2024-04-24,328.1851,335.1802,325.8534,334.403,41472682.0
2024-04-25,330.5168,336.5403,326.825,329.7396,27727556.0
2024-04-26,330.3225,341.7866,330.3225,338.4834,29599531.0
2024-04-29,338.4834,344.7012,335.3745,337.7062,25416523.0
2024-04-30,339.6492,340.8151,334.2086,337.3176,15957023.0
2024-05-02,339.0663,350.9191,335.5688,350.1418,22479610.0
2024-05-03,360.4401,361.9946,350.3362,354.028,23592345.0
2024-05-06,354.2223,362.3832,352.6678,359.6629,26208326.0
2024-05-07,356.9426,360.6344,353.0565,355.3881,19408056.0
2024-05-08,355.9711,361.2174,349.5589,351.1134,20058148.0
2024-05-09,350.7248,359.4686,350.1418,359.2743,16026030.0
2024-05-10,363.1604,363.5491,354.6109,360.4401,15693045.0
2024-05-13,358.1084,369.184,357.5255,367.4352,20558084.0
2024-05-14,370.1555,373.8473,367.8238,370.9327,21603101.0
2024-05-16,388.6147,389.5862,383.3684,385.7001,58430778.0
2024-05-17,389.0318,392.1676,386.288,387.072,27916392.0
2024-05-20,389.0318,391.7756,384.9161,387.072,22331961.0
2024-05-21,385.5041,385.5041,371.9811,375.9008,30679849.0
2024-05-22,371.5891,379.0366,369.0413,376.6847,22374764.0
2024-05-23,372.961,376.2928,368.8453,374.1369,18323988.0
2024-05-24,370.6092,374.9209,367.2774,369.4333,19143321.0
2024-05-27,364.5336,370.0212,355.1263,369.8252,32132068.0
2024-05-28,369.6293,378.2526,365.9055,372.569,16614787.0
2024-05-29,369.8252,372.1771,362.1818,363.5537,27378220.0
2024-05-30,362.5738,366.6895,358.4581,360.6139,22006500.0
2024-05-31,363.7497,371.3931,352.5785,352.5785,40035868.0
2024-06-03,359.438,371.3931,359.242,367.4734,28125374.0
2024-06-04,367.4734,371.9811,366.2975,369.8252,18043066.0
2024-06-05,370.0212,380.0165,370.0212,373.157,20205424.0
2024-06-06,379.6245,383.1523,371.3931,373.9409,18888938.0
2024-06-07,375.3128,376.8807,365.3176,367.2774,25247259.0
2024-06-11,360.0259,370.2172,360.0259,366.2975,26496779.0
2024-06-12,366.2975,370.2172,362.1818,363.3577,14960058.0
2024-06-13,368.8453,372.961,366.1015,372.1771,15337042.0
2024-06-14,375.1169,375.9008,371.0012,372.1771,20859332.0
2024-06-17,368.6493,378.0566,367.2774,373.549,15281150.0
2024-06-18,373.745,376.0968,369.4333,369.4333,14278934.0
2024-06-19,372.765,383.1523,370.8052,381.1924,22313477.0
2024-06-20,384.1322,384.1322,377.8607,379.8205,14049005.0
2024-06-21,376.0968,377.4687,370.4132,373.7449,25855005.0
2024-06-24,370.0212,373.353,366.4935,372.765,12919565.0
2024-06-25,374.1369,377.2727,371.0012,374.3329,12789522.0
2024-06-26,371.5891,375.3128,369.4333,374.3329,11886907.0
2024-06-27,371.9811,372.3731,364.7296,366.8854,17513758.0
2024-06-28,364.1416,368.4533,363.3577,364.9256,15561097.0
2024-07-02,359.634,368.6493,357.8701,361.7898,27266647.0
2024-07-03,359.438,373.157,359.438,371.7851,22256951.0
2024-07-04,379.0366,379.0366,371.0012,374.7249,15437093.0
2024-07-05,377.0767,377.8607,371.1971,372.1771,10522095.0
2024-07-08,374.1369,375.5088,368.0614,371.0012,11623215.0
2024-07-09,369.4333,374.5289,368.4533,373.353,13024401.0
2024-07-10,377.4687,378.0566,369.2373,370.0212,15586645.0
2024-07-11,371.7851,378.2526,370.6092,377.0767,16590064.0
2024-07-12,382.9563,389.2278,381.3884,389.0318,27521352.0
2024-07-15,385.3081,389.0318,380.8004,382.3683,13680185.0
2024-07-16,378.2526,379.6245,370.2172,370.4132,19061149.0
2024-07-17,367.4734,369.8252,361.0059,364.3376,25857823.0
2024-07-18,360.6139,364.1416,359.634,361.7898,18944747.0
2024-07-19,359.242,361.0059,355.7143,356.6942,23088518.0
2024-07-22,359.83,368.2574,358.0661,365.7095,16960926.0
2024-07-23,367.4734,368.8453,358.654,358.85,12104461.0
2024-07-24,358.4581,362.1818,353.3624,355.9103,11800216.0
2024-07-25,352.9705,354.3424,343.9551,344.1511,25787277.0
2024-07-26,345.719,351.2066,345.327,347.2869,13267324.0
2024-07-29,352.5785,354.7343,346.6989,351.0106,12872249.0
2024-07-30,348.2668,350.4226,345.327,346.5029,9749595.0
2024-07-31,345.131,359.438,343.9551,354.9303,20304313.0
2024-08-01,356.4982,361.2019,356.3022,358.2621,12412285.0
2024-08-02,353.5584,358.0661,349.0507,351.0106,17707597.0
2024-08-05,344.935,356.8902,341.9953,349.4427,22963458.0
2024-08-06,353.3624,356.1062,342.3872,347.2869,17674374.0
2024-08-07,348.0708,358.0661,348.0708,356.1062,15840290.0
2024-08-08,353.9504,366.8854,352.1865,360.8099,18811540.0
2024-08-09,363.9457,368.4533,361.0059,362.5738,16353916.0
2024-08-12,364.5336,369.0413,362.5738,367.4734,10215275.0
2024-08-13,368.4533,372.961,368.0614,371.0012,13590391.0
2024-08-14,371.0012,371.7851,361.9858,366.2975,18692686.0
2024-08-15,358.85,367.2774,356.8902,361.0059,21443850.0
2024-08-16,364.5336,367.6694,361.3978,365.1216,16414338.0
2024-08-19,370.0212,370.0212,363.7497,365.1216,15210162.0
2024-08-20,365.3176,366.2975,361.5938,362.9657,11852608.0
2024-08-21,360.0259,366.2975,357.8701,364.1417,11647083.0
2024-08-22,367.2774,370.2172,363.7497,370.2172,16786859.0
2024-08-23,369.4333,371.0012,366.1015,368.0614,13055635.0
2024-08-26,370.4132,377.0767,370.0212,374.3329,16251125.0
2024-08-27,370.4132,374.9209,369.6293,374.1369,13675535.0
2024-08-28,375.3128,375.3128,364.9256,366.6895,14602521.0
2024-08-29,362.5738,370.4132,361.5938,370.0212,12890430.0
2024-08-30,370.0212,377.8607,369.2373,374.3329,30873303.0
2024-09-02,372.3731,375.5088,368.8453,370.2172,13878671.0
2024-09-03,370.4132,373.745,367.2774,370.6092,9814885.0
2024-09-04,366.6895,369.0413,363.7497,365.3176,13278870.0
2024-09-05,362.9657,369.0413,362.9657,365.9055,9576319.0
2024-09-09,362.5738,363.7497,357.8701,363.7497,20078164.0
2024-09-10,361.7898,363.1617,358.654,361.2019,12303441.0
2024-09-11,359.242,363.1617,357.6741,362.7698,12043623.0
2024-09-12,363.5537,369.4333,362.1818,365.1216,13800366.0
2024-09-13,365.3176,369.2373,365.3176,367.2774,11013765.0
2024-09-16,365.1216,370.2172,362.9657,370.2172,7689238.0
2024-09-17,364.5336,373.745,364.5336,372.3731,10147851.0
2024-09-19,371.9811,381.9764,369.0413,380.9964,25801963.0
2024-09-20,382.1723,385.5041,376.0968,380.8005,28407069.0
2024-09-23,380.2125,384.1322,377.4687,379.8205,15223032.0
2024-09-24,385.1121,394.1275,381.5844,394.1275,42919010.0
2024-09-25,409.6104,409.6104,393.3435,397.2632,40112126.0
2024-09-26,399.8111,421.3695,398.6352,421.3695,50254878.0
2024-09-27,434.3046,435.8725,423.9173,429.0129,57154793.0
2024-09-30,440.5761,448.2196,425.4852,435.6765,75459468.0
2024-10-02,440.9681,469.974,440.1841,460.5667,48766943.0
2024-10-03,461.5466,467.0342,444.1039,456.8429,31600782.0
2024-10-04,460.5667,469.386,452.9232,468.0141,24663665.0
2024-10-07,470.17,472.7178,460.1747,468.7981,25334387.0
2024-10-08,462.5265,467.2302,429.7969,429.7969,70468024.0
2024-10-09,439.9882,443.9079,415.4899,425.4852,46372903.0
2024-10-10,429.2089,439.5962,427.6411,429.9929,33111230.0
2024-10-14,431.9527,431.9527,415.4899,427.2491,30316807.0
2024-10-15,425.0932,425.0932,404.3187,408.6304,33478410.0
2024-10-16,406.6706,417.2538,404.3187,407.4545,22490256.0
2024-10-17,409.6104,418.2337,401.7709,404.3188,16476899.0
2024-10-18,404.3187,426.8571,403.1428,422.1534,25963857.0
2024-10-21,421.9575,422.7414,410.7863,412.5501,16334100.0
2024-10-22,414.706,415.098,409.6104,413.1381,11027704.0
2024-10-23,414.51,423.5254,408.2385,419.6056,14656951.0
2024-10-24,416.4699,417.0578,411.1782,413.5301,11202752.0
2024-10-25,419.0177,419.0177,410.1983,412.5501,11951879.0
2024-10-28,412.5501,413.7261,405.2987,408.8264,15551935.0
2024-10-29,410.9823,414.902,406.8666,410.0023,13797786.0
2024-10-30,405.2987,409.6104,402.3589,402.7509,17895482.0
2024-10-31,402.1629,410.3943,396.4793,396.4793,22753709.0
2024-11-01,397.8512,413.922,397.8512,410.7863,21086569.0
2024-11-04,414.51,415.2939,407.6505,410.5903,11706119.0
2024-11-05,406.8666,419.2137,406.8666,419.2137,15270863.0
2024-11-06,416.4699,417.6458,404.9067,411.3742,20755203.0
2024-11-07,408.6304,420.9775,406.0826,419.8016,19924018.0
2024-11-08,426.2692,427.2491,410.9823,412.3541,19389836.0
2024-11-11,403.7308,407.2585,401.183,404.9067,22857586.0
2024-11-12,401.183,405.4947,394.9114,395.6954,27303282.0
2024-11-13,389.2278,399.0271,388.0519,395.6954,28307185.0
2024-11-14,393.5395,406.6706,389.8158,395.3034,34898922.0
2024-11-15,395.8914,398.8311,390.9917,392.9516,29061324.0
2024-11-18,397.0673,405.1027,393.5395,396.0873,20493537.0
2024-11-19,398.4392,400.791,395.3034,398.0472,13879296.0
2024-11-20,400.0071,405.4947,398.0472,402.5549,15005135.0
2024-11-21,401.183,403.1428,398.8311,399.4191,12501718.0
2024-11-22,400.595,404.1228,391.5797,392.5596,16949546.0
2024-11-25,391.9716,394.3235,385.8961,387.268,27888308.0
2024-11-26,384.3282,391.1877,384.3282,385.8961,16940574.0
2024-11-27,386.68,398.0472,384.1322,394.7154,16685594.0
2024-11-28,393.3435,396.0873,389.4238,391.9716,13067643.0
2024-11-29,387.072,394.7154,387.072,390.0118,15626995.0
2024-12-02,390.0118,393.5395,387.6599,391.7756,13334410.0
2024-12-03,395.1074,396.2833,386.484,396.2833,18362569.0
2024-12-04,394.1275,397.4592,391.7756,395.1074,14053234.0
2024-12-05,395.3034,398.4392,392.7556,397.0673,13314801.0
2024-12-06,398.6352,406.2786,396.8713,404.3188,27711445.0
2024-12-09,398.0472,412.7461,398.0472,410.3943,22461949.0
2024-12-10,421.3695,422.3494,402.1629,402.9468,30282843.0
2024-12-11,406.4746,406.6706,399.0271,401.5749,13098201.0
2024-12-12,405.6906,414.314,400.987,407.2585,23414258.0
2024-12-13,404.7107,406.6706,400.399,401.5749,16296064.0
2024-12-16,401.7709,403.1428,395.6954,397.4592,14059845.0
2024-12-17,393.9315,399.8111,393.7355,394.5195,16779048.0
2024-12-18,399.8111,400.595,395.8914,397.8512,14906072.0
2024-12-19,394.1275,413.5301,393.3435,406.8666,34671236.0
2024-12-20,405.8866,421.1735,405.8866,417.8418,44834041.0
2024-12-23,421.9575,422.3494,407.8465,411.7662,20856154.0
2024-12-24,412.5501,413.1381,409.2184,411.5702,7873769.0
2024-12-27,409.2184,412.5501,407.2585,409.0224,13545082.0
2024-12-30,409.6104,413.3341,407.4545,410.5903,13515622.0
2024-12-31,408.8264,412.9421,407.4545,408.6304,10867280.0
2025-01-02,408.6304,416.4699,405.2987,407.6505,20733037.0
2025-01-03,409.6104,410.5903,402.1629,405.8866,16843241.0
2025-01-06,406.6706,406.6706,399.0271,401.183,16869318.0
2025-01-07,372.961,384.9161,369.0413,371.9811,142920468.0
2025-01-08,363.7497,372.1771,358.2621,361.7898,95456188.0
2025-01-09,357.6741,371.7851,357.6741,365.9055,60578450.0
2025-01-10,366.1015,371.7851,362.1818,362.1818,37053933.0
2025-01-13,357.4781,364.1416,357.4781,358.654,34785015.0
2025-01-14,358.2621,371.9811,358.2621,367.4734,40623785.0
2025-01-15,365.9055,377.6647,365.5135,372.3731,29158255.0
2025-01-16,376.2928,378.8406,369.0413,374.7249,26141103.0
2025-01-17,373.353,374.5289,370.8052,372.1771,17138321.0
2025-01-20,372.569,384.9161,372.569,381.9763,31141403.0
2025-01-21,384.1322,384.3282,378.6446,379.6245,25249668.0
2025-01-22,377.2727,380.8004,373.353,375.7048,17859069.0
2025-01-23,375.3128,378.2526,371.9811,373.549,21256810.0
2025-01-24,375.5088,384.5242,374.5289,382.7603,24079119.0
2025-01-27,380.2125,390.0118,380.2125,387.66,23605938.0
2025-01-28,392.9516,397.8512,390.9917,393.1476,14203491.0
2025-02-03,391.9716,396.6753,386.288,396.0873,27917841.0
2025-02-04,400.987,412.7461,398.8311,412.3541,31276268.0
2025-02-05,413.1381,413.1381,401.7709,409.4144,32129392.0
2025-02-06,407.8465,411.9622,405.1027,411.9622,19585105.0
2025-02-07,411.9622,423.7213,409.4144,419.6056,34567530.0
2025-02-10,420.9775,430.9728,420.1936,428.229,31411302.0
2025-02-11,431.1688,432.3447,417.0578,418.8217,30893563.0
2025-02-12,420.3896,435.6765,417.4498,435.2845,38264929.0
2025-02-13,439.9882,455.2751,428.229,433.1287,60985718.0
2025-02-14,440.7721,465.2703,437.6363,465.2703,74519223.0
2025-02-17,495.8441,501.7237,475.2656,483.693,126223580.0
2025-02-18,484.281,502.7036,483.889,493.3943,62529454.0
2025-02-19,489.9645,490.4545,483.301,487.8087,34127174.0
2025-02-20,481.3412,483.105,472.9138,477.0295,34549151.0
2025-02-21,494.8642,506.6233,489.3766,506.6233,73545153.0
2025-02-24,511.523,511.523,487.2207,487.2208,67542767.0
2025-02-25,468.2101,481.1452,466.8382,475.0696,56509529.0
2025-02-26,478.2054,497.804,478.0094,491.4344,40489654.0
2025-02-27,493.3943,501.7237,481.7331,485.4569,38902820.0
2025-02-28,482.9091,487.8087,466.4462,468.9941,52160819.0
2025-03-03,473.8937,487.0248,470.17,473.5017,32752021.0
2025-03-04,469.386,483.105,463.7024,481.1452,31124964.0
2025-03-05,491.9244,498.7839,488.0047,495.3542,35165757.0
2025-03-06,510.5431,533.0814,510.5431,533.0814,79683892.0
2025-03-07,528.1818,536.0212,518.3825,522.7922,46494425.0
2025-03-10,517.4026,526.7119,501.7237,506.1334,34415026.0
2025-03-11,491.4344,509.5631,490.4545,507.1133,33852768.0
2025-03-12,512.5029,514.4628,494.8642,501.7237,28031056.0
2025-03-13,502.7036,505.6434,489.1806,497.314,27326941.0
2025-03-14,502.7036,520.3423,497.314,511.033,30711707.0
2025-03-17,521.3223,523.7721,511.523,513.9728,22096160.0
2025-03-18,527.6918,532.5915,522.7922,530.1416,33639833.0
2025-03-19,531.6115,534.0614,523.2821,529.1617,31604153.0
2025-03-20,529.6517,530.1416,507.6033,509.0732,49845030.0
2025-03-21,507.6033,515.4427,495.3542,501.2337,42260479.0
2025-03-24,503.6836,507.1133,494.3742,502.7036,24598555.0
2025-03-25,502.7036,505.1534,490.9445,491.9244,27744935.0
2025-03-26,491.9244,500.2538,491.9244,496.3341,17310634.0
2025-03-27,498.7839,505.6434,491.9244,498.7839,17595617.0
2025-03-28,501.2337,506.1334,493.3943,499.2739,18594342.0
2025-03-31,494.8642,497.314,484.6729,487.0248,28036973.0
2025-04-01,490.9445,501.2337,489.9645,493.8843,19518013.0
2025-04-02,494.8642,498.7839,489.1806,493.8843,14247546.0
2025-04-03,483.105,490.4545,481.3412,487.8087,29219618.0
2025-04-07,432.9327,453.1192,422.3494,426.6611,123364114.0
2025-04-08,431.9527,442.144,421.3695,431.5608,65120104.0
2025-04-09,417.4498,438.0283,410.5903,432.3447,66484213.0
2025-04-10,450.7674,452.3353,434.1086,435.8724,57799983.0
2025-04-11,431.1688,443.5159,423.3294,434.5005,46594597.0
2025-04-14,443.9079,449.9834,439.7922,444.8878,30346489.0
2025-04-15,455.2751,455.2751,442.536,446.8477,20245398.0
2025-04-16,441.556,442.536,431.3648,439.0082,27322773.0
2025-04-17,441.3601,452.7272,440.7721,448.8075,24479822.0
2025-04-22,450.7674,453.5112,444.1039,451.1593,24043746.0
2025-04-23,466.4462,469.778,461.9386,464.6824,27001392.0
2025-04-24,467.4262,468.2101,455.667,461.5466,18912016.0
2025-04-25,470.366,476.0495,465.4663,468.6021,28746958.0
2025-04-28,472.7178,472.7178,465.2703,468.6021,13805160.0
2025-04-29,468.2101,468.7981,459.5867,463.5065,16367401.0
2025-04-30,465.4663,467.6222,459.9787,467.6222,15312733.0
2025-05-02,468.6021,479.9693,467.8181,478.0094,13240838.0
2025-05-06,481.7331,486.8288,475.4616,485.4569,19813305.0
2025-05-07,498.7839,499.2739,479.7733,479.9693,25616342.0
2025-05-08,477.2255,491.9244,476.8335,488.0047,19815740.0
2025-05-09,489.9645,493.3943,482.1251,484.6729,13777285.0
2025-05-12,493.8843,511.033,488.9846,507.1133,35846811.0
2025-05-13,509.5631,509.5631,495.3542,495.8441,23119901.0
2025-05-14,501.7237,510.5431,500.2538,510.5431,24294663.0
2025-05-15,520.8323,521.3223,504.6635,509.5631,32799956.0
2025-05-16,503.6322,511.0458,500.6668,502.1495,21334027.0
2025-05-19,502.1495,511.0458,496.7128,508.0804,22457714.0
2025-05-20,506.5977,511.5401,505.6092,511.0458,15792185.0
2025-05-21,513.0228,518.4595,509.5631,514.5055,18924042.0
2025-05-22,514.0113,514.0113,507.0919,510.5516,14281176.0
2025-05-23,511.0458,514.5055,506.1034,512.0343,16262610.0
2025-05-26,509.0689,511.0458,502.1495,504.1265,17286567.0
2025-05-27,502.6437,508.5746,501.161,506.1034,14986877.0
2025-05-28,507.0919,509.0689,496.7128,500.1725,16813826.0
2025-05-29,502.1495,506.1034,497.7013,504.6207,19368449.0
2025-05-30,500.1725,500.6668,490.2877,492.4624,28284004.0
2025-06-02,487.3223,493.4508,483.9614,492.6601,13086586.0
2025-06-03,498.1956,499.6783,495.2301,499.1841,14609189.0
2025-06-04,504.1265,507.0919,501.161,506.1034,18378499.0
2025-06-05,511.5401,511.5401,503.138,509.0689,19329282.0
2025-06-06,509.5631,510.5516,505.1149,509.0689,13137101.0
2025-06-09,514.0113,514.9998,506.5977,512.0343,18481403.0
2025-06-10,513.5171,514.0113,502.6437,507.5862,17039003.0
2025-06-11,511.0458,512.0343,508.5746,512.0343,14784979.0
2025-06-12,512.0343,512.0343,502.1495,504.1265,13368048.0
2025-06-13,504.6207,509.5631,500.1725,504.1265,19085310.0
2025-06-16,501.161,506.1034,498.6898,503.6322,13784320.0
2025-06-17,508.0804,508.0804,500.6668,507.5862,11524031.0
2025-06-18,504.1265,505.1149,497.7013,502.1495,15187515.0
2025-06-19,497.2071,500.1725,490.2877,492.2647,19387767.0
2025-06-20,498.6898,499.6783,490.2877,499.6783,20622275.0
2025-06-23,492.4624,498.1956,488.9038,498.1956,14252887.0
2025-06-24,502.1495,505.1149,498.1956,503.6322,17768858.0
2025-06-25,506.1034,509.0689,502.1495,506.5977,17592461.0
2025-06-26,506.1034,507.0919,501.6553,507.0919,15000643.0
2025-06-27,506.1034,508.5746,504.1265,507.0919,15181667.0
2025-06-30,503.138,505.6092,497.2071,497.2071,18464531.0
2025-07-02,502.1495,502.6437,494.2416,495.7244,18203168.0
2025-07-03,494.2416,497.7013,488.113,495.2301,18956331.0
2025-07-04,487.3223,495.7244,487.3223,491.0785,14658173.0
2025-07-07,489.4969,496.2186,488.3107,496.2186,11631687.0
2025-07-08,499.1841,499.1841,494.2416,498.6898,13172857.0
2025-07-09,498.1956,498.1956,489.2992,491.8693,17820435.0
2025-07-10,491.8693,493.8462,488.5084,490.8808,14032556.0
2025-07-11,491.2762,499.1841,490.8808,490.8808,19225560.0
2025-07-14,491.2762,495.7244,490.2877,494.2416,11704663.0
2025-07-15,496.7128,512.0343,494.2416,511.5401,27446891.0
2025-07-16,514.0113,519.9422,510.0574,510.5516,23250693.0
2025-07-17,513.5171,513.5171,505.1149,511.0458,13735794.0
2025-07-18,518.9537,518.9537,510.5516,513.0228,13781113.0
2025-07-21,516.4825,516.4825,508.5746,515.494,13273287.0
2025-07-22,515.494,519.9422,513.0228,519.9422,17600260.0
2025-07-23,523.8961,545.6428,520.9307,545.6428,46744850.0
2025-07-24,547.1255,553.5506,541.6888,550.5852,24180342.0
2025-07-25,545.6428,548.6082,539.7119,544.16,19886923.0
2025-07-28,544.16,551.5737,540.2061,549.1025,14661199.0
2025-07-29,545.1485,550.0909,539.7119,548.6082,16847424.0
2025-07-30,543.6658,549.5967,536.2522,542.6773,19362555.0
2025-07-31,540.7003,552.5621,538.7234,543.6658,20453269.0
2025-08-01,545.1485,548.114,527.3558,528.8385,21203861.0
2025-08-04,529.827,545.1485,526.8616,543.6658,17340007.0
2025-08-05,548.114,552.5621,542.6773,552.5621,17347823.0
2025-08-06,553.5506,563.4355,551.5737,561.9527,20737133.0
2025-08-07,564.4239,565.4124,554.0449,560.47,16940382.0
2025-08-08,560.47,561.9527,551.0794,554.5391,13305719.0
2025-08-11,554.5391,556.0218,547.1255,554.5391,11790350.0
2025-08-12,551.0794,557.9988,549.5967,553.0564,13827897.0
2025-08-13,561.4585,579.2512,559.4815,579.2512,37596415.0
2025-08-14,593.09,593.09,582.2166,583.2051,36339315.0
2025-08-15,580.2397,589.6303,577.7685,585.1821,22176876.0
2025-08-18,587.1591,589.136,580.2397,580.2397,17590658.0
2025-08-19,581.2282,590.1245,576.2857,585.6763,16359474.0
2025-08-20,582.2166,587.6533,578.757,583.6994,15952765.0
2025-08-21,583.6994,590.1245,582.7109,586.1706,14290178.0
2025-08-22,592.1015,599.5151,588.6418,593.09,19378950.0
2025-08-25,601.4921,613.8481,600.9978,607.423,25694519.0
2025-08-26,604.9518,610.8827,602.4806,602.4806,20656474.0
2025-08-27,605.9402,607.423,588.1475,592.1015,21263402.0
2025-08-28,588.1475,592.1015,583.2051,587.1591,21712370.0
2025-08-29,588.6418,598.0324,587.1591,589.6303,18234935.0
2025-09-01,598.0324,602.9748,594.5727,598.0324,15958837.0
2025-09-02,598.5266,601.4921,592.1015,593.5842,14808157.0
2025-09-03,599.5151,605.9402,589.136,591.6072,15523985.0
2025-09-04,598.0324,598.0324,584.1936,585.6763,18003934.0
2025-09-05,592.5957,601.9863,588.6418,598.5266,19047729.0
2025-09-08,598.5266,611.8711,598.0324,610.3884,21815489.0
2025-09-09,612.8596,620.7675,610.3884,619.779,19871460.0
2025-09-10,622.7445,631.6408,620.7675,626.2042,19193376.0
2025-09-11,625.7099,625.7099,616.8136,622.2502,18191860.0
2025-09-12,637.5717,641.5256,634.6063,636.089,20780375.0
2025-09-15,638.5602,641.0314,630.1581,636.089,16371242.0
2025-09-16,639.5487,642.0199,633.1235,637.5717,13339685.0
2025-09-17,639.0544,655.8586,637.5717,653.8817,22349048.0
2025-09-18,654.3759,656.8471,628.1811,634.6063,29989898.0
2025-09-19,639.5487,639.5487,630.6523,635.1005,20805608.0
2025-09-22,634.6063,636.089,626.6984,633.6178,12899662.0
2025-09-23,634.112,636.089,619.779,628.1811,15293080.0
2025-09-24,626.2042,643.5026,620.7675,641.0314,18440788.0
2025-09-25,643.5026,651.4105,636.089,642.5141,17384258.0
2025-09-26,637.5717,645.4796,632.6293,636.5832,19504951.0
2025-09-29,642.0199,656.8471,640.0429,652.399,20489556.0
2025-09-30,650.422,658.8241,649.9277,655.3644,20610633.0
2025-10-02,659.8126,675.1341,657.8356,668.7089,17137745.0
2025-10-03,669.2032,672.1686,662.2838,665.7435,7125093.0
2025-10-06,667.2262,674.6398,662.2838,669.6974,7828323.0
2025-10-08,672.1686,672.1686,661.7895,667.2262,10540730.0
2025-10-09,667.2262,673.1571,657.8356,667.7204,14454705.0
2025-10-10,661.2953,661.2953,640.0429,643.9968,19904705.0
2025-10-13,622.7445,641.0314,615.3308,631.6408,38012175.0
2025-10-14,635.1005,636.5832,609.8942,613.8481,26797863.0
2025-10-15,617.3078,625.7099,613.3539,619.779,18381023.0
2025-10-16,618.7905,621.756,608.4115,612.8596,14285465.0
2025-10-17,611.3769,613.3539,595.5612,600.9978,18654519.0
2025-10-20,616.8136,625.2157,614.3424,620.2733,14963360.0
2025-10-21,635.5947,636.5832,622.7445,623.2387,14171988.0
2025-10-22,618.7905,621.756,609.3999,616.3193,9979448.0
2025-10-23,612.8596,628.6754,610.8827,625.7099,12419348.0
2025-10-24,631.6408,634.112,626.2042,630.1581,11997034.0
2025-10-27,641.5256,648.445,638.5602,648.445,16043970.0
2025-10-28,648.445,648.445,633.6178,637.5717,16295470.0
2025-10-30,649.4335,656.3529,637.5717,643.5026,21772780.0
2025-10-31,643.9968,647.4565,621.756,621.756,20578283.0
2025-11-03,623.2387,626.6984,615.3308,620.7675,11591004.0
2025-11-04,623.7329,632.6293,618.2963,621.756,14972125.0
2025-11-05,613.8481,624.7214,605.9402,621.756,13309811.0
2025-11-06,622.2502,638.0659,622.2502,636.5832,13081287.0
2025-11-07,630.6523,635.5947,621.2617,626.6984,13314360.0
2025-11-10,633.6178,643.5026,633.6178,642.0199,14513815.0
2025-11-11,654.3759,654.3759,633.6178,642.5141,13087772.0
2025-11-12,647.4565,650.9162,644.4911,649.4335,13658568.0
2025-11-13,642.0199,652.399,637.5717,648.445,17299913.0
2025-11-14,637.5717,651.4105,632.6293,633.6178,19956444.0
2025-11-17,632.6293,635.1005,625.7099,629.1696,13794477.0
2025-11-18,620.7675,633.6178,613.3539,616.3193,18818609.0
2025-11-19,620.2733,624.2272,612.3654,615.3308,13959708.0
2025-11-20,619.2848,623.2387,608.4115,613.8481,14015988.0
2025-11-21,602.9748,607.9172,599.0209,602.9748,23732050.0
2025-11-24,607.9172,620.2733,606.4345,617.3078,22376801.0
2025-11-25,625.7099,627.6869,613.3539,617.802,14877620.0
2025-11-26,621.2617,622.7445,610.8827,612.3654,14429595.0
2025-11-27,610.8827,613.3539,601.9863,604.4575,15493209.0
2025-11-28,604.4575,609.8942,601.4921,604.4575,13216245.0
2025-12-01,606.4345,615.8251,605.9402,612.3654,12643338.0
2025-12-02,618.2963,618.7905,607.9172,609.8942,11460186.0
2025-12-03,608.9057,608.9057,601.4921,603.9633,11002158.0
2025-12-04,602.9748,605.9402,598.0324,604.9518,15329748.0
2025-12-05,598.0324,603.9633,597.0439,602.9748,14638391.0
2025-12-08,600.5036,602.4806,597.0439,598.0324,13421327.0
2025-12-09,602.4806,602.9748,589.136,595.5612,17431321.0
2025-12-10,595.0669,596.0554,588.1475,596.0554,14750743.0
2025-12-11,601.9863,604.9518,592.1015,594.5727,12480887.0
2025-12-12,600.9978,608.9057,594.5727,608.9057,17825495.0
2025-12-15,599.0209,601.4921,595.0669,596.0554,15165502.0
2025-12-16,595.5612,596.0554,585.1821,589.6303,15987678.0
2025-12-17,590.1245,599.0209,587.6533,598.0324,14824785.0
2025-12-18,594.0784,599.0209,592.1015,598.0324,10153604.0
2025-12-19,602.9748,610.3884,600.0093,606.9287,17765762.0
2025-12-22,612.8596,614.3424,602.9748,607.423,13868060.0
2025-12-23,606.4345,607.423,594.5727,595.0669,15623392.0
2025-12-24,591.113,597.5381,591.113,596.0554,7324553.0
2025-12-29,599.0209,603.9633,589.136,589.6303,18502650.0
2025-12-30,591.6072,594.0784,587.1591,593.09,13582535.0
2025-12-31,590.6188,595.5612,589.136,592.1015,10838209.0
2026-01-02,593.5842,617.3078,593.5842,615.8251,16200058.0
2026-01-05,616.8136,620.7675,608.4115,617.3078,19947025.0
2026-01-06,619.779,631.1466,618.7905,625.2157,24168431.0
2026-01-07,620.2733,622.2502,607.9172,617.3078,21378622.0
2026-01-08,611.3769,613.8481,602.9748,608.9057,18742539.0
2026-01-09,608.9057,609.8942,602.9748,603.9633,17813669.0
2026-01-12,608.9057,620.2733,606.4345,615.8251,27530129.0
2026-01-13,629.6638,631.6408,615.3308,620.2733,24212695.0
2026-01-14,626.6984,631.1466,618.7905,625.7099,28677291.0
2026-01-15,623.7329,625.2157,611.3769,614.8366,26194252.0
2026-01-16,619.779,622.7445,606.4345,610.3884,20616793.0
2026-01-19,606.4345,607.423,601.4921,602.9748,13233330.0
2026-01-20,594.0784,600.0093,591.113,594.0784,24332228.0
2026-01-21,591.113,599.0209,591.113,595.5612,16003431.0
2026-01-22,597.5381,598.5266,589.136,590.6188,27168713.0
2026-01-23,590.6188,595.0669,588.1475,588.1475,19177660.0
2026-01-26,588.1475,598.0324,587.1591,592.5957,17439619.0
2026-01-27,593.09,603.469,591.6072,600.0093,23887447.0
2026-01-28,605.9402,615.8251,603.469,613.8481,25577066.0
2026-01-29,607.423,617.802,605.446,614.8366,22951530.0
2026-01-30,607.9172,612.3654,598.5266,599.0209,21479886.0
2026-02-02,591.113,597.5381,583.6994,591.6072,27926332.0
2026-02-03,591.6072,594.5727,554.5391,574.3088,65128647.0
2026-02-04,565.4124,567.8836,551.5737,551.5737,60374834.0
2026-02-05,543.6658,555.0334,534.7694,552.0679,79306977.0
2026-02-06,539.7119,551.0794,536.7464,541.1946,35402860.0
2026-02-09,543.6658,556.0218,543.6658,553.5506,26375723.0
2026-02-10,556.5161,559.4815,540.7003,544.6543,29211865.0
2026-02-11,536.7464,544.16,536.7464,541.6888,23759058.0
2026-02-12,530.8155,534.7694,524.3904,529.3328,39790780.0
2026-02-13,519.448,528.3443,518.9537,525.8731,26900740.0
2026-02-16,523.8961,528.8385,521.4249,526.8616,7224483.0
2026-02-20,525.3789,526.8616,512.0343,515.9883,21351884.0
2026-02-23,522.9076,536.7464,521.9192,531.804,22136687.0
2026-02-24,528.3443,528.3443,510.0574,514.0113,36134943.0
2026-02-25,516.4825,522.9076,515.9883,516.4825,22838866.0
2026-02-26,522.9076,523.4019,506.1034,506.1034,25547825.0
2026-02-27,504.6207,524.3904,504.6207,512.0343,32229030.0
2026-03-02,505.6092,514.0113,501.161,508.0804,30816358.0
2026-03-03,512.0343,519.448,504.6207,504.6207,27370602.0
2026-03-04,500.1725,509.0689,493.0555,500.1725,32965198.0
2026-03-05,503.6322,509.5631,495.7244,496.2186,23955443.0
2026-03-06,498.1956,515.9883,496.2186,513.0228,30359878.0
2026-03-09,496.7128,511.5401,496.7128,510.0574,31383491.0
2026-03-10,518.9537,549.5967,518.9537,547.1255,57862244.0
2026-03-11,571.3433,571.3433,541.6888,545.6428,47623240.0
2026-03-12,544.16,550.5852,535.2637,540.2061,19663840.0
2026-03-13,540.2061,552.0679,536.7464,541.1946,17183958.0
2026-03-16,544.6543,558.9873,537.2407,552.0679,24217363.0
2026-03-17,556.5161,559.4815,542.6773,543.6658,22872974.0
2026-03-18,540.2061,545.6428,536.2522,544.16,21350876.0
2026-03-19,521.9192,523.4019,506.1034,507.0919,59432770.0
2026-03-20,499.1841,513.0228,499.1841,502.1495,24924662.0
2026-03-23,492.067,500.1725,489.4969,492.6601,35123702.0
2026-03-24,502.1495,514.0113,494.2416,508.0804,29358876.0
2026-03-25,513.0228,515.494,496.2186,499.6783,37353909.0
2026-03-26,495.2301,501.6553,489.2992,489.8923,22623215.0
2026-03-27,485.543,492.4624,481.9844,487.7176,20345920.0
2026-03-30,479.4144,480.2052,470.518,476.0536,28410968.0
2026-03-31,478.8213,486.3338,474.472,478.4259,25801397.0
2026-04-01,498.1956,498.1956,487.3223,490.8808,21275055.0
2026-04-02,490.2877,490.2877,479.4144,483.566,17030828.0
2026-04-08,498.6898,504.1265,495.2301,502.1495,32856156.0
2026-04-09,500.6668,508.5746,497.2071,502.6437,20722763.0
2026-04-10,502.1495,508.0804,495.2301,498.6898,20671874.0
2026-04-13,492.6601,497.2071,482.1821,484.3568,21140848.0
2026-04-14,491.6716,491.6716,480.6006,487.52,17833779.0
2026-04-15,494.2416,504.1265,491.6716,493.2532,20288791.0
2026-04-16,500.6668,511.0458,498.1956,511.0458,22559081.0
2026-04-17,506.1034,511.0458,500.1725,504.6207,13747249.0
2026-04-20,503.6322,520.4364,498.6898,516.4825,23428202.0
2026-04-21,516.9767,519.448,509.5631,513.0228,13113816.0
2026-04-22,507.5862,508.5746,496.2186,498.1956,23170931.0
2026-04-23,494.2416,496.2186,489.4969,489.4969,23497267.0
2026-04-24,481.3914,489.2992,481.3914,487.7176,18566187.0
2026-04-27,484.3568,485.3453,472.495,473.0881,45048027.0
2026-04-28,470.518,476.0535,466.5641,468.3434,25793090.0
2026-04-29,469.1342,475.0651,469.1342,473.6812,19321018.0
2026-04-30,468.5411,469.3319,457.8654,462.4125,38406905.0
2026-05-04,464.3894,473.2858,464.3894,467.5526,23758824.0
2026-05-05,463.5987,466.9595,460.2378,466.7618,13004679.0
2026-05-06,465.1802,467.948,454.9,457.6678,44367227.0
2026-05-07,466.7618,475.4605,466.7618,471.9019,40989511.0
2026-05-08,469.5296,470.1226,463.0056,465.971,25207039.0
2026-05-11,459.6447,465.7733,458.2608,459.0516,27814648.0
2026-05-12,456.6793,463.5987,451.9346,451.9346,32469707.0
2026-05-13,450.7484,460.4355,448.7714,457.2724,26616535.0
2026-05-14,468.7388,474.0766,453.3184,454.9,39339032.0
2026-05-15,459.0,462.6,454.2,456.4,26449868.0
2026-05-18,455.0,457.8,445.8,449.2,29497076.0
2026-05-19,449.2,468.8,448.6,460.0,33736701.0
2026-05-20,460.0,463.4,453.6,455.2,18927606.0
2026-05-21,460.0,460.0,438.4,439.0,39653795.0
2026-05-22,442.2,445.0,438.8,441.4,23998219.0
2026-05-26,438.0,441.0,432.0,439.0,32795639.0
2026-05-27,435.8,442.6,433.6,434.4,24863984.0
2026-05-28,431.0,432.8,420.4,425.0,42196103.0
2026-05-29,428.2,438.4,423.6,427.2,48005475.0
2026-06-01,432.4,442.0,430.0,436.0,35164391.0
2026-06-02,438.0,484.8,437.4,481.6,101874275.0
2026-06-03,484.0,484.0,461.6,466.4,49104320.0
2026-06-04,462.6,468.6,454.8,459.0,29053909.0
2026-06-05,461.6,466.2,452.2,453.2,31649780.0
2026-06-08,447.8,458.2,443.2,446.4,29019096.0
2026-06-09,443.8,468.4,443.2,453.2,37387399.0
2026-06-10,454.8,471.0,451.6,465.6,35788237.0
2026-06-11,469.8,475.6,455.0,457.2,28580619.0
2026-06-12,466.0,467.0,459.4,463.6,22334646.0
2026-06-15,475.0,476.8,457.8,459.6,19748938.0
2026-06-16,462.6,462.6,445.4,447.4,24323142.0
2026-06-17,445.6,454.0,445.4,445.4,16962334.0
2026-06-18,440.0,446.2,435.6,440.2,30119117.0
2026-06-22,439.0,439.0,428.4,433.0,31563111.0
2026-06-23,430.0,432.4,413.6,414.8,43435789.0
2026-06-24,414.0,439.8,412.6,428.8,39958288.0
2026-06-25,428.6,428.6,418.0,421.4,29472428.0
2026-06-26,418.0,421.2,411.0,411.8,31872909.0
2026-06-29,417.0,432.0,415.0,420.2,33066070.0
2026-06-30,421.2,435.6,418.4,429.8,38994409.0
2026-07-02,442.6,447.0,429.4,430.2,40905100.0
2026-07-03,433.0,445.8,431.2,431.2,24957296.0
2026-07-06,432.8,453.4,425.4,452.0,41502083.0
2026-07-07,459.0,479.8,457.0,461.2,55418434.0
2026-07-08,461.2,482.8,460.6,478.8,56278627.0
2026-07-09,479.0,485.0,467.2,469.6,42402152.0
2026-07-10,472.8,473.6,458.8,460.2,40440298.0
2026-07-13,463.2,473.8,456.2,457.6,24291842.0
2026-07-14,457.6,459.2,447.4,456.2,25540540.0
2026-07-15,467.6,476.4,455.4,474.0,33780856.0
2026-07-16,478.0,494.8,477.4,484.0,42851475.0
2026-07-17,488.8,488.8,458.0,461.6,36237657.0
2026-07-20,465.6,481.8,465.6,477.8,30822839.0
2026-07-21,478.2,482.6,472.8,474.0,21362780.0
2026-07-22,468.0,468.0,440.6,440.6,66379871.0
2026-07-23,440.0,450.8,439.0,445.2,22888528.0
